ISO-10303-21;
HEADER;
FILE_DESCRIPTION(('ViewDefinition[DesignTransferView]'),'2;1');
FILE_NAME('/dev/null','2026-09-24T14:04:37-05:00',(''),(''),'IfcOpenShell 0.8.5','IfcOpenShell 0.8.5','Nobody');
FILE_SCHEMA(('IFC4'));
ENDSEC;
DATA;
#1=IFCPROJECT('0XVsr$SPf5CR_P_wojW8uU',$,'RNGD parametric design',$,$,$,$,(#10),#5);
#2=IFCSIUNIT(*,.LENGTHUNIT.,.MILLI.,.METRE.);
#3=IFCSIUNIT(*,.AREAUNIT.,$,.SQUARE_METRE.);
#4=IFCSIUNIT(*,.VOLUMEUNIT.,$,.CUBIC_METRE.);
#5=IFCUNITASSIGNMENT((#4,#2,#3));
#6=IFCCARTESIANPOINT((0.,0.,0.));
#7=IFCDIRECTION((0.,0.,1.));
#8=IFCDIRECTION((1.,0.,0.));
#9=IFCAXIS2PLACEMENT3D(#6,#7,#8);
#10=IFCGEOMETRICREPRESENTATIONCONTEXT($,'Model',3,1.0000000000000001E-05,#9,$);
#11=IFCGEOMETRICREPRESENTATIONSUBCONTEXT('Body','Model',*,*,*,*,#10,$,.MODEL_VIEW.,$);
#12=IFCSITE('3a7x1R9fz8dPKeGZ$nqMWE',$,'Site',$,$,$,$,$,$,$,$,$,$,$);
#13=IFCBUILDING('08OFCZrKr9pRpaaqJHqziX',$,'Residential building',$,$,$,$,$,$,$,$,$);
#14=IFCRELAGGREGATES('0Fd7te0IL8oxqw457uonIe',$,$,$,#1,(#12));
#15=IFCRELAGGREGATES('13xQ9lFWLFZP8Rq_2RArDo',$,$,$,#12,(#13));
#16=IFCBUILDINGSTOREY('2bHUa6ob19ZRp0eFg3qs9u',$,'Level 1',$,$,$,$,$,$,0.);
#17=IFCRELAGGREGATES('0HTVSAjULEw8qTG9DWx6Yx',$,$,$,#13,(#18,#21,#19,#20,#16));
#18=IFCBUILDINGSTOREY('2Bd1tAcLT0Ke88OigDspBX',$,'Level 2',$,$,$,$,$,$,4.2671999999999999);
#19=IFCBUILDINGSTOREY('2dN2ZlA29BOuuGO9yOL3lj',$,'Level 3',$,$,$,$,$,$,7.4676);
#20=IFCBUILDINGSTOREY('34a4o9pErFSghCjkJX0lhA',$,'Level 4',$,$,$,$,$,$,10.668000000000001);
#21=IFCBUILDINGSTOREY('09WzJgtFfBnvzLLrdyJ81E',$,'Roof',$,$,$,$,$,$,13.868400000000001);
#22=IFCSLAB('0EMfxAagv8agY3dmUw0yz_',$,'SITE|ground',$,$,#40,#29,$,$);
#23=IFCCARTESIANPOINTLIST2D(((0.,0.),(60960.,0.),(60960.,91440.),(0.,91440.),(0.,0.)));
#24=IFCINDEXEDPOLYCURVE(#23,$,$);
#25=IFCDIRECTION((0.,0.,1.));
#26=IFCARBITRARYCLOSEDPROFILEDEF(.AREA.,$,#24);
#27=IFCEXTRUDEDAREASOLID(#26,$,#25,150.);
#28=IFCSHAPEREPRESENTATION(#11,'Body','SweptSolid',(#27));
#29=IFCPRODUCTDEFINITIONSHAPE($,$,(#28));
#35=IFCRELCONTAINEDINSPATIALSTRUCTURE('1CYrBXmFXEbBELHAx2QyD9',$,$,$,(#638,#455,#149,#1183,#787,#11391,#11457,#11523,#919,#985,#1447,#1051,#1513,#1491,#1117,#1557,#1623,#2019,#2085,#221,#311,#12425,#12469,#1821,#2283,#1887,#2349,#1953,#2393,#2855,#2415,#113,#2459,#2525,#2921,#2987,#22,#2723,#77,#3185,#3251,#3295,#3361,#473,#347,#41,#875,#941,#239,#11325,#11347,#1205,#809,#1249,#1711,#1315,#1777,#1381,#1843,#1271,#12579,#12623,#1579,#2041,#2107,#2569,#2151,#2613,#2217,#2679,#2745,#12491,#2789,#12557,#3317,#203,#293,#2943,#3053,#3119,#275,#365,#1095,#765,#437,#11435,#131,#1337,#11479,#11545,#897,#963,#1425,#1007,#1469,#329,#1535,#1139,#1997,#1601,#1667,#1645,#1073,#2173,#11413,#12381,#12447,#12513,#1799,#2305,#1909,#2371,#1975,#2833,#2899,#2481,#2503,#2547,#2437,#3009,#3075,#401,#95,#3207,#2811,#3273,#2877,#3339,#3383,#167,#257,#59,#853,#1029,#11369,#1161,#1227,#1689,#831,#1293,#1359,#1755,#1403,#1865,#2327,#1931,#419,#11501,#11567,#12535,#12601,#2063,#2129,#1733,#2591,#2657,#2261,#2195,#2635,#2239,#2701,#2767,#566,#3163,#3229,#12403,#491,#185,#2965,#3031,#3097,#3141,#383),#16);
#36=IFCCARTESIANPOINT((0.,0.,-45.720000000000006));
#37=IFCDIRECTION((0.,0.,1.));
#38=IFCDIRECTION((1.,0.,0.));
#39=IFCAXIS2PLACEMENT3D(#36,#37,#38);
#40=IFCLOCALPLACEMENT($,#39);
#41=IFCSLAB('3q$qoNGZnDIAB8Pf9Np3K3',$,'SITE|easement',$,$,#58,#48,$,$);
#42=IFCCARTESIANPOINTLIST2D(((0.,0.),(6096.,0.),(6096.,91440.),(0.,91440.),(0.,0.)));
#43=IFCINDEXEDPOLYCURVE(#42,$,$);
#44=IFCDIRECTION((0.,0.,1.));
#45=IFCARBITRARYCLOSEDPROFILEDEF(.AREA.,$,#43);
#46=IFCEXTRUDEDAREASOLID(#45,$,#44,20.);
#47=IFCSHAPEREPRESENTATION(#11,'Body','SweptSolid',(#46));
#48=IFCPRODUCTDEFINITIONSHAPE($,$,(#47));
#54=IFCCARTESIANPOINT((54864.,0.,0.));
#55=IFCDIRECTION((0.,0.,1.));
#56=IFCDIRECTION((1.,0.,0.));
#57=IFCAXIS2PLACEMENT3D(#54,#55,#56);
#58=IFCLOCALPLACEMENT($,#57);
#59=IFCSLAB('2HkcHPrmXFbfEB7bkAI$6k',$,'SITE|drive',$,$,#76,#66,$,$);
#60=IFCCARTESIANPOINTLIST2D(((0.,0.),(51816.,0.),(51816.,7315.2000000000007),(0.,7315.2000000000007),(0.,0.)));
#61=IFCINDEXEDPOLYCURVE(#60,$,$);
#62=IFCDIRECTION((0.,0.,1.));
#63=IFCARBITRARYCLOSEDPROFILEDEF(.AREA.,$,#61);
#64=IFCEXTRUDEDAREASOLID(#63,$,#62,30.);
#65=IFCSHAPEREPRESENTATION(#11,'Body','SweptSolid',(#64));
#66=IFCPRODUCTDEFINITIONSHAPE($,$,(#65));
#72=IFCCARTESIANPOINT((3048.,78028.800000000003,0.));
#73=IFCDIRECTION((0.,0.,1.));
#74=IFCDIRECTION((1.,0.,0.));
#75=IFCAXIS2PLACEMENT3D(#72,#73,#74);
#76=IFCLOCALPLACEMENT($,#75);
#77=IFCSLAB('07POBFvDj9WQZvJLxcmGqp',$,'SITE|stall',$,$,#94,#84,$,$);
#78=IFCCARTESIANPOINTLIST2D(((0.,0.),(2743.2000000000003,0.),(2743.2000000000003,5486.4000000000005),(0.,5486.4000000000005),(0.,0.)));
#79=IFCINDEXEDPOLYCURVE(#78,$,$);
#80=IFCDIRECTION((0.,0.,1.));
#81=IFCARBITRARYCLOSEDPROFILEDEF(.AREA.,$,#79);
#82=IFCEXTRUDEDAREASOLID(#81,$,#80,40.);
#83=IFCSHAPEREPRESENTATION(#11,'Body','SweptSolid',(#82));
#84=IFCPRODUCTDEFINITIONSHAPE($,$,(#83));
#90=IFCCARTESIANPOINT((26822.400000000001,4572.,0.));
#91=IFCDIRECTION((0.,0.,1.));
#92=IFCDIRECTION((1.,0.,0.));
#93=IFCAXIS2PLACEMENT3D(#90,#91,#92);
#94=IFCLOCALPLACEMENT($,#93);
#95=IFCSLAB('3IEi5IPq5Bi9olIw2QxpiQ',$,'SITE|stall',$,$,#112,#102,$,$);
#96=IFCCARTESIANPOINTLIST2D(((0.,0.),(2743.2000000000003,0.),(2743.2000000000003,5486.4000000000005),(0.,5486.4000000000005),(0.,0.)));
#97=IFCINDEXEDPOLYCURVE(#96,$,$);
#98=IFCDIRECTION((0.,0.,1.));
#99=IFCARBITRARYCLOSEDPROFILEDEF(.AREA.,$,#97);
#100=IFCEXTRUDEDAREASOLID(#99,$,#98,40.);
#101=IFCSHAPEREPRESENTATION(#11,'Body','SweptSolid',(#100));
#102=IFCPRODUCTDEFINITIONSHAPE($,$,(#101));
#108=IFCCARTESIANPOINT((26822.400000000001,15849.6,0.));
#109=IFCDIRECTION((0.,0.,1.));
#110=IFCDIRECTION((1.,0.,0.));
#111=IFCAXIS2PLACEMENT3D(#108,#109,#110);
#112=IFCLOCALPLACEMENT($,#111);
#113=IFCSLAB('3IWp_Sfkv0JObojHbCEINo',$,'SITE|stall',$,$,#130,#120,$,$);
#114=IFCCARTESIANPOINTLIST2D(((0.,0.),(2743.2000000000003,0.),(2743.2000000000003,5486.4000000000005),(0.,5486.4000000000005),(0.,0.)));
#115=IFCINDEXEDPOLYCURVE(#114,$,$);
#116=IFCDIRECTION((0.,0.,1.));
#117=IFCARBITRARYCLOSEDPROFILEDEF(.AREA.,$,#115);
#118=IFCEXTRUDEDAREASOLID(#117,$,#116,40.);
#119=IFCSHAPEREPRESENTATION(#11,'Body','SweptSolid',(#118));
#120=IFCPRODUCTDEFINITIONSHAPE($,$,(#119));
#126=IFCCARTESIANPOINT((26822.400000000001,28651.200000000001,0.));
#127=IFCDIRECTION((0.,0.,1.));
#128=IFCDIRECTION((1.,0.,0.));
#129=IFCAXIS2PLACEMENT3D(#126,#127,#128);
#130=IFCLOCALPLACEMENT($,#129);
#131=IFCSLAB('0L$52pk497o9m7l9UEcWaw',$,'SITE|stall',$,$,#148,#138,$,$);
#132=IFCCARTESIANPOINTLIST2D(((0.,0.),(2743.2000000000003,0.),(2743.2000000000003,5486.4000000000005),(0.,5486.4000000000005),(0.,0.)));
#133=IFCINDEXEDPOLYCURVE(#132,$,$);
#134=IFCDIRECTION((0.,0.,1.));
#135=IFCARBITRARYCLOSEDPROFILEDEF(.AREA.,$,#133);
#136=IFCEXTRUDEDAREASOLID(#135,$,#134,40.);
#137=IFCSHAPEREPRESENTATION(#11,'Body','SweptSolid',(#136));
#138=IFCPRODUCTDEFINITIONSHAPE($,$,(#137));
#144=IFCCARTESIANPOINT((26822.400000000001,41452.800000000003,0.));
#145=IFCDIRECTION((0.,0.,1.));
#146=IFCDIRECTION((1.,0.,0.));
#147=IFCAXIS2PLACEMENT3D(#144,#145,#146);
#148=IFCLOCALPLACEMENT($,#147);
#149=IFCSLAB('3Wggnufo5FkRQPOMXE3CNv',$,'SITE|stall',$,$,#166,#156,$,$);
#150=IFCCARTESIANPOINTLIST2D(((0.,0.),(2743.2000000000003,0.),(2743.2000000000003,5486.4000000000005),(0.,5486.4000000000005),(0.,0.)));
#151=IFCINDEXEDPOLYCURVE(#150,$,$);
#152=IFCDIRECTION((0.,0.,1.));
#153=IFCARBITRARYCLOSEDPROFILEDEF(.AREA.,$,#151);
#154=IFCEXTRUDEDAREASOLID(#153,$,#152,40.);
#155=IFCSHAPEREPRESENTATION(#11,'Body','SweptSolid',(#154));
#156=IFCPRODUCTDEFINITIONSHAPE($,$,(#155));
#162=IFCCARTESIANPOINT((26822.400000000001,54254.400000000001,0.));
#163=IFCDIRECTION((0.,0.,1.));
#164=IFCDIRECTION((1.,0.,0.));
#165=IFCAXIS2PLACEMENT3D(#162,#163,#164);
#166=IFCLOCALPLACEMENT($,#165);
#167=IFCSLAB('3w7ZYV8C98nR7utwEigtwv',$,'SITE|stall',$,$,#184,#174,$,$);
#168=IFCCARTESIANPOINTLIST2D(((0.,0.),(2743.2000000000003,0.),(2743.2000000000003,5486.4000000000005),(0.,5486.4000000000005),(0.,0.)));
#169=IFCINDEXEDPOLYCURVE(#168,$,$);
#170=IFCDIRECTION((0.,0.,1.));
#171=IFCARBITRARYCLOSEDPROFILEDEF(.AREA.,$,#169);
#172=IFCEXTRUDEDAREASOLID(#171,$,#170,40.);
#173=IFCSHAPEREPRESENTATION(#11,'Body','SweptSolid',(#172));
#174=IFCPRODUCTDEFINITIONSHAPE($,$,(#173));
#180=IFCCARTESIANPOINT((3048.,67056.,0.));
#181=IFCDIRECTION((0.,0.,1.));
#182=IFCDIRECTION((1.,0.,0.));
#183=IFCAXIS2PLACEMENT3D(#180,#181,#182);
#184=IFCLOCALPLACEMENT($,#183);
#185=IFCSLAB('3Wc2cLZiH7FhHejhLDJr_I',$,'SITE|stall',$,$,#202,#192,$,$);
#186=IFCCARTESIANPOINTLIST2D(((0.,0.),(2743.2000000000003,0.),(2743.2000000000003,5486.4000000000005),(0.,5486.4000000000005),(0.,0.)));
#187=IFCINDEXEDPOLYCURVE(#186,$,$);
#188=IFCDIRECTION((0.,0.,1.));
#189=IFCARBITRARYCLOSEDPROFILEDEF(.AREA.,$,#187);
#190=IFCEXTRUDEDAREASOLID(#189,$,#188,40.);
#191=IFCSHAPEREPRESENTATION(#11,'Body','SweptSolid',(#190));
#192=IFCPRODUCTDEFINITIONSHAPE($,$,(#191));
#198=IFCCARTESIANPOINT((5791.1999999999998,67056.,0.));
#199=IFCDIRECTION((0.,0.,1.));
#200=IFCDIRECTION((1.,0.,0.));
#201=IFCAXIS2PLACEMENT3D(#198,#199,#200);
#202=IFCLOCALPLACEMENT($,#201);
#203=IFCSLAB('2oVjL4Hwj0ouQDG$HrCd62',$,'SITE|stall',$,$,#220,#210,$,$);
#204=IFCCARTESIANPOINTLIST2D(((0.,0.),(2743.2000000000003,0.),(2743.2000000000003,5486.4000000000005),(0.,5486.4000000000005),(0.,0.)));
#205=IFCINDEXEDPOLYCURVE(#204,$,$);
#206=IFCDIRECTION((0.,0.,1.));
#207=IFCARBITRARYCLOSEDPROFILEDEF(.AREA.,$,#205);
#208=IFCEXTRUDEDAREASOLID(#207,$,#206,40.);
#209=IFCSHAPEREPRESENTATION(#11,'Body','SweptSolid',(#208));
#210=IFCPRODUCTDEFINITIONSHAPE($,$,(#209));
#216=IFCCARTESIANPOINT((8534.3999999999996,67056.,0.));
#217=IFCDIRECTION((0.,0.,1.));
#218=IFCDIRECTION((1.,0.,0.));
#219=IFCAXIS2PLACEMENT3D(#216,#217,#218);
#220=IFCLOCALPLACEMENT($,#219);
#221=IFCSLAB('0hBDvK5hjFj9k11hy7wDZq',$,'SITE|stall',$,$,#238,#228,$,$);
#222=IFCCARTESIANPOINTLIST2D(((0.,0.),(2743.2000000000003,0.),(2743.2000000000003,5486.4000000000005),(0.,5486.4000000000005),(0.,0.)));
#223=IFCINDEXEDPOLYCURVE(#222,$,$);
#224=IFCDIRECTION((0.,0.,1.));
#225=IFCARBITRARYCLOSEDPROFILEDEF(.AREA.,$,#223);
#226=IFCEXTRUDEDAREASOLID(#225,$,#224,40.);
#227=IFCSHAPEREPRESENTATION(#11,'Body','SweptSolid',(#226));
#228=IFCPRODUCTDEFINITIONSHAPE($,$,(#227));
#234=IFCCARTESIANPOINT((11277.6,67056.,0.));
#235=IFCDIRECTION((0.,0.,1.));
#236=IFCDIRECTION((1.,0.,0.));
#237=IFCAXIS2PLACEMENT3D(#234,#235,#236);
#238=IFCLOCALPLACEMENT($,#237);
#239=IFCSLAB('2CTKGL5pjBdAptptPXruVs',$,'SITE|stall',$,$,#256,#246,$,$);
#240=IFCCARTESIANPOINTLIST2D(((0.,0.),(2743.2000000000003,0.),(2743.2000000000003,5486.4000000000005),(0.,5486.4000000000005),(0.,0.)));
#241=IFCINDEXEDPOLYCURVE(#240,$,$);
#242=IFCDIRECTION((0.,0.,1.));
#243=IFCARBITRARYCLOSEDPROFILEDEF(.AREA.,$,#241);
#244=IFCEXTRUDEDAREASOLID(#243,$,#242,40.);
#245=IFCSHAPEREPRESENTATION(#11,'Body','SweptSolid',(#244));
#246=IFCPRODUCTDEFINITIONSHAPE($,$,(#245));
#252=IFCCARTESIANPOINT((14020.800000000001,67056.,0.));
#253=IFCDIRECTION((0.,0.,1.));
#254=IFCDIRECTION((1.,0.,0.));
#255=IFCAXIS2PLACEMENT3D(#252,#253,#254);
#256=IFCLOCALPLACEMENT($,#255);
#257=IFCSLAB('0M5UnV0ar4_hBq4BesAcxI',$,'SITE|stall',$,$,#274,#264,$,$);
#258=IFCCARTESIANPOINTLIST2D(((0.,0.),(2743.2000000000003,0.),(2743.2000000000003,5486.4000000000005),(0.,5486.4000000000005),(0.,0.)));
#259=IFCINDEXEDPOLYCURVE(#258,$,$);
#260=IFCDIRECTION((0.,0.,1.));
#261=IFCARBITRARYCLOSEDPROFILEDEF(.AREA.,$,#259);
#262=IFCEXTRUDEDAREASOLID(#261,$,#260,40.);
#263=IFCSHAPEREPRESENTATION(#11,'Body','SweptSolid',(#262));
#264=IFCPRODUCTDEFINITIONSHAPE($,$,(#263));
#270=IFCCARTESIANPOINT((16764.,67056.,0.));
#271=IFCDIRECTION((0.,0.,1.));
#272=IFCDIRECTION((1.,0.,0.));
#273=IFCAXIS2PLACEMENT3D(#270,#271,#272);
#274=IFCLOCALPLACEMENT($,#273);
#275=IFCSLAB('2hy6GJFZnDqRdR034iT82l',$,'SITE|stall',$,$,#292,#282,$,$);
#276=IFCCARTESIANPOINTLIST2D(((0.,0.),(2743.2000000000003,0.),(2743.2000000000003,5486.4000000000005),(0.,5486.4000000000005),(0.,0.)));
#277=IFCINDEXEDPOLYCURVE(#276,$,$);
#278=IFCDIRECTION((0.,0.,1.));
#279=IFCARBITRARYCLOSEDPROFILEDEF(.AREA.,$,#277);
#280=IFCEXTRUDEDAREASOLID(#279,$,#278,40.);
#281=IFCSHAPEREPRESENTATION(#11,'Body','SweptSolid',(#280));
#282=IFCPRODUCTDEFINITIONSHAPE($,$,(#281));
#288=IFCCARTESIANPOINT((19507.200000000001,67056.,0.));
#289=IFCDIRECTION((0.,0.,1.));
#290=IFCDIRECTION((1.,0.,0.));
#291=IFCAXIS2PLACEMENT3D(#288,#289,#290);
#292=IFCLOCALPLACEMENT($,#291);
#293=IFCSLAB('1rsc2_0DTCdfFfH4BubWY0',$,'SITE|stall',$,$,#310,#300,$,$);
#294=IFCCARTESIANPOINTLIST2D(((0.,0.),(2743.2000000000003,0.),(2743.2000000000003,5486.4000000000005),(0.,5486.4000000000005),(0.,0.)));
#295=IFCINDEXEDPOLYCURVE(#294,$,$);
#296=IFCDIRECTION((0.,0.,1.));
#297=IFCARBITRARYCLOSEDPROFILEDEF(.AREA.,$,#295);
#298=IFCEXTRUDEDAREASOLID(#297,$,#296,40.);
#299=IFCSHAPEREPRESENTATION(#11,'Body','SweptSolid',(#298));
#300=IFCPRODUCTDEFINITIONSHAPE($,$,(#299));
#306=IFCCARTESIANPOINT((22250.400000000001,67056.,0.));
#307=IFCDIRECTION((0.,0.,1.));
#308=IFCDIRECTION((1.,0.,0.));
#309=IFCAXIS2PLACEMENT3D(#306,#307,#308);
#310=IFCLOCALPLACEMENT($,#309);
#311=IFCSLAB('0AmdZ3Jsr09RiXhHHqCGcX',$,'SITE|stall',$,$,#328,#318,$,$);
#312=IFCCARTESIANPOINTLIST2D(((0.,0.),(2743.2000000000003,0.),(2743.2000000000003,5486.4000000000005),(0.,5486.4000000000005),(0.,0.)));
#313=IFCINDEXEDPOLYCURVE(#312,$,$);
#314=IFCDIRECTION((0.,0.,1.));
#315=IFCARBITRARYCLOSEDPROFILEDEF(.AREA.,$,#313);
#316=IFCEXTRUDEDAREASOLID(#315,$,#314,40.);
#317=IFCSHAPEREPRESENTATION(#11,'Body','SweptSolid',(#316));
#318=IFCPRODUCTDEFINITIONSHAPE($,$,(#317));
#324=IFCCARTESIANPOINT((24993.599999999999,67056.,0.));
#325=IFCDIRECTION((0.,0.,1.));
#326=IFCDIRECTION((1.,0.,0.));
#327=IFCAXIS2PLACEMENT3D(#324,#325,#326);
#328=IFCLOCALPLACEMENT($,#327);
#329=IFCSLAB('3JvkB9SXf9uuaTMdu88UNx',$,'SITE|stall',$,$,#346,#336,$,$);
#330=IFCCARTESIANPOINTLIST2D(((0.,0.),(2743.2000000000003,0.),(2743.2000000000003,5486.4000000000005),(0.,5486.4000000000005),(0.,0.)));
#331=IFCINDEXEDPOLYCURVE(#330,$,$);
#332=IFCDIRECTION((0.,0.,1.));
#333=IFCARBITRARYCLOSEDPROFILEDEF(.AREA.,$,#331);
#334=IFCEXTRUDEDAREASOLID(#333,$,#332,40.);
#335=IFCSHAPEREPRESENTATION(#11,'Body','SweptSolid',(#334));
#336=IFCPRODUCTDEFINITIONSHAPE($,$,(#335));
#342=IFCCARTESIANPOINT((27736.800000000003,67056.,0.));
#343=IFCDIRECTION((0.,0.,1.));
#344=IFCDIRECTION((1.,0.,0.));
#345=IFCAXIS2PLACEMENT3D(#342,#343,#344);
#346=IFCLOCALPLACEMENT($,#345);
#347=IFCSLAB('1q0UjIQbTAwwzmpbEg7c_v',$,'SITE|stall',$,$,#364,#354,$,$);
#348=IFCCARTESIANPOINTLIST2D(((0.,0.),(2743.2000000000003,0.),(2743.2000000000003,5486.4000000000005),(0.,5486.4000000000005),(0.,0.)));
#349=IFCINDEXEDPOLYCURVE(#348,$,$);
#350=IFCDIRECTION((0.,0.,1.));
#351=IFCARBITRARYCLOSEDPROFILEDEF(.AREA.,$,#349);
#352=IFCEXTRUDEDAREASOLID(#351,$,#350,40.);
#353=IFCSHAPEREPRESENTATION(#11,'Body','SweptSolid',(#352));
#354=IFCPRODUCTDEFINITIONSHAPE($,$,(#353));
#360=IFCCARTESIANPOINT((30480.,67056.,0.));
#361=IFCDIRECTION((0.,0.,1.));
#362=IFCDIRECTION((1.,0.,0.));
#363=IFCAXIS2PLACEMENT3D(#360,#361,#362);
#364=IFCLOCALPLACEMENT($,#363);
#365=IFCSLAB('19bT3uG494Ofz5mUplbpPN',$,'SITE|stall',$,$,#382,#372,$,$);
#366=IFCCARTESIANPOINTLIST2D(((0.,0.),(2743.2000000000003,0.),(2743.2000000000003,5486.4000000000005),(0.,5486.4000000000005),(0.,0.)));
#367=IFCINDEXEDPOLYCURVE(#366,$,$);
#368=IFCDIRECTION((0.,0.,1.));
#369=IFCARBITRARYCLOSEDPROFILEDEF(.AREA.,$,#367);
#370=IFCEXTRUDEDAREASOLID(#369,$,#368,40.);
#371=IFCSHAPEREPRESENTATION(#11,'Body','SweptSolid',(#370));
#372=IFCPRODUCTDEFINITIONSHAPE($,$,(#371));
#378=IFCCARTESIANPOINT((33223.199999999997,67056.,0.));
#379=IFCDIRECTION((0.,0.,1.));
#380=IFCDIRECTION((1.,0.,0.));
#381=IFCAXIS2PLACEMENT3D(#378,#379,#380);
#382=IFCLOCALPLACEMENT($,#381);
#383=IFCSLAB('1sDKhsesb8ahHYFMQUwuGn',$,'SITE|stall',$,$,#400,#390,$,$);
#384=IFCCARTESIANPOINTLIST2D(((0.,0.),(2743.2000000000003,0.),(2743.2000000000003,5486.4000000000005),(0.,5486.4000000000005),(0.,0.)));
#385=IFCINDEXEDPOLYCURVE(#384,$,$);
#386=IFCDIRECTION((0.,0.,1.));
#387=IFCARBITRARYCLOSEDPROFILEDEF(.AREA.,$,#385);
#388=IFCEXTRUDEDAREASOLID(#387,$,#386,40.);
#389=IFCSHAPEREPRESENTATION(#11,'Body','SweptSolid',(#388));
#390=IFCPRODUCTDEFINITIONSHAPE($,$,(#389));
#396=IFCCARTESIANPOINT((35966.400000000001,67056.,0.));
#397=IFCDIRECTION((0.,0.,1.));
#398=IFCDIRECTION((1.,0.,0.));
#399=IFCAXIS2PLACEMENT3D(#396,#397,#398);
#400=IFCLOCALPLACEMENT($,#399);
#401=IFCSLAB('3yCahTtSzBTuLmg1NCATYX',$,'SITE|stall',$,$,#418,#408,$,$);
#402=IFCCARTESIANPOINTLIST2D(((0.,0.),(2743.2000000000003,0.),(2743.2000000000003,5486.4000000000005),(0.,5486.4000000000005),(0.,0.)));
#403=IFCINDEXEDPOLYCURVE(#402,$,$);
#404=IFCDIRECTION((0.,0.,1.));
#405=IFCARBITRARYCLOSEDPROFILEDEF(.AREA.,$,#403);
#406=IFCEXTRUDEDAREASOLID(#405,$,#404,40.);
#407=IFCSHAPEREPRESENTATION(#11,'Body','SweptSolid',(#406));
#408=IFCPRODUCTDEFINITIONSHAPE($,$,(#407));
#414=IFCCARTESIANPOINT((38709.599999999999,67056.,0.));
#415=IFCDIRECTION((0.,0.,1.));
#416=IFCDIRECTION((1.,0.,0.));
#417=IFCAXIS2PLACEMENT3D(#414,#415,#416);
#418=IFCLOCALPLACEMENT($,#417);
#419=IFCSLAB('1eOda4OSTAngd$hgFGF3bg',$,'SITE|stall',$,$,#436,#426,$,$);
#420=IFCCARTESIANPOINTLIST2D(((0.,0.),(2743.2000000000003,0.),(2743.2000000000003,5486.4000000000005),(0.,5486.4000000000005),(0.,0.)));
#421=IFCINDEXEDPOLYCURVE(#420,$,$);
#422=IFCDIRECTION((0.,0.,1.));
#423=IFCARBITRARYCLOSEDPROFILEDEF(.AREA.,$,#421);
#424=IFCEXTRUDEDAREASOLID(#423,$,#422,40.);
#425=IFCSHAPEREPRESENTATION(#11,'Body','SweptSolid',(#424));
#426=IFCPRODUCTDEFINITIONSHAPE($,$,(#425));
#432=IFCCARTESIANPOINT((41452.800000000003,67056.,0.));
#433=IFCDIRECTION((0.,0.,1.));
#434=IFCDIRECTION((1.,0.,0.));
#435=IFCAXIS2PLACEMENT3D(#432,#433,#434);
#436=IFCLOCALPLACEMENT($,#435);
#437=IFCSLAB('10VA7r$Yj2KA3RIYVT1uPq',$,'SITE|stall',$,$,#454,#444,$,$);
#438=IFCCARTESIANPOINTLIST2D(((0.,0.),(2743.2000000000003,0.),(2743.2000000000003,5486.4000000000005),(0.,5486.4000000000005),(0.,0.)));
#439=IFCINDEXEDPOLYCURVE(#438,$,$);
#440=IFCDIRECTION((0.,0.,1.));
#441=IFCARBITRARYCLOSEDPROFILEDEF(.AREA.,$,#439);
#442=IFCEXTRUDEDAREASOLID(#441,$,#440,40.);
#443=IFCSHAPEREPRESENTATION(#11,'Body','SweptSolid',(#442));
#444=IFCPRODUCTDEFINITIONSHAPE($,$,(#443));
#450=IFCCARTESIANPOINT((44196.000000000007,67056.,0.));
#451=IFCDIRECTION((0.,0.,1.));
#452=IFCDIRECTION((1.,0.,0.));
#453=IFCAXIS2PLACEMENT3D(#450,#451,#452);
#454=IFCLOCALPLACEMENT($,#453);
#455=IFCSLAB('0GwJ8MDP94hB4q0q9PznUX',$,'SITE|stall',$,$,#472,#462,$,$);
#456=IFCCARTESIANPOINTLIST2D(((0.,0.),(2743.2000000000003,0.),(2743.2000000000003,5486.4000000000005),(0.,5486.4000000000005),(0.,0.)));
#457=IFCINDEXEDPOLYCURVE(#456,$,$);
#458=IFCDIRECTION((0.,0.,1.));
#459=IFCARBITRARYCLOSEDPROFILEDEF(.AREA.,$,#457);
#460=IFCEXTRUDEDAREASOLID(#459,$,#458,40.);
#461=IFCSHAPEREPRESENTATION(#11,'Body','SweptSolid',(#460));
#462=IFCPRODUCTDEFINITIONSHAPE($,$,(#461));
#468=IFCCARTESIANPOINT((46939.199999999997,67056.,0.));
#469=IFCDIRECTION((0.,0.,1.));
#470=IFCDIRECTION((1.,0.,0.));
#471=IFCAXIS2PLACEMENT3D(#468,#469,#470);
#472=IFCLOCALPLACEMENT($,#471);
#473=IFCSLAB('2goqZJalj0CB9RpeLt2lKv',$,'SITE|stall',$,$,#490,#480,$,$);
#474=IFCCARTESIANPOINTLIST2D(((0.,0.),(2743.2000000000003,0.),(2743.2000000000003,5486.4000000000005),(0.,5486.4000000000005),(0.,0.)));
#475=IFCINDEXEDPOLYCURVE(#474,$,$);
#476=IFCDIRECTION((0.,0.,1.));
#477=IFCARBITRARYCLOSEDPROFILEDEF(.AREA.,$,#475);
#478=IFCEXTRUDEDAREASOLID(#477,$,#476,40.);
#479=IFCSHAPEREPRESENTATION(#11,'Body','SweptSolid',(#478));
#480=IFCPRODUCTDEFINITIONSHAPE($,$,(#479));
#486=IFCCARTESIANPOINT((49682.400000000001,67056.,0.));
#487=IFCDIRECTION((0.,0.,1.));
#488=IFCDIRECTION((1.,0.,0.));
#489=IFCAXIS2PLACEMENT3D(#486,#487,#488);
#490=IFCLOCALPLACEMENT($,#489);
#491=IFCSLAB('3Om9W$hZf968MIaa$Xybef',$,'L1|SLAB',$,$,#508,#498,$,$);
#492=IFCCARTESIANPOINTLIST2D(((0.,0.),(23774.399999999998,0.),(23774.399999999998,61112.400000000001),(0.,61112.400000000001),(0.,0.)));
#493=IFCINDEXEDPOLYCURVE(#492,$,$);
#494=IFCDIRECTION((0.,0.,1.));
#495=IFCARBITRARYCLOSEDPROFILEDEF(.AREA.,$,#493);
#496=IFCEXTRUDEDAREASOLID(#495,$,#494,250.);
#497=IFCSHAPEREPRESENTATION(#11,'Body','SweptSolid',(#496));
#498=IFCPRODUCTDEFINITIONSHAPE($,$,(#497));
#504=IFCCARTESIANPOINT((3048.,4572.,0.));
#505=IFCDIRECTION((0.,0.,1.));
#506=IFCDIRECTION((1.,0.,0.));
#507=IFCAXIS2PLACEMENT3D(#504,#505,#506);
#508=IFCLOCALPLACEMENT($,#507);
#509=IFCSLAB('3tuc1vGqr9vxpb3V_raaLE',$,'L2|SLAB',$,$,#527,#516,$,$);
#510=IFCCARTESIANPOINTLIST2D(((0.,0.),(23774.399999999998,0.),(23774.399999999998,61112.400000000001),(0.,61112.400000000001),(0.,0.)));
#511=IFCINDEXEDPOLYCURVE(#510,$,$);
#512=IFCDIRECTION((0.,0.,1.));
#513=IFCARBITRARYCLOSEDPROFILEDEF(.AREA.,$,#511);
#514=IFCEXTRUDEDAREASOLID(#513,$,#512,250.);
#515=IFCSHAPEREPRESENTATION(#11,'Body','SweptSolid',(#514));
#516=IFCPRODUCTDEFINITIONSHAPE($,$,(#515));
#522=IFCRELCONTAINEDINSPATIALSTRUCTURE('2Vbvg6NTfA0eG0wBpfnBE9',$,$,$,(#3867,#4329,#4395,#4835,#4439,#4901,#4505,#4967,#5363,#5033,#5077,#5605,#5165,#5231,#5693,#5737,#5341,#5803,#5407,#5869,#5913,#5935,#11633,#11721,#11831,#3691,#3757,#3823,#3889,#3933,#4461,#4021,#4087,#4593,#4197,#4659,#4263,#4725,#5121,#4769,#4791,#5297,#5429,#5495,#5099,#5561,#6023,#5627,#5671,#11677,#11787,#6001,#11589,#11655,#509,#3449,#3515,#3977,#3581,#3647,#3625,#4153,#656,#4219,#4351,#3955,#4417,#4879,#4483,#4923,#4549,#4527,#5451,#5055,#4989,#5187,#5253,#5715,#5319,#4857,#5385,#5825,#5781,#5891,#5759,#5957,#11611,#11743,#11809,#584,#3471,#3735,#3801,#3779,#3845,#4307,#3911,#4373,#3405,#4043,#4109,#4571,#3713,#4175,#4637,#4241,#4703,#5143,#4747,#5209,#4813,#5275,#4615,#4681,#4285,#4945,#5011,#5473,#5517,#5539,#5583,#5979,#5649,#11699,#11765,#5847,#3427,#3493,#3559,#3537,#3603,#4065,#3669,#4131,#3999),#18);
#523=IFCCARTESIANPOINT((3048.,4572.,4267.1999999999998));
#524=IFCDIRECTION((0.,0.,1.));
#525=IFCDIRECTION((1.,0.,0.));
#526=IFCAXIS2PLACEMENT3D(#523,#524,#525);
#527=IFCLOCALPLACEMENT($,#526);
#528=IFCSLAB('3ynOWeqtH61xlQblLx2S0P',$,'L3|SLAB',$,$,#546,#535,$,$);
#529=IFCCARTESIANPOINTLIST2D(((0.,0.),(23774.399999999998,0.),(23774.399999999998,61112.400000000001),(0.,61112.400000000001),(0.,0.)));
#530=IFCINDEXEDPOLYCURVE(#529,$,$);
#531=IFCDIRECTION((0.,0.,1.));
#532=IFCARBITRARYCLOSEDPROFILEDEF(.AREA.,$,#530);
#533=IFCEXTRUDEDAREASOLID(#532,$,#531,250.);
#534=IFCSHAPEREPRESENTATION(#11,'Body','SweptSolid',(#533));
#535=IFCPRODUCTDEFINITIONSHAPE($,$,(#534));
#541=IFCRELCONTAINEDINSPATIALSTRUCTURE('0tAGYNcmv9aQbMGtMZxGnN',$,$,$,(#6265,#6441,#602,#6573,#6177,#6639,#6243,#6705,#7101,#7167,#6749,#6771,#11897,#7211,#6815,#7277,#7343,#7739,#11963,#7475,#7079,#7541,#7145,#7607,#8069,#8003,#8509,#7651,#8575,#8113,#7673,#8179,#8641,#8047,#8377,#7981,#8443,#8553,#528,#6067,#6133,#6595,#6199,#11853,#6331,#6397,#6859,#6463,#6903,#6925,#6529,#12051,#11985,#6969,#7431,#7035,#7497,#7233,#7299,#7761,#7805,#7827,#8267,#8333,#7871,#8399,#7937,#8135,#8597,#8663,#6287,#6353,#11941,#12007,#6089,#6155,#6617,#6683,#6661,#7123,#7189,#6793,#11875,#11919,#6727,#7255,#7365,#6991,#7453,#7519,#7563,#8025,#7629,#8091,#7695,#8157,#674,#8201,#8465,#8531,#6045,#6507,#6111,#6221,#6309,#6375,#6837,#6419,#6881,#6485,#6947,#6551,#7013,#7409,#7057,#12029,#12073,#7585,#12095,#7717,#7321,#7783,#7387,#8245,#7849,#7893,#8355,#7959,#8421,#8311,#8487,#7915,#8619,#8223,#8289),#19);
#542=IFCCARTESIANPOINT((3048.,4572.,7467.5999999999995));
#543=IFCDIRECTION((0.,0.,1.));
#544=IFCDIRECTION((1.,0.,0.));
#545=IFCAXIS2PLACEMENT3D(#542,#543,#544);
#546=IFCLOCALPLACEMENT($,#545);
#547=IFCSLAB('3S_BsYVjb73AC1dHISKQNE',$,'L4|SLAB',$,$,#565,#554,$,$);
#548=IFCCARTESIANPOINTLIST2D(((0.,0.),(23774.399999999998,0.),(23774.399999999998,61112.400000000001),(0.,61112.400000000001),(0.,0.)));
#549=IFCINDEXEDPOLYCURVE(#548,$,$);
#550=IFCDIRECTION((0.,0.,1.));
#551=IFCARBITRARYCLOSEDPROFILEDEF(.AREA.,$,#549);
#552=IFCEXTRUDEDAREASOLID(#551,$,#550,250.);
#553=IFCSHAPEREPRESENTATION(#11,'Body','SweptSolid',(#552));
#554=IFCPRODUCTDEFINITIONSHAPE($,$,(#553));
#560=IFCRELCONTAINEDINSPATIALSTRUCTURE('2ilbxgLyjB2ul9swRq6cgw',$,$,$,(#9455,#9521,#9125,#9587,#9983,#10027,#10049,#9697,#10093,#10621,#10225,#10159,#10555,#10357,#10423,#10885,#10929,#10951,#10995,#11061,#11259,#12249,#12293,#12359,#8795,#8839,#8905,#8883,#8949,#8971,#9015,#9411,#9477,#9081,#9543,#9213,#9279,#9741,#9785,#10247,#9807,#10313,#9917,#10379,#9851,#10445,#10489,#620,#10115,#10577,#10687,#11149,#10753,#11215,#10819,#11281,#547,#692,#12117,#12161,#12183,#12227,#8817,#8707,#9169,#8773,#9235,#9301,#9345,#9873,#10005,#9609,#10071,#10533,#10137,#9675,#10181,#10203,#10643,#10709,#10775,#10907,#10511,#10973,#11017,#11039,#11083,#11105,#12271,#12315,#12337,#8729,#8861,#8927,#9389,#8993,#9037,#9059,#9499,#9103,#9565,#9631,#9763,#9367,#9829,#9433,#10291,#10335,#10797,#9939,#10401,#10467,#9895,#9961,#10863,#10599,#10665,#10269,#10731,#11127,#11193,#11171,#10841,#11237,#11303,#12139,#12205,#8685,#9147,#8751,#9191,#9653,#9257,#9719,#9323),#20);
#561=IFCCARTESIANPOINT((3048.,4572.,10668.));
#562=IFCDIRECTION((0.,0.,1.));
#563=IFCDIRECTION((1.,0.,0.));
#564=IFCAXIS2PLACEMENT3D(#561,#562,#563);
#565=IFCLOCALPLACEMENT($,#564);
#566=IFCSLAB('37$tqKL3L528A41vSOW2$$',$,'L1|SLAB',$,$,#583,#573,$,$);
#567=IFCCARTESIANPOINTLIST2D(((0.,0.),(23774.399999999998,0.),(23774.399999999998,62179.199999999997),(0.,62179.199999999997),(0.,0.)));
#568=IFCINDEXEDPOLYCURVE(#567,$,$);
#569=IFCDIRECTION((0.,0.,1.));
#570=IFCARBITRARYCLOSEDPROFILEDEF(.AREA.,$,#568);
#571=IFCEXTRUDEDAREASOLID(#570,$,#569,250.);
#572=IFCSHAPEREPRESENTATION(#11,'Body','SweptSolid',(#571));
#573=IFCPRODUCTDEFINITIONSHAPE($,$,(#572));
#579=IFCCARTESIANPOINT((29870.399999999998,4572.,0.));
#580=IFCDIRECTION((0.,0.,1.));
#581=IFCDIRECTION((1.,0.,0.));
#582=IFCAXIS2PLACEMENT3D(#579,#580,#581);
#583=IFCLOCALPLACEMENT($,#582);
#584=IFCSLAB('0H1h95JQX5D8K$VlmrZw9I',$,'L2|SLAB',$,$,#601,#591,$,$);
#585=IFCCARTESIANPOINTLIST2D(((0.,0.),(23774.399999999998,0.),(23774.399999999998,62179.199999999997),(0.,62179.199999999997),(0.,0.)));
#586=IFCINDEXEDPOLYCURVE(#585,$,$);
#587=IFCDIRECTION((0.,0.,1.));
#588=IFCARBITRARYCLOSEDPROFILEDEF(.AREA.,$,#586);
#589=IFCEXTRUDEDAREASOLID(#588,$,#587,250.);
#590=IFCSHAPEREPRESENTATION(#11,'Body','SweptSolid',(#589));
#591=IFCPRODUCTDEFINITIONSHAPE($,$,(#590));
#597=IFCCARTESIANPOINT((29870.399999999998,4572.,4267.1999999999998));
#598=IFCDIRECTION((0.,0.,1.));
#599=IFCDIRECTION((1.,0.,0.));
#600=IFCAXIS2PLACEMENT3D(#597,#598,#599);
#601=IFCLOCALPLACEMENT($,#600);
#602=IFCSLAB('2pGsPrLN10HPNR9U1DIWCC',$,'L3|SLAB',$,$,#619,#609,$,$);
#603=IFCCARTESIANPOINTLIST2D(((0.,0.),(23774.399999999998,0.),(23774.399999999998,62179.199999999997),(0.,62179.199999999997),(0.,0.)));
#604=IFCINDEXEDPOLYCURVE(#603,$,$);
#605=IFCDIRECTION((0.,0.,1.));
#606=IFCARBITRARYCLOSEDPROFILEDEF(.AREA.,$,#604);
#607=IFCEXTRUDEDAREASOLID(#606,$,#605,250.);
#608=IFCSHAPEREPRESENTATION(#11,'Body','SweptSolid',(#607));
#609=IFCPRODUCTDEFINITIONSHAPE($,$,(#608));
#615=IFCCARTESIANPOINT((29870.399999999998,4572.,7467.5999999999995));
#616=IFCDIRECTION((0.,0.,1.));
#617=IFCDIRECTION((1.,0.,0.));
#618=IFCAXIS2PLACEMENT3D(#615,#616,#617);
#619=IFCLOCALPLACEMENT($,#618);
#620=IFCSLAB('0j84EMon584utLy1$L93gR',$,'L4|SLAB',$,$,#637,#627,$,$);
#621=IFCCARTESIANPOINTLIST2D(((0.,0.),(23774.399999999998,0.),(23774.399999999998,62179.199999999997),(0.,62179.199999999997),(0.,0.)));
#622=IFCINDEXEDPOLYCURVE(#621,$,$);
#623=IFCDIRECTION((0.,0.,1.));
#624=IFCARBITRARYCLOSEDPROFILEDEF(.AREA.,$,#622);
#625=IFCEXTRUDEDAREASOLID(#624,$,#623,250.);
#626=IFCSHAPEREPRESENTATION(#11,'Body','SweptSolid',(#625));
#627=IFCPRODUCTDEFINITIONSHAPE($,$,(#626));
#633=IFCCARTESIANPOINT((29870.399999999998,4572.,10668.));
#634=IFCDIRECTION((0.,0.,1.));
#635=IFCDIRECTION((1.,0.,0.));
#636=IFCAXIS2PLACEMENT3D(#633,#634,#635);
#637=IFCLOCALPLACEMENT($,#636);
#638=IFCSLAB('3b2wVAGZ1DUhCozb3T9C1K',$,'L1|SLAB',$,$,#655,#645,$,$);
#639=IFCCARTESIANPOINTLIST2D(((0.,0.),(23774.399999999998,0.),(23774.399999999998,62179.199999999997),(0.,62179.199999999997),(0.,0.)));
#640=IFCINDEXEDPOLYCURVE(#639,$,$);
#641=IFCDIRECTION((0.,0.,1.));
#642=IFCARBITRARYCLOSEDPROFILEDEF(.AREA.,$,#640);
#643=IFCEXTRUDEDAREASOLID(#642,$,#641,250.);
#644=IFCSHAPEREPRESENTATION(#11,'Body','SweptSolid',(#643));
#645=IFCPRODUCTDEFINITIONSHAPE($,$,(#644));
#651=IFCCARTESIANPOINT((56692.800000000003,4572.,0.));
#652=IFCDIRECTION((0.,0.,1.));
#653=IFCDIRECTION((1.,0.,0.));
#654=IFCAXIS2PLACEMENT3D(#651,#652,#653);
#655=IFCLOCALPLACEMENT($,#654);
#656=IFCSLAB('1LOuPqNDz7ZhekfkL40YAi',$,'L2|SLAB',$,$,#673,#663,$,$);
#657=IFCCARTESIANPOINTLIST2D(((0.,0.),(23774.399999999998,0.),(23774.399999999998,62179.199999999997),(0.,62179.199999999997),(0.,0.)));
#658=IFCINDEXEDPOLYCURVE(#657,$,$);
#659=IFCDIRECTION((0.,0.,1.));
#660=IFCARBITRARYCLOSEDPROFILEDEF(.AREA.,$,#658);
#661=IFCEXTRUDEDAREASOLID(#660,$,#659,250.);
#662=IFCSHAPEREPRESENTATION(#11,'Body','SweptSolid',(#661));
#663=IFCPRODUCTDEFINITIONSHAPE($,$,(#662));
#669=IFCCARTESIANPOINT((56692.800000000003,4572.,4267.1999999999998));
#670=IFCDIRECTION((0.,0.,1.));
#671=IFCDIRECTION((1.,0.,0.));
#672=IFCAXIS2PLACEMENT3D(#669,#670,#671);
#673=IFCLOCALPLACEMENT($,#672);
#674=IFCSLAB('3QbhbpUDX6fRQxiACYauSm',$,'L3|SLAB',$,$,#691,#681,$,$);
#675=IFCCARTESIANPOINTLIST2D(((0.,0.),(23774.399999999998,0.),(23774.399999999998,62179.199999999997),(0.,62179.199999999997),(0.,0.)));
#676=IFCINDEXEDPOLYCURVE(#675,$,$);
#677=IFCDIRECTION((0.,0.,1.));
#678=IFCARBITRARYCLOSEDPROFILEDEF(.AREA.,$,#676);
#679=IFCEXTRUDEDAREASOLID(#678,$,#677,250.);
#680=IFCSHAPEREPRESENTATION(#11,'Body','SweptSolid',(#679));
#681=IFCPRODUCTDEFINITIONSHAPE($,$,(#680));
#687=IFCCARTESIANPOINT((56692.800000000003,4572.,7467.5999999999995));
#688=IFCDIRECTION((0.,0.,1.));
#689=IFCDIRECTION((1.,0.,0.));
#690=IFCAXIS2PLACEMENT3D(#687,#688,#689);
#691=IFCLOCALPLACEMENT($,#690);
#692=IFCSLAB('0N_n0Ogan7VvT_1J7QNhPX',$,'L4|SLAB',$,$,#709,#699,$,$);
#693=IFCCARTESIANPOINTLIST2D(((0.,0.),(23774.399999999998,0.),(23774.399999999998,62179.199999999997),(0.,62179.199999999997),(0.,0.)));
#694=IFCINDEXEDPOLYCURVE(#693,$,$);
#695=IFCDIRECTION((0.,0.,1.));
#696=IFCARBITRARYCLOSEDPROFILEDEF(.AREA.,$,#694);
#697=IFCEXTRUDEDAREASOLID(#696,$,#695,250.);
#698=IFCSHAPEREPRESENTATION(#11,'Body','SweptSolid',(#697));
#699=IFCPRODUCTDEFINITIONSHAPE($,$,(#698));
#705=IFCCARTESIANPOINT((56692.800000000003,4572.,10668.));
#706=IFCDIRECTION((0.,0.,1.));
#707=IFCDIRECTION((1.,0.,0.));
#708=IFCAXIS2PLACEMENT3D(#705,#706,#707);
#709=IFCLOCALPLACEMENT($,#708);
#710=IFCROOF('2Gm4B$Wwv76AWmPpXStRz6',$,'ROOF|SLAB',$,$,#728,#717,$,$);
#711=IFCCARTESIANPOINTLIST2D(((0.,0.),(23774.399999999998,0.),(23774.399999999998,61112.400000000001),(0.,61112.400000000001),(0.,0.)));
#712=IFCINDEXEDPOLYCURVE(#711,$,$);
#713=IFCDIRECTION((0.,0.,1.));
#714=IFCARBITRARYCLOSEDPROFILEDEF(.AREA.,$,#712);
#715=IFCEXTRUDEDAREASOLID(#714,$,#713,300.);
#716=IFCSHAPEREPRESENTATION(#11,'Body','SweptSolid',(#715));
#717=IFCPRODUCTDEFINITIONSHAPE($,$,(#716));
#723=IFCRELCONTAINEDINSPATIALSTRUCTURE('0Sa3mqiqr4aOViKaT1fGLW',$,$,$,(#729,#710,#747),#21);
#724=IFCCARTESIANPOINT((3048.,4572.,13868.400000000001));
#725=IFCDIRECTION((0.,0.,1.));
#726=IFCDIRECTION((1.,0.,0.));
#727=IFCAXIS2PLACEMENT3D(#724,#725,#726);
#728=IFCLOCALPLACEMENT($,#727);
#729=IFCROOF('0OADeD28XCvuExLYck7zyu',$,'ROOF|SLAB',$,$,#746,#736,$,$);
#730=IFCCARTESIANPOINTLIST2D(((0.,0.),(23774.399999999998,0.),(23774.399999999998,62179.199999999997),(0.,62179.199999999997),(0.,0.)));
#731=IFCINDEXEDPOLYCURVE(#730,$,$);
#732=IFCDIRECTION((0.,0.,1.));
#733=IFCARBITRARYCLOSEDPROFILEDEF(.AREA.,$,#731);
#734=IFCEXTRUDEDAREASOLID(#733,$,#732,300.);
#735=IFCSHAPEREPRESENTATION(#11,'Body','SweptSolid',(#734));
#736=IFCPRODUCTDEFINITIONSHAPE($,$,(#735));
#742=IFCCARTESIANPOINT((29870.399999999998,4572.,13868.400000000001));
#743=IFCDIRECTION((0.,0.,1.));
#744=IFCDIRECTION((1.,0.,0.));
#745=IFCAXIS2PLACEMENT3D(#742,#743,#744);
#746=IFCLOCALPLACEMENT($,#745);
#747=IFCROOF('3Wxs1hbvT2SQRWZ4LbxLSR',$,'ROOF|SLAB',$,$,#764,#754,$,$);
#748=IFCCARTESIANPOINTLIST2D(((0.,0.),(23774.399999999998,0.),(23774.399999999998,62179.199999999997),(0.,62179.199999999997),(0.,0.)));
#749=IFCINDEXEDPOLYCURVE(#748,$,$);
#750=IFCDIRECTION((0.,0.,1.));
#751=IFCARBITRARYCLOSEDPROFILEDEF(.AREA.,$,#749);
#752=IFCEXTRUDEDAREASOLID(#751,$,#750,300.);
#753=IFCSHAPEREPRESENTATION(#11,'Body','SweptSolid',(#752));
#754=IFCPRODUCTDEFINITIONSHAPE($,$,(#753));
#760=IFCCARTESIANPOINT((56692.800000000003,4572.,13868.400000000001));
#761=IFCDIRECTION((0.,0.,1.));
#762=IFCDIRECTION((1.,0.,0.));
#763=IFCAXIS2PLACEMENT3D(#760,#761,#762);
#764=IFCLOCALPLACEMENT($,#763);
#765=IFCWALL('2yfG7rDS9COuI3ssoS354y',$,'L1|ACCESSIBLE_1BR',$,$,#786,#776,$,$);
#766=IFCCARTESIANPOINTLIST2D(((0.,0.),(0.,150.),(10363.200000000001,150.),(10363.200000000001,0.),(0.,0.)));
#767=IFCINDEXEDPOLYCURVE(#766,$,.F.);
#768=IFCDIRECTION((0.,0.,1.));
#769=IFCARBITRARYCLOSEDPROFILEDEF(.AREA.,$,#767);
#770=IFCCARTESIANPOINT((0.,0.,0.));
#771=IFCDIRECTION((0.,0.,1.));
#772=IFCDIRECTION((1.,0.,0.));
#773=IFCAXIS2PLACEMENT3D(#770,#771,#772);
#774=IFCEXTRUDEDAREASOLID(#769,#773,#768,4267.1999999999998);
#775=IFCSHAPEREPRESENTATION(#11,'Body','SweptSolid',(#774));
#776=IFCPRODUCTDEFINITIONSHAPE($,$,(#775));
#782=IFCCARTESIANPOINT((15849.6,11887.199999999999,0.));
#783=IFCDIRECTION((0.,0.,1.));
#784=IFCDIRECTION((1.,0.,0.));
#785=IFCAXIS2PLACEMENT3D(#782,#783,#784);
#786=IFCLOCALPLACEMENT($,#785);
#787=IFCWALL('1dW8G7Jc53hfzVMAoqkmd3',$,'L1|ACCESSIBLE_1BR',$,$,#808,#798,$,$);
#788=IFCCARTESIANPOINTLIST2D(((0.,0.),(0.,150.),(10363.200000000001,150.),(10363.200000000001,0.),(0.,0.)));
#789=IFCINDEXEDPOLYCURVE(#788,$,.F.);
#790=IFCDIRECTION((0.,0.,1.));
#791=IFCARBITRARYCLOSEDPROFILEDEF(.AREA.,$,#789);
#792=IFCCARTESIANPOINT((0.,0.,0.));
#793=IFCDIRECTION((0.,0.,1.));
#794=IFCDIRECTION((1.,0.,0.));
#795=IFCAXIS2PLACEMENT3D(#792,#793,#794);
#796=IFCEXTRUDEDAREASOLID(#791,#795,#790,4267.1999999999998);
#797=IFCSHAPEREPRESENTATION(#11,'Body','SweptSolid',(#796));
#798=IFCPRODUCTDEFINITIONSHAPE($,$,(#797));
#804=IFCCARTESIANPOINT((15849.6,21031.200000000001,0.));
#805=IFCDIRECTION((0.,0.,1.));
#806=IFCDIRECTION((1.,0.,0.));
#807=IFCAXIS2PLACEMENT3D(#804,#805,#806);
#808=IFCLOCALPLACEMENT($,#807);
#809=IFCWALL('0utNAydN5FtQFAkUKpaQZY',$,'L1|ACCESSIBLE_1BR',$,$,#830,#820,$,$);
#810=IFCCARTESIANPOINTLIST2D(((0.,0.),(0.,150.),(9144.,150.),(9144.,0.),(0.,0.)));
#811=IFCINDEXEDPOLYCURVE(#810,$,.F.);
#812=IFCDIRECTION((0.,0.,1.));
#813=IFCARBITRARYCLOSEDPROFILEDEF(.AREA.,$,#811);
#814=IFCCARTESIANPOINT((0.,0.,0.));
#815=IFCDIRECTION((0.,0.,1.));
#816=IFCDIRECTION((1.,0.,0.));
#817=IFCAXIS2PLACEMENT3D(#814,#815,#816);
#818=IFCEXTRUDEDAREASOLID(#813,#817,#812,4267.1999999999998);
#819=IFCSHAPEREPRESENTATION(#11,'Body','SweptSolid',(#818));
#820=IFCPRODUCTDEFINITIONSHAPE($,$,(#819));
#826=IFCCARTESIANPOINT((15849.6,11887.199999999999,0.));
#827=IFCDIRECTION((0.,0.,1.));
#828=IFCDIRECTION((6.123233995736766E-17,1.,0.));
#829=IFCAXIS2PLACEMENT3D(#826,#827,#828);
#830=IFCLOCALPLACEMENT($,#829);
#831=IFCWALL('0gYHuur7vBBgmlMIjcjhLZ',$,'L1|ACCESSIBLE_1BR',$,$,#852,#842,$,$);
#832=IFCCARTESIANPOINTLIST2D(((0.,0.),(0.,150.),(9144.,150.),(9144.,0.),(0.,0.)));
#833=IFCINDEXEDPOLYCURVE(#832,$,.F.);
#834=IFCDIRECTION((0.,0.,1.));
#835=IFCARBITRARYCLOSEDPROFILEDEF(.AREA.,$,#833);
#836=IFCCARTESIANPOINT((0.,0.,0.));
#837=IFCDIRECTION((0.,0.,1.));
#838=IFCDIRECTION((1.,0.,0.));
#839=IFCAXIS2PLACEMENT3D(#836,#837,#838);
#840=IFCEXTRUDEDAREASOLID(#835,#839,#834,4267.1999999999998);
#841=IFCSHAPEREPRESENTATION(#11,'Body','SweptSolid',(#840));
#842=IFCPRODUCTDEFINITIONSHAPE($,$,(#841));
#848=IFCCARTESIANPOINT((26212.799999999999,11887.199999999999,0.));
#849=IFCDIRECTION((0.,0.,1.));
#850=IFCDIRECTION((6.123233995736766E-17,1.,0.));
#851=IFCAXIS2PLACEMENT3D(#848,#849,#850);
#852=IFCLOCALPLACEMENT($,#851);
#853=IFCWALL('0YZUTtJh16ZBU_9Mu_sCC6',$,'L1|TWOBR_A',$,$,#874,#864,$,$);
#854=IFCCARTESIANPOINTLIST2D(((0.,0.),(0.,150.),(10972.800000000001,150.),(10972.800000000001,0.),(0.,0.)));
#855=IFCINDEXEDPOLYCURVE(#854,$,.F.);
#856=IFCDIRECTION((0.,0.,1.));
#857=IFCARBITRARYCLOSEDPROFILEDEF(.AREA.,$,#855);
#858=IFCCARTESIANPOINT((0.,0.,0.));
#859=IFCDIRECTION((0.,0.,1.));
#860=IFCDIRECTION((1.,0.,0.));
#861=IFCAXIS2PLACEMENT3D(#858,#859,#860);
#862=IFCEXTRUDEDAREASOLID(#857,#861,#856,4267.1999999999998);
#863=IFCSHAPEREPRESENTATION(#11,'Body','SweptSolid',(#862));
#864=IFCPRODUCTDEFINITIONSHAPE($,$,(#863));
#870=IFCCARTESIANPOINT((29870.399999999998,11887.199999999999,0.));
#871=IFCDIRECTION((0.,0.,1.));
#872=IFCDIRECTION((1.,0.,0.));
#873=IFCAXIS2PLACEMENT3D(#870,#871,#872);
#874=IFCLOCALPLACEMENT($,#873);
#875=IFCWALL('3_ZqEMpmv0vggtXSY7EIFH',$,'L1|TWOBR_A',$,$,#896,#886,$,$);
#876=IFCCARTESIANPOINTLIST2D(((0.,0.),(0.,150.),(10972.800000000001,150.),(10972.800000000001,0.),(0.,0.)));
#877=IFCINDEXEDPOLYCURVE(#876,$,.F.);
#878=IFCDIRECTION((0.,0.,1.));
#879=IFCARBITRARYCLOSEDPROFILEDEF(.AREA.,$,#877);
#880=IFCCARTESIANPOINT((0.,0.,0.));
#881=IFCDIRECTION((0.,0.,1.));
#882=IFCDIRECTION((1.,0.,0.));
#883=IFCAXIS2PLACEMENT3D(#880,#881,#882);
#884=IFCEXTRUDEDAREASOLID(#879,#883,#878,4267.1999999999998);
#885=IFCSHAPEREPRESENTATION(#11,'Body','SweptSolid',(#884));
#886=IFCPRODUCTDEFINITIONSHAPE($,$,(#885));
#892=IFCCARTESIANPOINT((29870.399999999998,22250.400000000001,0.));
#893=IFCDIRECTION((0.,0.,1.));
#894=IFCDIRECTION((1.,0.,0.));
#895=IFCAXIS2PLACEMENT3D(#892,#893,#894);
#896=IFCLOCALPLACEMENT($,#895);
#897=IFCWALL('39QVxbRMDDvxqE4cpehBaf',$,'L1|TWOBR_A',$,$,#918,#908,$,$);
#898=IFCCARTESIANPOINTLIST2D(((0.,0.),(0.,150.),(10363.200000000001,150.),(10363.200000000001,0.),(0.,0.)));
#899=IFCINDEXEDPOLYCURVE(#898,$,.F.);
#900=IFCDIRECTION((0.,0.,1.));
#901=IFCARBITRARYCLOSEDPROFILEDEF(.AREA.,$,#899);
#902=IFCCARTESIANPOINT((0.,0.,0.));
#903=IFCDIRECTION((0.,0.,1.));
#904=IFCDIRECTION((1.,0.,0.));
#905=IFCAXIS2PLACEMENT3D(#902,#903,#904);
#906=IFCEXTRUDEDAREASOLID(#901,#905,#900,4267.1999999999998);
#907=IFCSHAPEREPRESENTATION(#11,'Body','SweptSolid',(#906));
#908=IFCPRODUCTDEFINITIONSHAPE($,$,(#907));
#914=IFCCARTESIANPOINT((29870.399999999998,11887.199999999999,0.));
#915=IFCDIRECTION((0.,0.,1.));
#916=IFCDIRECTION((6.123233995736766E-17,1.,0.));
#917=IFCAXIS2PLACEMENT3D(#914,#915,#916);
#918=IFCLOCALPLACEMENT($,#917);
#919=IFCWALL('34av7AgjHEqeEVyJDUSAf2',$,'L1|TWOBR_A',$,$,#940,#930,$,$);
#920=IFCCARTESIANPOINTLIST2D(((0.,0.),(0.,150.),(10363.200000000001,150.),(10363.200000000001,0.),(0.,0.)));
#921=IFCINDEXEDPOLYCURVE(#920,$,.F.);
#922=IFCDIRECTION((0.,0.,1.));
#923=IFCARBITRARYCLOSEDPROFILEDEF(.AREA.,$,#921);
#924=IFCCARTESIANPOINT((0.,0.,0.));
#925=IFCDIRECTION((0.,0.,1.));
#926=IFCDIRECTION((1.,0.,0.));
#927=IFCAXIS2PLACEMENT3D(#924,#925,#926);
#928=IFCEXTRUDEDAREASOLID(#923,#927,#922,4267.1999999999998);
#929=IFCSHAPEREPRESENTATION(#11,'Body','SweptSolid',(#928));
#930=IFCPRODUCTDEFINITIONSHAPE($,$,(#929));
#936=IFCCARTESIANPOINT((40843.200000000004,11887.199999999999,0.));
#937=IFCDIRECTION((0.,0.,1.));
#938=IFCDIRECTION((6.123233995736766E-17,1.,0.));
#939=IFCAXIS2PLACEMENT3D(#936,#937,#938);
#940=IFCLOCALPLACEMENT($,#939);
#941=IFCWALL('2q58YRsyjC4PmKMxxHQhSm',$,'L1|STUDIO_A',$,$,#962,#952,$,$);
#942=IFCCARTESIANPOINTLIST2D(((0.,0.),(0.,150.),(9753.6000000000004,150.),(9753.6000000000004,0.),(0.,0.)));
#943=IFCINDEXEDPOLYCURVE(#942,$,.F.);
#944=IFCDIRECTION((0.,0.,1.));
#945=IFCARBITRARYCLOSEDPROFILEDEF(.AREA.,$,#943);
#946=IFCCARTESIANPOINT((0.,0.,0.));
#947=IFCDIRECTION((0.,0.,1.));
#948=IFCDIRECTION((1.,0.,0.));
#949=IFCAXIS2PLACEMENT3D(#946,#947,#948);
#950=IFCEXTRUDEDAREASOLID(#945,#949,#944,4267.1999999999998);
#951=IFCSHAPEREPRESENTATION(#11,'Body','SweptSolid',(#950));
#952=IFCPRODUCTDEFINITIONSHAPE($,$,(#951));
#958=IFCCARTESIANPOINT((42672.,11887.199999999999,0.));
#959=IFCDIRECTION((0.,0.,1.));
#960=IFCDIRECTION((1.,0.,0.));
#961=IFCAXIS2PLACEMENT3D(#958,#959,#960);
#962=IFCLOCALPLACEMENT($,#961);
#963=IFCWALL('21wgRXbBj3XAscrKmYYuam',$,'L1|STUDIO_A',$,$,#984,#974,$,$);
#964=IFCCARTESIANPOINTLIST2D(((0.,0.),(0.,150.),(9753.6000000000004,150.),(9753.6000000000004,0.),(0.,0.)));
#965=IFCINDEXEDPOLYCURVE(#964,$,.F.);
#966=IFCDIRECTION((0.,0.,1.));
#967=IFCARBITRARYCLOSEDPROFILEDEF(.AREA.,$,#965);
#968=IFCCARTESIANPOINT((0.,0.,0.));
#969=IFCDIRECTION((0.,0.,1.));
#970=IFCDIRECTION((1.,0.,0.));
#971=IFCAXIS2PLACEMENT3D(#968,#969,#970);
#972=IFCEXTRUDEDAREASOLID(#967,#971,#966,4267.1999999999998);
#973=IFCSHAPEREPRESENTATION(#11,'Body','SweptSolid',(#972));
#974=IFCPRODUCTDEFINITIONSHAPE($,$,(#973));
#980=IFCCARTESIANPOINT((42672.,19812.,0.));
#981=IFCDIRECTION((0.,0.,1.));
#982=IFCDIRECTION((1.,0.,0.));
#983=IFCAXIS2PLACEMENT3D(#980,#981,#982);
#984=IFCLOCALPLACEMENT($,#983);
#985=IFCWALL('0UHt22F9L4f85XBnYM2Tx4',$,'L1|STUDIO_A',$,$,#1006,#996,$,$);
#986=IFCCARTESIANPOINTLIST2D(((0.,0.),(0.,150.),(7924.8000000000002,150.),(7924.8000000000002,0.),(0.,0.)));
#987=IFCINDEXEDPOLYCURVE(#986,$,.F.);
#988=IFCDIRECTION((0.,0.,1.));
#989=IFCARBITRARYCLOSEDPROFILEDEF(.AREA.,$,#987);
#990=IFCCARTESIANPOINT((0.,0.,0.));
#991=IFCDIRECTION((0.,0.,1.));
#992=IFCDIRECTION((1.,0.,0.));
#993=IFCAXIS2PLACEMENT3D(#990,#991,#992);
#994=IFCEXTRUDEDAREASOLID(#989,#993,#988,4267.1999999999998);
#995=IFCSHAPEREPRESENTATION(#11,'Body','SweptSolid',(#994));
#996=IFCPRODUCTDEFINITIONSHAPE($,$,(#995));
#1002=IFCCARTESIANPOINT((42672.,11887.199999999999,0.));
#1003=IFCDIRECTION((0.,0.,1.));
#1004=IFCDIRECTION((6.123233995736766E-17,1.,0.));
#1005=IFCAXIS2PLACEMENT3D(#1002,#1003,#1004);
#1006=IFCLOCALPLACEMENT($,#1005);
#1007=IFCWALL('3cRYk8okL41Ow8rTazjx5J',$,'L1|STUDIO_A',$,$,#1028,#1018,$,$);
#1008=IFCCARTESIANPOINTLIST2D(((0.,0.),(0.,150.),(7924.8000000000002,150.),(7924.8000000000002,0.),(0.,0.)));
#1009=IFCINDEXEDPOLYCURVE(#1008,$,.F.);
#1010=IFCDIRECTION((0.,0.,1.));
#1011=IFCARBITRARYCLOSEDPROFILEDEF(.AREA.,$,#1009);
#1012=IFCCARTESIANPOINT((0.,0.,0.));
#1013=IFCDIRECTION((0.,0.,1.));
#1014=IFCDIRECTION((1.,0.,0.));
#1015=IFCAXIS2PLACEMENT3D(#1012,#1013,#1014);
#1016=IFCEXTRUDEDAREASOLID(#1011,#1015,#1010,4267.1999999999998);
#1017=IFCSHAPEREPRESENTATION(#11,'Body','SweptSolid',(#1016));
#1018=IFCPRODUCTDEFINITIONSHAPE($,$,(#1017));
#1024=IFCCARTESIANPOINT((52425.599999999999,11887.199999999999,0.));
#1025=IFCDIRECTION((0.,0.,1.));
#1026=IFCDIRECTION((6.123233995736766E-17,1.,0.));
#1027=IFCAXIS2PLACEMENT3D(#1024,#1025,#1026);
#1028=IFCLOCALPLACEMENT($,#1027);
#1029=IFCWALL('2ApEOi8ErFE8cGpDHwK9Kh',$,'L1|ACCESSIBLE_1BR',$,$,#1050,#1040,$,$);
#1030=IFCCARTESIANPOINTLIST2D(((0.,0.),(0.,150.),(10363.200000000001,150.),(10363.200000000001,0.),(0.,0.)));
#1031=IFCINDEXEDPOLYCURVE(#1030,$,.F.);
#1032=IFCDIRECTION((0.,0.,1.));
#1033=IFCARBITRARYCLOSEDPROFILEDEF(.AREA.,$,#1031);
#1034=IFCCARTESIANPOINT((0.,0.,0.));
#1035=IFCDIRECTION((0.,0.,1.));
#1036=IFCDIRECTION((1.,0.,0.));
#1037=IFCAXIS2PLACEMENT3D(#1034,#1035,#1036);
#1038=IFCEXTRUDEDAREASOLID(#1033,#1037,#1032,4267.1999999999998);
#1039=IFCSHAPEREPRESENTATION(#11,'Body','SweptSolid',(#1038));
#1040=IFCPRODUCTDEFINITIONSHAPE($,$,(#1039));
#1046=IFCCARTESIANPOINT((57302.400000000001,11887.199999999999,0.));
#1047=IFCDIRECTION((0.,0.,1.));
#1048=IFCDIRECTION((1.,0.,0.));
#1049=IFCAXIS2PLACEMENT3D(#1046,#1047,#1048);
#1050=IFCLOCALPLACEMENT($,#1049);
#1051=IFCWALL('3eTErMKWz4ogR7cBo9d4OT',$,'L1|ACCESSIBLE_1BR',$,$,#1072,#1062,$,$);
#1052=IFCCARTESIANPOINTLIST2D(((0.,0.),(0.,150.),(10363.200000000001,150.),(10363.200000000001,0.),(0.,0.)));
#1053=IFCINDEXEDPOLYCURVE(#1052,$,.F.);
#1054=IFCDIRECTION((0.,0.,1.));
#1055=IFCARBITRARYCLOSEDPROFILEDEF(.AREA.,$,#1053);
#1056=IFCCARTESIANPOINT((0.,0.,0.));
#1057=IFCDIRECTION((0.,0.,1.));
#1058=IFCDIRECTION((1.,0.,0.));
#1059=IFCAXIS2PLACEMENT3D(#1056,#1057,#1058);
#1060=IFCEXTRUDEDAREASOLID(#1055,#1059,#1054,4267.1999999999998);
#1061=IFCSHAPEREPRESENTATION(#11,'Body','SweptSolid',(#1060));
#1062=IFCPRODUCTDEFINITIONSHAPE($,$,(#1061));
#1068=IFCCARTESIANPOINT((57302.400000000001,21031.200000000001,0.));
#1069=IFCDIRECTION((0.,0.,1.));
#1070=IFCDIRECTION((1.,0.,0.));
#1071=IFCAXIS2PLACEMENT3D(#1068,#1069,#1070);
#1072=IFCLOCALPLACEMENT($,#1071);
#1073=IFCWALL('3Gqo3uOzn0sQ_Ta9MGti5H',$,'L1|ACCESSIBLE_1BR',$,$,#1094,#1084,$,$);
#1074=IFCCARTESIANPOINTLIST2D(((0.,0.),(0.,150.),(9144.,150.),(9144.,0.),(0.,0.)));
#1075=IFCINDEXEDPOLYCURVE(#1074,$,.F.);
#1076=IFCDIRECTION((0.,0.,1.));
#1077=IFCARBITRARYCLOSEDPROFILEDEF(.AREA.,$,#1075);
#1078=IFCCARTESIANPOINT((0.,0.,0.));
#1079=IFCDIRECTION((0.,0.,1.));
#1080=IFCDIRECTION((1.,0.,0.));
#1081=IFCAXIS2PLACEMENT3D(#1078,#1079,#1080);
#1082=IFCEXTRUDEDAREASOLID(#1077,#1081,#1076,4267.1999999999998);
#1083=IFCSHAPEREPRESENTATION(#11,'Body','SweptSolid',(#1082));
#1084=IFCPRODUCTDEFINITIONSHAPE($,$,(#1083));
#1090=IFCCARTESIANPOINT((57302.400000000001,11887.199999999999,0.));
#1091=IFCDIRECTION((0.,0.,1.));
#1092=IFCDIRECTION((6.123233995736766E-17,1.,0.));
#1093=IFCAXIS2PLACEMENT3D(#1090,#1091,#1092);
#1094=IFCLOCALPLACEMENT($,#1093);
#1095=IFCWALL('3oIH56naj09xisTjZFSa8T',$,'L1|ACCESSIBLE_1BR',$,$,#1116,#1106,$,$);
#1096=IFCCARTESIANPOINTLIST2D(((0.,0.),(0.,150.),(9144.,150.),(9144.,0.),(0.,0.)));
#1097=IFCINDEXEDPOLYCURVE(#1096,$,.F.);
#1098=IFCDIRECTION((0.,0.,1.));
#1099=IFCARBITRARYCLOSEDPROFILEDEF(.AREA.,$,#1097);
#1100=IFCCARTESIANPOINT((0.,0.,0.));
#1101=IFCDIRECTION((0.,0.,1.));
#1102=IFCDIRECTION((1.,0.,0.));
#1103=IFCAXIS2PLACEMENT3D(#1100,#1101,#1102);
#1104=IFCEXTRUDEDAREASOLID(#1099,#1103,#1098,4267.1999999999998);
#1105=IFCSHAPEREPRESENTATION(#11,'Body','SweptSolid',(#1104));
#1106=IFCPRODUCTDEFINITIONSHAPE($,$,(#1105));
#1112=IFCCARTESIANPOINT((67665.599999999991,11887.199999999999,0.));
#1113=IFCDIRECTION((0.,0.,1.));
#1114=IFCDIRECTION((6.123233995736766E-17,1.,0.));
#1115=IFCAXIS2PLACEMENT3D(#1112,#1113,#1114);
#1116=IFCLOCALPLACEMENT($,#1115);
#1117=IFCWALL('0wr0N9aeTAXPR$g7MPoWQo',$,'L1|TWOBR_A',$,$,#1138,#1128,$,$);
#1118=IFCCARTESIANPOINTLIST2D(((0.,0.),(0.,150.),(10972.800000000001,150.),(10972.800000000001,0.),(0.,0.)));
#1119=IFCINDEXEDPOLYCURVE(#1118,$,.F.);
#1120=IFCDIRECTION((0.,0.,1.));
#1121=IFCARBITRARYCLOSEDPROFILEDEF(.AREA.,$,#1119);
#1122=IFCCARTESIANPOINT((0.,0.,0.));
#1123=IFCDIRECTION((0.,0.,1.));
#1124=IFCDIRECTION((1.,0.,0.));
#1125=IFCAXIS2PLACEMENT3D(#1122,#1123,#1124);
#1126=IFCEXTRUDEDAREASOLID(#1121,#1125,#1120,4267.1999999999998);
#1127=IFCSHAPEREPRESENTATION(#11,'Body','SweptSolid',(#1126));
#1128=IFCPRODUCTDEFINITIONSHAPE($,$,(#1127));
#1134=IFCCARTESIANPOINT((69494.399999999994,11887.199999999999,0.));
#1135=IFCDIRECTION((0.,0.,1.));
#1136=IFCDIRECTION((1.,0.,0.));
#1137=IFCAXIS2PLACEMENT3D(#1134,#1135,#1136);
#1138=IFCLOCALPLACEMENT($,#1137);
#1139=IFCWALL('2j7byGZ$fD3f3UL4i8b7Tc',$,'L1|TWOBR_A',$,$,#1160,#1150,$,$);
#1140=IFCCARTESIANPOINTLIST2D(((0.,0.),(0.,150.),(10972.800000000001,150.),(10972.800000000001,0.),(0.,0.)));
#1141=IFCINDEXEDPOLYCURVE(#1140,$,.F.);
#1142=IFCDIRECTION((0.,0.,1.));
#1143=IFCARBITRARYCLOSEDPROFILEDEF(.AREA.,$,#1141);
#1144=IFCCARTESIANPOINT((0.,0.,0.));
#1145=IFCDIRECTION((0.,0.,1.));
#1146=IFCDIRECTION((1.,0.,0.));
#1147=IFCAXIS2PLACEMENT3D(#1144,#1145,#1146);
#1148=IFCEXTRUDEDAREASOLID(#1143,#1147,#1142,4267.1999999999998);
#1149=IFCSHAPEREPRESENTATION(#11,'Body','SweptSolid',(#1148));
#1150=IFCPRODUCTDEFINITIONSHAPE($,$,(#1149));
#1156=IFCCARTESIANPOINT((69494.399999999994,22250.400000000001,0.));
#1157=IFCDIRECTION((0.,0.,1.));
#1158=IFCDIRECTION((1.,0.,0.));
#1159=IFCAXIS2PLACEMENT3D(#1156,#1157,#1158);
#1160=IFCLOCALPLACEMENT($,#1159);
#1161=IFCWALL('2ZxAJpgTTESPiKQwkJhR4s',$,'L1|TWOBR_A',$,$,#1182,#1172,$,$);
#1162=IFCCARTESIANPOINTLIST2D(((0.,0.),(0.,150.),(10363.200000000001,150.),(10363.200000000001,0.),(0.,0.)));
#1163=IFCINDEXEDPOLYCURVE(#1162,$,.F.);
#1164=IFCDIRECTION((0.,0.,1.));
#1165=IFCARBITRARYCLOSEDPROFILEDEF(.AREA.,$,#1163);
#1166=IFCCARTESIANPOINT((0.,0.,0.));
#1167=IFCDIRECTION((0.,0.,1.));
#1168=IFCDIRECTION((1.,0.,0.));
#1169=IFCAXIS2PLACEMENT3D(#1166,#1167,#1168);
#1170=IFCEXTRUDEDAREASOLID(#1165,#1169,#1164,4267.1999999999998);
#1171=IFCSHAPEREPRESENTATION(#11,'Body','SweptSolid',(#1170));
#1172=IFCPRODUCTDEFINITIONSHAPE($,$,(#1171));
#1178=IFCCARTESIANPOINT((69494.399999999994,11887.199999999999,0.));
#1179=IFCDIRECTION((0.,0.,1.));
#1180=IFCDIRECTION((6.123233995736766E-17,1.,0.));
#1181=IFCAXIS2PLACEMENT3D(#1178,#1179,#1180);
#1182=IFCLOCALPLACEMENT($,#1181);
#1183=IFCWALL('1lRKJOmhj5nOkpK7WownyP',$,'L1|TWOBR_A',$,$,#1204,#1194,$,$);
#1184=IFCCARTESIANPOINTLIST2D(((0.,0.),(0.,150.),(10363.200000000001,150.),(10363.200000000001,0.),(0.,0.)));
#1185=IFCINDEXEDPOLYCURVE(#1184,$,.F.);
#1186=IFCDIRECTION((0.,0.,1.));
#1187=IFCARBITRARYCLOSEDPROFILEDEF(.AREA.,$,#1185);
#1188=IFCCARTESIANPOINT((0.,0.,0.));
#1189=IFCDIRECTION((0.,0.,1.));
#1190=IFCDIRECTION((1.,0.,0.));
#1191=IFCAXIS2PLACEMENT3D(#1188,#1189,#1190);
#1192=IFCEXTRUDEDAREASOLID(#1187,#1191,#1186,4267.1999999999998);
#1193=IFCSHAPEREPRESENTATION(#11,'Body','SweptSolid',(#1192));
#1194=IFCPRODUCTDEFINITIONSHAPE($,$,(#1193));
#1200=IFCCARTESIANPOINT((80467.199999999997,11887.199999999999,0.));
#1201=IFCDIRECTION((0.,0.,1.));
#1202=IFCDIRECTION((6.123233995736766E-17,1.,0.));
#1203=IFCAXIS2PLACEMENT3D(#1200,#1201,#1202);
#1204=IFCLOCALPLACEMENT($,#1203);
#1205=IFCWALL('3sW2teT0T5KBkvnqfBBa9$',$,'L1|ACCESSIBLE_1BR',$,$,#1226,#1216,$,$);
#1206=IFCCARTESIANPOINTLIST2D(((0.,0.),(0.,150.),(10363.200000000001,150.),(10363.200000000001,0.),(0.,0.)));
#1207=IFCINDEXEDPOLYCURVE(#1206,$,.F.);
#1208=IFCDIRECTION((0.,0.,1.));
#1209=IFCARBITRARYCLOSEDPROFILEDEF(.AREA.,$,#1207);
#1210=IFCCARTESIANPOINT((0.,0.,0.));
#1211=IFCDIRECTION((0.,0.,1.));
#1212=IFCDIRECTION((1.,0.,0.));
#1213=IFCAXIS2PLACEMENT3D(#1210,#1211,#1212);
#1214=IFCEXTRUDEDAREASOLID(#1209,#1213,#1208,4267.1999999999998);
#1215=IFCSHAPEREPRESENTATION(#11,'Body','SweptSolid',(#1214));
#1216=IFCPRODUCTDEFINITIONSHAPE($,$,(#1215));
#1222=IFCCARTESIANPOINT((42672.,19812.,0.));
#1223=IFCDIRECTION((0.,0.,1.));
#1224=IFCDIRECTION((1.,0.,0.));
#1225=IFCAXIS2PLACEMENT3D(#1222,#1223,#1224);
#1226=IFCLOCALPLACEMENT($,#1225);
#1227=IFCWALL('0D1tzpIx14iQ4nJ7qOj0yF',$,'L1|ACCESSIBLE_1BR',$,$,#1248,#1238,$,$);
#1228=IFCCARTESIANPOINTLIST2D(((0.,0.),(0.,150.),(10363.200000000001,150.),(10363.200000000001,0.),(0.,0.)));
#1229=IFCINDEXEDPOLYCURVE(#1228,$,.F.);
#1230=IFCDIRECTION((0.,0.,1.));
#1231=IFCARBITRARYCLOSEDPROFILEDEF(.AREA.,$,#1229);
#1232=IFCCARTESIANPOINT((0.,0.,0.));
#1233=IFCDIRECTION((0.,0.,1.));
#1234=IFCDIRECTION((1.,0.,0.));
#1235=IFCAXIS2PLACEMENT3D(#1232,#1233,#1234);
#1236=IFCEXTRUDEDAREASOLID(#1231,#1235,#1230,4267.1999999999998);
#1237=IFCSHAPEREPRESENTATION(#11,'Body','SweptSolid',(#1236));
#1238=IFCPRODUCTDEFINITIONSHAPE($,$,(#1237));
#1244=IFCCARTESIANPOINT((42672.,28956.000000000004,0.));
#1245=IFCDIRECTION((0.,0.,1.));
#1246=IFCDIRECTION((1.,0.,0.));
#1247=IFCAXIS2PLACEMENT3D(#1244,#1245,#1246);
#1248=IFCLOCALPLACEMENT($,#1247);
#1249=IFCWALL('2gqAXWEDf1aBY4t6v0wcTQ',$,'L1|ACCESSIBLE_1BR',$,$,#1270,#1260,$,$);
#1250=IFCCARTESIANPOINTLIST2D(((0.,0.),(0.,150.),(9144.,150.),(9144.,0.),(0.,0.)));
#1251=IFCINDEXEDPOLYCURVE(#1250,$,.F.);
#1252=IFCDIRECTION((0.,0.,1.));
#1253=IFCARBITRARYCLOSEDPROFILEDEF(.AREA.,$,#1251);
#1254=IFCCARTESIANPOINT((0.,0.,0.));
#1255=IFCDIRECTION((0.,0.,1.));
#1256=IFCDIRECTION((1.,0.,0.));
#1257=IFCAXIS2PLACEMENT3D(#1254,#1255,#1256);
#1258=IFCEXTRUDEDAREASOLID(#1253,#1257,#1252,4267.1999999999998);
#1259=IFCSHAPEREPRESENTATION(#11,'Body','SweptSolid',(#1258));
#1260=IFCPRODUCTDEFINITIONSHAPE($,$,(#1259));
#1266=IFCCARTESIANPOINT((42672.,19812.,0.));
#1267=IFCDIRECTION((0.,0.,1.));
#1268=IFCDIRECTION((6.123233995736766E-17,1.,0.));
#1269=IFCAXIS2PLACEMENT3D(#1266,#1267,#1268);
#1270=IFCLOCALPLACEMENT($,#1269);
#1271=IFCWALL('1KdWaIPFP2HvWg9482w5Yi',$,'L1|ACCESSIBLE_1BR',$,$,#1292,#1282,$,$);
#1272=IFCCARTESIANPOINTLIST2D(((0.,0.),(0.,150.),(9144.,150.),(9144.,0.),(0.,0.)));
#1273=IFCINDEXEDPOLYCURVE(#1272,$,.F.);
#1274=IFCDIRECTION((0.,0.,1.));
#1275=IFCARBITRARYCLOSEDPROFILEDEF(.AREA.,$,#1273);
#1276=IFCCARTESIANPOINT((0.,0.,0.));
#1277=IFCDIRECTION((0.,0.,1.));
#1278=IFCDIRECTION((1.,0.,0.));
#1279=IFCAXIS2PLACEMENT3D(#1276,#1277,#1278);
#1280=IFCEXTRUDEDAREASOLID(#1275,#1279,#1274,4267.1999999999998);
#1281=IFCSHAPEREPRESENTATION(#11,'Body','SweptSolid',(#1280));
#1282=IFCPRODUCTDEFINITIONSHAPE($,$,(#1281));
#1288=IFCCARTESIANPOINT((53035.200000000004,19812.,0.));
#1289=IFCDIRECTION((0.,0.,1.));
#1290=IFCDIRECTION((6.123233995736766E-17,1.,0.));
#1291=IFCAXIS2PLACEMENT3D(#1288,#1289,#1290);
#1292=IFCLOCALPLACEMENT($,#1291);
#1293=IFCWALL('28QjZob6r1R80H5SMlaV4A',$,'L1|TWOBR_A',$,$,#1314,#1304,$,$);
#1294=IFCCARTESIANPOINTLIST2D(((0.,0.),(0.,150.),(10972.800000000001,150.),(10972.800000000001,0.),(0.,0.)));
#1295=IFCINDEXEDPOLYCURVE(#1294,$,.F.);
#1296=IFCDIRECTION((0.,0.,1.));
#1297=IFCARBITRARYCLOSEDPROFILEDEF(.AREA.,$,#1295);
#1298=IFCCARTESIANPOINT((0.,0.,0.));
#1299=IFCDIRECTION((0.,0.,1.));
#1300=IFCDIRECTION((1.,0.,0.));
#1301=IFCAXIS2PLACEMENT3D(#1298,#1299,#1300);
#1302=IFCEXTRUDEDAREASOLID(#1297,#1301,#1296,4267.1999999999998);
#1303=IFCSHAPEREPRESENTATION(#11,'Body','SweptSolid',(#1302));
#1304=IFCPRODUCTDEFINITIONSHAPE($,$,(#1303));
#1310=IFCCARTESIANPOINT((15849.6,21031.200000000001,0.));
#1311=IFCDIRECTION((0.,0.,1.));
#1312=IFCDIRECTION((1.,0.,0.));
#1313=IFCAXIS2PLACEMENT3D(#1310,#1311,#1312);
#1314=IFCLOCALPLACEMENT($,#1313);
#1315=IFCWALL('3t0Zw71Bv97QsVzwBAIY7N',$,'L1|TWOBR_A',$,$,#1336,#1326,$,$);
#1316=IFCCARTESIANPOINTLIST2D(((0.,0.),(0.,150.),(10972.800000000001,150.),(10972.800000000001,0.),(0.,0.)));
#1317=IFCINDEXEDPOLYCURVE(#1316,$,.F.);
#1318=IFCDIRECTION((0.,0.,1.));
#1319=IFCARBITRARYCLOSEDPROFILEDEF(.AREA.,$,#1317);
#1320=IFCCARTESIANPOINT((0.,0.,0.));
#1321=IFCDIRECTION((0.,0.,1.));
#1322=IFCDIRECTION((1.,0.,0.));
#1323=IFCAXIS2PLACEMENT3D(#1320,#1321,#1322);
#1324=IFCEXTRUDEDAREASOLID(#1319,#1323,#1318,4267.1999999999998);
#1325=IFCSHAPEREPRESENTATION(#11,'Body','SweptSolid',(#1324));
#1326=IFCPRODUCTDEFINITIONSHAPE($,$,(#1325));
#1332=IFCCARTESIANPOINT((15849.6,31394.400000000001,0.));
#1333=IFCDIRECTION((0.,0.,1.));
#1334=IFCDIRECTION((1.,0.,0.));
#1335=IFCAXIS2PLACEMENT3D(#1332,#1333,#1334);
#1336=IFCLOCALPLACEMENT($,#1335);
#1337=IFCWALL('24UA1GXmD9efsrAr$w$jKz',$,'L1|TWOBR_A',$,$,#1358,#1348,$,$);
#1338=IFCCARTESIANPOINTLIST2D(((0.,0.),(0.,150.),(10363.200000000001,150.),(10363.200000000001,0.),(0.,0.)));
#1339=IFCINDEXEDPOLYCURVE(#1338,$,.F.);
#1340=IFCDIRECTION((0.,0.,1.));
#1341=IFCARBITRARYCLOSEDPROFILEDEF(.AREA.,$,#1339);
#1342=IFCCARTESIANPOINT((0.,0.,0.));
#1343=IFCDIRECTION((0.,0.,1.));
#1344=IFCDIRECTION((1.,0.,0.));
#1345=IFCAXIS2PLACEMENT3D(#1342,#1343,#1344);
#1346=IFCEXTRUDEDAREASOLID(#1341,#1345,#1340,4267.1999999999998);
#1347=IFCSHAPEREPRESENTATION(#11,'Body','SweptSolid',(#1346));
#1348=IFCPRODUCTDEFINITIONSHAPE($,$,(#1347));
#1354=IFCCARTESIANPOINT((15849.6,21031.200000000001,0.));
#1355=IFCDIRECTION((0.,0.,1.));
#1356=IFCDIRECTION((6.123233995736766E-17,1.,0.));
#1357=IFCAXIS2PLACEMENT3D(#1354,#1355,#1356);
#1358=IFCLOCALPLACEMENT($,#1357);
#1359=IFCWALL('1iD2jmtUDD19zzmY6EaTI4',$,'L1|TWOBR_A',$,$,#1380,#1370,$,$);
#1360=IFCCARTESIANPOINTLIST2D(((0.,0.),(0.,150.),(10363.200000000001,150.),(10363.200000000001,0.),(0.,0.)));
#1361=IFCINDEXEDPOLYCURVE(#1360,$,.F.);
#1362=IFCDIRECTION((0.,0.,1.));
#1363=IFCARBITRARYCLOSEDPROFILEDEF(.AREA.,$,#1361);
#1364=IFCCARTESIANPOINT((0.,0.,0.));
#1365=IFCDIRECTION((0.,0.,1.));
#1366=IFCDIRECTION((1.,0.,0.));
#1367=IFCAXIS2PLACEMENT3D(#1364,#1365,#1366);
#1368=IFCEXTRUDEDAREASOLID(#1363,#1367,#1362,4267.1999999999998);
#1369=IFCSHAPEREPRESENTATION(#11,'Body','SweptSolid',(#1368));
#1370=IFCPRODUCTDEFINITIONSHAPE($,$,(#1369));
#1376=IFCCARTESIANPOINT((26822.400000000001,21031.200000000001,0.));
#1377=IFCDIRECTION((0.,0.,1.));
#1378=IFCDIRECTION((6.123233995736766E-17,1.,0.));
#1379=IFCAXIS2PLACEMENT3D(#1376,#1377,#1378);
#1380=IFCLOCALPLACEMENT($,#1379);
#1381=IFCWALL('26mwhowyj2iBNSPAHALY8C',$,'L1|STUDIO_A',$,$,#1402,#1392,$,$);
#1382=IFCCARTESIANPOINTLIST2D(((0.,0.),(0.,150.),(9753.6000000000004,150.),(9753.6000000000004,0.),(0.,0.)));
#1383=IFCINDEXEDPOLYCURVE(#1382,$,.F.);
#1384=IFCDIRECTION((0.,0.,1.));
#1385=IFCARBITRARYCLOSEDPROFILEDEF(.AREA.,$,#1383);
#1386=IFCCARTESIANPOINT((0.,0.,0.));
#1387=IFCDIRECTION((0.,0.,1.));
#1388=IFCDIRECTION((1.,0.,0.));
#1389=IFCAXIS2PLACEMENT3D(#1386,#1387,#1388);
#1390=IFCEXTRUDEDAREASOLID(#1385,#1389,#1384,4267.1999999999998);
#1391=IFCSHAPEREPRESENTATION(#11,'Body','SweptSolid',(#1390));
#1392=IFCPRODUCTDEFINITIONSHAPE($,$,(#1391));
#1398=IFCCARTESIANPOINT((57912.000000000007,21031.200000000001,0.));
#1399=IFCDIRECTION((0.,0.,1.));
#1400=IFCDIRECTION((1.,0.,0.));
#1401=IFCAXIS2PLACEMENT3D(#1398,#1399,#1400);
#1402=IFCLOCALPLACEMENT($,#1401);
#1403=IFCWALL('0GfwipDS9EuwIaUfj9MUsX',$,'L1|STUDIO_A',$,$,#1424,#1414,$,$);
#1404=IFCCARTESIANPOINTLIST2D(((0.,0.),(0.,150.),(9753.6000000000004,150.),(9753.6000000000004,0.),(0.,0.)));
#1405=IFCINDEXEDPOLYCURVE(#1404,$,.F.);
#1406=IFCDIRECTION((0.,0.,1.));
#1407=IFCARBITRARYCLOSEDPROFILEDEF(.AREA.,$,#1405);
#1408=IFCCARTESIANPOINT((0.,0.,0.));
#1409=IFCDIRECTION((0.,0.,1.));
#1410=IFCDIRECTION((1.,0.,0.));
#1411=IFCAXIS2PLACEMENT3D(#1408,#1409,#1410);
#1412=IFCEXTRUDEDAREASOLID(#1407,#1411,#1406,4267.1999999999998);
#1413=IFCSHAPEREPRESENTATION(#11,'Body','SweptSolid',(#1412));
#1414=IFCPRODUCTDEFINITIONSHAPE($,$,(#1413));
#1420=IFCCARTESIANPOINT((57912.000000000007,28956.000000000004,0.));
#1421=IFCDIRECTION((0.,0.,1.));
#1422=IFCDIRECTION((1.,0.,0.));
#1423=IFCAXIS2PLACEMENT3D(#1420,#1421,#1422);
#1424=IFCLOCALPLACEMENT($,#1423);
#1425=IFCWALL('1K0JIS10P8ixKEy3RmxV_o',$,'L1|STUDIO_A',$,$,#1446,#1436,$,$);
#1426=IFCCARTESIANPOINTLIST2D(((0.,0.),(0.,150.),(7924.8000000000002,150.),(7924.8000000000002,0.),(0.,0.)));
#1427=IFCINDEXEDPOLYCURVE(#1426,$,.F.);
#1428=IFCDIRECTION((0.,0.,1.));
#1429=IFCARBITRARYCLOSEDPROFILEDEF(.AREA.,$,#1427);
#1430=IFCCARTESIANPOINT((0.,0.,0.));
#1431=IFCDIRECTION((0.,0.,1.));
#1432=IFCDIRECTION((1.,0.,0.));
#1433=IFCAXIS2PLACEMENT3D(#1430,#1431,#1432);
#1434=IFCEXTRUDEDAREASOLID(#1429,#1433,#1428,4267.1999999999998);
#1435=IFCSHAPEREPRESENTATION(#11,'Body','SweptSolid',(#1434));
#1436=IFCPRODUCTDEFINITIONSHAPE($,$,(#1435));
#1442=IFCCARTESIANPOINT((57912.000000000007,21031.200000000001,0.));
#1443=IFCDIRECTION((0.,0.,1.));
#1444=IFCDIRECTION((6.123233995736766E-17,1.,0.));
#1445=IFCAXIS2PLACEMENT3D(#1442,#1443,#1444);
#1446=IFCLOCALPLACEMENT($,#1445);
#1447=IFCWALL('3y$RCsN6nD2hN0VC79ccZC',$,'L1|STUDIO_A',$,$,#1468,#1458,$,$);
#1448=IFCCARTESIANPOINTLIST2D(((0.,0.),(0.,150.),(7924.8000000000002,150.),(7924.8000000000002,0.),(0.,0.)));
#1449=IFCINDEXEDPOLYCURVE(#1448,$,.F.);
#1450=IFCDIRECTION((0.,0.,1.));
#1451=IFCARBITRARYCLOSEDPROFILEDEF(.AREA.,$,#1449);
#1452=IFCCARTESIANPOINT((0.,0.,0.));
#1453=IFCDIRECTION((0.,0.,1.));
#1454=IFCDIRECTION((1.,0.,0.));
#1455=IFCAXIS2PLACEMENT3D(#1452,#1453,#1454);
#1456=IFCEXTRUDEDAREASOLID(#1451,#1455,#1450,4267.1999999999998);
#1457=IFCSHAPEREPRESENTATION(#11,'Body','SweptSolid',(#1456));
#1458=IFCPRODUCTDEFINITIONSHAPE($,$,(#1457));
#1464=IFCCARTESIANPOINT((67665.599999999991,21031.200000000001,0.));
#1465=IFCDIRECTION((0.,0.,1.));
#1466=IFCDIRECTION((6.123233995736766E-17,1.,0.));
#1467=IFCAXIS2PLACEMENT3D(#1464,#1465,#1466);
#1468=IFCLOCALPLACEMENT($,#1467);
#1469=IFCWALL('3FsOUBhgP87gdJKOYFH9Ue',$,'L1|ONEBR_A',$,$,#1490,#1480,$,$);
#1470=IFCCARTESIANPOINTLIST2D(((0.,0.),(0.,150.),(10363.200000000001,150.),(10363.200000000001,0.),(0.,0.)));
#1471=IFCINDEXEDPOLYCURVE(#1470,$,.F.);
#1472=IFCDIRECTION((0.,0.,1.));
#1473=IFCARBITRARYCLOSEDPROFILEDEF(.AREA.,$,#1471);
#1474=IFCCARTESIANPOINT((0.,0.,0.));
#1475=IFCDIRECTION((0.,0.,1.));
#1476=IFCDIRECTION((1.,0.,0.));
#1477=IFCAXIS2PLACEMENT3D(#1474,#1475,#1476);
#1478=IFCEXTRUDEDAREASOLID(#1473,#1477,#1472,4267.1999999999998);
#1479=IFCSHAPEREPRESENTATION(#11,'Body','SweptSolid',(#1478));
#1480=IFCPRODUCTDEFINITIONSHAPE($,$,(#1479));
#1486=IFCCARTESIANPOINT((30480.,22250.400000000001,0.));
#1487=IFCDIRECTION((0.,0.,1.));
#1488=IFCDIRECTION((1.,0.,0.));
#1489=IFCAXIS2PLACEMENT3D(#1486,#1487,#1488);
#1490=IFCLOCALPLACEMENT($,#1489);
#1491=IFCWALL('0uXlIi0bT8FvQFR8DeuebN',$,'L1|ONEBR_A',$,$,#1512,#1502,$,$);
#1492=IFCCARTESIANPOINTLIST2D(((0.,0.),(0.,150.),(10363.200000000001,150.),(10363.200000000001,0.),(0.,0.)));
#1493=IFCINDEXEDPOLYCURVE(#1492,$,.F.);
#1494=IFCDIRECTION((0.,0.,1.));
#1495=IFCARBITRARYCLOSEDPROFILEDEF(.AREA.,$,#1493);
#1496=IFCCARTESIANPOINT((0.,0.,0.));
#1497=IFCDIRECTION((0.,0.,1.));
#1498=IFCDIRECTION((1.,0.,0.));
#1499=IFCAXIS2PLACEMENT3D(#1496,#1497,#1498);
#1500=IFCEXTRUDEDAREASOLID(#1495,#1499,#1494,4267.1999999999998);
#1501=IFCSHAPEREPRESENTATION(#11,'Body','SweptSolid',(#1500));
#1502=IFCPRODUCTDEFINITIONSHAPE($,$,(#1501));
#1508=IFCCARTESIANPOINT((30480.,31394.400000000001,0.));
#1509=IFCDIRECTION((0.,0.,1.));
#1510=IFCDIRECTION((1.,0.,0.));
#1511=IFCAXIS2PLACEMENT3D(#1508,#1509,#1510);
#1512=IFCLOCALPLACEMENT($,#1511);
#1513=IFCWALL('1Bkzsg6p194BRcZOJLBF9P',$,'L1|ONEBR_A',$,$,#1534,#1524,$,$);
#1514=IFCCARTESIANPOINTLIST2D(((0.,0.),(0.,150.),(9144.,150.),(9144.,0.),(0.,0.)));
#1515=IFCINDEXEDPOLYCURVE(#1514,$,.F.);
#1516=IFCDIRECTION((0.,0.,1.));
#1517=IFCARBITRARYCLOSEDPROFILEDEF(.AREA.,$,#1515);
#1518=IFCCARTESIANPOINT((0.,0.,0.));
#1519=IFCDIRECTION((0.,0.,1.));
#1520=IFCDIRECTION((1.,0.,0.));
#1521=IFCAXIS2PLACEMENT3D(#1518,#1519,#1520);
#1522=IFCEXTRUDEDAREASOLID(#1517,#1521,#1516,4267.1999999999998);
#1523=IFCSHAPEREPRESENTATION(#11,'Body','SweptSolid',(#1522));
#1524=IFCPRODUCTDEFINITIONSHAPE($,$,(#1523));
#1530=IFCCARTESIANPOINT((30480.,22250.400000000001,0.));
#1531=IFCDIRECTION((0.,0.,1.));
#1532=IFCDIRECTION((6.123233995736766E-17,1.,0.));
#1533=IFCAXIS2PLACEMENT3D(#1530,#1531,#1532);
#1534=IFCLOCALPLACEMENT($,#1533);
#1535=IFCWALL('0fn6zwGO5CRQnTeqE8gN11',$,'L1|ONEBR_A',$,$,#1556,#1546,$,$);
#1536=IFCCARTESIANPOINTLIST2D(((0.,0.),(0.,150.),(9144.,150.),(9144.,0.),(0.,0.)));
#1537=IFCINDEXEDPOLYCURVE(#1536,$,.F.);
#1538=IFCDIRECTION((0.,0.,1.));
#1539=IFCARBITRARYCLOSEDPROFILEDEF(.AREA.,$,#1537);
#1540=IFCCARTESIANPOINT((0.,0.,0.));
#1541=IFCDIRECTION((0.,0.,1.));
#1542=IFCDIRECTION((1.,0.,0.));
#1543=IFCAXIS2PLACEMENT3D(#1540,#1541,#1542);
#1544=IFCEXTRUDEDAREASOLID(#1539,#1543,#1538,4267.1999999999998);
#1545=IFCSHAPEREPRESENTATION(#11,'Body','SweptSolid',(#1544));
#1546=IFCPRODUCTDEFINITIONSHAPE($,$,(#1545));
#1552=IFCCARTESIANPOINT((40843.200000000004,22250.400000000001,0.));
#1553=IFCDIRECTION((0.,0.,1.));
#1554=IFCDIRECTION((6.123233995736766E-17,1.,0.));
#1555=IFCAXIS2PLACEMENT3D(#1552,#1553,#1554);
#1556=IFCLOCALPLACEMENT($,#1555);
#1557=IFCWALL('1pTPstn7X7i9PPCSgjw9M6',$,'L1|ONEBR_A',$,$,#1578,#1568,$,$);
#1558=IFCCARTESIANPOINTLIST2D(((0.,0.),(0.,150.),(10363.200000000001,150.),(10363.200000000001,0.),(0.,0.)));
#1559=IFCINDEXEDPOLYCURVE(#1558,$,.F.);
#1560=IFCDIRECTION((0.,0.,1.));
#1561=IFCARBITRARYCLOSEDPROFILEDEF(.AREA.,$,#1559);
#1562=IFCCARTESIANPOINT((0.,0.,0.));
#1563=IFCDIRECTION((0.,0.,1.));
#1564=IFCDIRECTION((1.,0.,0.));
#1565=IFCAXIS2PLACEMENT3D(#1562,#1563,#1564);
#1566=IFCEXTRUDEDAREASOLID(#1561,#1565,#1560,4267.1999999999998);
#1567=IFCSHAPEREPRESENTATION(#11,'Body','SweptSolid',(#1566));
#1568=IFCPRODUCTDEFINITIONSHAPE($,$,(#1567));
#1574=IFCCARTESIANPOINT((69494.399999999994,22250.400000000001,0.));
#1575=IFCDIRECTION((0.,0.,1.));
#1576=IFCDIRECTION((1.,0.,0.));
#1577=IFCAXIS2PLACEMENT3D(#1574,#1575,#1576);
#1578=IFCLOCALPLACEMENT($,#1577);
#1579=IFCWALL('0xIdWZyQb3QvGL0pIUSAH3',$,'L1|ONEBR_A',$,$,#1600,#1590,$,$);
#1580=IFCCARTESIANPOINTLIST2D(((0.,0.),(0.,150.),(10363.200000000001,150.),(10363.200000000001,0.),(0.,0.)));
#1581=IFCINDEXEDPOLYCURVE(#1580,$,.F.);
#1582=IFCDIRECTION((0.,0.,1.));
#1583=IFCARBITRARYCLOSEDPROFILEDEF(.AREA.,$,#1581);
#1584=IFCCARTESIANPOINT((0.,0.,0.));
#1585=IFCDIRECTION((0.,0.,1.));
#1586=IFCDIRECTION((1.,0.,0.));
#1587=IFCAXIS2PLACEMENT3D(#1584,#1585,#1586);
#1588=IFCEXTRUDEDAREASOLID(#1583,#1587,#1582,4267.1999999999998);
#1589=IFCSHAPEREPRESENTATION(#11,'Body','SweptSolid',(#1588));
#1590=IFCPRODUCTDEFINITIONSHAPE($,$,(#1589));
#1596=IFCCARTESIANPOINT((69494.399999999994,31394.400000000001,0.));
#1597=IFCDIRECTION((0.,0.,1.));
#1598=IFCDIRECTION((1.,0.,0.));
#1599=IFCAXIS2PLACEMENT3D(#1596,#1597,#1598);
#1600=IFCLOCALPLACEMENT($,#1599);
#1601=IFCWALL('2hyqzz1prDOOvG9CVKJT7E',$,'L1|ONEBR_A',$,$,#1622,#1612,$,$);
#1602=IFCCARTESIANPOINTLIST2D(((0.,0.),(0.,150.),(9144.,150.),(9144.,0.),(0.,0.)));
#1603=IFCINDEXEDPOLYCURVE(#1602,$,.F.);
#1604=IFCDIRECTION((0.,0.,1.));
#1605=IFCARBITRARYCLOSEDPROFILEDEF(.AREA.,$,#1603);
#1606=IFCCARTESIANPOINT((0.,0.,0.));
#1607=IFCDIRECTION((0.,0.,1.));
#1608=IFCDIRECTION((1.,0.,0.));
#1609=IFCAXIS2PLACEMENT3D(#1606,#1607,#1608);
#1610=IFCEXTRUDEDAREASOLID(#1605,#1609,#1604,4267.1999999999998);
#1611=IFCSHAPEREPRESENTATION(#11,'Body','SweptSolid',(#1610));
#1612=IFCPRODUCTDEFINITIONSHAPE($,$,(#1611));
#1618=IFCCARTESIANPOINT((69494.399999999994,22250.400000000001,0.));
#1619=IFCDIRECTION((0.,0.,1.));
#1620=IFCDIRECTION((6.123233995736766E-17,1.,0.));
#1621=IFCAXIS2PLACEMENT3D(#1618,#1619,#1620);
#1622=IFCLOCALPLACEMENT($,#1621);
#1623=IFCWALL('37nVR_aWv6oRUNpsiMNR0Q',$,'L1|ONEBR_A',$,$,#1644,#1634,$,$);
#1624=IFCCARTESIANPOINTLIST2D(((0.,0.),(0.,150.),(9144.,150.),(9144.,0.),(0.,0.)));
#1625=IFCINDEXEDPOLYCURVE(#1624,$,.F.);
#1626=IFCDIRECTION((0.,0.,1.));
#1627=IFCARBITRARYCLOSEDPROFILEDEF(.AREA.,$,#1625);
#1628=IFCCARTESIANPOINT((0.,0.,0.));
#1629=IFCDIRECTION((0.,0.,1.));
#1630=IFCDIRECTION((1.,0.,0.));
#1631=IFCAXIS2PLACEMENT3D(#1628,#1629,#1630);
#1632=IFCEXTRUDEDAREASOLID(#1627,#1631,#1626,4267.1999999999998);
#1633=IFCSHAPEREPRESENTATION(#11,'Body','SweptSolid',(#1632));
#1634=IFCPRODUCTDEFINITIONSHAPE($,$,(#1633));
#1640=IFCCARTESIANPOINT((79857.600000000006,22250.400000000001,0.));
#1641=IFCDIRECTION((0.,0.,1.));
#1642=IFCDIRECTION((6.123233995736766E-17,1.,0.));
#1643=IFCAXIS2PLACEMENT3D(#1640,#1641,#1642);
#1644=IFCLOCALPLACEMENT($,#1643);
#1645=IFCWALL('1lImjxeEn3yhdvPWYk12MU',$,'L1|TWOBR_A',$,$,#1666,#1656,$,$);
#1646=IFCCARTESIANPOINTLIST2D(((0.,0.),(0.,150.),(10972.800000000001,150.),(10972.800000000001,0.),(0.,0.)));
#1647=IFCINDEXEDPOLYCURVE(#1646,$,.F.);
#1648=IFCDIRECTION((0.,0.,1.));
#1649=IFCARBITRARYCLOSEDPROFILEDEF(.AREA.,$,#1647);
#1650=IFCCARTESIANPOINT((0.,0.,0.));
#1651=IFCDIRECTION((0.,0.,1.));
#1652=IFCDIRECTION((1.,0.,0.));
#1653=IFCAXIS2PLACEMENT3D(#1650,#1651,#1652);
#1654=IFCEXTRUDEDAREASOLID(#1649,#1653,#1648,4267.1999999999998);
#1655=IFCSHAPEREPRESENTATION(#11,'Body','SweptSolid',(#1654));
#1656=IFCPRODUCTDEFINITIONSHAPE($,$,(#1655));
#1662=IFCCARTESIANPOINT((42672.,28956.000000000004,0.));
#1663=IFCDIRECTION((0.,0.,1.));
#1664=IFCDIRECTION((1.,0.,0.));
#1665=IFCAXIS2PLACEMENT3D(#1662,#1663,#1664);
#1666=IFCLOCALPLACEMENT($,#1665);
#1667=IFCWALL('1qCQWX0dv7JwRhoM5d4wdk',$,'L1|TWOBR_A',$,$,#1688,#1678,$,$);
#1668=IFCCARTESIANPOINTLIST2D(((0.,0.),(0.,150.),(10972.800000000001,150.),(10972.800000000001,0.),(0.,0.)));
#1669=IFCINDEXEDPOLYCURVE(#1668,$,.F.);
#1670=IFCDIRECTION((0.,0.,1.));
#1671=IFCARBITRARYCLOSEDPROFILEDEF(.AREA.,$,#1669);
#1672=IFCCARTESIANPOINT((0.,0.,0.));
#1673=IFCDIRECTION((0.,0.,1.));
#1674=IFCDIRECTION((1.,0.,0.));
#1675=IFCAXIS2PLACEMENT3D(#1672,#1673,#1674);
#1676=IFCEXTRUDEDAREASOLID(#1671,#1675,#1670,4267.1999999999998);
#1677=IFCSHAPEREPRESENTATION(#11,'Body','SweptSolid',(#1676));
#1678=IFCPRODUCTDEFINITIONSHAPE($,$,(#1677));
#1684=IFCCARTESIANPOINT((42672.,39319.200000000004,0.));
#1685=IFCDIRECTION((0.,0.,1.));
#1686=IFCDIRECTION((1.,0.,0.));
#1687=IFCAXIS2PLACEMENT3D(#1684,#1685,#1686);
#1688=IFCLOCALPLACEMENT($,#1687);
#1689=IFCWALL('2hUOEEEyPAXxLv54mM8FZX',$,'L1|TWOBR_A',$,$,#1710,#1700,$,$);
#1690=IFCCARTESIANPOINTLIST2D(((0.,0.),(0.,150.),(10363.200000000001,150.),(10363.200000000001,0.),(0.,0.)));
#1691=IFCINDEXEDPOLYCURVE(#1690,$,.F.);
#1692=IFCDIRECTION((0.,0.,1.));
#1693=IFCARBITRARYCLOSEDPROFILEDEF(.AREA.,$,#1691);
#1694=IFCCARTESIANPOINT((0.,0.,0.));
#1695=IFCDIRECTION((0.,0.,1.));
#1696=IFCDIRECTION((1.,0.,0.));
#1697=IFCAXIS2PLACEMENT3D(#1694,#1695,#1696);
#1698=IFCEXTRUDEDAREASOLID(#1693,#1697,#1692,4267.1999999999998);
#1699=IFCSHAPEREPRESENTATION(#11,'Body','SweptSolid',(#1698));
#1700=IFCPRODUCTDEFINITIONSHAPE($,$,(#1699));
#1706=IFCCARTESIANPOINT((42672.,28956.000000000004,0.));
#1707=IFCDIRECTION((0.,0.,1.));
#1708=IFCDIRECTION((6.123233995736766E-17,1.,0.));
#1709=IFCAXIS2PLACEMENT3D(#1706,#1707,#1708);
#1710=IFCLOCALPLACEMENT($,#1709);
#1711=IFCWALL('2q1Ae0yzvBVRf3DvsR99Rs',$,'L1|TWOBR_A',$,$,#1732,#1722,$,$);
#1712=IFCCARTESIANPOINTLIST2D(((0.,0.),(0.,150.),(10363.200000000001,150.),(10363.200000000001,0.),(0.,0.)));
#1713=IFCINDEXEDPOLYCURVE(#1712,$,.F.);
#1714=IFCDIRECTION((0.,0.,1.));
#1715=IFCARBITRARYCLOSEDPROFILEDEF(.AREA.,$,#1713);
#1716=IFCCARTESIANPOINT((0.,0.,0.));
#1717=IFCDIRECTION((0.,0.,1.));
#1718=IFCDIRECTION((1.,0.,0.));
#1719=IFCAXIS2PLACEMENT3D(#1716,#1717,#1718);
#1720=IFCEXTRUDEDAREASOLID(#1715,#1719,#1714,4267.1999999999998);
#1721=IFCSHAPEREPRESENTATION(#11,'Body','SweptSolid',(#1720));
#1722=IFCPRODUCTDEFINITIONSHAPE($,$,(#1721));
#1728=IFCCARTESIANPOINT((53644.800000000003,28956.000000000004,0.));
#1729=IFCDIRECTION((0.,0.,1.));
#1730=IFCDIRECTION((6.123233995736766E-17,1.,0.));
#1731=IFCAXIS2PLACEMENT3D(#1728,#1729,#1730);
#1732=IFCLOCALPLACEMENT($,#1731);
#1733=IFCWALL('1vWKs9dHD1e9eL3NWdHMZU',$,'L1|ONEBR_A',$,$,#1754,#1744,$,$);
#1734=IFCCARTESIANPOINTLIST2D(((0.,0.),(0.,150.),(10363.200000000001,150.),(10363.200000000001,0.),(0.,0.)));
#1735=IFCINDEXEDPOLYCURVE(#1734,$,.F.);
#1736=IFCDIRECTION((0.,0.,1.));
#1737=IFCARBITRARYCLOSEDPROFILEDEF(.AREA.,$,#1735);
#1738=IFCCARTESIANPOINT((0.,0.,0.));
#1739=IFCDIRECTION((0.,0.,1.));
#1740=IFCDIRECTION((1.,0.,0.));
#1741=IFCAXIS2PLACEMENT3D(#1738,#1739,#1740);
#1742=IFCEXTRUDEDAREASOLID(#1737,#1741,#1736,4267.1999999999998);
#1743=IFCSHAPEREPRESENTATION(#11,'Body','SweptSolid',(#1742));
#1744=IFCPRODUCTDEFINITIONSHAPE($,$,(#1743));
#1750=IFCCARTESIANPOINT((57302.400000000001,28956.000000000004,0.));
#1751=IFCDIRECTION((0.,0.,1.));
#1752=IFCDIRECTION((1.,0.,0.));
#1753=IFCAXIS2PLACEMENT3D(#1750,#1751,#1752);
#1754=IFCLOCALPLACEMENT($,#1753);
#1755=IFCWALL('0EUv3YlCjFjOD$GCsto6e1',$,'L1|ONEBR_A',$,$,#1776,#1766,$,$);
#1756=IFCCARTESIANPOINTLIST2D(((0.,0.),(0.,150.),(10363.200000000001,150.),(10363.200000000001,0.),(0.,0.)));
#1757=IFCINDEXEDPOLYCURVE(#1756,$,.F.);
#1758=IFCDIRECTION((0.,0.,1.));
#1759=IFCARBITRARYCLOSEDPROFILEDEF(.AREA.,$,#1757);
#1760=IFCCARTESIANPOINT((0.,0.,0.));
#1761=IFCDIRECTION((0.,0.,1.));
#1762=IFCDIRECTION((1.,0.,0.));
#1763=IFCAXIS2PLACEMENT3D(#1760,#1761,#1762);
#1764=IFCEXTRUDEDAREASOLID(#1759,#1763,#1758,4267.1999999999998);
#1765=IFCSHAPEREPRESENTATION(#11,'Body','SweptSolid',(#1764));
#1766=IFCPRODUCTDEFINITIONSHAPE($,$,(#1765));
#1772=IFCCARTESIANPOINT((57302.400000000001,38100.,0.));
#1773=IFCDIRECTION((0.,0.,1.));
#1774=IFCDIRECTION((1.,0.,0.));
#1775=IFCAXIS2PLACEMENT3D(#1772,#1773,#1774);
#1776=IFCLOCALPLACEMENT($,#1775);
#1777=IFCWALL('0kiR6MLlH15BkRUdV1EYO4',$,'L1|ONEBR_A',$,$,#1798,#1788,$,$);
#1778=IFCCARTESIANPOINTLIST2D(((0.,0.),(0.,150.),(9144.,150.),(9144.,0.),(0.,0.)));
#1779=IFCINDEXEDPOLYCURVE(#1778,$,.F.);
#1780=IFCDIRECTION((0.,0.,1.));
#1781=IFCARBITRARYCLOSEDPROFILEDEF(.AREA.,$,#1779);
#1782=IFCCARTESIANPOINT((0.,0.,0.));
#1783=IFCDIRECTION((0.,0.,1.));
#1784=IFCDIRECTION((1.,0.,0.));
#1785=IFCAXIS2PLACEMENT3D(#1782,#1783,#1784);
#1786=IFCEXTRUDEDAREASOLID(#1781,#1785,#1780,4267.1999999999998);
#1787=IFCSHAPEREPRESENTATION(#11,'Body','SweptSolid',(#1786));
#1788=IFCPRODUCTDEFINITIONSHAPE($,$,(#1787));
#1794=IFCCARTESIANPOINT((57302.400000000001,28956.000000000004,0.));
#1795=IFCDIRECTION((0.,0.,1.));
#1796=IFCDIRECTION((6.123233995736766E-17,1.,0.));
#1797=IFCAXIS2PLACEMENT3D(#1794,#1795,#1796);
#1798=IFCLOCALPLACEMENT($,#1797);
#1799=IFCWALL('0t$zyHsAvBmxngZb_mEPFi',$,'L1|ONEBR_A',$,$,#1820,#1810,$,$);
#1800=IFCCARTESIANPOINTLIST2D(((0.,0.),(0.,150.),(9144.,150.),(9144.,0.),(0.,0.)));
#1801=IFCINDEXEDPOLYCURVE(#1800,$,.F.);
#1802=IFCDIRECTION((0.,0.,1.));
#1803=IFCARBITRARYCLOSEDPROFILEDEF(.AREA.,$,#1801);
#1804=IFCCARTESIANPOINT((0.,0.,0.));
#1805=IFCDIRECTION((0.,0.,1.));
#1806=IFCDIRECTION((1.,0.,0.));
#1807=IFCAXIS2PLACEMENT3D(#1804,#1805,#1806);
#1808=IFCEXTRUDEDAREASOLID(#1803,#1807,#1802,4267.1999999999998);
#1809=IFCSHAPEREPRESENTATION(#11,'Body','SweptSolid',(#1808));
#1810=IFCPRODUCTDEFINITIONSHAPE($,$,(#1809));
#1816=IFCCARTESIANPOINT((67665.599999999991,28956.000000000004,0.));
#1817=IFCDIRECTION((0.,0.,1.));
#1818=IFCDIRECTION((6.123233995736766E-17,1.,0.));
#1819=IFCAXIS2PLACEMENT3D(#1816,#1817,#1818);
#1820=IFCLOCALPLACEMENT($,#1819);
#1821=IFCWALL('0BSAM9njTEkvZxGTYh6vVV',$,'L1|STUDIO_A',$,$,#1842,#1832,$,$);
#1822=IFCCARTESIANPOINTLIST2D(((0.,0.),(0.,150.),(9753.6000000000004,150.),(9753.6000000000004,0.),(0.,0.)));
#1823=IFCINDEXEDPOLYCURVE(#1822,$,.F.);
#1824=IFCDIRECTION((0.,0.,1.));
#1825=IFCARBITRARYCLOSEDPROFILEDEF(.AREA.,$,#1823);
#1826=IFCCARTESIANPOINT((0.,0.,0.));
#1827=IFCDIRECTION((0.,0.,1.));
#1828=IFCDIRECTION((1.,0.,0.));
#1829=IFCAXIS2PLACEMENT3D(#1826,#1827,#1828);
#1830=IFCEXTRUDEDAREASOLID(#1825,#1829,#1824,4267.1999999999998);
#1831=IFCSHAPEREPRESENTATION(#11,'Body','SweptSolid',(#1830));
#1832=IFCPRODUCTDEFINITIONSHAPE($,$,(#1831));
#1838=IFCCARTESIANPOINT((15849.6,31394.400000000001,0.));
#1839=IFCDIRECTION((0.,0.,1.));
#1840=IFCDIRECTION((1.,0.,0.));
#1841=IFCAXIS2PLACEMENT3D(#1838,#1839,#1840);
#1842=IFCLOCALPLACEMENT($,#1841);
#1843=IFCWALL('1zu8BTdDz15Ba6PjJS68uG',$,'L1|STUDIO_A',$,$,#1864,#1854,$,$);
#1844=IFCCARTESIANPOINTLIST2D(((0.,0.),(0.,150.),(9753.6000000000004,150.),(9753.6000000000004,0.),(0.,0.)));
#1845=IFCINDEXEDPOLYCURVE(#1844,$,.F.);
#1846=IFCDIRECTION((0.,0.,1.));
#1847=IFCARBITRARYCLOSEDPROFILEDEF(.AREA.,$,#1845);
#1848=IFCCARTESIANPOINT((0.,0.,0.));
#1849=IFCDIRECTION((0.,0.,1.));
#1850=IFCDIRECTION((1.,0.,0.));
#1851=IFCAXIS2PLACEMENT3D(#1848,#1849,#1850);
#1852=IFCEXTRUDEDAREASOLID(#1847,#1851,#1846,4267.1999999999998);
#1853=IFCSHAPEREPRESENTATION(#11,'Body','SweptSolid',(#1852));
#1854=IFCPRODUCTDEFINITIONSHAPE($,$,(#1853));
#1860=IFCCARTESIANPOINT((15849.6,39319.200000000004,0.));
#1861=IFCDIRECTION((0.,0.,1.));
#1862=IFCDIRECTION((1.,0.,0.));
#1863=IFCAXIS2PLACEMENT3D(#1860,#1861,#1862);
#1864=IFCLOCALPLACEMENT($,#1863);
#1865=IFCWALL('1hnWiQFD9A3Pep8eRxIKLr',$,'L1|STUDIO_A',$,$,#1886,#1876,$,$);
#1866=IFCCARTESIANPOINTLIST2D(((0.,0.),(0.,150.),(7924.8000000000002,150.),(7924.8000000000002,0.),(0.,0.)));
#1867=IFCINDEXEDPOLYCURVE(#1866,$,.F.);
#1868=IFCDIRECTION((0.,0.,1.));
#1869=IFCARBITRARYCLOSEDPROFILEDEF(.AREA.,$,#1867);
#1870=IFCCARTESIANPOINT((0.,0.,0.));
#1871=IFCDIRECTION((0.,0.,1.));
#1872=IFCDIRECTION((1.,0.,0.));
#1873=IFCAXIS2PLACEMENT3D(#1870,#1871,#1872);
#1874=IFCEXTRUDEDAREASOLID(#1869,#1873,#1868,4267.1999999999998);
#1875=IFCSHAPEREPRESENTATION(#11,'Body','SweptSolid',(#1874));
#1876=IFCPRODUCTDEFINITIONSHAPE($,$,(#1875));
#1882=IFCCARTESIANPOINT((15849.6,31394.400000000001,0.));
#1883=IFCDIRECTION((0.,0.,1.));
#1884=IFCDIRECTION((6.123233995736766E-17,1.,0.));
#1885=IFCAXIS2PLACEMENT3D(#1882,#1883,#1884);
#1886=IFCLOCALPLACEMENT($,#1885);
#1887=IFCWALL('17InVOz3P27R2nlYrtFkAF',$,'L1|STUDIO_A',$,$,#1908,#1898,$,$);
#1888=IFCCARTESIANPOINTLIST2D(((0.,0.),(0.,150.),(7924.8000000000002,150.),(7924.8000000000002,0.),(0.,0.)));
#1889=IFCINDEXEDPOLYCURVE(#1888,$,.F.);
#1890=IFCDIRECTION((0.,0.,1.));
#1891=IFCARBITRARYCLOSEDPROFILEDEF(.AREA.,$,#1889);
#1892=IFCCARTESIANPOINT((0.,0.,0.));
#1893=IFCDIRECTION((0.,0.,1.));
#1894=IFCDIRECTION((1.,0.,0.));
#1895=IFCAXIS2PLACEMENT3D(#1892,#1893,#1894);
#1896=IFCEXTRUDEDAREASOLID(#1891,#1895,#1890,4267.1999999999998);
#1897=IFCSHAPEREPRESENTATION(#11,'Body','SweptSolid',(#1896));
#1898=IFCPRODUCTDEFINITIONSHAPE($,$,(#1897));
#1904=IFCCARTESIANPOINT((25603.200000000001,31394.400000000001,0.));
#1905=IFCDIRECTION((0.,0.,1.));
#1906=IFCDIRECTION((6.123233995736766E-17,1.,0.));
#1907=IFCAXIS2PLACEMENT3D(#1904,#1905,#1906);
#1908=IFCLOCALPLACEMENT($,#1907);
#1909=IFCWALL('32xZvXd_j4cvxi2A4L34i$',$,'L1|TWOBR_A',$,$,#1930,#1920,$,$);
#1910=IFCCARTESIANPOINTLIST2D(((0.,0.),(0.,150.),(10972.800000000001,150.),(10972.800000000001,0.),(0.,0.)));
#1911=IFCINDEXEDPOLYCURVE(#1910,$,.F.);
#1912=IFCDIRECTION((0.,0.,1.));
#1913=IFCARBITRARYCLOSEDPROFILEDEF(.AREA.,$,#1911);
#1914=IFCCARTESIANPOINT((0.,0.,0.));
#1915=IFCDIRECTION((0.,0.,1.));
#1916=IFCDIRECTION((1.,0.,0.));
#1917=IFCAXIS2PLACEMENT3D(#1914,#1915,#1916);
#1918=IFCEXTRUDEDAREASOLID(#1913,#1917,#1912,4267.1999999999998);
#1919=IFCSHAPEREPRESENTATION(#11,'Body','SweptSolid',(#1918));
#1920=IFCPRODUCTDEFINITIONSHAPE($,$,(#1919));
#1926=IFCCARTESIANPOINT((29870.399999999998,31394.400000000001,0.));
#1927=IFCDIRECTION((0.,0.,1.));
#1928=IFCDIRECTION((1.,0.,0.));
#1929=IFCAXIS2PLACEMENT3D(#1926,#1927,#1928);
#1930=IFCLOCALPLACEMENT($,#1929);
#1931=IFCWALL('3TOZhcxbXE_uw8Vo7XH$js',$,'L1|TWOBR_A',$,$,#1952,#1942,$,$);
#1932=IFCCARTESIANPOINTLIST2D(((0.,0.),(0.,150.),(10972.800000000001,150.),(10972.800000000001,0.),(0.,0.)));
#1933=IFCINDEXEDPOLYCURVE(#1932,$,.F.);
#1934=IFCDIRECTION((0.,0.,1.));
#1935=IFCARBITRARYCLOSEDPROFILEDEF(.AREA.,$,#1933);
#1936=IFCCARTESIANPOINT((0.,0.,0.));
#1937=IFCDIRECTION((0.,0.,1.));
#1938=IFCDIRECTION((1.,0.,0.));
#1939=IFCAXIS2PLACEMENT3D(#1936,#1937,#1938);
#1940=IFCEXTRUDEDAREASOLID(#1935,#1939,#1934,4267.1999999999998);
#1941=IFCSHAPEREPRESENTATION(#11,'Body','SweptSolid',(#1940));
#1942=IFCPRODUCTDEFINITIONSHAPE($,$,(#1941));
#1948=IFCCARTESIANPOINT((29870.399999999998,41757.600000000006,0.));
#1949=IFCDIRECTION((0.,0.,1.));
#1950=IFCDIRECTION((1.,0.,0.));
#1951=IFCAXIS2PLACEMENT3D(#1948,#1949,#1950);
#1952=IFCLOCALPLACEMENT($,#1951);
#1953=IFCWALL('1iAYWBuKf5wh9rcCZO5DEO',$,'L1|TWOBR_A',$,$,#1974,#1964,$,$);
#1954=IFCCARTESIANPOINTLIST2D(((0.,0.),(0.,150.),(10363.200000000001,150.),(10363.200000000001,0.),(0.,0.)));
#1955=IFCINDEXEDPOLYCURVE(#1954,$,.F.);
#1956=IFCDIRECTION((0.,0.,1.));
#1957=IFCARBITRARYCLOSEDPROFILEDEF(.AREA.,$,#1955);
#1958=IFCCARTESIANPOINT((0.,0.,0.));
#1959=IFCDIRECTION((0.,0.,1.));
#1960=IFCDIRECTION((1.,0.,0.));
#1961=IFCAXIS2PLACEMENT3D(#1958,#1959,#1960);
#1962=IFCEXTRUDEDAREASOLID(#1957,#1961,#1956,4267.1999999999998);
#1963=IFCSHAPEREPRESENTATION(#11,'Body','SweptSolid',(#1962));
#1964=IFCPRODUCTDEFINITIONSHAPE($,$,(#1963));
#1970=IFCCARTESIANPOINT((29870.399999999998,31394.400000000001,0.));
#1971=IFCDIRECTION((0.,0.,1.));
#1972=IFCDIRECTION((6.123233995736766E-17,1.,0.));
#1973=IFCAXIS2PLACEMENT3D(#1970,#1971,#1972);
#1974=IFCLOCALPLACEMENT($,#1973);
#1975=IFCWALL('1sIjmCSW9FmR5LLKMuDw_S',$,'L1|TWOBR_A',$,$,#1996,#1986,$,$);
#1976=IFCCARTESIANPOINTLIST2D(((0.,0.),(0.,150.),(10363.200000000001,150.),(10363.200000000001,0.),(0.,0.)));
#1977=IFCINDEXEDPOLYCURVE(#1976,$,.F.);
#1978=IFCDIRECTION((0.,0.,1.));
#1979=IFCARBITRARYCLOSEDPROFILEDEF(.AREA.,$,#1977);
#1980=IFCCARTESIANPOINT((0.,0.,0.));
#1981=IFCDIRECTION((0.,0.,1.));
#1982=IFCDIRECTION((1.,0.,0.));
#1983=IFCAXIS2PLACEMENT3D(#1980,#1981,#1982);
#1984=IFCEXTRUDEDAREASOLID(#1979,#1983,#1978,4267.1999999999998);
#1985=IFCSHAPEREPRESENTATION(#11,'Body','SweptSolid',(#1984));
#1986=IFCPRODUCTDEFINITIONSHAPE($,$,(#1985));
#1992=IFCCARTESIANPOINT((40843.200000000004,31394.400000000001,0.));
#1993=IFCDIRECTION((0.,0.,1.));
#1994=IFCDIRECTION((6.123233995736766E-17,1.,0.));
#1995=IFCAXIS2PLACEMENT3D(#1992,#1993,#1994);
#1996=IFCLOCALPLACEMENT($,#1995);
#1997=IFCWALL('1wuDh40Az5cftqzPIzTQ2P',$,'L1|ONEBR_A',$,$,#2018,#2008,$,$);
#1998=IFCCARTESIANPOINTLIST2D(((0.,0.),(0.,150.),(10363.200000000001,150.),(10363.200000000001,0.),(0.,0.)));
#1999=IFCINDEXEDPOLYCURVE(#1998,$,.F.);
#2000=IFCDIRECTION((0.,0.,1.));
#2001=IFCARBITRARYCLOSEDPROFILEDEF(.AREA.,$,#1999);
#2002=IFCCARTESIANPOINT((0.,0.,0.));
#2003=IFCDIRECTION((0.,0.,1.));
#2004=IFCDIRECTION((1.,0.,0.));
#2005=IFCAXIS2PLACEMENT3D(#2002,#2003,#2004);
#2006=IFCEXTRUDEDAREASOLID(#2001,#2005,#2000,4267.1999999999998);
#2007=IFCSHAPEREPRESENTATION(#11,'Body','SweptSolid',(#2006));
#2008=IFCPRODUCTDEFINITIONSHAPE($,$,(#2007));
#2014=IFCCARTESIANPOINT((69494.399999999994,31394.400000000001,0.));
#2015=IFCDIRECTION((0.,0.,1.));
#2016=IFCDIRECTION((1.,0.,0.));
#2017=IFCAXIS2PLACEMENT3D(#2014,#2015,#2016);
#2018=IFCLOCALPLACEMENT($,#2017);
#2019=IFCWALL('2PIFZSpEz7vgHYDH2nLDgO',$,'L1|ONEBR_A',$,$,#2040,#2030,$,$);
#2020=IFCCARTESIANPOINTLIST2D(((0.,0.),(0.,150.),(10363.200000000001,150.),(10363.200000000001,0.),(0.,0.)));
#2021=IFCINDEXEDPOLYCURVE(#2020,$,.F.);
#2022=IFCDIRECTION((0.,0.,1.));
#2023=IFCARBITRARYCLOSEDPROFILEDEF(.AREA.,$,#2021);
#2024=IFCCARTESIANPOINT((0.,0.,0.));
#2025=IFCDIRECTION((0.,0.,1.));
#2026=IFCDIRECTION((1.,0.,0.));
#2027=IFCAXIS2PLACEMENT3D(#2024,#2025,#2026);
#2028=IFCEXTRUDEDAREASOLID(#2023,#2027,#2022,4267.1999999999998);
#2029=IFCSHAPEREPRESENTATION(#11,'Body','SweptSolid',(#2028));
#2030=IFCPRODUCTDEFINITIONSHAPE($,$,(#2029));
#2036=IFCCARTESIANPOINT((69494.399999999994,40538.400000000001,0.));
#2037=IFCDIRECTION((0.,0.,1.));
#2038=IFCDIRECTION((1.,0.,0.));
#2039=IFCAXIS2PLACEMENT3D(#2036,#2037,#2038);
#2040=IFCLOCALPLACEMENT($,#2039);
#2041=IFCWALL('2Ok4ZUU_vBSwEQ1V8Y$wmw',$,'L1|ONEBR_A',$,$,#2062,#2052,$,$);
#2042=IFCCARTESIANPOINTLIST2D(((0.,0.),(0.,150.),(9144.,150.),(9144.,0.),(0.,0.)));
#2043=IFCINDEXEDPOLYCURVE(#2042,$,.F.);
#2044=IFCDIRECTION((0.,0.,1.));
#2045=IFCARBITRARYCLOSEDPROFILEDEF(.AREA.,$,#2043);
#2046=IFCCARTESIANPOINT((0.,0.,0.));
#2047=IFCDIRECTION((0.,0.,1.));
#2048=IFCDIRECTION((1.,0.,0.));
#2049=IFCAXIS2PLACEMENT3D(#2046,#2047,#2048);
#2050=IFCEXTRUDEDAREASOLID(#2045,#2049,#2044,4267.1999999999998);
#2051=IFCSHAPEREPRESENTATION(#11,'Body','SweptSolid',(#2050));
#2052=IFCPRODUCTDEFINITIONSHAPE($,$,(#2051));
#2058=IFCCARTESIANPOINT((69494.399999999994,31394.400000000001,0.));
#2059=IFCDIRECTION((0.,0.,1.));
#2060=IFCDIRECTION((6.123233995736766E-17,1.,0.));
#2061=IFCAXIS2PLACEMENT3D(#2058,#2059,#2060);
#2062=IFCLOCALPLACEMENT($,#2061);
#2063=IFCWALL('1by9FuwN5Eme_DgzOCWYWB',$,'L1|ONEBR_A',$,$,#2084,#2074,$,$);
#2064=IFCCARTESIANPOINTLIST2D(((0.,0.),(0.,150.),(9144.,150.),(9144.,0.),(0.,0.)));
#2065=IFCINDEXEDPOLYCURVE(#2064,$,.F.);
#2066=IFCDIRECTION((0.,0.,1.));
#2067=IFCARBITRARYCLOSEDPROFILEDEF(.AREA.,$,#2065);
#2068=IFCCARTESIANPOINT((0.,0.,0.));
#2069=IFCDIRECTION((0.,0.,1.));
#2070=IFCDIRECTION((1.,0.,0.));
#2071=IFCAXIS2PLACEMENT3D(#2068,#2069,#2070);
#2072=IFCEXTRUDEDAREASOLID(#2067,#2071,#2066,4267.1999999999998);
#2073=IFCSHAPEREPRESENTATION(#11,'Body','SweptSolid',(#2072));
#2074=IFCPRODUCTDEFINITIONSHAPE($,$,(#2073));
#2080=IFCCARTESIANPOINT((79857.600000000006,31394.400000000001,0.));
#2081=IFCDIRECTION((0.,0.,1.));
#2082=IFCDIRECTION((6.123233995736766E-17,1.,0.));
#2083=IFCAXIS2PLACEMENT3D(#2080,#2081,#2082);
#2084=IFCLOCALPLACEMENT($,#2083);
#2085=IFCWALL('1GY_Gy8iv5DOQxpb$b2Xe$',$,'L1|TWOBR_A',$,$,#2106,#2096,$,$);
#2086=IFCCARTESIANPOINTLIST2D(((0.,0.),(0.,150.),(10972.800000000001,150.),(10972.800000000001,0.),(0.,0.)));
#2087=IFCINDEXEDPOLYCURVE(#2086,$,.F.);
#2088=IFCDIRECTION((0.,0.,1.));
#2089=IFCARBITRARYCLOSEDPROFILEDEF(.AREA.,$,#2087);
#2090=IFCCARTESIANPOINT((0.,0.,0.));
#2091=IFCDIRECTION((0.,0.,1.));
#2092=IFCDIRECTION((1.,0.,0.));
#2093=IFCAXIS2PLACEMENT3D(#2090,#2091,#2092);
#2094=IFCEXTRUDEDAREASOLID(#2089,#2093,#2088,4267.1999999999998);
#2095=IFCSHAPEREPRESENTATION(#11,'Body','SweptSolid',(#2094));
#2096=IFCPRODUCTDEFINITIONSHAPE($,$,(#2095));
#2102=IFCCARTESIANPOINT((56692.800000000003,38100.,0.));
#2103=IFCDIRECTION((0.,0.,1.));
#2104=IFCDIRECTION((1.,0.,0.));
#2105=IFCAXIS2PLACEMENT3D(#2102,#2103,#2104);
#2106=IFCLOCALPLACEMENT($,#2105);
#2107=IFCWALL('0Igv4bM693qRrlfBqn1JAZ',$,'L1|TWOBR_A',$,$,#2128,#2118,$,$);
#2108=IFCCARTESIANPOINTLIST2D(((0.,0.),(0.,150.),(10972.800000000001,150.),(10972.800000000001,0.),(0.,0.)));
#2109=IFCINDEXEDPOLYCURVE(#2108,$,.F.);
#2110=IFCDIRECTION((0.,0.,1.));
#2111=IFCARBITRARYCLOSEDPROFILEDEF(.AREA.,$,#2109);
#2112=IFCCARTESIANPOINT((0.,0.,0.));
#2113=IFCDIRECTION((0.,0.,1.));
#2114=IFCDIRECTION((1.,0.,0.));
#2115=IFCAXIS2PLACEMENT3D(#2112,#2113,#2114);
#2116=IFCEXTRUDEDAREASOLID(#2111,#2115,#2110,4267.1999999999998);
#2117=IFCSHAPEREPRESENTATION(#11,'Body','SweptSolid',(#2116));
#2118=IFCPRODUCTDEFINITIONSHAPE($,$,(#2117));
#2124=IFCCARTESIANPOINT((56692.800000000003,48463.199999999997,0.));
#2125=IFCDIRECTION((0.,0.,1.));
#2126=IFCDIRECTION((1.,0.,0.));
#2127=IFCAXIS2PLACEMENT3D(#2124,#2125,#2126);
#2128=IFCLOCALPLACEMENT($,#2127);
#2129=IFCWALL('1mm67VxSv1S9s5lOhXW3vS',$,'L1|TWOBR_A',$,$,#2150,#2140,$,$);
#2130=IFCCARTESIANPOINTLIST2D(((0.,0.),(0.,150.),(10363.200000000001,150.),(10363.200000000001,0.),(0.,0.)));
#2131=IFCINDEXEDPOLYCURVE(#2130,$,.F.);
#2132=IFCDIRECTION((0.,0.,1.));
#2133=IFCARBITRARYCLOSEDPROFILEDEF(.AREA.,$,#2131);
#2134=IFCCARTESIANPOINT((0.,0.,0.));
#2135=IFCDIRECTION((0.,0.,1.));
#2136=IFCDIRECTION((1.,0.,0.));
#2137=IFCAXIS2PLACEMENT3D(#2134,#2135,#2136);
#2138=IFCEXTRUDEDAREASOLID(#2133,#2137,#2132,4267.1999999999998);
#2139=IFCSHAPEREPRESENTATION(#11,'Body','SweptSolid',(#2138));
#2140=IFCPRODUCTDEFINITIONSHAPE($,$,(#2139));
#2146=IFCCARTESIANPOINT((56692.800000000003,38100.,0.));
#2147=IFCDIRECTION((0.,0.,1.));
#2148=IFCDIRECTION((6.123233995736766E-17,1.,0.));
#2149=IFCAXIS2PLACEMENT3D(#2146,#2147,#2148);
#2150=IFCLOCALPLACEMENT($,#2149);
#2151=IFCWALL('36pUTiruPCnebO_XxbKuVT',$,'L1|TWOBR_A',$,$,#2172,#2162,$,$);
#2152=IFCCARTESIANPOINTLIST2D(((0.,0.),(0.,150.),(10363.200000000001,150.),(10363.200000000001,0.),(0.,0.)));
#2153=IFCINDEXEDPOLYCURVE(#2152,$,.F.);
#2154=IFCDIRECTION((0.,0.,1.));
#2155=IFCARBITRARYCLOSEDPROFILEDEF(.AREA.,$,#2153);
#2156=IFCCARTESIANPOINT((0.,0.,0.));
#2157=IFCDIRECTION((0.,0.,1.));
#2158=IFCDIRECTION((1.,0.,0.));
#2159=IFCAXIS2PLACEMENT3D(#2156,#2157,#2158);
#2160=IFCEXTRUDEDAREASOLID(#2155,#2159,#2154,4267.1999999999998);
#2161=IFCSHAPEREPRESENTATION(#11,'Body','SweptSolid',(#2160));
#2162=IFCPRODUCTDEFINITIONSHAPE($,$,(#2161));
#2168=IFCCARTESIANPOINT((67665.599999999991,38100.,0.));
#2169=IFCDIRECTION((0.,0.,1.));
#2170=IFCDIRECTION((6.123233995736766E-17,1.,0.));
#2171=IFCAXIS2PLACEMENT3D(#2168,#2169,#2170);
#2172=IFCLOCALPLACEMENT($,#2171);
#2173=IFCWALL('0S2XOfDN97A9oIBh9GBCpR',$,'L1|ONEBR_A',$,$,#2194,#2184,$,$);
#2174=IFCCARTESIANPOINTLIST2D(((0.,0.),(0.,150.),(10363.200000000001,150.),(10363.200000000001,0.),(0.,0.)));
#2175=IFCINDEXEDPOLYCURVE(#2174,$,.F.);
#2176=IFCDIRECTION((0.,0.,1.));
#2177=IFCARBITRARYCLOSEDPROFILEDEF(.AREA.,$,#2175);
#2178=IFCCARTESIANPOINT((0.,0.,0.));
#2179=IFCDIRECTION((0.,0.,1.));
#2180=IFCDIRECTION((1.,0.,0.));
#2181=IFCAXIS2PLACEMENT3D(#2178,#2179,#2180);
#2182=IFCEXTRUDEDAREASOLID(#2177,#2181,#2176,4267.1999999999998);
#2183=IFCSHAPEREPRESENTATION(#11,'Body','SweptSolid',(#2182));
#2184=IFCPRODUCTDEFINITIONSHAPE($,$,(#2183));
#2190=IFCCARTESIANPOINT((15849.6,39319.200000000004,0.));
#2191=IFCDIRECTION((0.,0.,1.));
#2192=IFCDIRECTION((1.,0.,0.));
#2193=IFCAXIS2PLACEMENT3D(#2190,#2191,#2192);
#2194=IFCLOCALPLACEMENT($,#2193);
#2195=IFCWALL('0T$SztgUXDCv1a4o6w7Gws',$,'L1|ONEBR_A',$,$,#2216,#2206,$,$);
#2196=IFCCARTESIANPOINTLIST2D(((0.,0.),(0.,150.),(10363.200000000001,150.),(10363.200000000001,0.),(0.,0.)));
#2197=IFCINDEXEDPOLYCURVE(#2196,$,.F.);
#2198=IFCDIRECTION((0.,0.,1.));
#2199=IFCARBITRARYCLOSEDPROFILEDEF(.AREA.,$,#2197);
#2200=IFCCARTESIANPOINT((0.,0.,0.));
#2201=IFCDIRECTION((0.,0.,1.));
#2202=IFCDIRECTION((1.,0.,0.));
#2203=IFCAXIS2PLACEMENT3D(#2200,#2201,#2202);
#2204=IFCEXTRUDEDAREASOLID(#2199,#2203,#2198,4267.1999999999998);
#2205=IFCSHAPEREPRESENTATION(#11,'Body','SweptSolid',(#2204));
#2206=IFCPRODUCTDEFINITIONSHAPE($,$,(#2205));
#2212=IFCCARTESIANPOINT((15849.6,48463.199999999997,0.));
#2213=IFCDIRECTION((0.,0.,1.));
#2214=IFCDIRECTION((1.,0.,0.));
#2215=IFCAXIS2PLACEMENT3D(#2212,#2213,#2214);
#2216=IFCLOCALPLACEMENT($,#2215);
#2217=IFCWALL('0Mttuf4FD0pO_p83_VxN92',$,'L1|ONEBR_A',$,$,#2238,#2228,$,$);
#2218=IFCCARTESIANPOINTLIST2D(((0.,0.),(0.,150.),(9144.,150.),(9144.,0.),(0.,0.)));
#2219=IFCINDEXEDPOLYCURVE(#2218,$,.F.);
#2220=IFCDIRECTION((0.,0.,1.));
#2221=IFCARBITRARYCLOSEDPROFILEDEF(.AREA.,$,#2219);
#2222=IFCCARTESIANPOINT((0.,0.,0.));
#2223=IFCDIRECTION((0.,0.,1.));
#2224=IFCDIRECTION((1.,0.,0.));
#2225=IFCAXIS2PLACEMENT3D(#2222,#2223,#2224);
#2226=IFCEXTRUDEDAREASOLID(#2221,#2225,#2220,4267.1999999999998);
#2227=IFCSHAPEREPRESENTATION(#11,'Body','SweptSolid',(#2226));
#2228=IFCPRODUCTDEFINITIONSHAPE($,$,(#2227));
#2234=IFCCARTESIANPOINT((15849.6,39319.200000000004,0.));
#2235=IFCDIRECTION((0.,0.,1.));
#2236=IFCDIRECTION((6.123233995736766E-17,1.,0.));
#2237=IFCAXIS2PLACEMENT3D(#2234,#2235,#2236);
#2238=IFCLOCALPLACEMENT($,#2237);
#2239=IFCWALL('0G1uE6THPAzuIzdphXkgX1',$,'L1|ONEBR_A',$,$,#2260,#2250,$,$);
#2240=IFCCARTESIANPOINTLIST2D(((0.,0.),(0.,150.),(9144.,150.),(9144.,0.),(0.,0.)));
#2241=IFCINDEXEDPOLYCURVE(#2240,$,.F.);
#2242=IFCDIRECTION((0.,0.,1.));
#2243=IFCARBITRARYCLOSEDPROFILEDEF(.AREA.,$,#2241);
#2244=IFCCARTESIANPOINT((0.,0.,0.));
#2245=IFCDIRECTION((0.,0.,1.));
#2246=IFCDIRECTION((1.,0.,0.));
#2247=IFCAXIS2PLACEMENT3D(#2244,#2245,#2246);
#2248=IFCEXTRUDEDAREASOLID(#2243,#2247,#2242,4267.1999999999998);
#2249=IFCSHAPEREPRESENTATION(#11,'Body','SweptSolid',(#2248));
#2250=IFCPRODUCTDEFINITIONSHAPE($,$,(#2249));
#2256=IFCCARTESIANPOINT((26212.799999999999,39319.200000000004,0.));
#2257=IFCDIRECTION((0.,0.,1.));
#2258=IFCDIRECTION((6.123233995736766E-17,1.,0.));
#2259=IFCAXIS2PLACEMENT3D(#2256,#2257,#2258);
#2260=IFCLOCALPLACEMENT($,#2259);
#2261=IFCWALL('2tb7fYC9527BlcvfgDB7LZ',$,'L1|STUDIO_A',$,$,#2282,#2272,$,$);
#2262=IFCCARTESIANPOINTLIST2D(((0.,0.),(0.,150.),(9753.6000000000004,150.),(9753.6000000000004,0.),(0.,0.)));
#2263=IFCINDEXEDPOLYCURVE(#2262,$,.F.);
#2264=IFCDIRECTION((0.,0.,1.));
#2265=IFCARBITRARYCLOSEDPROFILEDEF(.AREA.,$,#2263);
#2266=IFCCARTESIANPOINT((0.,0.,0.));
#2267=IFCDIRECTION((0.,0.,1.));
#2268=IFCDIRECTION((1.,0.,0.));
#2269=IFCAXIS2PLACEMENT3D(#2266,#2267,#2268);
#2270=IFCEXTRUDEDAREASOLID(#2265,#2269,#2264,4267.1999999999998);
#2271=IFCSHAPEREPRESENTATION(#11,'Body','SweptSolid',(#2270));
#2272=IFCPRODUCTDEFINITIONSHAPE($,$,(#2271));
#2278=IFCCARTESIANPOINT((42672.,39319.200000000004,0.));
#2279=IFCDIRECTION((0.,0.,1.));
#2280=IFCDIRECTION((1.,0.,0.));
#2281=IFCAXIS2PLACEMENT3D(#2278,#2279,#2280);
#2282=IFCLOCALPLACEMENT($,#2281);
#2283=IFCWALL('1bkSGstBz5svrKfqo3lf3M',$,'L1|STUDIO_A',$,$,#2304,#2294,$,$);
#2284=IFCCARTESIANPOINTLIST2D(((0.,0.),(0.,150.),(9753.6000000000004,150.),(9753.6000000000004,0.),(0.,0.)));
#2285=IFCINDEXEDPOLYCURVE(#2284,$,.F.);
#2286=IFCDIRECTION((0.,0.,1.));
#2287=IFCARBITRARYCLOSEDPROFILEDEF(.AREA.,$,#2285);
#2288=IFCCARTESIANPOINT((0.,0.,0.));
#2289=IFCDIRECTION((0.,0.,1.));
#2290=IFCDIRECTION((1.,0.,0.));
#2291=IFCAXIS2PLACEMENT3D(#2288,#2289,#2290);
#2292=IFCEXTRUDEDAREASOLID(#2287,#2291,#2286,4267.1999999999998);
#2293=IFCSHAPEREPRESENTATION(#11,'Body','SweptSolid',(#2292));
#2294=IFCPRODUCTDEFINITIONSHAPE($,$,(#2293));
#2300=IFCCARTESIANPOINT((42672.,47244.,0.));
#2301=IFCDIRECTION((0.,0.,1.));
#2302=IFCDIRECTION((1.,0.,0.));
#2303=IFCAXIS2PLACEMENT3D(#2300,#2301,#2302);
#2304=IFCLOCALPLACEMENT($,#2303);
#2305=IFCWALL('029nzdXhL7bgHS$X_0abME',$,'L1|STUDIO_A',$,$,#2326,#2316,$,$);
#2306=IFCCARTESIANPOINTLIST2D(((0.,0.),(0.,150.),(7924.8000000000002,150.),(7924.8000000000002,0.),(0.,0.)));
#2307=IFCINDEXEDPOLYCURVE(#2306,$,.F.);
#2308=IFCDIRECTION((0.,0.,1.));
#2309=IFCARBITRARYCLOSEDPROFILEDEF(.AREA.,$,#2307);
#2310=IFCCARTESIANPOINT((0.,0.,0.));
#2311=IFCDIRECTION((0.,0.,1.));
#2312=IFCDIRECTION((1.,0.,0.));
#2313=IFCAXIS2PLACEMENT3D(#2310,#2311,#2312);
#2314=IFCEXTRUDEDAREASOLID(#2309,#2313,#2308,4267.1999999999998);
#2315=IFCSHAPEREPRESENTATION(#11,'Body','SweptSolid',(#2314));
#2316=IFCPRODUCTDEFINITIONSHAPE($,$,(#2315));
#2322=IFCCARTESIANPOINT((42672.,39319.200000000004,0.));
#2323=IFCDIRECTION((0.,0.,1.));
#2324=IFCDIRECTION((6.123233995736766E-17,1.,0.));
#2325=IFCAXIS2PLACEMENT3D(#2322,#2323,#2324);
#2326=IFCLOCALPLACEMENT($,#2325);
#2327=IFCWALL('1QTQWaNeH4w8i8G6D_Qnsq',$,'L1|STUDIO_A',$,$,#2348,#2338,$,$);
#2328=IFCCARTESIANPOINTLIST2D(((0.,0.),(0.,150.),(7924.8000000000002,150.),(7924.8000000000002,0.),(0.,0.)));
#2329=IFCINDEXEDPOLYCURVE(#2328,$,.F.);
#2330=IFCDIRECTION((0.,0.,1.));
#2331=IFCARBITRARYCLOSEDPROFILEDEF(.AREA.,$,#2329);
#2332=IFCCARTESIANPOINT((0.,0.,0.));
#2333=IFCDIRECTION((0.,0.,1.));
#2334=IFCDIRECTION((1.,0.,0.));
#2335=IFCAXIS2PLACEMENT3D(#2332,#2333,#2334);
#2336=IFCEXTRUDEDAREASOLID(#2331,#2335,#2330,4267.1999999999998);
#2337=IFCSHAPEREPRESENTATION(#11,'Body','SweptSolid',(#2336));
#2338=IFCPRODUCTDEFINITIONSHAPE($,$,(#2337));
#2344=IFCCARTESIANPOINT((52425.599999999999,39319.200000000004,0.));
#2345=IFCDIRECTION((0.,0.,1.));
#2346=IFCDIRECTION((6.123233995736766E-17,1.,0.));
#2347=IFCAXIS2PLACEMENT3D(#2344,#2345,#2346);
#2348=IFCLOCALPLACEMENT($,#2347);
#2349=IFCWALL('3$C_PVCPrEFATt97X6j3Xs',$,'L1|TWOBR_A',$,$,#2370,#2360,$,$);
#2350=IFCCARTESIANPOINTLIST2D(((0.,0.),(0.,150.),(10972.800000000001,150.),(10972.800000000001,0.),(0.,0.)));
#2351=IFCINDEXEDPOLYCURVE(#2350,$,.F.);
#2352=IFCDIRECTION((0.,0.,1.));
#2353=IFCARBITRARYCLOSEDPROFILEDEF(.AREA.,$,#2351);
#2354=IFCCARTESIANPOINT((0.,0.,0.));
#2355=IFCDIRECTION((0.,0.,1.));
#2356=IFCDIRECTION((1.,0.,0.));
#2357=IFCAXIS2PLACEMENT3D(#2354,#2355,#2356);
#2358=IFCEXTRUDEDAREASOLID(#2353,#2357,#2352,4267.1999999999998);
#2359=IFCSHAPEREPRESENTATION(#11,'Body','SweptSolid',(#2358));
#2360=IFCPRODUCTDEFINITIONSHAPE($,$,(#2359));
#2366=IFCCARTESIANPOINT((69494.399999999994,40538.400000000001,0.));
#2367=IFCDIRECTION((0.,0.,1.));
#2368=IFCDIRECTION((1.,0.,0.));
#2369=IFCAXIS2PLACEMENT3D(#2366,#2367,#2368);
#2370=IFCLOCALPLACEMENT($,#2369);
#2371=IFCWALL('3ENKFMJh96NvPJ3DHrta26',$,'L1|TWOBR_A',$,$,#2392,#2382,$,$);
#2372=IFCCARTESIANPOINTLIST2D(((0.,0.),(0.,150.),(10972.800000000001,150.),(10972.800000000001,0.),(0.,0.)));
#2373=IFCINDEXEDPOLYCURVE(#2372,$,.F.);
#2374=IFCDIRECTION((0.,0.,1.));
#2375=IFCARBITRARYCLOSEDPROFILEDEF(.AREA.,$,#2373);
#2376=IFCCARTESIANPOINT((0.,0.,0.));
#2377=IFCDIRECTION((0.,0.,1.));
#2378=IFCDIRECTION((1.,0.,0.));
#2379=IFCAXIS2PLACEMENT3D(#2376,#2377,#2378);
#2380=IFCEXTRUDEDAREASOLID(#2375,#2379,#2374,4267.1999999999998);
#2381=IFCSHAPEREPRESENTATION(#11,'Body','SweptSolid',(#2380));
#2382=IFCPRODUCTDEFINITIONSHAPE($,$,(#2381));
#2388=IFCCARTESIANPOINT((69494.399999999994,50901.599999999999,0.));
#2389=IFCDIRECTION((0.,0.,1.));
#2390=IFCDIRECTION((1.,0.,0.));
#2391=IFCAXIS2PLACEMENT3D(#2388,#2389,#2390);
#2392=IFCLOCALPLACEMENT($,#2391);
#2393=IFCWALL('1wn10uMKP3lOs21kYoDyVG',$,'L1|TWOBR_A',$,$,#2414,#2404,$,$);
#2394=IFCCARTESIANPOINTLIST2D(((0.,0.),(0.,150.),(10363.200000000001,150.),(10363.200000000001,0.),(0.,0.)));
#2395=IFCINDEXEDPOLYCURVE(#2394,$,.F.);
#2396=IFCDIRECTION((0.,0.,1.));
#2397=IFCARBITRARYCLOSEDPROFILEDEF(.AREA.,$,#2395);
#2398=IFCCARTESIANPOINT((0.,0.,0.));
#2399=IFCDIRECTION((0.,0.,1.));
#2400=IFCDIRECTION((1.,0.,0.));
#2401=IFCAXIS2PLACEMENT3D(#2398,#2399,#2400);
#2402=IFCEXTRUDEDAREASOLID(#2397,#2401,#2396,4267.1999999999998);
#2403=IFCSHAPEREPRESENTATION(#11,'Body','SweptSolid',(#2402));
#2404=IFCPRODUCTDEFINITIONSHAPE($,$,(#2403));
#2410=IFCCARTESIANPOINT((69494.399999999994,40538.400000000001,0.));
#2411=IFCDIRECTION((0.,0.,1.));
#2412=IFCDIRECTION((6.123233995736766E-17,1.,0.));
#2413=IFCAXIS2PLACEMENT3D(#2410,#2411,#2412);
#2414=IFCLOCALPLACEMENT($,#2413);
#2415=IFCWALL('0R5kJVHRH7VhJbHk9d3mVP',$,'L1|TWOBR_A',$,$,#2436,#2426,$,$);
#2416=IFCCARTESIANPOINTLIST2D(((0.,0.),(0.,150.),(10363.200000000001,150.),(10363.200000000001,0.),(0.,0.)));
#2417=IFCINDEXEDPOLYCURVE(#2416,$,.F.);
#2418=IFCDIRECTION((0.,0.,1.));
#2419=IFCARBITRARYCLOSEDPROFILEDEF(.AREA.,$,#2417);
#2420=IFCCARTESIANPOINT((0.,0.,0.));
#2421=IFCDIRECTION((0.,0.,1.));
#2422=IFCDIRECTION((1.,0.,0.));
#2423=IFCAXIS2PLACEMENT3D(#2420,#2421,#2422);
#2424=IFCEXTRUDEDAREASOLID(#2419,#2423,#2418,4267.1999999999998);
#2425=IFCSHAPEREPRESENTATION(#11,'Body','SweptSolid',(#2424));
#2426=IFCPRODUCTDEFINITIONSHAPE($,$,(#2425));
#2432=IFCCARTESIANPOINT((80467.199999999997,40538.400000000001,0.));
#2433=IFCDIRECTION((0.,0.,1.));
#2434=IFCDIRECTION((6.123233995736766E-17,1.,0.));
#2435=IFCAXIS2PLACEMENT3D(#2432,#2433,#2434);
#2436=IFCLOCALPLACEMENT($,#2435);
#2437=IFCWALL('0qA5LSg7LBmPvjjVxzaLKo',$,'L1|ONEBR_A',$,$,#2458,#2448,$,$);
#2438=IFCCARTESIANPOINTLIST2D(((0.,0.),(0.,150.),(10363.200000000001,150.),(10363.200000000001,0.),(0.,0.)));
#2439=IFCINDEXEDPOLYCURVE(#2438,$,.F.);
#2440=IFCDIRECTION((0.,0.,1.));
#2441=IFCARBITRARYCLOSEDPROFILEDEF(.AREA.,$,#2439);
#2442=IFCCARTESIANPOINT((0.,0.,0.));
#2443=IFCDIRECTION((0.,0.,1.));
#2444=IFCDIRECTION((1.,0.,0.));
#2445=IFCAXIS2PLACEMENT3D(#2442,#2443,#2444);
#2446=IFCEXTRUDEDAREASOLID(#2441,#2445,#2440,4267.1999999999998);
#2447=IFCSHAPEREPRESENTATION(#11,'Body','SweptSolid',(#2446));
#2448=IFCPRODUCTDEFINITIONSHAPE($,$,(#2447));
#2454=IFCCARTESIANPOINT((30480.,41757.600000000006,0.));
#2455=IFCDIRECTION((0.,0.,1.));
#2456=IFCDIRECTION((1.,0.,0.));
#2457=IFCAXIS2PLACEMENT3D(#2454,#2455,#2456);
#2458=IFCLOCALPLACEMENT($,#2457);
#2459=IFCWALL('2tdgVUKhj1shOWhbGCRVYc',$,'L1|ONEBR_A',$,$,#2480,#2470,$,$);
#2460=IFCCARTESIANPOINTLIST2D(((0.,0.),(0.,150.),(10363.200000000001,150.),(10363.200000000001,0.),(0.,0.)));
#2461=IFCINDEXEDPOLYCURVE(#2460,$,.F.);
#2462=IFCDIRECTION((0.,0.,1.));
#2463=IFCARBITRARYCLOSEDPROFILEDEF(.AREA.,$,#2461);
#2464=IFCCARTESIANPOINT((0.,0.,0.));
#2465=IFCDIRECTION((0.,0.,1.));
#2466=IFCDIRECTION((1.,0.,0.));
#2467=IFCAXIS2PLACEMENT3D(#2464,#2465,#2466);
#2468=IFCEXTRUDEDAREASOLID(#2463,#2467,#2462,4267.1999999999998);
#2469=IFCSHAPEREPRESENTATION(#11,'Body','SweptSolid',(#2468));
#2470=IFCPRODUCTDEFINITIONSHAPE($,$,(#2469));
#2476=IFCCARTESIANPOINT((30480.,50901.599999999999,0.));
#2477=IFCDIRECTION((0.,0.,1.));
#2478=IFCDIRECTION((1.,0.,0.));
#2479=IFCAXIS2PLACEMENT3D(#2476,#2477,#2478);
#2480=IFCLOCALPLACEMENT($,#2479);
#2481=IFCWALL('20BcCYcrPEK9LdkXv9INpJ',$,'L1|ONEBR_A',$,$,#2502,#2492,$,$);
#2482=IFCCARTESIANPOINTLIST2D(((0.,0.),(0.,150.),(9144.,150.),(9144.,0.),(0.,0.)));
#2483=IFCINDEXEDPOLYCURVE(#2482,$,.F.);
#2484=IFCDIRECTION((0.,0.,1.));
#2485=IFCARBITRARYCLOSEDPROFILEDEF(.AREA.,$,#2483);
#2486=IFCCARTESIANPOINT((0.,0.,0.));
#2487=IFCDIRECTION((0.,0.,1.));
#2488=IFCDIRECTION((1.,0.,0.));
#2489=IFCAXIS2PLACEMENT3D(#2486,#2487,#2488);
#2490=IFCEXTRUDEDAREASOLID(#2485,#2489,#2484,4267.1999999999998);
#2491=IFCSHAPEREPRESENTATION(#11,'Body','SweptSolid',(#2490));
#2492=IFCPRODUCTDEFINITIONSHAPE($,$,(#2491));
#2498=IFCCARTESIANPOINT((30480.,41757.600000000006,0.));
#2499=IFCDIRECTION((0.,0.,1.));
#2500=IFCDIRECTION((6.123233995736766E-17,1.,0.));
#2501=IFCAXIS2PLACEMENT3D(#2498,#2499,#2500);
#2502=IFCLOCALPLACEMENT($,#2501);
#2503=IFCWALL('3qTZWL$HX4$w6JABFiw7Gs',$,'L1|ONEBR_A',$,$,#2524,#2514,$,$);
#2504=IFCCARTESIANPOINTLIST2D(((0.,0.),(0.,150.),(9144.,150.),(9144.,0.),(0.,0.)));
#2505=IFCINDEXEDPOLYCURVE(#2504,$,.F.);
#2506=IFCDIRECTION((0.,0.,1.));
#2507=IFCARBITRARYCLOSEDPROFILEDEF(.AREA.,$,#2505);
#2508=IFCCARTESIANPOINT((0.,0.,0.));
#2509=IFCDIRECTION((0.,0.,1.));
#2510=IFCDIRECTION((1.,0.,0.));
#2511=IFCAXIS2PLACEMENT3D(#2508,#2509,#2510);
#2512=IFCEXTRUDEDAREASOLID(#2507,#2511,#2506,4267.1999999999998);
#2513=IFCSHAPEREPRESENTATION(#11,'Body','SweptSolid',(#2512));
#2514=IFCPRODUCTDEFINITIONSHAPE($,$,(#2513));
#2520=IFCCARTESIANPOINT((40843.200000000004,41757.600000000006,0.));
#2521=IFCDIRECTION((0.,0.,1.));
#2522=IFCDIRECTION((6.123233995736766E-17,1.,0.));
#2523=IFCAXIS2PLACEMENT3D(#2520,#2521,#2522);
#2524=IFCLOCALPLACEMENT($,#2523);
#2525=IFCWALL('3JH7z7pRf6IAH9zkfZBtwl',$,'L1|ONEBR_A',$,$,#2546,#2536,$,$);
#2526=IFCCARTESIANPOINTLIST2D(((0.,0.),(0.,150.),(10363.200000000001,150.),(10363.200000000001,0.),(0.,0.)));
#2527=IFCINDEXEDPOLYCURVE(#2526,$,.F.);
#2528=IFCDIRECTION((0.,0.,1.));
#2529=IFCARBITRARYCLOSEDPROFILEDEF(.AREA.,$,#2527);
#2530=IFCCARTESIANPOINT((0.,0.,0.));
#2531=IFCDIRECTION((0.,0.,1.));
#2532=IFCDIRECTION((1.,0.,0.));
#2533=IFCAXIS2PLACEMENT3D(#2530,#2531,#2532);
#2534=IFCEXTRUDEDAREASOLID(#2529,#2533,#2528,4267.1999999999998);
#2535=IFCSHAPEREPRESENTATION(#11,'Body','SweptSolid',(#2534));
#2536=IFCPRODUCTDEFINITIONSHAPE($,$,(#2535));
#2542=IFCCARTESIANPOINT((3657.6000000000004,46177.199999999997,0.));
#2543=IFCDIRECTION((0.,0.,1.));
#2544=IFCDIRECTION((1.,0.,0.));
#2545=IFCAXIS2PLACEMENT3D(#2542,#2543,#2544);
#2546=IFCLOCALPLACEMENT($,#2545);
#2547=IFCWALL('2VLMmh5sf6hOo$_8MKknhH',$,'L1|ONEBR_A',$,$,#2568,#2558,$,$);
#2548=IFCCARTESIANPOINTLIST2D(((0.,0.),(0.,150.),(10363.200000000001,150.),(10363.200000000001,0.),(0.,0.)));
#2549=IFCINDEXEDPOLYCURVE(#2548,$,.F.);
#2550=IFCDIRECTION((0.,0.,1.));
#2551=IFCARBITRARYCLOSEDPROFILEDEF(.AREA.,$,#2549);
#2552=IFCCARTESIANPOINT((0.,0.,0.));
#2553=IFCDIRECTION((0.,0.,1.));
#2554=IFCDIRECTION((1.,0.,0.));
#2555=IFCAXIS2PLACEMENT3D(#2552,#2553,#2554);
#2556=IFCEXTRUDEDAREASOLID(#2551,#2555,#2550,4267.1999999999998);
#2557=IFCSHAPEREPRESENTATION(#11,'Body','SweptSolid',(#2556));
#2558=IFCPRODUCTDEFINITIONSHAPE($,$,(#2557));
#2564=IFCCARTESIANPOINT((3657.6000000000004,55321.200000000004,0.));
#2565=IFCDIRECTION((0.,0.,1.));
#2566=IFCDIRECTION((1.,0.,0.));
#2567=IFCAXIS2PLACEMENT3D(#2564,#2565,#2566);
#2568=IFCLOCALPLACEMENT($,#2567);
#2569=IFCWALL('1TZ_qIUIz6zxm012yqJ_em',$,'L1|ONEBR_A',$,$,#2590,#2580,$,$);
#2570=IFCCARTESIANPOINTLIST2D(((0.,0.),(0.,150.),(9144.,150.),(9144.,0.),(0.,0.)));
#2571=IFCINDEXEDPOLYCURVE(#2570,$,.F.);
#2572=IFCDIRECTION((0.,0.,1.));
#2573=IFCARBITRARYCLOSEDPROFILEDEF(.AREA.,$,#2571);
#2574=IFCCARTESIANPOINT((0.,0.,0.));
#2575=IFCDIRECTION((0.,0.,1.));
#2576=IFCDIRECTION((1.,0.,0.));
#2577=IFCAXIS2PLACEMENT3D(#2574,#2575,#2576);
#2578=IFCEXTRUDEDAREASOLID(#2573,#2577,#2572,4267.1999999999998);
#2579=IFCSHAPEREPRESENTATION(#11,'Body','SweptSolid',(#2578));
#2580=IFCPRODUCTDEFINITIONSHAPE($,$,(#2579));
#2586=IFCCARTESIANPOINT((3657.6000000000004,46177.199999999997,0.));
#2587=IFCDIRECTION((0.,0.,1.));
#2588=IFCDIRECTION((6.123233995736766E-17,1.,0.));
#2589=IFCAXIS2PLACEMENT3D(#2586,#2587,#2588);
#2590=IFCLOCALPLACEMENT($,#2589);
#2591=IFCWALL('2MD8tmdifE2wqkd7ZJwEI2',$,'L1|ONEBR_A',$,$,#2612,#2602,$,$);
#2592=IFCCARTESIANPOINTLIST2D(((0.,0.),(0.,150.),(9144.,150.),(9144.,0.),(0.,0.)));
#2593=IFCINDEXEDPOLYCURVE(#2592,$,.F.);
#2594=IFCDIRECTION((0.,0.,1.));
#2595=IFCARBITRARYCLOSEDPROFILEDEF(.AREA.,$,#2593);
#2596=IFCCARTESIANPOINT((0.,0.,0.));
#2597=IFCDIRECTION((0.,0.,1.));
#2598=IFCDIRECTION((1.,0.,0.));
#2599=IFCAXIS2PLACEMENT3D(#2596,#2597,#2598);
#2600=IFCEXTRUDEDAREASOLID(#2595,#2599,#2594,4267.1999999999998);
#2601=IFCSHAPEREPRESENTATION(#11,'Body','SweptSolid',(#2600));
#2602=IFCPRODUCTDEFINITIONSHAPE($,$,(#2601));
#2608=IFCCARTESIANPOINT((14020.800000000001,46177.199999999997,0.));
#2609=IFCDIRECTION((0.,0.,1.));
#2610=IFCDIRECTION((6.123233995736766E-17,1.,0.));
#2611=IFCAXIS2PLACEMENT3D(#2608,#2609,#2610);
#2612=IFCLOCALPLACEMENT($,#2611);
#2613=IFCWALL('37CvKlHl12BwYeg1LVJ4yt',$,'L1|TWOBR_A',$,$,#2634,#2624,$,$);
#2614=IFCCARTESIANPOINTLIST2D(((0.,0.),(0.,150.),(10972.800000000001,150.),(10972.800000000001,0.),(0.,0.)));
#2615=IFCINDEXEDPOLYCURVE(#2614,$,.F.);
#2616=IFCDIRECTION((0.,0.,1.));
#2617=IFCARBITRARYCLOSEDPROFILEDEF(.AREA.,$,#2615);
#2618=IFCCARTESIANPOINT((0.,0.,0.));
#2619=IFCDIRECTION((0.,0.,1.));
#2620=IFCDIRECTION((1.,0.,0.));
#2621=IFCAXIS2PLACEMENT3D(#2618,#2619,#2620);
#2622=IFCEXTRUDEDAREASOLID(#2617,#2621,#2616,4267.1999999999998);
#2623=IFCSHAPEREPRESENTATION(#11,'Body','SweptSolid',(#2622));
#2624=IFCPRODUCTDEFINITIONSHAPE($,$,(#2623));
#2630=IFCCARTESIANPOINT((42672.,47244.,0.));
#2631=IFCDIRECTION((0.,0.,1.));
#2632=IFCDIRECTION((1.,0.,0.));
#2633=IFCAXIS2PLACEMENT3D(#2630,#2631,#2632);
#2634=IFCLOCALPLACEMENT($,#2633);
#2635=IFCWALL('24Ybjuvnn0leQ2PgkYnaqg',$,'L1|TWOBR_A',$,$,#2656,#2646,$,$);
#2636=IFCCARTESIANPOINTLIST2D(((0.,0.),(0.,150.),(10972.800000000001,150.),(10972.800000000001,0.),(0.,0.)));
#2637=IFCINDEXEDPOLYCURVE(#2636,$,.F.);
#2638=IFCDIRECTION((0.,0.,1.));
#2639=IFCARBITRARYCLOSEDPROFILEDEF(.AREA.,$,#2637);
#2640=IFCCARTESIANPOINT((0.,0.,0.));
#2641=IFCDIRECTION((0.,0.,1.));
#2642=IFCDIRECTION((1.,0.,0.));
#2643=IFCAXIS2PLACEMENT3D(#2640,#2641,#2642);
#2644=IFCEXTRUDEDAREASOLID(#2639,#2643,#2638,4267.1999999999998);
#2645=IFCSHAPEREPRESENTATION(#11,'Body','SweptSolid',(#2644));
#2646=IFCPRODUCTDEFINITIONSHAPE($,$,(#2645));
#2652=IFCCARTESIANPOINT((42672.,57607.200000000004,0.));
#2653=IFCDIRECTION((0.,0.,1.));
#2654=IFCDIRECTION((1.,0.,0.));
#2655=IFCAXIS2PLACEMENT3D(#2652,#2653,#2654);
#2656=IFCLOCALPLACEMENT($,#2655);
#2657=IFCWALL('1ipoWHeIT0ghKCnob9o_jr',$,'L1|TWOBR_A',$,$,#2678,#2668,$,$);
#2658=IFCCARTESIANPOINTLIST2D(((0.,0.),(0.,150.),(10363.200000000001,150.),(10363.200000000001,0.),(0.,0.)));
#2659=IFCINDEXEDPOLYCURVE(#2658,$,.F.);
#2660=IFCDIRECTION((0.,0.,1.));
#2661=IFCARBITRARYCLOSEDPROFILEDEF(.AREA.,$,#2659);
#2662=IFCCARTESIANPOINT((0.,0.,0.));
#2663=IFCDIRECTION((0.,0.,1.));
#2664=IFCDIRECTION((1.,0.,0.));
#2665=IFCAXIS2PLACEMENT3D(#2662,#2663,#2664);
#2666=IFCEXTRUDEDAREASOLID(#2661,#2665,#2660,4267.1999999999998);
#2667=IFCSHAPEREPRESENTATION(#11,'Body','SweptSolid',(#2666));
#2668=IFCPRODUCTDEFINITIONSHAPE($,$,(#2667));
#2674=IFCCARTESIANPOINT((42672.,47244.,0.));
#2675=IFCDIRECTION((0.,0.,1.));
#2676=IFCDIRECTION((6.123233995736766E-17,1.,0.));
#2677=IFCAXIS2PLACEMENT3D(#2674,#2675,#2676);
#2678=IFCLOCALPLACEMENT($,#2677);
#2679=IFCWALL('2lpEZgeq17x8PLUwfgvCeU',$,'L1|TWOBR_A',$,$,#2700,#2690,$,$);
#2680=IFCCARTESIANPOINTLIST2D(((0.,0.),(0.,150.),(10363.200000000001,150.),(10363.200000000001,0.),(0.,0.)));
#2681=IFCINDEXEDPOLYCURVE(#2680,$,.F.);
#2682=IFCDIRECTION((0.,0.,1.));
#2683=IFCARBITRARYCLOSEDPROFILEDEF(.AREA.,$,#2681);
#2684=IFCCARTESIANPOINT((0.,0.,0.));
#2685=IFCDIRECTION((0.,0.,1.));
#2686=IFCDIRECTION((1.,0.,0.));
#2687=IFCAXIS2PLACEMENT3D(#2684,#2685,#2686);
#2688=IFCEXTRUDEDAREASOLID(#2683,#2687,#2682,4267.1999999999998);
#2689=IFCSHAPEREPRESENTATION(#11,'Body','SweptSolid',(#2688));
#2690=IFCPRODUCTDEFINITIONSHAPE($,$,(#2689));
#2696=IFCCARTESIANPOINT((53644.800000000003,47244.,0.));
#2697=IFCDIRECTION((0.,0.,1.));
#2698=IFCDIRECTION((6.123233995736766E-17,1.,0.));
#2699=IFCAXIS2PLACEMENT3D(#2696,#2697,#2698);
#2700=IFCLOCALPLACEMENT($,#2699);
#2701=IFCWALL('00KhJmy794FAEBSAoaLgRa',$,'L1|STUDIO_A',$,$,#2722,#2712,$,$);
#2702=IFCCARTESIANPOINTLIST2D(((0.,0.),(0.,150.),(9753.6000000000004,150.),(9753.6000000000004,0.),(0.,0.)));
#2703=IFCINDEXEDPOLYCURVE(#2702,$,.F.);
#2704=IFCDIRECTION((0.,0.,1.));
#2705=IFCARBITRARYCLOSEDPROFILEDEF(.AREA.,$,#2703);
#2706=IFCCARTESIANPOINT((0.,0.,0.));
#2707=IFCDIRECTION((0.,0.,1.));
#2708=IFCDIRECTION((1.,0.,0.));
#2709=IFCAXIS2PLACEMENT3D(#2706,#2707,#2708);
#2710=IFCEXTRUDEDAREASOLID(#2705,#2709,#2704,4267.1999999999998);
#2711=IFCSHAPEREPRESENTATION(#11,'Body','SweptSolid',(#2710));
#2712=IFCPRODUCTDEFINITIONSHAPE($,$,(#2711));
#2718=IFCCARTESIANPOINT((15849.6,48463.199999999997,0.));
#2719=IFCDIRECTION((0.,0.,1.));
#2720=IFCDIRECTION((1.,0.,0.));
#2721=IFCAXIS2PLACEMENT3D(#2718,#2719,#2720);
#2722=IFCLOCALPLACEMENT($,#2721);
#2723=IFCWALL('3oqWfrq$vFlwgBrRoVLsxx',$,'L1|STUDIO_A',$,$,#2744,#2734,$,$);
#2724=IFCCARTESIANPOINTLIST2D(((0.,0.),(0.,150.),(9753.6000000000004,150.),(9753.6000000000004,0.),(0.,0.)));
#2725=IFCINDEXEDPOLYCURVE(#2724,$,.F.);
#2726=IFCDIRECTION((0.,0.,1.));
#2727=IFCARBITRARYCLOSEDPROFILEDEF(.AREA.,$,#2725);
#2728=IFCCARTESIANPOINT((0.,0.,0.));
#2729=IFCDIRECTION((0.,0.,1.));
#2730=IFCDIRECTION((1.,0.,0.));
#2731=IFCAXIS2PLACEMENT3D(#2728,#2729,#2730);
#2732=IFCEXTRUDEDAREASOLID(#2727,#2731,#2726,4267.1999999999998);
#2733=IFCSHAPEREPRESENTATION(#11,'Body','SweptSolid',(#2732));
#2734=IFCPRODUCTDEFINITIONSHAPE($,$,(#2733));
#2740=IFCCARTESIANPOINT((15849.6,56388.000000000007,0.));
#2741=IFCDIRECTION((0.,0.,1.));
#2742=IFCDIRECTION((1.,0.,0.));
#2743=IFCAXIS2PLACEMENT3D(#2740,#2741,#2742);
#2744=IFCLOCALPLACEMENT($,#2743);
#2745=IFCWALL('1EcRcoMMrBJ9I6rGqvhoiI',$,'L1|STUDIO_A',$,$,#2766,#2756,$,$);
#2746=IFCCARTESIANPOINTLIST2D(((0.,0.),(0.,150.),(7924.8000000000002,150.),(7924.8000000000002,0.),(0.,0.)));
#2747=IFCINDEXEDPOLYCURVE(#2746,$,.F.);
#2748=IFCDIRECTION((0.,0.,1.));
#2749=IFCARBITRARYCLOSEDPROFILEDEF(.AREA.,$,#2747);
#2750=IFCCARTESIANPOINT((0.,0.,0.));
#2751=IFCDIRECTION((0.,0.,1.));
#2752=IFCDIRECTION((1.,0.,0.));
#2753=IFCAXIS2PLACEMENT3D(#2750,#2751,#2752);
#2754=IFCEXTRUDEDAREASOLID(#2749,#2753,#2748,4267.1999999999998);
#2755=IFCSHAPEREPRESENTATION(#11,'Body','SweptSolid',(#2754));
#2756=IFCPRODUCTDEFINITIONSHAPE($,$,(#2755));
#2762=IFCCARTESIANPOINT((15849.6,48463.199999999997,0.));
#2763=IFCDIRECTION((0.,0.,1.));
#2764=IFCDIRECTION((6.123233995736766E-17,1.,0.));
#2765=IFCAXIS2PLACEMENT3D(#2762,#2763,#2764);
#2766=IFCLOCALPLACEMENT($,#2765);
#2767=IFCWALL('3Obsc9jAnDAhtHeJc8p_lC',$,'L1|STUDIO_A',$,$,#2788,#2778,$,$);
#2768=IFCCARTESIANPOINTLIST2D(((0.,0.),(0.,150.),(7924.8000000000002,150.),(7924.8000000000002,0.),(0.,0.)));
#2769=IFCINDEXEDPOLYCURVE(#2768,$,.F.);
#2770=IFCDIRECTION((0.,0.,1.));
#2771=IFCARBITRARYCLOSEDPROFILEDEF(.AREA.,$,#2769);
#2772=IFCCARTESIANPOINT((0.,0.,0.));
#2773=IFCDIRECTION((0.,0.,1.));
#2774=IFCDIRECTION((1.,0.,0.));
#2775=IFCAXIS2PLACEMENT3D(#2772,#2773,#2774);
#2776=IFCEXTRUDEDAREASOLID(#2771,#2775,#2770,4267.1999999999998);
#2777=IFCSHAPEREPRESENTATION(#11,'Body','SweptSolid',(#2776));
#2778=IFCPRODUCTDEFINITIONSHAPE($,$,(#2777));
#2784=IFCCARTESIANPOINT((25603.200000000001,48463.199999999997,0.));
#2785=IFCDIRECTION((0.,0.,1.));
#2786=IFCDIRECTION((6.123233995736766E-17,1.,0.));
#2787=IFCAXIS2PLACEMENT3D(#2784,#2785,#2786);
#2788=IFCLOCALPLACEMENT($,#2787);
#2789=IFCWALL('32soqo5iL4hhWxhp5BrW2e',$,'L1|ONEBR_A',$,$,#2810,#2800,$,$);
#2790=IFCCARTESIANPOINTLIST2D(((0.,0.),(0.,150.),(10363.200000000001,150.),(10363.200000000001,0.),(0.,0.)));
#2791=IFCINDEXEDPOLYCURVE(#2790,$,.F.);
#2792=IFCDIRECTION((0.,0.,1.));
#2793=IFCARBITRARYCLOSEDPROFILEDEF(.AREA.,$,#2791);
#2794=IFCCARTESIANPOINT((0.,0.,0.));
#2795=IFCDIRECTION((0.,0.,1.));
#2796=IFCDIRECTION((1.,0.,0.));
#2797=IFCAXIS2PLACEMENT3D(#2794,#2795,#2796);
#2798=IFCEXTRUDEDAREASOLID(#2793,#2797,#2792,4267.1999999999998);
#2799=IFCSHAPEREPRESENTATION(#11,'Body','SweptSolid',(#2798));
#2800=IFCPRODUCTDEFINITIONSHAPE($,$,(#2799));
#2806=IFCCARTESIANPOINT((57302.400000000001,48463.199999999997,0.));
#2807=IFCDIRECTION((0.,0.,1.));
#2808=IFCDIRECTION((1.,0.,0.));
#2809=IFCAXIS2PLACEMENT3D(#2806,#2807,#2808);
#2810=IFCLOCALPLACEMENT($,#2809);
#2811=IFCWALL('00UR0HqfnFe88L6f238pos',$,'L1|ONEBR_A',$,$,#2832,#2822,$,$);
#2812=IFCCARTESIANPOINTLIST2D(((0.,0.),(0.,150.),(10363.200000000001,150.),(10363.200000000001,0.),(0.,0.)));
#2813=IFCINDEXEDPOLYCURVE(#2812,$,.F.);
#2814=IFCDIRECTION((0.,0.,1.));
#2815=IFCARBITRARYCLOSEDPROFILEDEF(.AREA.,$,#2813);
#2816=IFCCARTESIANPOINT((0.,0.,0.));
#2817=IFCDIRECTION((0.,0.,1.));
#2818=IFCDIRECTION((1.,0.,0.));
#2819=IFCAXIS2PLACEMENT3D(#2816,#2817,#2818);
#2820=IFCEXTRUDEDAREASOLID(#2815,#2819,#2814,4267.1999999999998);
#2821=IFCSHAPEREPRESENTATION(#11,'Body','SweptSolid',(#2820));
#2822=IFCPRODUCTDEFINITIONSHAPE($,$,(#2821));
#2828=IFCCARTESIANPOINT((57302.400000000001,57607.200000000004,0.));
#2829=IFCDIRECTION((0.,0.,1.));
#2830=IFCDIRECTION((1.,0.,0.));
#2831=IFCAXIS2PLACEMENT3D(#2828,#2829,#2830);
#2832=IFCLOCALPLACEMENT($,#2831);
#2833=IFCWALL('3v5jQ__Mn6QPi70P$DCrwP',$,'L1|ONEBR_A',$,$,#2854,#2844,$,$);
#2834=IFCCARTESIANPOINTLIST2D(((0.,0.),(0.,150.),(9144.,150.),(9144.,0.),(0.,0.)));
#2835=IFCINDEXEDPOLYCURVE(#2834,$,.F.);
#2836=IFCDIRECTION((0.,0.,1.));
#2837=IFCARBITRARYCLOSEDPROFILEDEF(.AREA.,$,#2835);
#2838=IFCCARTESIANPOINT((0.,0.,0.));
#2839=IFCDIRECTION((0.,0.,1.));
#2840=IFCDIRECTION((1.,0.,0.));
#2841=IFCAXIS2PLACEMENT3D(#2838,#2839,#2840);
#2842=IFCEXTRUDEDAREASOLID(#2837,#2841,#2836,4267.1999999999998);
#2843=IFCSHAPEREPRESENTATION(#11,'Body','SweptSolid',(#2842));
#2844=IFCPRODUCTDEFINITIONSHAPE($,$,(#2843));
#2850=IFCCARTESIANPOINT((57302.400000000001,48463.199999999997,0.));
#2851=IFCDIRECTION((0.,0.,1.));
#2852=IFCDIRECTION((6.123233995736766E-17,1.,0.));
#2853=IFCAXIS2PLACEMENT3D(#2850,#2851,#2852);
#2854=IFCLOCALPLACEMENT($,#2853);
#2855=IFCWALL('0hR6LNSRT79Qy6OAU86dPd',$,'L1|ONEBR_A',$,$,#2876,#2866,$,$);
#2856=IFCCARTESIANPOINTLIST2D(((0.,0.),(0.,150.),(9144.,150.),(9144.,0.),(0.,0.)));
#2857=IFCINDEXEDPOLYCURVE(#2856,$,.F.);
#2858=IFCDIRECTION((0.,0.,1.));
#2859=IFCARBITRARYCLOSEDPROFILEDEF(.AREA.,$,#2857);
#2860=IFCCARTESIANPOINT((0.,0.,0.));
#2861=IFCDIRECTION((0.,0.,1.));
#2862=IFCDIRECTION((1.,0.,0.));
#2863=IFCAXIS2PLACEMENT3D(#2860,#2861,#2862);
#2864=IFCEXTRUDEDAREASOLID(#2859,#2863,#2858,4267.1999999999998);
#2865=IFCSHAPEREPRESENTATION(#11,'Body','SweptSolid',(#2864));
#2866=IFCPRODUCTDEFINITIONSHAPE($,$,(#2865));
#2872=IFCCARTESIANPOINT((67665.599999999991,48463.199999999997,0.));
#2873=IFCDIRECTION((0.,0.,1.));
#2874=IFCDIRECTION((6.123233995736766E-17,1.,0.));
#2875=IFCAXIS2PLACEMENT3D(#2872,#2873,#2874);
#2876=IFCLOCALPLACEMENT($,#2875);
#2877=IFCWALL('3A$rfwCtrEExC2On3V438_',$,'L1|TWOBR_A',$,$,#2898,#2888,$,$);
#2878=IFCCARTESIANPOINTLIST2D(((0.,0.),(0.,150.),(10972.800000000001,150.),(10972.800000000001,0.),(0.,0.)));
#2879=IFCINDEXEDPOLYCURVE(#2878,$,.F.);
#2880=IFCDIRECTION((0.,0.,1.));
#2881=IFCARBITRARYCLOSEDPROFILEDEF(.AREA.,$,#2879);
#2882=IFCCARTESIANPOINT((0.,0.,0.));
#2883=IFCDIRECTION((0.,0.,1.));
#2884=IFCDIRECTION((1.,0.,0.));
#2885=IFCAXIS2PLACEMENT3D(#2882,#2883,#2884);
#2886=IFCEXTRUDEDAREASOLID(#2881,#2885,#2880,4267.1999999999998);
#2887=IFCSHAPEREPRESENTATION(#11,'Body','SweptSolid',(#2886));
#2888=IFCPRODUCTDEFINITIONSHAPE($,$,(#2887));
#2894=IFCCARTESIANPOINT((29870.399999999998,50901.599999999999,0.));
#2895=IFCDIRECTION((0.,0.,1.));
#2896=IFCDIRECTION((1.,0.,0.));
#2897=IFCAXIS2PLACEMENT3D(#2894,#2895,#2896);
#2898=IFCLOCALPLACEMENT($,#2897);
#2899=IFCWALL('3mbTh_z3z4OhpasDPrDACK',$,'L1|TWOBR_A',$,$,#2920,#2910,$,$);
#2900=IFCCARTESIANPOINTLIST2D(((0.,0.),(0.,150.),(10972.800000000001,150.),(10972.800000000001,0.),(0.,0.)));
#2901=IFCINDEXEDPOLYCURVE(#2900,$,.F.);
#2902=IFCDIRECTION((0.,0.,1.));
#2903=IFCARBITRARYCLOSEDPROFILEDEF(.AREA.,$,#2901);
#2904=IFCCARTESIANPOINT((0.,0.,0.));
#2905=IFCDIRECTION((0.,0.,1.));
#2906=IFCDIRECTION((1.,0.,0.));
#2907=IFCAXIS2PLACEMENT3D(#2904,#2905,#2906);
#2908=IFCEXTRUDEDAREASOLID(#2903,#2907,#2902,4267.1999999999998);
#2909=IFCSHAPEREPRESENTATION(#11,'Body','SweptSolid',(#2908));
#2910=IFCPRODUCTDEFINITIONSHAPE($,$,(#2909));
#2916=IFCCARTESIANPOINT((29870.399999999998,61264.800000000003,0.));
#2917=IFCDIRECTION((0.,0.,1.));
#2918=IFCDIRECTION((1.,0.,0.));
#2919=IFCAXIS2PLACEMENT3D(#2916,#2917,#2918);
#2920=IFCLOCALPLACEMENT($,#2919);
#2921=IFCWALL('3nBOt8am97Ief$znsLhd1o',$,'L1|TWOBR_A',$,$,#2942,#2932,$,$);
#2922=IFCCARTESIANPOINTLIST2D(((0.,0.),(0.,150.),(10363.200000000001,150.),(10363.200000000001,0.),(0.,0.)));
#2923=IFCINDEXEDPOLYCURVE(#2922,$,.F.);
#2924=IFCDIRECTION((0.,0.,1.));
#2925=IFCARBITRARYCLOSEDPROFILEDEF(.AREA.,$,#2923);
#2926=IFCCARTESIANPOINT((0.,0.,0.));
#2927=IFCDIRECTION((0.,0.,1.));
#2928=IFCDIRECTION((1.,0.,0.));
#2929=IFCAXIS2PLACEMENT3D(#2926,#2927,#2928);
#2930=IFCEXTRUDEDAREASOLID(#2925,#2929,#2924,4267.1999999999998);
#2931=IFCSHAPEREPRESENTATION(#11,'Body','SweptSolid',(#2930));
#2932=IFCPRODUCTDEFINITIONSHAPE($,$,(#2931));
#2938=IFCCARTESIANPOINT((29870.399999999998,50901.599999999999,0.));
#2939=IFCDIRECTION((0.,0.,1.));
#2940=IFCDIRECTION((6.123233995736766E-17,1.,0.));
#2941=IFCAXIS2PLACEMENT3D(#2938,#2939,#2940);
#2942=IFCLOCALPLACEMENT($,#2941);
#2943=IFCWALL('2VfhM37vr2Ju3bz0dj74d_',$,'L1|TWOBR_A',$,$,#2964,#2954,$,$);
#2944=IFCCARTESIANPOINTLIST2D(((0.,0.),(0.,150.),(10363.200000000001,150.),(10363.200000000001,0.),(0.,0.)));
#2945=IFCINDEXEDPOLYCURVE(#2944,$,.F.);
#2946=IFCDIRECTION((0.,0.,1.));
#2947=IFCARBITRARYCLOSEDPROFILEDEF(.AREA.,$,#2945);
#2948=IFCCARTESIANPOINT((0.,0.,0.));
#2949=IFCDIRECTION((0.,0.,1.));
#2950=IFCDIRECTION((1.,0.,0.));
#2951=IFCAXIS2PLACEMENT3D(#2948,#2949,#2950);
#2952=IFCEXTRUDEDAREASOLID(#2947,#2951,#2946,4267.1999999999998);
#2953=IFCSHAPEREPRESENTATION(#11,'Body','SweptSolid',(#2952));
#2954=IFCPRODUCTDEFINITIONSHAPE($,$,(#2953));
#2960=IFCCARTESIANPOINT((40843.200000000004,50901.599999999999,0.));
#2961=IFCDIRECTION((0.,0.,1.));
#2962=IFCDIRECTION((6.123233995736766E-17,1.,0.));
#2963=IFCAXIS2PLACEMENT3D(#2960,#2961,#2962);
#2964=IFCLOCALPLACEMENT($,#2963);
#2965=IFCWALL('3iRsP4r5D3$xZtZb76cZsd',$,'L1|ONEBR_A',$,$,#2986,#2976,$,$);
#2966=IFCCARTESIANPOINTLIST2D(((0.,0.),(0.,150.),(10363.200000000001,150.),(10363.200000000001,0.),(0.,0.)));
#2967=IFCINDEXEDPOLYCURVE(#2966,$,.F.);
#2968=IFCDIRECTION((0.,0.,1.));
#2969=IFCARBITRARYCLOSEDPROFILEDEF(.AREA.,$,#2967);
#2970=IFCCARTESIANPOINT((0.,0.,0.));
#2971=IFCDIRECTION((0.,0.,1.));
#2972=IFCDIRECTION((1.,0.,0.));
#2973=IFCAXIS2PLACEMENT3D(#2970,#2971,#2972);
#2974=IFCEXTRUDEDAREASOLID(#2969,#2973,#2968,4267.1999999999998);
#2975=IFCSHAPEREPRESENTATION(#11,'Body','SweptSolid',(#2974));
#2976=IFCPRODUCTDEFINITIONSHAPE($,$,(#2975));
#2982=IFCCARTESIANPOINT((69494.399999999994,50901.599999999999,0.));
#2983=IFCDIRECTION((0.,0.,1.));
#2984=IFCDIRECTION((1.,0.,0.));
#2985=IFCAXIS2PLACEMENT3D(#2982,#2983,#2984);
#2986=IFCLOCALPLACEMENT($,#2985);
#2987=IFCWALL('3UCnwpSub22ef3DbtsBdj4',$,'L1|ONEBR_A',$,$,#3008,#2998,$,$);
#2988=IFCCARTESIANPOINTLIST2D(((0.,0.),(0.,150.),(10363.200000000001,150.),(10363.200000000001,0.),(0.,0.)));
#2989=IFCINDEXEDPOLYCURVE(#2988,$,.F.);
#2990=IFCDIRECTION((0.,0.,1.));
#2991=IFCARBITRARYCLOSEDPROFILEDEF(.AREA.,$,#2989);
#2992=IFCCARTESIANPOINT((0.,0.,0.));
#2993=IFCDIRECTION((0.,0.,1.));
#2994=IFCDIRECTION((1.,0.,0.));
#2995=IFCAXIS2PLACEMENT3D(#2992,#2993,#2994);
#2996=IFCEXTRUDEDAREASOLID(#2991,#2995,#2990,4267.1999999999998);
#2997=IFCSHAPEREPRESENTATION(#11,'Body','SweptSolid',(#2996));
#2998=IFCPRODUCTDEFINITIONSHAPE($,$,(#2997));
#3004=IFCCARTESIANPOINT((69494.399999999994,60045.599999999999,0.));
#3005=IFCDIRECTION((0.,0.,1.));
#3006=IFCDIRECTION((1.,0.,0.));
#3007=IFCAXIS2PLACEMENT3D(#3004,#3005,#3006);
#3008=IFCLOCALPLACEMENT($,#3007);
#3009=IFCWALL('2vQJnjuynCJgfqZox7ERhi',$,'L1|ONEBR_A',$,$,#3030,#3020,$,$);
#3010=IFCCARTESIANPOINTLIST2D(((0.,0.),(0.,150.),(9144.,150.),(9144.,0.),(0.,0.)));
#3011=IFCINDEXEDPOLYCURVE(#3010,$,.F.);
#3012=IFCDIRECTION((0.,0.,1.));
#3013=IFCARBITRARYCLOSEDPROFILEDEF(.AREA.,$,#3011);
#3014=IFCCARTESIANPOINT((0.,0.,0.));
#3015=IFCDIRECTION((0.,0.,1.));
#3016=IFCDIRECTION((1.,0.,0.));
#3017=IFCAXIS2PLACEMENT3D(#3014,#3015,#3016);
#3018=IFCEXTRUDEDAREASOLID(#3013,#3017,#3012,4267.1999999999998);
#3019=IFCSHAPEREPRESENTATION(#11,'Body','SweptSolid',(#3018));
#3020=IFCPRODUCTDEFINITIONSHAPE($,$,(#3019));
#3026=IFCCARTESIANPOINT((69494.399999999994,50901.599999999999,0.));
#3027=IFCDIRECTION((0.,0.,1.));
#3028=IFCDIRECTION((6.123233995736766E-17,1.,0.));
#3029=IFCAXIS2PLACEMENT3D(#3026,#3027,#3028);
#3030=IFCLOCALPLACEMENT($,#3029);
#3031=IFCWALL('0xNsdPC85DqOAwMGt2rVNB',$,'L1|ONEBR_A',$,$,#3052,#3042,$,$);
#3032=IFCCARTESIANPOINTLIST2D(((0.,0.),(0.,150.),(9144.,150.),(9144.,0.),(0.,0.)));
#3033=IFCINDEXEDPOLYCURVE(#3032,$,.F.);
#3034=IFCDIRECTION((0.,0.,1.));
#3035=IFCARBITRARYCLOSEDPROFILEDEF(.AREA.,$,#3033);
#3036=IFCCARTESIANPOINT((0.,0.,0.));
#3037=IFCDIRECTION((0.,0.,1.));
#3038=IFCDIRECTION((1.,0.,0.));
#3039=IFCAXIS2PLACEMENT3D(#3036,#3037,#3038);
#3040=IFCEXTRUDEDAREASOLID(#3035,#3039,#3034,4267.1999999999998);
#3041=IFCSHAPEREPRESENTATION(#11,'Body','SweptSolid',(#3040));
#3042=IFCPRODUCTDEFINITIONSHAPE($,$,(#3041));
#3048=IFCCARTESIANPOINT((79857.600000000006,50901.599999999999,0.));
#3049=IFCDIRECTION((0.,0.,1.));
#3050=IFCDIRECTION((6.123233995736766E-17,1.,0.));
#3051=IFCAXIS2PLACEMENT3D(#3048,#3049,#3050);
#3052=IFCLOCALPLACEMENT($,#3051);
#3053=IFCWALL('2x7v6W$8n9Kg8UdQxMnpm2',$,'L1|TWOBR_A',$,$,#3074,#3064,$,$);
#3054=IFCCARTESIANPOINTLIST2D(((0.,0.),(0.,150.),(10972.800000000001,150.),(10972.800000000001,0.),(0.,0.)));
#3055=IFCINDEXEDPOLYCURVE(#3054,$,.F.);
#3056=IFCDIRECTION((0.,0.,1.));
#3057=IFCARBITRARYCLOSEDPROFILEDEF(.AREA.,$,#3055);
#3058=IFCCARTESIANPOINT((0.,0.,0.));
#3059=IFCDIRECTION((0.,0.,1.));
#3060=IFCDIRECTION((1.,0.,0.));
#3061=IFCAXIS2PLACEMENT3D(#3058,#3059,#3060);
#3062=IFCEXTRUDEDAREASOLID(#3057,#3061,#3056,4267.1999999999998);
#3063=IFCSHAPEREPRESENTATION(#11,'Body','SweptSolid',(#3062));
#3064=IFCPRODUCTDEFINITIONSHAPE($,$,(#3063));
#3070=IFCCARTESIANPOINT((3048.,55321.200000000004,0.));
#3071=IFCDIRECTION((0.,0.,1.));
#3072=IFCDIRECTION((1.,0.,0.));
#3073=IFCAXIS2PLACEMENT3D(#3070,#3071,#3072);
#3074=IFCLOCALPLACEMENT($,#3073);
#3075=IFCWALL('3h2YGoRNf1u8IhBqGLfHv4',$,'L1|TWOBR_A',$,$,#3096,#3086,$,$);
#3076=IFCCARTESIANPOINTLIST2D(((0.,0.),(0.,150.),(10972.800000000001,150.),(10972.800000000001,0.),(0.,0.)));
#3077=IFCINDEXEDPOLYCURVE(#3076,$,.F.);
#3078=IFCDIRECTION((0.,0.,1.));
#3079=IFCARBITRARYCLOSEDPROFILEDEF(.AREA.,$,#3077);
#3080=IFCCARTESIANPOINT((0.,0.,0.));
#3081=IFCDIRECTION((0.,0.,1.));
#3082=IFCDIRECTION((1.,0.,0.));
#3083=IFCAXIS2PLACEMENT3D(#3080,#3081,#3082);
#3084=IFCEXTRUDEDAREASOLID(#3079,#3083,#3078,4267.1999999999998);
#3085=IFCSHAPEREPRESENTATION(#11,'Body','SweptSolid',(#3084));
#3086=IFCPRODUCTDEFINITIONSHAPE($,$,(#3085));
#3092=IFCCARTESIANPOINT((3048.,65684.399999999994,0.));
#3093=IFCDIRECTION((0.,0.,1.));
#3094=IFCDIRECTION((1.,0.,0.));
#3095=IFCAXIS2PLACEMENT3D(#3092,#3093,#3094);
#3096=IFCLOCALPLACEMENT($,#3095);
#3097=IFCWALL('3$RV0oxyzCXeFitdnHN7wG',$,'L1|TWOBR_A',$,$,#3118,#3108,$,$);
#3098=IFCCARTESIANPOINTLIST2D(((0.,0.),(0.,150.),(10363.200000000001,150.),(10363.200000000001,0.),(0.,0.)));
#3099=IFCINDEXEDPOLYCURVE(#3098,$,.F.);
#3100=IFCDIRECTION((0.,0.,1.));
#3101=IFCARBITRARYCLOSEDPROFILEDEF(.AREA.,$,#3099);
#3102=IFCCARTESIANPOINT((0.,0.,0.));
#3103=IFCDIRECTION((0.,0.,1.));
#3104=IFCDIRECTION((1.,0.,0.));
#3105=IFCAXIS2PLACEMENT3D(#3102,#3103,#3104);
#3106=IFCEXTRUDEDAREASOLID(#3101,#3105,#3100,4267.1999999999998);
#3107=IFCSHAPEREPRESENTATION(#11,'Body','SweptSolid',(#3106));
#3108=IFCPRODUCTDEFINITIONSHAPE($,$,(#3107));
#3114=IFCCARTESIANPOINT((3048.,55321.200000000004,0.));
#3115=IFCDIRECTION((0.,0.,1.));
#3116=IFCDIRECTION((6.123233995736766E-17,1.,0.));
#3117=IFCAXIS2PLACEMENT3D(#3114,#3115,#3116);
#3118=IFCLOCALPLACEMENT($,#3117);
#3119=IFCWALL('0GqCKO_Gj3cR8lKxGhWrS0',$,'L1|TWOBR_A',$,$,#3140,#3130,$,$);
#3120=IFCCARTESIANPOINTLIST2D(((0.,0.),(0.,150.),(10363.200000000001,150.),(10363.200000000001,0.),(0.,0.)));
#3121=IFCINDEXEDPOLYCURVE(#3120,$,.F.);
#3122=IFCDIRECTION((0.,0.,1.));
#3123=IFCARBITRARYCLOSEDPROFILEDEF(.AREA.,$,#3121);
#3124=IFCCARTESIANPOINT((0.,0.,0.));
#3125=IFCDIRECTION((0.,0.,1.));
#3126=IFCDIRECTION((1.,0.,0.));
#3127=IFCAXIS2PLACEMENT3D(#3124,#3125,#3126);
#3128=IFCEXTRUDEDAREASOLID(#3123,#3127,#3122,4267.1999999999998);
#3129=IFCSHAPEREPRESENTATION(#11,'Body','SweptSolid',(#3128));
#3130=IFCPRODUCTDEFINITIONSHAPE($,$,(#3129));
#3136=IFCCARTESIANPOINT((14020.800000000001,55321.200000000004,0.));
#3137=IFCDIRECTION((0.,0.,1.));
#3138=IFCDIRECTION((6.123233995736766E-17,1.,0.));
#3139=IFCAXIS2PLACEMENT3D(#3136,#3137,#3138);
#3140=IFCLOCALPLACEMENT($,#3139);
#3141=IFCWALL('00keQTo4j5FQIWMxtB5iEb',$,'L1|STUDIO_A',$,$,#3162,#3152,$,$);
#3142=IFCCARTESIANPOINTLIST2D(((0.,0.),(0.,150.),(9753.6000000000004,150.),(9753.6000000000004,0.),(0.,0.)));
#3143=IFCINDEXEDPOLYCURVE(#3142,$,.F.);
#3144=IFCDIRECTION((0.,0.,1.));
#3145=IFCARBITRARYCLOSEDPROFILEDEF(.AREA.,$,#3143);
#3146=IFCCARTESIANPOINT((0.,0.,0.));
#3147=IFCDIRECTION((0.,0.,1.));
#3148=IFCDIRECTION((1.,0.,0.));
#3149=IFCAXIS2PLACEMENT3D(#3146,#3147,#3148);
#3150=IFCEXTRUDEDAREASOLID(#3145,#3149,#3144,4267.1999999999998);
#3151=IFCSHAPEREPRESENTATION(#11,'Body','SweptSolid',(#3150));
#3152=IFCPRODUCTDEFINITIONSHAPE($,$,(#3151));
#3158=IFCCARTESIANPOINT((15849.6,56388.000000000007,0.));
#3159=IFCDIRECTION((0.,0.,1.));
#3160=IFCDIRECTION((1.,0.,0.));
#3161=IFCAXIS2PLACEMENT3D(#3158,#3159,#3160);
#3162=IFCLOCALPLACEMENT($,#3161);
#3163=IFCWALL('0DxQXeccf5IefsQM4u89rj',$,'L1|STUDIO_A',$,$,#3184,#3174,$,$);
#3164=IFCCARTESIANPOINTLIST2D(((0.,0.),(0.,150.),(9753.6000000000004,150.),(9753.6000000000004,0.),(0.,0.)));
#3165=IFCINDEXEDPOLYCURVE(#3164,$,.F.);
#3166=IFCDIRECTION((0.,0.,1.));
#3167=IFCARBITRARYCLOSEDPROFILEDEF(.AREA.,$,#3165);
#3168=IFCCARTESIANPOINT((0.,0.,0.));
#3169=IFCDIRECTION((0.,0.,1.));
#3170=IFCDIRECTION((1.,0.,0.));
#3171=IFCAXIS2PLACEMENT3D(#3168,#3169,#3170);
#3172=IFCEXTRUDEDAREASOLID(#3167,#3171,#3166,4267.1999999999998);
#3173=IFCSHAPEREPRESENTATION(#11,'Body','SweptSolid',(#3172));
#3174=IFCPRODUCTDEFINITIONSHAPE($,$,(#3173));
#3180=IFCCARTESIANPOINT((15849.6,64312.80000000001,0.));
#3181=IFCDIRECTION((0.,0.,1.));
#3182=IFCDIRECTION((1.,0.,0.));
#3183=IFCAXIS2PLACEMENT3D(#3180,#3181,#3182);
#3184=IFCLOCALPLACEMENT($,#3183);
#3185=IFCWALL('0lDgLCjZzAGvpeUqZ3j4Qv',$,'L1|STUDIO_A',$,$,#3206,#3196,$,$);
#3186=IFCCARTESIANPOINTLIST2D(((0.,0.),(0.,150.),(7924.8000000000002,150.),(7924.8000000000002,0.),(0.,0.)));
#3187=IFCINDEXEDPOLYCURVE(#3186,$,.F.);
#3188=IFCDIRECTION((0.,0.,1.));
#3189=IFCARBITRARYCLOSEDPROFILEDEF(.AREA.,$,#3187);
#3190=IFCCARTESIANPOINT((0.,0.,0.));
#3191=IFCDIRECTION((0.,0.,1.));
#3192=IFCDIRECTION((1.,0.,0.));
#3193=IFCAXIS2PLACEMENT3D(#3190,#3191,#3192);
#3194=IFCEXTRUDEDAREASOLID(#3189,#3193,#3188,4267.1999999999998);
#3195=IFCSHAPEREPRESENTATION(#11,'Body','SweptSolid',(#3194));
#3196=IFCPRODUCTDEFINITIONSHAPE($,$,(#3195));
#3202=IFCCARTESIANPOINT((15849.6,56388.000000000007,0.));
#3203=IFCDIRECTION((0.,0.,1.));
#3204=IFCDIRECTION((6.123233995736766E-17,1.,0.));
#3205=IFCAXIS2PLACEMENT3D(#3202,#3203,#3204);
#3206=IFCLOCALPLACEMENT($,#3205);
#3207=IFCWALL('39LciIOhf0Wu5qbJCST$iI',$,'L1|STUDIO_A',$,$,#3228,#3218,$,$);
#3208=IFCCARTESIANPOINTLIST2D(((0.,0.),(0.,150.),(7924.8000000000002,150.),(7924.8000000000002,0.),(0.,0.)));
#3209=IFCINDEXEDPOLYCURVE(#3208,$,.F.);
#3210=IFCDIRECTION((0.,0.,1.));
#3211=IFCARBITRARYCLOSEDPROFILEDEF(.AREA.,$,#3209);
#3212=IFCCARTESIANPOINT((0.,0.,0.));
#3213=IFCDIRECTION((0.,0.,1.));
#3214=IFCDIRECTION((1.,0.,0.));
#3215=IFCAXIS2PLACEMENT3D(#3212,#3213,#3214);
#3216=IFCEXTRUDEDAREASOLID(#3211,#3215,#3210,4267.1999999999998);
#3217=IFCSHAPEREPRESENTATION(#11,'Body','SweptSolid',(#3216));
#3218=IFCPRODUCTDEFINITIONSHAPE($,$,(#3217));
#3224=IFCCARTESIANPOINT((25603.200000000001,56388.000000000007,0.));
#3225=IFCDIRECTION((0.,0.,1.));
#3226=IFCDIRECTION((6.123233995736766E-17,1.,0.));
#3227=IFCAXIS2PLACEMENT3D(#3224,#3225,#3226);
#3228=IFCLOCALPLACEMENT($,#3227);
#3229=IFCWALL('0u8wi8tSrBEgAfmjCa4FZx',$,'L1|ONEBR_A',$,$,#3250,#3240,$,$);
#3230=IFCCARTESIANPOINTLIST2D(((0.,0.),(0.,150.),(10363.200000000001,150.),(10363.200000000001,0.),(0.,0.)));
#3231=IFCINDEXEDPOLYCURVE(#3230,$,.F.);
#3232=IFCDIRECTION((0.,0.,1.));
#3233=IFCARBITRARYCLOSEDPROFILEDEF(.AREA.,$,#3231);
#3234=IFCCARTESIANPOINT((0.,0.,0.));
#3235=IFCDIRECTION((0.,0.,1.));
#3236=IFCDIRECTION((1.,0.,0.));
#3237=IFCAXIS2PLACEMENT3D(#3234,#3235,#3236);
#3238=IFCEXTRUDEDAREASOLID(#3233,#3237,#3232,4267.1999999999998);
#3239=IFCSHAPEREPRESENTATION(#11,'Body','SweptSolid',(#3238));
#3240=IFCPRODUCTDEFINITIONSHAPE($,$,(#3239));
#3246=IFCCARTESIANPOINT((42672.,57607.200000000004,0.));
#3247=IFCDIRECTION((0.,0.,1.));
#3248=IFCDIRECTION((1.,0.,0.));
#3249=IFCAXIS2PLACEMENT3D(#3246,#3247,#3248);
#3250=IFCLOCALPLACEMENT($,#3249);
#3251=IFCWALL('3S0VmrZLzAKwJUdAkjwXbp',$,'L1|ONEBR_A',$,$,#3272,#3262,$,$);
#3252=IFCCARTESIANPOINTLIST2D(((0.,0.),(0.,150.),(10363.200000000001,150.),(10363.200000000001,0.),(0.,0.)));
#3253=IFCINDEXEDPOLYCURVE(#3252,$,.F.);
#3254=IFCDIRECTION((0.,0.,1.));
#3255=IFCARBITRARYCLOSEDPROFILEDEF(.AREA.,$,#3253);
#3256=IFCCARTESIANPOINT((0.,0.,0.));
#3257=IFCDIRECTION((0.,0.,1.));
#3258=IFCDIRECTION((1.,0.,0.));
#3259=IFCAXIS2PLACEMENT3D(#3256,#3257,#3258);
#3260=IFCEXTRUDEDAREASOLID(#3255,#3259,#3254,4267.1999999999998);
#3261=IFCSHAPEREPRESENTATION(#11,'Body','SweptSolid',(#3260));
#3262=IFCPRODUCTDEFINITIONSHAPE($,$,(#3261));
#3268=IFCCARTESIANPOINT((42672.,66751.199999999997,0.));
#3269=IFCDIRECTION((0.,0.,1.));
#3270=IFCDIRECTION((1.,0.,0.));
#3271=IFCAXIS2PLACEMENT3D(#3268,#3269,#3270);
#3272=IFCLOCALPLACEMENT($,#3271);
#3273=IFCWALL('2qprsQGR59Xgl1vKGxRSPY',$,'L1|ONEBR_A',$,$,#3294,#3284,$,$);
#3274=IFCCARTESIANPOINTLIST2D(((0.,0.),(0.,150.),(9144.,150.),(9144.,0.),(0.,0.)));
#3275=IFCINDEXEDPOLYCURVE(#3274,$,.F.);
#3276=IFCDIRECTION((0.,0.,1.));
#3277=IFCARBITRARYCLOSEDPROFILEDEF(.AREA.,$,#3275);
#3278=IFCCARTESIANPOINT((0.,0.,0.));
#3279=IFCDIRECTION((0.,0.,1.));
#3280=IFCDIRECTION((1.,0.,0.));
#3281=IFCAXIS2PLACEMENT3D(#3278,#3279,#3280);
#3282=IFCEXTRUDEDAREASOLID(#3277,#3281,#3276,4267.1999999999998);
#3283=IFCSHAPEREPRESENTATION(#11,'Body','SweptSolid',(#3282));
#3284=IFCPRODUCTDEFINITIONSHAPE($,$,(#3283));
#3290=IFCCARTESIANPOINT((42672.,57607.200000000004,0.));
#3291=IFCDIRECTION((0.,0.,1.));
#3292=IFCDIRECTION((6.123233995736766E-17,1.,0.));
#3293=IFCAXIS2PLACEMENT3D(#3290,#3291,#3292);
#3294=IFCLOCALPLACEMENT($,#3293);
#3295=IFCWALL('1aZ89mXzD7TxJnY7GpO9_X',$,'L1|ONEBR_A',$,$,#3316,#3306,$,$);
#3296=IFCCARTESIANPOINTLIST2D(((0.,0.),(0.,150.),(9144.,150.),(9144.,0.),(0.,0.)));
#3297=IFCINDEXEDPOLYCURVE(#3296,$,.F.);
#3298=IFCDIRECTION((0.,0.,1.));
#3299=IFCARBITRARYCLOSEDPROFILEDEF(.AREA.,$,#3297);
#3300=IFCCARTESIANPOINT((0.,0.,0.));
#3301=IFCDIRECTION((0.,0.,1.));
#3302=IFCDIRECTION((1.,0.,0.));
#3303=IFCAXIS2PLACEMENT3D(#3300,#3301,#3302);
#3304=IFCEXTRUDEDAREASOLID(#3299,#3303,#3298,4267.1999999999998);
#3305=IFCSHAPEREPRESENTATION(#11,'Body','SweptSolid',(#3304));
#3306=IFCPRODUCTDEFINITIONSHAPE($,$,(#3305));
#3312=IFCCARTESIANPOINT((53035.200000000004,57607.200000000004,0.));
#3313=IFCDIRECTION((0.,0.,1.));
#3314=IFCDIRECTION((6.123233995736766E-17,1.,0.));
#3315=IFCAXIS2PLACEMENT3D(#3312,#3313,#3314);
#3316=IFCLOCALPLACEMENT($,#3315);
#3317=IFCWALL('3cs1JYnND1kPz3jeMwXUB0',$,'L1|ONEBR_A',$,$,#3338,#3328,$,$);
#3318=IFCCARTESIANPOINTLIST2D(((0.,0.),(0.,150.),(10363.200000000001,150.),(10363.200000000001,0.),(0.,0.)));
#3319=IFCINDEXEDPOLYCURVE(#3318,$,.F.);
#3320=IFCDIRECTION((0.,0.,1.));
#3321=IFCARBITRARYCLOSEDPROFILEDEF(.AREA.,$,#3319);
#3322=IFCCARTESIANPOINT((0.,0.,0.));
#3323=IFCDIRECTION((0.,0.,1.));
#3324=IFCDIRECTION((1.,0.,0.));
#3325=IFCAXIS2PLACEMENT3D(#3322,#3323,#3324);
#3326=IFCEXTRUDEDAREASOLID(#3321,#3325,#3320,4267.1999999999998);
#3327=IFCSHAPEREPRESENTATION(#11,'Body','SweptSolid',(#3326));
#3328=IFCPRODUCTDEFINITIONSHAPE($,$,(#3327));
#3334=IFCCARTESIANPOINT((57302.400000000001,57607.200000000004,0.));
#3335=IFCDIRECTION((0.,0.,1.));
#3336=IFCDIRECTION((1.,0.,0.));
#3337=IFCAXIS2PLACEMENT3D(#3334,#3335,#3336);
#3338=IFCLOCALPLACEMENT($,#3337);
#3339=IFCWALL('0rVIDa_EX64gg0zKrnWhNx',$,'L1|ONEBR_A',$,$,#3360,#3350,$,$);
#3340=IFCCARTESIANPOINTLIST2D(((0.,0.),(0.,150.),(10363.200000000001,150.),(10363.200000000001,0.),(0.,0.)));
#3341=IFCINDEXEDPOLYCURVE(#3340,$,.F.);
#3342=IFCDIRECTION((0.,0.,1.));
#3343=IFCARBITRARYCLOSEDPROFILEDEF(.AREA.,$,#3341);
#3344=IFCCARTESIANPOINT((0.,0.,0.));
#3345=IFCDIRECTION((0.,0.,1.));
#3346=IFCDIRECTION((1.,0.,0.));
#3347=IFCAXIS2PLACEMENT3D(#3344,#3345,#3346);
#3348=IFCEXTRUDEDAREASOLID(#3343,#3347,#3342,4267.1999999999998);
#3349=IFCSHAPEREPRESENTATION(#11,'Body','SweptSolid',(#3348));
#3350=IFCPRODUCTDEFINITIONSHAPE($,$,(#3349));
#3356=IFCCARTESIANPOINT((57302.400000000001,66751.199999999997,0.));
#3357=IFCDIRECTION((0.,0.,1.));
#3358=IFCDIRECTION((1.,0.,0.));
#3359=IFCAXIS2PLACEMENT3D(#3356,#3357,#3358);
#3360=IFCLOCALPLACEMENT($,#3359);
#3361=IFCWALL('10jCIUrCz5jvvIM9PdvzoV',$,'L1|ONEBR_A',$,$,#3382,#3372,$,$);
#3362=IFCCARTESIANPOINTLIST2D(((0.,0.),(0.,150.),(9144.,150.),(9144.,0.),(0.,0.)));
#3363=IFCINDEXEDPOLYCURVE(#3362,$,.F.);
#3364=IFCDIRECTION((0.,0.,1.));
#3365=IFCARBITRARYCLOSEDPROFILEDEF(.AREA.,$,#3363);
#3366=IFCCARTESIANPOINT((0.,0.,0.));
#3367=IFCDIRECTION((0.,0.,1.));
#3368=IFCDIRECTION((1.,0.,0.));
#3369=IFCAXIS2PLACEMENT3D(#3366,#3367,#3368);
#3370=IFCEXTRUDEDAREASOLID(#3365,#3369,#3364,4267.1999999999998);
#3371=IFCSHAPEREPRESENTATION(#11,'Body','SweptSolid',(#3370));
#3372=IFCPRODUCTDEFINITIONSHAPE($,$,(#3371));
#3378=IFCCARTESIANPOINT((57302.400000000001,57607.200000000004,0.));
#3379=IFCDIRECTION((0.,0.,1.));
#3380=IFCDIRECTION((6.123233995736766E-17,1.,0.));
#3381=IFCAXIS2PLACEMENT3D(#3378,#3379,#3380);
#3382=IFCLOCALPLACEMENT($,#3381);
#3383=IFCWALL('2pCj5ymKj02PEBZSE6DduF',$,'L1|ONEBR_A',$,$,#3404,#3394,$,$);
#3384=IFCCARTESIANPOINTLIST2D(((0.,0.),(0.,150.),(9144.,150.),(9144.,0.),(0.,0.)));
#3385=IFCINDEXEDPOLYCURVE(#3384,$,.F.);
#3386=IFCDIRECTION((0.,0.,1.));
#3387=IFCARBITRARYCLOSEDPROFILEDEF(.AREA.,$,#3385);
#3388=IFCCARTESIANPOINT((0.,0.,0.));
#3389=IFCDIRECTION((0.,0.,1.));
#3390=IFCDIRECTION((1.,0.,0.));
#3391=IFCAXIS2PLACEMENT3D(#3388,#3389,#3390);
#3392=IFCEXTRUDEDAREASOLID(#3387,#3391,#3386,4267.1999999999998);
#3393=IFCSHAPEREPRESENTATION(#11,'Body','SweptSolid',(#3392));
#3394=IFCPRODUCTDEFINITIONSHAPE($,$,(#3393));
#3400=IFCCARTESIANPOINT((67665.599999999991,57607.200000000004,0.));
#3401=IFCDIRECTION((0.,0.,1.));
#3402=IFCDIRECTION((6.123233995736766E-17,1.,0.));
#3403=IFCAXIS2PLACEMENT3D(#3400,#3401,#3402);
#3404=IFCLOCALPLACEMENT($,#3403);
#3405=IFCWALL('0Vv56YJAj89BgGWEza4FUE',$,'L2|TWOBR_A',$,$,#3426,#3416,$,$);
#3406=IFCCARTESIANPOINTLIST2D(((0.,0.),(0.,150.),(10972.800000000001,150.),(10972.800000000001,0.),(0.,0.)));
#3407=IFCINDEXEDPOLYCURVE(#3406,$,.F.);
#3408=IFCDIRECTION((0.,0.,1.));
#3409=IFCARBITRARYCLOSEDPROFILEDEF(.AREA.,$,#3407);
#3410=IFCCARTESIANPOINT((0.,0.,0.));
#3411=IFCDIRECTION((0.,0.,1.));
#3412=IFCDIRECTION((1.,0.,0.));
#3413=IFCAXIS2PLACEMENT3D(#3410,#3411,#3412);
#3414=IFCEXTRUDEDAREASOLID(#3409,#3413,#3408,3200.4000000000001);
#3415=IFCSHAPEREPRESENTATION(#11,'Body','SweptSolid',(#3414));
#3416=IFCPRODUCTDEFINITIONSHAPE($,$,(#3415));
#3422=IFCCARTESIANPOINT((3048.,11887.199999999999,4267.1999999999998));
#3423=IFCDIRECTION((0.,0.,1.));
#3424=IFCDIRECTION((1.,0.,0.));
#3425=IFCAXIS2PLACEMENT3D(#3422,#3423,#3424);
#3426=IFCLOCALPLACEMENT($,#3425);
#3427=IFCWALL('3M$N4fJJ91kxFp2IhXrk78',$,'L2|TWOBR_A',$,$,#3448,#3438,$,$);
#3428=IFCCARTESIANPOINTLIST2D(((0.,0.),(0.,150.),(10972.800000000001,150.),(10972.800000000001,0.),(0.,0.)));
#3429=IFCINDEXEDPOLYCURVE(#3428,$,.F.);
#3430=IFCDIRECTION((0.,0.,1.));
#3431=IFCARBITRARYCLOSEDPROFILEDEF(.AREA.,$,#3429);
#3432=IFCCARTESIANPOINT((0.,0.,0.));
#3433=IFCDIRECTION((0.,0.,1.));
#3434=IFCDIRECTION((1.,0.,0.));
#3435=IFCAXIS2PLACEMENT3D(#3432,#3433,#3434);
#3436=IFCEXTRUDEDAREASOLID(#3431,#3435,#3430,3200.4000000000001);
#3437=IFCSHAPEREPRESENTATION(#11,'Body','SweptSolid',(#3436));
#3438=IFCPRODUCTDEFINITIONSHAPE($,$,(#3437));
#3444=IFCCARTESIANPOINT((3048.,22250.400000000001,4267.1999999999998));
#3445=IFCDIRECTION((0.,0.,1.));
#3446=IFCDIRECTION((1.,0.,0.));
#3447=IFCAXIS2PLACEMENT3D(#3444,#3445,#3446);
#3448=IFCLOCALPLACEMENT($,#3447);
#3449=IFCWALL('1Cb1hCM1H63xE3zKfVzwIv',$,'L2|TWOBR_A',$,$,#3470,#3460,$,$);
#3450=IFCCARTESIANPOINTLIST2D(((0.,0.),(0.,150.),(10363.200000000001,150.),(10363.200000000001,0.),(0.,0.)));
#3451=IFCINDEXEDPOLYCURVE(#3450,$,.F.);
#3452=IFCDIRECTION((0.,0.,1.));
#3453=IFCARBITRARYCLOSEDPROFILEDEF(.AREA.,$,#3451);
#3454=IFCCARTESIANPOINT((0.,0.,0.));
#3455=IFCDIRECTION((0.,0.,1.));
#3456=IFCDIRECTION((1.,0.,0.));
#3457=IFCAXIS2PLACEMENT3D(#3454,#3455,#3456);
#3458=IFCEXTRUDEDAREASOLID(#3453,#3457,#3452,3200.4000000000001);
#3459=IFCSHAPEREPRESENTATION(#11,'Body','SweptSolid',(#3458));
#3460=IFCPRODUCTDEFINITIONSHAPE($,$,(#3459));
#3466=IFCCARTESIANPOINT((3048.,11887.199999999999,4267.1999999999998));
#3467=IFCDIRECTION((0.,0.,1.));
#3468=IFCDIRECTION((6.123233995736766E-17,1.,0.));
#3469=IFCAXIS2PLACEMENT3D(#3466,#3467,#3468);
#3470=IFCLOCALPLACEMENT($,#3469);
#3471=IFCWALL('3Rzzs8wqL76fRsvZqRHmjS',$,'L2|TWOBR_A',$,$,#3492,#3482,$,$);
#3472=IFCCARTESIANPOINTLIST2D(((0.,0.),(0.,150.),(10363.200000000001,150.),(10363.200000000001,0.),(0.,0.)));
#3473=IFCINDEXEDPOLYCURVE(#3472,$,.F.);
#3474=IFCDIRECTION((0.,0.,1.));
#3475=IFCARBITRARYCLOSEDPROFILEDEF(.AREA.,$,#3473);
#3476=IFCCARTESIANPOINT((0.,0.,0.));
#3477=IFCDIRECTION((0.,0.,1.));
#3478=IFCDIRECTION((1.,0.,0.));
#3479=IFCAXIS2PLACEMENT3D(#3476,#3477,#3478);
#3480=IFCEXTRUDEDAREASOLID(#3475,#3479,#3474,3200.4000000000001);
#3481=IFCSHAPEREPRESENTATION(#11,'Body','SweptSolid',(#3480));
#3482=IFCPRODUCTDEFINITIONSHAPE($,$,(#3481));
#3488=IFCCARTESIANPOINT((14020.800000000001,11887.199999999999,4267.1999999999998));
#3489=IFCDIRECTION((0.,0.,1.));
#3490=IFCDIRECTION((6.123233995736766E-17,1.,0.));
#3491=IFCAXIS2PLACEMENT3D(#3488,#3489,#3490);
#3492=IFCLOCALPLACEMENT($,#3491);
#3493=IFCWALL('1t6GXxvEn2HxNKXAeJMtwg',$,'L2|STUDIO_A',$,$,#3514,#3504,$,$);
#3494=IFCCARTESIANPOINTLIST2D(((0.,0.),(0.,150.),(9753.6000000000004,150.),(9753.6000000000004,0.),(0.,0.)));
#3495=IFCINDEXEDPOLYCURVE(#3494,$,.F.);
#3496=IFCDIRECTION((0.,0.,1.));
#3497=IFCARBITRARYCLOSEDPROFILEDEF(.AREA.,$,#3495);
#3498=IFCCARTESIANPOINT((0.,0.,0.));
#3499=IFCDIRECTION((0.,0.,1.));
#3500=IFCDIRECTION((1.,0.,0.));
#3501=IFCAXIS2PLACEMENT3D(#3498,#3499,#3500);
#3502=IFCEXTRUDEDAREASOLID(#3497,#3501,#3496,3200.4000000000001);
#3503=IFCSHAPEREPRESENTATION(#11,'Body','SweptSolid',(#3502));
#3504=IFCPRODUCTDEFINITIONSHAPE($,$,(#3503));
#3510=IFCCARTESIANPOINT((15849.6,11887.199999999999,4267.1999999999998));
#3511=IFCDIRECTION((0.,0.,1.));
#3512=IFCDIRECTION((1.,0.,0.));
#3513=IFCAXIS2PLACEMENT3D(#3510,#3511,#3512);
#3514=IFCLOCALPLACEMENT($,#3513);
#3515=IFCWALL('04h6hIOjvBdhZyrmjv6sk2',$,'L2|STUDIO_A',$,$,#3536,#3526,$,$);
#3516=IFCCARTESIANPOINTLIST2D(((0.,0.),(0.,150.),(9753.6000000000004,150.),(9753.6000000000004,0.),(0.,0.)));
#3517=IFCINDEXEDPOLYCURVE(#3516,$,.F.);
#3518=IFCDIRECTION((0.,0.,1.));
#3519=IFCARBITRARYCLOSEDPROFILEDEF(.AREA.,$,#3517);
#3520=IFCCARTESIANPOINT((0.,0.,0.));
#3521=IFCDIRECTION((0.,0.,1.));
#3522=IFCDIRECTION((1.,0.,0.));
#3523=IFCAXIS2PLACEMENT3D(#3520,#3521,#3522);
#3524=IFCEXTRUDEDAREASOLID(#3519,#3523,#3518,3200.4000000000001);
#3525=IFCSHAPEREPRESENTATION(#11,'Body','SweptSolid',(#3524));
#3526=IFCPRODUCTDEFINITIONSHAPE($,$,(#3525));
#3532=IFCCARTESIANPOINT((15849.6,19812.,4267.1999999999998));
#3533=IFCDIRECTION((0.,0.,1.));
#3534=IFCDIRECTION((1.,0.,0.));
#3535=IFCAXIS2PLACEMENT3D(#3532,#3533,#3534);
#3536=IFCLOCALPLACEMENT($,#3535);
#3537=IFCWALL('2SRB5wflv5F8hQTBEyQ486',$,'L2|STUDIO_A',$,$,#3558,#3548,$,$);
#3538=IFCCARTESIANPOINTLIST2D(((0.,0.),(0.,150.),(7924.8000000000002,150.),(7924.8000000000002,0.),(0.,0.)));
#3539=IFCINDEXEDPOLYCURVE(#3538,$,.F.);
#3540=IFCDIRECTION((0.,0.,1.));
#3541=IFCARBITRARYCLOSEDPROFILEDEF(.AREA.,$,#3539);
#3542=IFCCARTESIANPOINT((0.,0.,0.));
#3543=IFCDIRECTION((0.,0.,1.));
#3544=IFCDIRECTION((1.,0.,0.));
#3545=IFCAXIS2PLACEMENT3D(#3542,#3543,#3544);
#3546=IFCEXTRUDEDAREASOLID(#3541,#3545,#3540,3200.4000000000001);
#3547=IFCSHAPEREPRESENTATION(#11,'Body','SweptSolid',(#3546));
#3548=IFCPRODUCTDEFINITIONSHAPE($,$,(#3547));
#3554=IFCCARTESIANPOINT((15849.6,11887.199999999999,4267.1999999999998));
#3555=IFCDIRECTION((0.,0.,1.));
#3556=IFCDIRECTION((6.123233995736766E-17,1.,0.));
#3557=IFCAXIS2PLACEMENT3D(#3554,#3555,#3556);
#3558=IFCLOCALPLACEMENT($,#3557);
#3559=IFCWALL('1RyNgw6sT1AvNJ$DF3HcuV',$,'L2|STUDIO_A',$,$,#3580,#3570,$,$);
#3560=IFCCARTESIANPOINTLIST2D(((0.,0.),(0.,150.),(7924.8000000000002,150.),(7924.8000000000002,0.),(0.,0.)));
#3561=IFCINDEXEDPOLYCURVE(#3560,$,.F.);
#3562=IFCDIRECTION((0.,0.,1.));
#3563=IFCARBITRARYCLOSEDPROFILEDEF(.AREA.,$,#3561);
#3564=IFCCARTESIANPOINT((0.,0.,0.));
#3565=IFCDIRECTION((0.,0.,1.));
#3566=IFCDIRECTION((1.,0.,0.));
#3567=IFCAXIS2PLACEMENT3D(#3564,#3565,#3566);
#3568=IFCEXTRUDEDAREASOLID(#3563,#3567,#3562,3200.4000000000001);
#3569=IFCSHAPEREPRESENTATION(#11,'Body','SweptSolid',(#3568));
#3570=IFCPRODUCTDEFINITIONSHAPE($,$,(#3569));
#3576=IFCCARTESIANPOINT((25603.200000000001,11887.199999999999,4267.1999999999998));
#3577=IFCDIRECTION((0.,0.,1.));
#3578=IFCDIRECTION((6.123233995736766E-17,1.,0.));
#3579=IFCAXIS2PLACEMENT3D(#3576,#3577,#3578);
#3580=IFCLOCALPLACEMENT($,#3579);
#3581=IFCWALL('35Aa9nuRP3beo5D6sUTaNm',$,'L2|ONEBR_A',$,$,#3602,#3592,$,$);
#3582=IFCCARTESIANPOINTLIST2D(((0.,0.),(0.,150.),(10363.200000000001,150.),(10363.200000000001,0.),(0.,0.)));
#3583=IFCINDEXEDPOLYCURVE(#3582,$,.F.);
#3584=IFCDIRECTION((0.,0.,1.));
#3585=IFCARBITRARYCLOSEDPROFILEDEF(.AREA.,$,#3583);
#3586=IFCCARTESIANPOINT((0.,0.,0.));
#3587=IFCDIRECTION((0.,0.,1.));
#3588=IFCDIRECTION((1.,0.,0.));
#3589=IFCAXIS2PLACEMENT3D(#3586,#3587,#3588);
#3590=IFCEXTRUDEDAREASOLID(#3585,#3589,#3584,3200.4000000000001);
#3591=IFCSHAPEREPRESENTATION(#11,'Body','SweptSolid',(#3590));
#3592=IFCPRODUCTDEFINITIONSHAPE($,$,(#3591));
#3598=IFCCARTESIANPOINT((30480.,11887.199999999999,4267.1999999999998));
#3599=IFCDIRECTION((0.,0.,1.));
#3600=IFCDIRECTION((1.,0.,0.));
#3601=IFCAXIS2PLACEMENT3D(#3598,#3599,#3600);
#3602=IFCLOCALPLACEMENT($,#3601);
#3603=IFCWALL('22d6KgLKv4AP08B02KPe_n',$,'L2|ONEBR_A',$,$,#3624,#3614,$,$);
#3604=IFCCARTESIANPOINTLIST2D(((0.,0.),(0.,150.),(10363.200000000001,150.),(10363.200000000001,0.),(0.,0.)));
#3605=IFCINDEXEDPOLYCURVE(#3604,$,.F.);
#3606=IFCDIRECTION((0.,0.,1.));
#3607=IFCARBITRARYCLOSEDPROFILEDEF(.AREA.,$,#3605);
#3608=IFCCARTESIANPOINT((0.,0.,0.));
#3609=IFCDIRECTION((0.,0.,1.));
#3610=IFCDIRECTION((1.,0.,0.));
#3611=IFCAXIS2PLACEMENT3D(#3608,#3609,#3610);
#3612=IFCEXTRUDEDAREASOLID(#3607,#3611,#3606,3200.4000000000001);
#3613=IFCSHAPEREPRESENTATION(#11,'Body','SweptSolid',(#3612));
#3614=IFCPRODUCTDEFINITIONSHAPE($,$,(#3613));
#3620=IFCCARTESIANPOINT((30480.,21031.200000000001,4267.1999999999998));
#3621=IFCDIRECTION((0.,0.,1.));
#3622=IFCDIRECTION((1.,0.,0.));
#3623=IFCAXIS2PLACEMENT3D(#3620,#3621,#3622);
#3624=IFCLOCALPLACEMENT($,#3623);
#3625=IFCWALL('3TUYu1SHjBB9n$ZSEqvggq',$,'L2|ONEBR_A',$,$,#3646,#3636,$,$);
#3626=IFCCARTESIANPOINTLIST2D(((0.,0.),(0.,150.),(9144.,150.),(9144.,0.),(0.,0.)));
#3627=IFCINDEXEDPOLYCURVE(#3626,$,.F.);
#3628=IFCDIRECTION((0.,0.,1.));
#3629=IFCARBITRARYCLOSEDPROFILEDEF(.AREA.,$,#3627);
#3630=IFCCARTESIANPOINT((0.,0.,0.));
#3631=IFCDIRECTION((0.,0.,1.));
#3632=IFCDIRECTION((1.,0.,0.));
#3633=IFCAXIS2PLACEMENT3D(#3630,#3631,#3632);
#3634=IFCEXTRUDEDAREASOLID(#3629,#3633,#3628,3200.4000000000001);
#3635=IFCSHAPEREPRESENTATION(#11,'Body','SweptSolid',(#3634));
#3636=IFCPRODUCTDEFINITIONSHAPE($,$,(#3635));
#3642=IFCCARTESIANPOINT((30480.,11887.199999999999,4267.1999999999998));
#3643=IFCDIRECTION((0.,0.,1.));
#3644=IFCDIRECTION((6.123233995736766E-17,1.,0.));
#3645=IFCAXIS2PLACEMENT3D(#3642,#3643,#3644);
#3646=IFCLOCALPLACEMENT($,#3645);
#3647=IFCWALL('14xUeWvBHDEhwUxGvICPbC',$,'L2|ONEBR_A',$,$,#3668,#3658,$,$);
#3648=IFCCARTESIANPOINTLIST2D(((0.,0.),(0.,150.),(9144.,150.),(9144.,0.),(0.,0.)));
#3649=IFCINDEXEDPOLYCURVE(#3648,$,.F.);
#3650=IFCDIRECTION((0.,0.,1.));
#3651=IFCARBITRARYCLOSEDPROFILEDEF(.AREA.,$,#3649);
#3652=IFCCARTESIANPOINT((0.,0.,0.));
#3653=IFCDIRECTION((0.,0.,1.));
#3654=IFCDIRECTION((1.,0.,0.));
#3655=IFCAXIS2PLACEMENT3D(#3652,#3653,#3654);
#3656=IFCEXTRUDEDAREASOLID(#3651,#3655,#3650,3200.4000000000001);
#3657=IFCSHAPEREPRESENTATION(#11,'Body','SweptSolid',(#3656));
#3658=IFCPRODUCTDEFINITIONSHAPE($,$,(#3657));
#3664=IFCCARTESIANPOINT((40843.200000000004,11887.199999999999,4267.1999999999998));
#3665=IFCDIRECTION((0.,0.,1.));
#3666=IFCDIRECTION((6.123233995736766E-17,1.,0.));
#3667=IFCAXIS2PLACEMENT3D(#3664,#3665,#3666);
#3668=IFCLOCALPLACEMENT($,#3667);
#3669=IFCWALL('3m6muDGgD1bOsR1F0bVRvF',$,'L2|TWOBR_A',$,$,#3690,#3680,$,$);
#3670=IFCCARTESIANPOINTLIST2D(((0.,0.),(0.,150.),(10972.800000000001,150.),(10972.800000000001,0.),(0.,0.)));
#3671=IFCINDEXEDPOLYCURVE(#3670,$,.F.);
#3672=IFCDIRECTION((0.,0.,1.));
#3673=IFCARBITRARYCLOSEDPROFILEDEF(.AREA.,$,#3671);
#3674=IFCCARTESIANPOINT((0.,0.,0.));
#3675=IFCDIRECTION((0.,0.,1.));
#3676=IFCDIRECTION((1.,0.,0.));
#3677=IFCAXIS2PLACEMENT3D(#3674,#3675,#3676);
#3678=IFCEXTRUDEDAREASOLID(#3673,#3677,#3672,3200.4000000000001);
#3679=IFCSHAPEREPRESENTATION(#11,'Body','SweptSolid',(#3678));
#3680=IFCPRODUCTDEFINITIONSHAPE($,$,(#3679));
#3686=IFCCARTESIANPOINT((42672.,11887.199999999999,4267.1999999999998));
#3687=IFCDIRECTION((0.,0.,1.));
#3688=IFCDIRECTION((1.,0.,0.));
#3689=IFCAXIS2PLACEMENT3D(#3686,#3687,#3688);
#3690=IFCLOCALPLACEMENT($,#3689);
#3691=IFCWALL('39FdHtP1X5oBFQvRglzUuU',$,'L2|TWOBR_A',$,$,#3712,#3702,$,$);
#3692=IFCCARTESIANPOINTLIST2D(((0.,0.),(0.,150.),(10972.800000000001,150.),(10972.800000000001,0.),(0.,0.)));
#3693=IFCINDEXEDPOLYCURVE(#3692,$,.F.);
#3694=IFCDIRECTION((0.,0.,1.));
#3695=IFCARBITRARYCLOSEDPROFILEDEF(.AREA.,$,#3693);
#3696=IFCCARTESIANPOINT((0.,0.,0.));
#3697=IFCDIRECTION((0.,0.,1.));
#3698=IFCDIRECTION((1.,0.,0.));
#3699=IFCAXIS2PLACEMENT3D(#3696,#3697,#3698);
#3700=IFCEXTRUDEDAREASOLID(#3695,#3699,#3694,3200.4000000000001);
#3701=IFCSHAPEREPRESENTATION(#11,'Body','SweptSolid',(#3700));
#3702=IFCPRODUCTDEFINITIONSHAPE($,$,(#3701));
#3708=IFCCARTESIANPOINT((42672.,22250.400000000001,4267.1999999999998));
#3709=IFCDIRECTION((0.,0.,1.));
#3710=IFCDIRECTION((1.,0.,0.));
#3711=IFCAXIS2PLACEMENT3D(#3708,#3709,#3710);
#3712=IFCLOCALPLACEMENT($,#3711);
#3713=IFCWALL('3UMpwYhQL0U8lFC97rX5J6',$,'L2|TWOBR_A',$,$,#3734,#3724,$,$);
#3714=IFCCARTESIANPOINTLIST2D(((0.,0.),(0.,150.),(10363.200000000001,150.),(10363.200000000001,0.),(0.,0.)));
#3715=IFCINDEXEDPOLYCURVE(#3714,$,.F.);
#3716=IFCDIRECTION((0.,0.,1.));
#3717=IFCARBITRARYCLOSEDPROFILEDEF(.AREA.,$,#3715);
#3718=IFCCARTESIANPOINT((0.,0.,0.));
#3719=IFCDIRECTION((0.,0.,1.));
#3720=IFCDIRECTION((1.,0.,0.));
#3721=IFCAXIS2PLACEMENT3D(#3718,#3719,#3720);
#3722=IFCEXTRUDEDAREASOLID(#3717,#3721,#3716,3200.4000000000001);
#3723=IFCSHAPEREPRESENTATION(#11,'Body','SweptSolid',(#3722));
#3724=IFCPRODUCTDEFINITIONSHAPE($,$,(#3723));
#3730=IFCCARTESIANPOINT((42672.,11887.199999999999,4267.1999999999998));
#3731=IFCDIRECTION((0.,0.,1.));
#3732=IFCDIRECTION((6.123233995736766E-17,1.,0.));
#3733=IFCAXIS2PLACEMENT3D(#3730,#3731,#3732);
#3734=IFCLOCALPLACEMENT($,#3733);
#3735=IFCWALL('1$3ow09mb8jPBEkNW8WLef',$,'L2|TWOBR_A',$,$,#3756,#3746,$,$);
#3736=IFCCARTESIANPOINTLIST2D(((0.,0.),(0.,150.),(10363.200000000001,150.),(10363.200000000001,0.),(0.,0.)));
#3737=IFCINDEXEDPOLYCURVE(#3736,$,.F.);
#3738=IFCDIRECTION((0.,0.,1.));
#3739=IFCARBITRARYCLOSEDPROFILEDEF(.AREA.,$,#3737);
#3740=IFCCARTESIANPOINT((0.,0.,0.));
#3741=IFCDIRECTION((0.,0.,1.));
#3742=IFCDIRECTION((1.,0.,0.));
#3743=IFCAXIS2PLACEMENT3D(#3740,#3741,#3742);
#3744=IFCEXTRUDEDAREASOLID(#3739,#3743,#3738,3200.4000000000001);
#3745=IFCSHAPEREPRESENTATION(#11,'Body','SweptSolid',(#3744));
#3746=IFCPRODUCTDEFINITIONSHAPE($,$,(#3745));
#3752=IFCCARTESIANPOINT((53644.800000000003,11887.199999999999,4267.1999999999998));
#3753=IFCDIRECTION((0.,0.,1.));
#3754=IFCDIRECTION((6.123233995736766E-17,1.,0.));
#3755=IFCAXIS2PLACEMENT3D(#3752,#3753,#3754);
#3756=IFCLOCALPLACEMENT($,#3755);
#3757=IFCWALL('3LcqV2PGfAh9MMBngVkbq3',$,'L2|ONEBR_A',$,$,#3778,#3768,$,$);
#3758=IFCCARTESIANPOINTLIST2D(((0.,0.),(0.,150.),(10363.200000000001,150.),(10363.200000000001,0.),(0.,0.)));
#3759=IFCINDEXEDPOLYCURVE(#3758,$,.F.);
#3760=IFCDIRECTION((0.,0.,1.));
#3761=IFCARBITRARYCLOSEDPROFILEDEF(.AREA.,$,#3759);
#3762=IFCCARTESIANPOINT((0.,0.,0.));
#3763=IFCDIRECTION((0.,0.,1.));
#3764=IFCDIRECTION((1.,0.,0.));
#3765=IFCAXIS2PLACEMENT3D(#3762,#3763,#3764);
#3766=IFCEXTRUDEDAREASOLID(#3761,#3765,#3760,3200.4000000000001);
#3767=IFCSHAPEREPRESENTATION(#11,'Body','SweptSolid',(#3766));
#3768=IFCPRODUCTDEFINITIONSHAPE($,$,(#3767));
#3774=IFCCARTESIANPOINT((57302.400000000001,11887.199999999999,4267.1999999999998));
#3775=IFCDIRECTION((0.,0.,1.));
#3776=IFCDIRECTION((1.,0.,0.));
#3777=IFCAXIS2PLACEMENT3D(#3774,#3775,#3776);
#3778=IFCLOCALPLACEMENT($,#3777);
#3779=IFCWALL('2gCEC6BGjFDgIHj037G2AD',$,'L2|ONEBR_A',$,$,#3800,#3790,$,$);
#3780=IFCCARTESIANPOINTLIST2D(((0.,0.),(0.,150.),(10363.200000000001,150.),(10363.200000000001,0.),(0.,0.)));
#3781=IFCINDEXEDPOLYCURVE(#3780,$,.F.);
#3782=IFCDIRECTION((0.,0.,1.));
#3783=IFCARBITRARYCLOSEDPROFILEDEF(.AREA.,$,#3781);
#3784=IFCCARTESIANPOINT((0.,0.,0.));
#3785=IFCDIRECTION((0.,0.,1.));
#3786=IFCDIRECTION((1.,0.,0.));
#3787=IFCAXIS2PLACEMENT3D(#3784,#3785,#3786);
#3788=IFCEXTRUDEDAREASOLID(#3783,#3787,#3782,3200.4000000000001);
#3789=IFCSHAPEREPRESENTATION(#11,'Body','SweptSolid',(#3788));
#3790=IFCPRODUCTDEFINITIONSHAPE($,$,(#3789));
#3796=IFCCARTESIANPOINT((57302.400000000001,21031.200000000001,4267.1999999999998));
#3797=IFCDIRECTION((0.,0.,1.));
#3798=IFCDIRECTION((1.,0.,0.));
#3799=IFCAXIS2PLACEMENT3D(#3796,#3797,#3798);
#3800=IFCLOCALPLACEMENT($,#3799);
#3801=IFCWALL('3aO6H8k9XChBsbqC5TxkEe',$,'L2|ONEBR_A',$,$,#3822,#3812,$,$);
#3802=IFCCARTESIANPOINTLIST2D(((0.,0.),(0.,150.),(9144.,150.),(9144.,0.),(0.,0.)));
#3803=IFCINDEXEDPOLYCURVE(#3802,$,.F.);
#3804=IFCDIRECTION((0.,0.,1.));
#3805=IFCARBITRARYCLOSEDPROFILEDEF(.AREA.,$,#3803);
#3806=IFCCARTESIANPOINT((0.,0.,0.));
#3807=IFCDIRECTION((0.,0.,1.));
#3808=IFCDIRECTION((1.,0.,0.));
#3809=IFCAXIS2PLACEMENT3D(#3806,#3807,#3808);
#3810=IFCEXTRUDEDAREASOLID(#3805,#3809,#3804,3200.4000000000001);
#3811=IFCSHAPEREPRESENTATION(#11,'Body','SweptSolid',(#3810));
#3812=IFCPRODUCTDEFINITIONSHAPE($,$,(#3811));
#3818=IFCCARTESIANPOINT((57302.400000000001,11887.199999999999,4267.1999999999998));
#3819=IFCDIRECTION((0.,0.,1.));
#3820=IFCDIRECTION((6.123233995736766E-17,1.,0.));
#3821=IFCAXIS2PLACEMENT3D(#3818,#3819,#3820);
#3822=IFCLOCALPLACEMENT($,#3821);
#3823=IFCWALL('0VjKZiZ0T4qAxXat_q_mOz',$,'L2|ONEBR_A',$,$,#3844,#3834,$,$);
#3824=IFCCARTESIANPOINTLIST2D(((0.,0.),(0.,150.),(9144.,150.),(9144.,0.),(0.,0.)));
#3825=IFCINDEXEDPOLYCURVE(#3824,$,.F.);
#3826=IFCDIRECTION((0.,0.,1.));
#3827=IFCARBITRARYCLOSEDPROFILEDEF(.AREA.,$,#3825);
#3828=IFCCARTESIANPOINT((0.,0.,0.));
#3829=IFCDIRECTION((0.,0.,1.));
#3830=IFCDIRECTION((1.,0.,0.));
#3831=IFCAXIS2PLACEMENT3D(#3828,#3829,#3830);
#3832=IFCEXTRUDEDAREASOLID(#3827,#3831,#3826,3200.4000000000001);
#3833=IFCSHAPEREPRESENTATION(#11,'Body','SweptSolid',(#3832));
#3834=IFCPRODUCTDEFINITIONSHAPE($,$,(#3833));
#3840=IFCCARTESIANPOINT((67665.599999999991,11887.199999999999,4267.1999999999998));
#3841=IFCDIRECTION((0.,0.,1.));
#3842=IFCDIRECTION((6.123233995736766E-17,1.,0.));
#3843=IFCAXIS2PLACEMENT3D(#3840,#3841,#3842);
#3844=IFCLOCALPLACEMENT($,#3843);
#3845=IFCWALL('3EpfBW1012KgQl3MLYSnh1',$,'L2|TWOBR_A',$,$,#3866,#3856,$,$);
#3846=IFCCARTESIANPOINTLIST2D(((0.,0.),(0.,150.),(10972.800000000001,150.),(10972.800000000001,0.),(0.,0.)));
#3847=IFCINDEXEDPOLYCURVE(#3846,$,.F.);
#3848=IFCDIRECTION((0.,0.,1.));
#3849=IFCARBITRARYCLOSEDPROFILEDEF(.AREA.,$,#3847);
#3850=IFCCARTESIANPOINT((0.,0.,0.));
#3851=IFCDIRECTION((0.,0.,1.));
#3852=IFCDIRECTION((1.,0.,0.));
#3853=IFCAXIS2PLACEMENT3D(#3850,#3851,#3852);
#3854=IFCEXTRUDEDAREASOLID(#3849,#3853,#3848,3200.4000000000001);
#3855=IFCSHAPEREPRESENTATION(#11,'Body','SweptSolid',(#3854));
#3856=IFCPRODUCTDEFINITIONSHAPE($,$,(#3855));
#3862=IFCCARTESIANPOINT((69494.399999999994,11887.199999999999,4267.1999999999998));
#3863=IFCDIRECTION((0.,0.,1.));
#3864=IFCDIRECTION((1.,0.,0.));
#3865=IFCAXIS2PLACEMENT3D(#3862,#3863,#3864);
#3866=IFCLOCALPLACEMENT($,#3865);
#3867=IFCWALL('3a4_52ZGb6DAxLn8VSq1i$',$,'L2|TWOBR_A',$,$,#3888,#3878,$,$);
#3868=IFCCARTESIANPOINTLIST2D(((0.,0.),(0.,150.),(10972.800000000001,150.),(10972.800000000001,0.),(0.,0.)));
#3869=IFCINDEXEDPOLYCURVE(#3868,$,.F.);
#3870=IFCDIRECTION((0.,0.,1.));
#3871=IFCARBITRARYCLOSEDPROFILEDEF(.AREA.,$,#3869);
#3872=IFCCARTESIANPOINT((0.,0.,0.));
#3873=IFCDIRECTION((0.,0.,1.));
#3874=IFCDIRECTION((1.,0.,0.));
#3875=IFCAXIS2PLACEMENT3D(#3872,#3873,#3874);
#3876=IFCEXTRUDEDAREASOLID(#3871,#3875,#3870,3200.4000000000001);
#3877=IFCSHAPEREPRESENTATION(#11,'Body','SweptSolid',(#3876));
#3878=IFCPRODUCTDEFINITIONSHAPE($,$,(#3877));
#3884=IFCCARTESIANPOINT((69494.399999999994,22250.400000000001,4267.1999999999998));
#3885=IFCDIRECTION((0.,0.,1.));
#3886=IFCDIRECTION((1.,0.,0.));
#3887=IFCAXIS2PLACEMENT3D(#3884,#3885,#3886);
#3888=IFCLOCALPLACEMENT($,#3887);
#3889=IFCWALL('32Fh3nwGH1DfxE7mtPp5ap',$,'L2|TWOBR_A',$,$,#3910,#3900,$,$);
#3890=IFCCARTESIANPOINTLIST2D(((0.,0.),(0.,150.),(10363.200000000001,150.),(10363.200000000001,0.),(0.,0.)));
#3891=IFCINDEXEDPOLYCURVE(#3890,$,.F.);
#3892=IFCDIRECTION((0.,0.,1.));
#3893=IFCARBITRARYCLOSEDPROFILEDEF(.AREA.,$,#3891);
#3894=IFCCARTESIANPOINT((0.,0.,0.));
#3895=IFCDIRECTION((0.,0.,1.));
#3896=IFCDIRECTION((1.,0.,0.));
#3897=IFCAXIS2PLACEMENT3D(#3894,#3895,#3896);
#3898=IFCEXTRUDEDAREASOLID(#3893,#3897,#3892,3200.4000000000001);
#3899=IFCSHAPEREPRESENTATION(#11,'Body','SweptSolid',(#3898));
#3900=IFCPRODUCTDEFINITIONSHAPE($,$,(#3899));
#3906=IFCCARTESIANPOINT((69494.399999999994,11887.199999999999,4267.1999999999998));
#3907=IFCDIRECTION((0.,0.,1.));
#3908=IFCDIRECTION((6.123233995736766E-17,1.,0.));
#3909=IFCAXIS2PLACEMENT3D(#3906,#3907,#3908);
#3910=IFCLOCALPLACEMENT($,#3909);
#3911=IFCWALL('3curJruun66wpi$KsLxiS8',$,'L2|TWOBR_A',$,$,#3932,#3922,$,$);
#3912=IFCCARTESIANPOINTLIST2D(((0.,0.),(0.,150.),(10363.200000000001,150.),(10363.200000000001,0.),(0.,0.)));
#3913=IFCINDEXEDPOLYCURVE(#3912,$,.F.);
#3914=IFCDIRECTION((0.,0.,1.));
#3915=IFCARBITRARYCLOSEDPROFILEDEF(.AREA.,$,#3913);
#3916=IFCCARTESIANPOINT((0.,0.,0.));
#3917=IFCDIRECTION((0.,0.,1.));
#3918=IFCDIRECTION((1.,0.,0.));
#3919=IFCAXIS2PLACEMENT3D(#3916,#3917,#3918);
#3920=IFCEXTRUDEDAREASOLID(#3915,#3919,#3914,3200.4000000000001);
#3921=IFCSHAPEREPRESENTATION(#11,'Body','SweptSolid',(#3920));
#3922=IFCPRODUCTDEFINITIONSHAPE($,$,(#3921));
#3928=IFCCARTESIANPOINT((80467.199999999997,11887.199999999999,4267.1999999999998));
#3929=IFCDIRECTION((0.,0.,1.));
#3930=IFCDIRECTION((6.123233995736766E-17,1.,0.));
#3931=IFCAXIS2PLACEMENT3D(#3928,#3929,#3930);
#3932=IFCLOCALPLACEMENT($,#3931);
#3933=IFCWALL('3sY8CAsDXAMOE3mXt3HzB_',$,'L2|ONEBR_A',$,$,#3954,#3944,$,$);
#3934=IFCCARTESIANPOINTLIST2D(((0.,0.),(0.,150.),(10363.200000000001,150.),(10363.200000000001,0.),(0.,0.)));
#3935=IFCINDEXEDPOLYCURVE(#3934,$,.F.);
#3936=IFCDIRECTION((0.,0.,1.));
#3937=IFCARBITRARYCLOSEDPROFILEDEF(.AREA.,$,#3935);
#3938=IFCCARTESIANPOINT((0.,0.,0.));
#3939=IFCDIRECTION((0.,0.,1.));
#3940=IFCDIRECTION((1.,0.,0.));
#3941=IFCAXIS2PLACEMENT3D(#3938,#3939,#3940);
#3942=IFCEXTRUDEDAREASOLID(#3937,#3941,#3936,3200.4000000000001);
#3943=IFCSHAPEREPRESENTATION(#11,'Body','SweptSolid',(#3942));
#3944=IFCPRODUCTDEFINITIONSHAPE($,$,(#3943));
#3950=IFCCARTESIANPOINT((15849.6,19812.,4267.1999999999998));
#3951=IFCDIRECTION((0.,0.,1.));
#3952=IFCDIRECTION((1.,0.,0.));
#3953=IFCAXIS2PLACEMENT3D(#3950,#3951,#3952);
#3954=IFCLOCALPLACEMENT($,#3953);
#3955=IFCWALL('0szXTlBdbEdAVIVWMSTdKX',$,'L2|ONEBR_A',$,$,#3976,#3966,$,$);
#3956=IFCCARTESIANPOINTLIST2D(((0.,0.),(0.,150.),(10363.200000000001,150.),(10363.200000000001,0.),(0.,0.)));
#3957=IFCINDEXEDPOLYCURVE(#3956,$,.F.);
#3958=IFCDIRECTION((0.,0.,1.));
#3959=IFCARBITRARYCLOSEDPROFILEDEF(.AREA.,$,#3957);
#3960=IFCCARTESIANPOINT((0.,0.,0.));
#3961=IFCDIRECTION((0.,0.,1.));
#3962=IFCDIRECTION((1.,0.,0.));
#3963=IFCAXIS2PLACEMENT3D(#3960,#3961,#3962);
#3964=IFCEXTRUDEDAREASOLID(#3959,#3963,#3958,3200.4000000000001);
#3965=IFCSHAPEREPRESENTATION(#11,'Body','SweptSolid',(#3964));
#3966=IFCPRODUCTDEFINITIONSHAPE($,$,(#3965));
#3972=IFCCARTESIANPOINT((15849.6,28956.000000000004,4267.1999999999998));
#3973=IFCDIRECTION((0.,0.,1.));
#3974=IFCDIRECTION((1.,0.,0.));
#3975=IFCAXIS2PLACEMENT3D(#3972,#3973,#3974);
#3976=IFCLOCALPLACEMENT($,#3975);
#3977=IFCWALL('0DKw9IMQn5GeH1hzTzmTCF',$,'L2|ONEBR_A',$,$,#3998,#3988,$,$);
#3978=IFCCARTESIANPOINTLIST2D(((0.,0.),(0.,150.),(9144.,150.),(9144.,0.),(0.,0.)));
#3979=IFCINDEXEDPOLYCURVE(#3978,$,.F.);
#3980=IFCDIRECTION((0.,0.,1.));
#3981=IFCARBITRARYCLOSEDPROFILEDEF(.AREA.,$,#3979);
#3982=IFCCARTESIANPOINT((0.,0.,0.));
#3983=IFCDIRECTION((0.,0.,1.));
#3984=IFCDIRECTION((1.,0.,0.));
#3985=IFCAXIS2PLACEMENT3D(#3982,#3983,#3984);
#3986=IFCEXTRUDEDAREASOLID(#3981,#3985,#3980,3200.4000000000001);
#3987=IFCSHAPEREPRESENTATION(#11,'Body','SweptSolid',(#3986));
#3988=IFCPRODUCTDEFINITIONSHAPE($,$,(#3987));
#3994=IFCCARTESIANPOINT((15849.6,19812.,4267.1999999999998));
#3995=IFCDIRECTION((0.,0.,1.));
#3996=IFCDIRECTION((6.123233995736766E-17,1.,0.));
#3997=IFCAXIS2PLACEMENT3D(#3994,#3995,#3996);
#3998=IFCLOCALPLACEMENT($,#3997);
#3999=IFCWALL('3TdizO2FD5XweaZC$sSma0',$,'L2|ONEBR_A',$,$,#4020,#4010,$,$);
#4000=IFCCARTESIANPOINTLIST2D(((0.,0.),(0.,150.),(9144.,150.),(9144.,0.),(0.,0.)));
#4001=IFCINDEXEDPOLYCURVE(#4000,$,.F.);
#4002=IFCDIRECTION((0.,0.,1.));
#4003=IFCARBITRARYCLOSEDPROFILEDEF(.AREA.,$,#4001);
#4004=IFCCARTESIANPOINT((0.,0.,0.));
#4005=IFCDIRECTION((0.,0.,1.));
#4006=IFCDIRECTION((1.,0.,0.));
#4007=IFCAXIS2PLACEMENT3D(#4004,#4005,#4006);
#4008=IFCEXTRUDEDAREASOLID(#4003,#4007,#4002,3200.4000000000001);
#4009=IFCSHAPEREPRESENTATION(#11,'Body','SweptSolid',(#4008));
#4010=IFCPRODUCTDEFINITIONSHAPE($,$,(#4009));
#4016=IFCCARTESIANPOINT((26212.799999999999,19812.,4267.1999999999998));
#4017=IFCDIRECTION((0.,0.,1.));
#4018=IFCDIRECTION((6.123233995736766E-17,1.,0.));
#4019=IFCAXIS2PLACEMENT3D(#4016,#4017,#4018);
#4020=IFCLOCALPLACEMENT($,#4019);
#4021=IFCWALL('3MhYJTuM58lBp3a460BTrC',$,'L2|STUDIO_A',$,$,#4042,#4032,$,$);
#4022=IFCCARTESIANPOINTLIST2D(((0.,0.),(0.,150.),(9753.6000000000004,150.),(9753.6000000000004,0.),(0.,0.)));
#4023=IFCINDEXEDPOLYCURVE(#4022,$,.F.);
#4024=IFCDIRECTION((0.,0.,1.));
#4025=IFCARBITRARYCLOSEDPROFILEDEF(.AREA.,$,#4023);
#4026=IFCCARTESIANPOINT((0.,0.,0.));
#4027=IFCDIRECTION((0.,0.,1.));
#4028=IFCDIRECTION((1.,0.,0.));
#4029=IFCAXIS2PLACEMENT3D(#4026,#4027,#4028);
#4030=IFCEXTRUDEDAREASOLID(#4025,#4029,#4024,3200.4000000000001);
#4031=IFCSHAPEREPRESENTATION(#11,'Body','SweptSolid',(#4030));
#4032=IFCPRODUCTDEFINITIONSHAPE($,$,(#4031));
#4038=IFCCARTESIANPOINT((31089.599999999999,21031.200000000001,4267.1999999999998));
#4039=IFCDIRECTION((0.,0.,1.));
#4040=IFCDIRECTION((1.,0.,0.));
#4041=IFCAXIS2PLACEMENT3D(#4038,#4039,#4040);
#4042=IFCLOCALPLACEMENT($,#4041);
#4043=IFCWALL('0wQ7qFqCv1rhUvc3W1E1Lb',$,'L2|STUDIO_A',$,$,#4064,#4054,$,$);
#4044=IFCCARTESIANPOINTLIST2D(((0.,0.),(0.,150.),(9753.6000000000004,150.),(9753.6000000000004,0.),(0.,0.)));
#4045=IFCINDEXEDPOLYCURVE(#4044,$,.F.);
#4046=IFCDIRECTION((0.,0.,1.));
#4047=IFCARBITRARYCLOSEDPROFILEDEF(.AREA.,$,#4045);
#4048=IFCCARTESIANPOINT((0.,0.,0.));
#4049=IFCDIRECTION((0.,0.,1.));
#4050=IFCDIRECTION((1.,0.,0.));
#4051=IFCAXIS2PLACEMENT3D(#4048,#4049,#4050);
#4052=IFCEXTRUDEDAREASOLID(#4047,#4051,#4046,3200.4000000000001);
#4053=IFCSHAPEREPRESENTATION(#11,'Body','SweptSolid',(#4052));
#4054=IFCPRODUCTDEFINITIONSHAPE($,$,(#4053));
#4060=IFCCARTESIANPOINT((31089.599999999999,28956.000000000004,4267.1999999999998));
#4061=IFCDIRECTION((0.,0.,1.));
#4062=IFCDIRECTION((1.,0.,0.));
#4063=IFCAXIS2PLACEMENT3D(#4060,#4061,#4062);
#4064=IFCLOCALPLACEMENT($,#4063);
#4065=IFCWALL('181dPnepL99RzekPsh_1PG',$,'L2|STUDIO_A',$,$,#4086,#4076,$,$);
#4066=IFCCARTESIANPOINTLIST2D(((0.,0.),(0.,150.),(7924.8000000000002,150.),(7924.8000000000002,0.),(0.,0.)));
#4067=IFCINDEXEDPOLYCURVE(#4066,$,.F.);
#4068=IFCDIRECTION((0.,0.,1.));
#4069=IFCARBITRARYCLOSEDPROFILEDEF(.AREA.,$,#4067);
#4070=IFCCARTESIANPOINT((0.,0.,0.));
#4071=IFCDIRECTION((0.,0.,1.));
#4072=IFCDIRECTION((1.,0.,0.));
#4073=IFCAXIS2PLACEMENT3D(#4070,#4071,#4072);
#4074=IFCEXTRUDEDAREASOLID(#4069,#4073,#4068,3200.4000000000001);
#4075=IFCSHAPEREPRESENTATION(#11,'Body','SweptSolid',(#4074));
#4076=IFCPRODUCTDEFINITIONSHAPE($,$,(#4075));
#4082=IFCCARTESIANPOINT((31089.599999999999,21031.200000000001,4267.1999999999998));
#4083=IFCDIRECTION((0.,0.,1.));
#4084=IFCDIRECTION((6.123233995736766E-17,1.,0.));
#4085=IFCAXIS2PLACEMENT3D(#4082,#4083,#4084);
#4086=IFCLOCALPLACEMENT($,#4085);
#4087=IFCWALL('2pRlq6jiT5YAdkPPd5LLQs',$,'L2|STUDIO_A',$,$,#4108,#4098,$,$);
#4088=IFCCARTESIANPOINTLIST2D(((0.,0.),(0.,150.),(7924.8000000000002,150.),(7924.8000000000002,0.),(0.,0.)));
#4089=IFCINDEXEDPOLYCURVE(#4088,$,.F.);
#4090=IFCDIRECTION((0.,0.,1.));
#4091=IFCARBITRARYCLOSEDPROFILEDEF(.AREA.,$,#4089);
#4092=IFCCARTESIANPOINT((0.,0.,0.));
#4093=IFCDIRECTION((0.,0.,1.));
#4094=IFCDIRECTION((1.,0.,0.));
#4095=IFCAXIS2PLACEMENT3D(#4092,#4093,#4094);
#4096=IFCEXTRUDEDAREASOLID(#4091,#4095,#4090,3200.4000000000001);
#4097=IFCSHAPEREPRESENTATION(#11,'Body','SweptSolid',(#4096));
#4098=IFCPRODUCTDEFINITIONSHAPE($,$,(#4097));
#4104=IFCCARTESIANPOINT((40843.200000000004,21031.200000000001,4267.1999999999998));
#4105=IFCDIRECTION((0.,0.,1.));
#4106=IFCDIRECTION((6.123233995736766E-17,1.,0.));
#4107=IFCAXIS2PLACEMENT3D(#4104,#4105,#4106);
#4108=IFCLOCALPLACEMENT($,#4107);
#4109=IFCWALL('1MD5Ja7Xr8Wh4AYBJ0pEAc',$,'L2|TWOBR_A',$,$,#4130,#4120,$,$);
#4110=IFCCARTESIANPOINTLIST2D(((0.,0.),(0.,150.),(10972.800000000001,150.),(10972.800000000001,0.),(0.,0.)));
#4111=IFCINDEXEDPOLYCURVE(#4110,$,.F.);
#4112=IFCDIRECTION((0.,0.,1.));
#4113=IFCARBITRARYCLOSEDPROFILEDEF(.AREA.,$,#4111);
#4114=IFCCARTESIANPOINT((0.,0.,0.));
#4115=IFCDIRECTION((0.,0.,1.));
#4116=IFCDIRECTION((1.,0.,0.));
#4117=IFCAXIS2PLACEMENT3D(#4114,#4115,#4116);
#4118=IFCEXTRUDEDAREASOLID(#4113,#4117,#4112,3200.4000000000001);
#4119=IFCSHAPEREPRESENTATION(#11,'Body','SweptSolid',(#4118));
#4120=IFCPRODUCTDEFINITIONSHAPE($,$,(#4119));
#4126=IFCCARTESIANPOINT((56692.800000000003,21031.200000000001,4267.1999999999998));
#4127=IFCDIRECTION((0.,0.,1.));
#4128=IFCDIRECTION((1.,0.,0.));
#4129=IFCAXIS2PLACEMENT3D(#4126,#4127,#4128);
#4130=IFCLOCALPLACEMENT($,#4129);
#4131=IFCWALL('1jhsafEnrC_hEvEZqdfh77',$,'L2|TWOBR_A',$,$,#4152,#4142,$,$);
#4132=IFCCARTESIANPOINTLIST2D(((0.,0.),(0.,150.),(10972.800000000001,150.),(10972.800000000001,0.),(0.,0.)));
#4133=IFCINDEXEDPOLYCURVE(#4132,$,.F.);
#4134=IFCDIRECTION((0.,0.,1.));
#4135=IFCARBITRARYCLOSEDPROFILEDEF(.AREA.,$,#4133);
#4136=IFCCARTESIANPOINT((0.,0.,0.));
#4137=IFCDIRECTION((0.,0.,1.));
#4138=IFCDIRECTION((1.,0.,0.));
#4139=IFCAXIS2PLACEMENT3D(#4136,#4137,#4138);
#4140=IFCEXTRUDEDAREASOLID(#4135,#4139,#4134,3200.4000000000001);
#4141=IFCSHAPEREPRESENTATION(#11,'Body','SweptSolid',(#4140));
#4142=IFCPRODUCTDEFINITIONSHAPE($,$,(#4141));
#4148=IFCCARTESIANPOINT((56692.800000000003,31394.400000000001,4267.1999999999998));
#4149=IFCDIRECTION((0.,0.,1.));
#4150=IFCDIRECTION((1.,0.,0.));
#4151=IFCAXIS2PLACEMENT3D(#4148,#4149,#4150);
#4152=IFCLOCALPLACEMENT($,#4151);
#4153=IFCWALL('3pfVzb6Cz8EAbuppv9JMQI',$,'L2|TWOBR_A',$,$,#4174,#4164,$,$);
#4154=IFCCARTESIANPOINTLIST2D(((0.,0.),(0.,150.),(10363.200000000001,150.),(10363.200000000001,0.),(0.,0.)));
#4155=IFCINDEXEDPOLYCURVE(#4154,$,.F.);
#4156=IFCDIRECTION((0.,0.,1.));
#4157=IFCARBITRARYCLOSEDPROFILEDEF(.AREA.,$,#4155);
#4158=IFCCARTESIANPOINT((0.,0.,0.));
#4159=IFCDIRECTION((0.,0.,1.));
#4160=IFCDIRECTION((1.,0.,0.));
#4161=IFCAXIS2PLACEMENT3D(#4158,#4159,#4160);
#4162=IFCEXTRUDEDAREASOLID(#4157,#4161,#4156,3200.4000000000001);
#4163=IFCSHAPEREPRESENTATION(#11,'Body','SweptSolid',(#4162));
#4164=IFCPRODUCTDEFINITIONSHAPE($,$,(#4163));
#4170=IFCCARTESIANPOINT((56692.800000000003,21031.200000000001,4267.1999999999998));
#4171=IFCDIRECTION((0.,0.,1.));
#4172=IFCDIRECTION((6.123233995736766E-17,1.,0.));
#4173=IFCAXIS2PLACEMENT3D(#4170,#4171,#4172);
#4174=IFCLOCALPLACEMENT($,#4173);
#4175=IFCWALL('2FaNt7Vqj8QvXMlhYOPBvY',$,'L2|TWOBR_A',$,$,#4196,#4186,$,$);
#4176=IFCCARTESIANPOINTLIST2D(((0.,0.),(0.,150.),(10363.200000000001,150.),(10363.200000000001,0.),(0.,0.)));
#4177=IFCINDEXEDPOLYCURVE(#4176,$,.F.);
#4178=IFCDIRECTION((0.,0.,1.));
#4179=IFCARBITRARYCLOSEDPROFILEDEF(.AREA.,$,#4177);
#4180=IFCCARTESIANPOINT((0.,0.,0.));
#4181=IFCDIRECTION((0.,0.,1.));
#4182=IFCDIRECTION((1.,0.,0.));
#4183=IFCAXIS2PLACEMENT3D(#4180,#4181,#4182);
#4184=IFCEXTRUDEDAREASOLID(#4179,#4183,#4178,3200.4000000000001);
#4185=IFCSHAPEREPRESENTATION(#11,'Body','SweptSolid',(#4184));
#4186=IFCPRODUCTDEFINITIONSHAPE($,$,(#4185));
#4192=IFCCARTESIANPOINT((67665.599999999991,21031.200000000001,4267.1999999999998));
#4193=IFCDIRECTION((0.,0.,1.));
#4194=IFCDIRECTION((6.123233995736766E-17,1.,0.));
#4195=IFCAXIS2PLACEMENT3D(#4192,#4193,#4194);
#4196=IFCLOCALPLACEMENT($,#4195);
#4197=IFCWALL('0QEcD5yz10gxt96P2iJAET',$,'L2|ONEBR_A',$,$,#4218,#4208,$,$);
#4198=IFCCARTESIANPOINTLIST2D(((0.,0.),(0.,150.),(10363.200000000001,150.),(10363.200000000001,0.),(0.,0.)));
#4199=IFCINDEXEDPOLYCURVE(#4198,$,.F.);
#4200=IFCDIRECTION((0.,0.,1.));
#4201=IFCARBITRARYCLOSEDPROFILEDEF(.AREA.,$,#4199);
#4202=IFCCARTESIANPOINT((0.,0.,0.));
#4203=IFCDIRECTION((0.,0.,1.));
#4204=IFCDIRECTION((1.,0.,0.));
#4205=IFCAXIS2PLACEMENT3D(#4202,#4203,#4204);
#4206=IFCEXTRUDEDAREASOLID(#4201,#4205,#4200,3200.4000000000001);
#4207=IFCSHAPEREPRESENTATION(#11,'Body','SweptSolid',(#4206));
#4208=IFCPRODUCTDEFINITIONSHAPE($,$,(#4207));
#4214=IFCCARTESIANPOINT((3657.6000000000004,22250.400000000001,4267.1999999999998));
#4215=IFCDIRECTION((0.,0.,1.));
#4216=IFCDIRECTION((1.,0.,0.));
#4217=IFCAXIS2PLACEMENT3D(#4214,#4215,#4216);
#4218=IFCLOCALPLACEMENT($,#4217);
#4219=IFCWALL('2zvjzdaNrEXR6QAnmA09yi',$,'L2|ONEBR_A',$,$,#4240,#4230,$,$);
#4220=IFCCARTESIANPOINTLIST2D(((0.,0.),(0.,150.),(10363.200000000001,150.),(10363.200000000001,0.),(0.,0.)));
#4221=IFCINDEXEDPOLYCURVE(#4220,$,.F.);
#4222=IFCDIRECTION((0.,0.,1.));
#4223=IFCARBITRARYCLOSEDPROFILEDEF(.AREA.,$,#4221);
#4224=IFCCARTESIANPOINT((0.,0.,0.));
#4225=IFCDIRECTION((0.,0.,1.));
#4226=IFCDIRECTION((1.,0.,0.));
#4227=IFCAXIS2PLACEMENT3D(#4224,#4225,#4226);
#4228=IFCEXTRUDEDAREASOLID(#4223,#4227,#4222,3200.4000000000001);
#4229=IFCSHAPEREPRESENTATION(#11,'Body','SweptSolid',(#4228));
#4230=IFCPRODUCTDEFINITIONSHAPE($,$,(#4229));
#4236=IFCCARTESIANPOINT((3657.6000000000004,31394.400000000001,4267.1999999999998));
#4237=IFCDIRECTION((0.,0.,1.));
#4238=IFCDIRECTION((1.,0.,0.));
#4239=IFCAXIS2PLACEMENT3D(#4236,#4237,#4238);
#4240=IFCLOCALPLACEMENT($,#4239);
#4241=IFCWALL('34qCwQ2I563wVCra404x4J',$,'L2|ONEBR_A',$,$,#4262,#4252,$,$);
#4242=IFCCARTESIANPOINTLIST2D(((0.,0.),(0.,150.),(9144.,150.),(9144.,0.),(0.,0.)));
#4243=IFCINDEXEDPOLYCURVE(#4242,$,.F.);
#4244=IFCDIRECTION((0.,0.,1.));
#4245=IFCARBITRARYCLOSEDPROFILEDEF(.AREA.,$,#4243);
#4246=IFCCARTESIANPOINT((0.,0.,0.));
#4247=IFCDIRECTION((0.,0.,1.));
#4248=IFCDIRECTION((1.,0.,0.));
#4249=IFCAXIS2PLACEMENT3D(#4246,#4247,#4248);
#4250=IFCEXTRUDEDAREASOLID(#4245,#4249,#4244,3200.4000000000001);
#4251=IFCSHAPEREPRESENTATION(#11,'Body','SweptSolid',(#4250));
#4252=IFCPRODUCTDEFINITIONSHAPE($,$,(#4251));
#4258=IFCCARTESIANPOINT((3657.6000000000004,22250.400000000001,4267.1999999999998));
#4259=IFCDIRECTION((0.,0.,1.));
#4260=IFCDIRECTION((6.123233995736766E-17,1.,0.));
#4261=IFCAXIS2PLACEMENT3D(#4258,#4259,#4260);
#4262=IFCLOCALPLACEMENT($,#4261);
#4263=IFCWALL('2F29U2pqDAWhYzEVMoObjn',$,'L2|ONEBR_A',$,$,#4284,#4274,$,$);
#4264=IFCCARTESIANPOINTLIST2D(((0.,0.),(0.,150.),(9144.,150.),(9144.,0.),(0.,0.)));
#4265=IFCINDEXEDPOLYCURVE(#4264,$,.F.);
#4266=IFCDIRECTION((0.,0.,1.));
#4267=IFCARBITRARYCLOSEDPROFILEDEF(.AREA.,$,#4265);
#4268=IFCCARTESIANPOINT((0.,0.,0.));
#4269=IFCDIRECTION((0.,0.,1.));
#4270=IFCDIRECTION((1.,0.,0.));
#4271=IFCAXIS2PLACEMENT3D(#4268,#4269,#4270);
#4272=IFCEXTRUDEDAREASOLID(#4267,#4271,#4266,3200.4000000000001);
#4273=IFCSHAPEREPRESENTATION(#11,'Body','SweptSolid',(#4272));
#4274=IFCPRODUCTDEFINITIONSHAPE($,$,(#4273));
#4280=IFCCARTESIANPOINT((14020.800000000001,22250.400000000001,4267.1999999999998));
#4281=IFCDIRECTION((0.,0.,1.));
#4282=IFCDIRECTION((6.123233995736766E-17,1.,0.));
#4283=IFCAXIS2PLACEMENT3D(#4280,#4281,#4282);
#4284=IFCLOCALPLACEMENT($,#4283);
#4285=IFCWALL('0IIzWjG410$8c_EtK4Xf7$',$,'L2|ONEBR_A',$,$,#4306,#4296,$,$);
#4286=IFCCARTESIANPOINTLIST2D(((0.,0.),(0.,150.),(10363.200000000001,150.),(10363.200000000001,0.),(0.,0.)));
#4287=IFCINDEXEDPOLYCURVE(#4286,$,.F.);
#4288=IFCDIRECTION((0.,0.,1.));
#4289=IFCARBITRARYCLOSEDPROFILEDEF(.AREA.,$,#4287);
#4290=IFCCARTESIANPOINT((0.,0.,0.));
#4291=IFCDIRECTION((0.,0.,1.));
#4292=IFCDIRECTION((1.,0.,0.));
#4293=IFCAXIS2PLACEMENT3D(#4290,#4291,#4292);
#4294=IFCEXTRUDEDAREASOLID(#4289,#4293,#4288,3200.4000000000001);
#4295=IFCSHAPEREPRESENTATION(#11,'Body','SweptSolid',(#4294));
#4296=IFCPRODUCTDEFINITIONSHAPE($,$,(#4295));
#4302=IFCCARTESIANPOINT((42672.,22250.400000000001,4267.1999999999998));
#4303=IFCDIRECTION((0.,0.,1.));
#4304=IFCDIRECTION((1.,0.,0.));
#4305=IFCAXIS2PLACEMENT3D(#4302,#4303,#4304);
#4306=IFCLOCALPLACEMENT($,#4305);
#4307=IFCWALL('3qJBB39xj3dwkkdAvEhhqi',$,'L2|ONEBR_A',$,$,#4328,#4318,$,$);
#4308=IFCCARTESIANPOINTLIST2D(((0.,0.),(0.,150.),(10363.200000000001,150.),(10363.200000000001,0.),(0.,0.)));
#4309=IFCINDEXEDPOLYCURVE(#4308,$,.F.);
#4310=IFCDIRECTION((0.,0.,1.));
#4311=IFCARBITRARYCLOSEDPROFILEDEF(.AREA.,$,#4309);
#4312=IFCCARTESIANPOINT((0.,0.,0.));
#4313=IFCDIRECTION((0.,0.,1.));
#4314=IFCDIRECTION((1.,0.,0.));
#4315=IFCAXIS2PLACEMENT3D(#4312,#4313,#4314);
#4316=IFCEXTRUDEDAREASOLID(#4311,#4315,#4310,3200.4000000000001);
#4317=IFCSHAPEREPRESENTATION(#11,'Body','SweptSolid',(#4316));
#4318=IFCPRODUCTDEFINITIONSHAPE($,$,(#4317));
#4324=IFCCARTESIANPOINT((42672.,31394.400000000001,4267.1999999999998));
#4325=IFCDIRECTION((0.,0.,1.));
#4326=IFCDIRECTION((1.,0.,0.));
#4327=IFCAXIS2PLACEMENT3D(#4324,#4325,#4326);
#4328=IFCLOCALPLACEMENT($,#4327);
#4329=IFCWALL('1TzwqfPvPCOfwNDuY9DrVR',$,'L2|ONEBR_A',$,$,#4350,#4340,$,$);
#4330=IFCCARTESIANPOINTLIST2D(((0.,0.),(0.,150.),(9144.,150.),(9144.,0.),(0.,0.)));
#4331=IFCINDEXEDPOLYCURVE(#4330,$,.F.);
#4332=IFCDIRECTION((0.,0.,1.));
#4333=IFCARBITRARYCLOSEDPROFILEDEF(.AREA.,$,#4331);
#4334=IFCCARTESIANPOINT((0.,0.,0.));
#4335=IFCDIRECTION((0.,0.,1.));
#4336=IFCDIRECTION((1.,0.,0.));
#4337=IFCAXIS2PLACEMENT3D(#4334,#4335,#4336);
#4338=IFCEXTRUDEDAREASOLID(#4333,#4337,#4332,3200.4000000000001);
#4339=IFCSHAPEREPRESENTATION(#11,'Body','SweptSolid',(#4338));
#4340=IFCPRODUCTDEFINITIONSHAPE($,$,(#4339));
#4346=IFCCARTESIANPOINT((42672.,22250.400000000001,4267.1999999999998));
#4347=IFCDIRECTION((0.,0.,1.));
#4348=IFCDIRECTION((6.123233995736766E-17,1.,0.));
#4349=IFCAXIS2PLACEMENT3D(#4346,#4347,#4348);
#4350=IFCLOCALPLACEMENT($,#4349);
#4351=IFCWALL('1bMKr5nNH4qAnsa_p9ca41',$,'L2|ONEBR_A',$,$,#4372,#4362,$,$);
#4352=IFCCARTESIANPOINTLIST2D(((0.,0.),(0.,150.),(9144.,150.),(9144.,0.),(0.,0.)));
#4353=IFCINDEXEDPOLYCURVE(#4352,$,.F.);
#4354=IFCDIRECTION((0.,0.,1.));
#4355=IFCARBITRARYCLOSEDPROFILEDEF(.AREA.,$,#4353);
#4356=IFCCARTESIANPOINT((0.,0.,0.));
#4357=IFCDIRECTION((0.,0.,1.));
#4358=IFCDIRECTION((1.,0.,0.));
#4359=IFCAXIS2PLACEMENT3D(#4356,#4357,#4358);
#4360=IFCEXTRUDEDAREASOLID(#4355,#4359,#4354,3200.4000000000001);
#4361=IFCSHAPEREPRESENTATION(#11,'Body','SweptSolid',(#4360));
#4362=IFCPRODUCTDEFINITIONSHAPE($,$,(#4361));
#4368=IFCCARTESIANPOINT((53035.200000000004,22250.400000000001,4267.1999999999998));
#4369=IFCDIRECTION((0.,0.,1.));
#4370=IFCDIRECTION((6.123233995736766E-17,1.,0.));
#4371=IFCAXIS2PLACEMENT3D(#4368,#4369,#4370);
#4372=IFCLOCALPLACEMENT($,#4371);
#4373=IFCWALL('2CWeqv4hTCO8WgwOSCSUoI',$,'L2|TWOBR_A',$,$,#4394,#4384,$,$);
#4374=IFCCARTESIANPOINTLIST2D(((0.,0.),(0.,150.),(10972.800000000001,150.),(10972.800000000001,0.),(0.,0.)));
#4375=IFCINDEXEDPOLYCURVE(#4374,$,.F.);
#4376=IFCDIRECTION((0.,0.,1.));
#4377=IFCARBITRARYCLOSEDPROFILEDEF(.AREA.,$,#4375);
#4378=IFCCARTESIANPOINT((0.,0.,0.));
#4379=IFCDIRECTION((0.,0.,1.));
#4380=IFCDIRECTION((1.,0.,0.));
#4381=IFCAXIS2PLACEMENT3D(#4378,#4379,#4380);
#4382=IFCEXTRUDEDAREASOLID(#4377,#4381,#4376,3200.4000000000001);
#4383=IFCSHAPEREPRESENTATION(#11,'Body','SweptSolid',(#4382));
#4384=IFCPRODUCTDEFINITIONSHAPE($,$,(#4383));
#4390=IFCCARTESIANPOINT((69494.399999999994,22250.400000000001,4267.1999999999998));
#4391=IFCDIRECTION((0.,0.,1.));
#4392=IFCDIRECTION((1.,0.,0.));
#4393=IFCAXIS2PLACEMENT3D(#4390,#4391,#4392);
#4394=IFCLOCALPLACEMENT($,#4393);
#4395=IFCWALL('1xOIWmRa9AnhGbstHxJGtD',$,'L2|TWOBR_A',$,$,#4416,#4406,$,$);
#4396=IFCCARTESIANPOINTLIST2D(((0.,0.),(0.,150.),(10972.800000000001,150.),(10972.800000000001,0.),(0.,0.)));
#4397=IFCINDEXEDPOLYCURVE(#4396,$,.F.);
#4398=IFCDIRECTION((0.,0.,1.));
#4399=IFCARBITRARYCLOSEDPROFILEDEF(.AREA.,$,#4397);
#4400=IFCCARTESIANPOINT((0.,0.,0.));
#4401=IFCDIRECTION((0.,0.,1.));
#4402=IFCDIRECTION((1.,0.,0.));
#4403=IFCAXIS2PLACEMENT3D(#4400,#4401,#4402);
#4404=IFCEXTRUDEDAREASOLID(#4399,#4403,#4398,3200.4000000000001);
#4405=IFCSHAPEREPRESENTATION(#11,'Body','SweptSolid',(#4404));
#4406=IFCPRODUCTDEFINITIONSHAPE($,$,(#4405));
#4412=IFCCARTESIANPOINT((69494.399999999994,32613.599999999999,4267.1999999999998));
#4413=IFCDIRECTION((0.,0.,1.));
#4414=IFCDIRECTION((1.,0.,0.));
#4415=IFCAXIS2PLACEMENT3D(#4412,#4413,#4414);
#4416=IFCLOCALPLACEMENT($,#4415);
#4417=IFCWALL('286eQpYWLFVutPD_vSWlJ2',$,'L2|TWOBR_A',$,$,#4438,#4428,$,$);
#4418=IFCCARTESIANPOINTLIST2D(((0.,0.),(0.,150.),(10363.200000000001,150.),(10363.200000000001,0.),(0.,0.)));
#4419=IFCINDEXEDPOLYCURVE(#4418,$,.F.);
#4420=IFCDIRECTION((0.,0.,1.));
#4421=IFCARBITRARYCLOSEDPROFILEDEF(.AREA.,$,#4419);
#4422=IFCCARTESIANPOINT((0.,0.,0.));
#4423=IFCDIRECTION((0.,0.,1.));
#4424=IFCDIRECTION((1.,0.,0.));
#4425=IFCAXIS2PLACEMENT3D(#4422,#4423,#4424);
#4426=IFCEXTRUDEDAREASOLID(#4421,#4425,#4420,3200.4000000000001);
#4427=IFCSHAPEREPRESENTATION(#11,'Body','SweptSolid',(#4426));
#4428=IFCPRODUCTDEFINITIONSHAPE($,$,(#4427));
#4434=IFCCARTESIANPOINT((69494.399999999994,22250.400000000001,4267.1999999999998));
#4435=IFCDIRECTION((0.,0.,1.));
#4436=IFCDIRECTION((6.123233995736766E-17,1.,0.));
#4437=IFCAXIS2PLACEMENT3D(#4434,#4435,#4436);
#4438=IFCLOCALPLACEMENT($,#4437);
#4439=IFCWALL('2W6pm8j7n3qu9bC8paVNBw',$,'L2|TWOBR_A',$,$,#4460,#4450,$,$);
#4440=IFCCARTESIANPOINTLIST2D(((0.,0.),(0.,150.),(10363.200000000001,150.),(10363.200000000001,0.),(0.,0.)));
#4441=IFCINDEXEDPOLYCURVE(#4440,$,.F.);
#4442=IFCDIRECTION((0.,0.,1.));
#4443=IFCARBITRARYCLOSEDPROFILEDEF(.AREA.,$,#4441);
#4444=IFCCARTESIANPOINT((0.,0.,0.));
#4445=IFCDIRECTION((0.,0.,1.));
#4446=IFCDIRECTION((1.,0.,0.));
#4447=IFCAXIS2PLACEMENT3D(#4444,#4445,#4446);
#4448=IFCEXTRUDEDAREASOLID(#4443,#4447,#4442,3200.4000000000001);
#4449=IFCSHAPEREPRESENTATION(#11,'Body','SweptSolid',(#4448));
#4450=IFCPRODUCTDEFINITIONSHAPE($,$,(#4449));
#4456=IFCCARTESIANPOINT((80467.199999999997,22250.400000000001,4267.1999999999998));
#4457=IFCDIRECTION((0.,0.,1.));
#4458=IFCDIRECTION((6.123233995736766E-17,1.,0.));
#4459=IFCAXIS2PLACEMENT3D(#4456,#4457,#4458);
#4460=IFCLOCALPLACEMENT($,#4459);
#4461=IFCWALL('1Arg7hnJ108fRP3q9HlSz2',$,'L2|STUDIO_A',$,$,#4482,#4472,$,$);
#4462=IFCCARTESIANPOINTLIST2D(((0.,0.),(0.,150.),(9753.6000000000004,150.),(9753.6000000000004,0.),(0.,0.)));
#4463=IFCINDEXEDPOLYCURVE(#4462,$,.F.);
#4464=IFCDIRECTION((0.,0.,1.));
#4465=IFCARBITRARYCLOSEDPROFILEDEF(.AREA.,$,#4463);
#4466=IFCCARTESIANPOINT((0.,0.,0.));
#4467=IFCDIRECTION((0.,0.,1.));
#4468=IFCDIRECTION((1.,0.,0.));
#4469=IFCAXIS2PLACEMENT3D(#4466,#4467,#4468);
#4470=IFCEXTRUDEDAREASOLID(#4465,#4469,#4464,3200.4000000000001);
#4471=IFCSHAPEREPRESENTATION(#11,'Body','SweptSolid',(#4470));
#4472=IFCPRODUCTDEFINITIONSHAPE($,$,(#4471));
#4478=IFCCARTESIANPOINT((15849.6,28956.000000000004,4267.1999999999998));
#4479=IFCDIRECTION((0.,0.,1.));
#4480=IFCDIRECTION((1.,0.,0.));
#4481=IFCAXIS2PLACEMENT3D(#4478,#4479,#4480);
#4482=IFCLOCALPLACEMENT($,#4481);
#4483=IFCWALL('20FHPsBnfC2RiOd0ZDQGdl',$,'L2|STUDIO_A',$,$,#4504,#4494,$,$);
#4484=IFCCARTESIANPOINTLIST2D(((0.,0.),(0.,150.),(9753.6000000000004,150.),(9753.6000000000004,0.),(0.,0.)));
#4485=IFCINDEXEDPOLYCURVE(#4484,$,.F.);
#4486=IFCDIRECTION((0.,0.,1.));
#4487=IFCARBITRARYCLOSEDPROFILEDEF(.AREA.,$,#4485);
#4488=IFCCARTESIANPOINT((0.,0.,0.));
#4489=IFCDIRECTION((0.,0.,1.));
#4490=IFCDIRECTION((1.,0.,0.));
#4491=IFCAXIS2PLACEMENT3D(#4488,#4489,#4490);
#4492=IFCEXTRUDEDAREASOLID(#4487,#4491,#4486,3200.4000000000001);
#4493=IFCSHAPEREPRESENTATION(#11,'Body','SweptSolid',(#4492));
#4494=IFCPRODUCTDEFINITIONSHAPE($,$,(#4493));
#4500=IFCCARTESIANPOINT((15849.6,36880.800000000003,4267.1999999999998));
#4501=IFCDIRECTION((0.,0.,1.));
#4502=IFCDIRECTION((1.,0.,0.));
#4503=IFCAXIS2PLACEMENT3D(#4500,#4501,#4502);
#4504=IFCLOCALPLACEMENT($,#4503);
#4505=IFCWALL('1dK99lV610x9Ux0uuo1uGZ',$,'L2|STUDIO_A',$,$,#4526,#4516,$,$);
#4506=IFCCARTESIANPOINTLIST2D(((0.,0.),(0.,150.),(7924.8000000000002,150.),(7924.8000000000002,0.),(0.,0.)));
#4507=IFCINDEXEDPOLYCURVE(#4506,$,.F.);
#4508=IFCDIRECTION((0.,0.,1.));
#4509=IFCARBITRARYCLOSEDPROFILEDEF(.AREA.,$,#4507);
#4510=IFCCARTESIANPOINT((0.,0.,0.));
#4511=IFCDIRECTION((0.,0.,1.));
#4512=IFCDIRECTION((1.,0.,0.));
#4513=IFCAXIS2PLACEMENT3D(#4510,#4511,#4512);
#4514=IFCEXTRUDEDAREASOLID(#4509,#4513,#4508,3200.4000000000001);
#4515=IFCSHAPEREPRESENTATION(#11,'Body','SweptSolid',(#4514));
#4516=IFCPRODUCTDEFINITIONSHAPE($,$,(#4515));
#4522=IFCCARTESIANPOINT((15849.6,28956.000000000004,4267.1999999999998));
#4523=IFCDIRECTION((0.,0.,1.));
#4524=IFCDIRECTION((6.123233995736766E-17,1.,0.));
#4525=IFCAXIS2PLACEMENT3D(#4522,#4523,#4524);
#4526=IFCLOCALPLACEMENT($,#4525);
#4527=IFCWALL('3D_fULmBX5SuGOzHgue$MN',$,'L2|STUDIO_A',$,$,#4548,#4538,$,$);
#4528=IFCCARTESIANPOINTLIST2D(((0.,0.),(0.,150.),(7924.8000000000002,150.),(7924.8000000000002,0.),(0.,0.)));
#4529=IFCINDEXEDPOLYCURVE(#4528,$,.F.);
#4530=IFCDIRECTION((0.,0.,1.));
#4531=IFCARBITRARYCLOSEDPROFILEDEF(.AREA.,$,#4529);
#4532=IFCCARTESIANPOINT((0.,0.,0.));
#4533=IFCDIRECTION((0.,0.,1.));
#4534=IFCDIRECTION((1.,0.,0.));
#4535=IFCAXIS2PLACEMENT3D(#4532,#4533,#4534);
#4536=IFCEXTRUDEDAREASOLID(#4531,#4535,#4530,3200.4000000000001);
#4537=IFCSHAPEREPRESENTATION(#11,'Body','SweptSolid',(#4536));
#4538=IFCPRODUCTDEFINITIONSHAPE($,$,(#4537));
#4544=IFCCARTESIANPOINT((25603.200000000001,28956.000000000004,4267.1999999999998));
#4545=IFCDIRECTION((0.,0.,1.));
#4546=IFCDIRECTION((6.123233995736766E-17,1.,0.));
#4547=IFCAXIS2PLACEMENT3D(#4544,#4545,#4546);
#4548=IFCLOCALPLACEMENT($,#4547);
#4549=IFCWALL('1ivTSjC59CaQMmbwJAwjK4',$,'L2|ONEBR_A',$,$,#4570,#4560,$,$);
#4550=IFCCARTESIANPOINTLIST2D(((0.,0.),(0.,150.),(10363.200000000001,150.),(10363.200000000001,0.),(0.,0.)));
#4551=IFCINDEXEDPOLYCURVE(#4550,$,.F.);
#4552=IFCDIRECTION((0.,0.,1.));
#4553=IFCARBITRARYCLOSEDPROFILEDEF(.AREA.,$,#4551);
#4554=IFCCARTESIANPOINT((0.,0.,0.));
#4555=IFCDIRECTION((0.,0.,1.));
#4556=IFCDIRECTION((1.,0.,0.));
#4557=IFCAXIS2PLACEMENT3D(#4554,#4555,#4556);
#4558=IFCEXTRUDEDAREASOLID(#4553,#4557,#4552,3200.4000000000001);
#4559=IFCSHAPEREPRESENTATION(#11,'Body','SweptSolid',(#4558));
#4560=IFCPRODUCTDEFINITIONSHAPE($,$,(#4559));
#4566=IFCCARTESIANPOINT((30480.,28956.000000000004,4267.1999999999998));
#4567=IFCDIRECTION((0.,0.,1.));
#4568=IFCDIRECTION((1.,0.,0.));
#4569=IFCAXIS2PLACEMENT3D(#4566,#4567,#4568);
#4570=IFCLOCALPLACEMENT($,#4569);
#4571=IFCWALL('084JLRnO1Co9F4oQZQcrRP',$,'L2|ONEBR_A',$,$,#4592,#4582,$,$);
#4572=IFCCARTESIANPOINTLIST2D(((0.,0.),(0.,150.),(10363.200000000001,150.),(10363.200000000001,0.),(0.,0.)));
#4573=IFCINDEXEDPOLYCURVE(#4572,$,.F.);
#4574=IFCDIRECTION((0.,0.,1.));
#4575=IFCARBITRARYCLOSEDPROFILEDEF(.AREA.,$,#4573);
#4576=IFCCARTESIANPOINT((0.,0.,0.));
#4577=IFCDIRECTION((0.,0.,1.));
#4578=IFCDIRECTION((1.,0.,0.));
#4579=IFCAXIS2PLACEMENT3D(#4576,#4577,#4578);
#4580=IFCEXTRUDEDAREASOLID(#4575,#4579,#4574,3200.4000000000001);
#4581=IFCSHAPEREPRESENTATION(#11,'Body','SweptSolid',(#4580));
#4582=IFCPRODUCTDEFINITIONSHAPE($,$,(#4581));
#4588=IFCCARTESIANPOINT((30480.,38100.,4267.1999999999998));
#4589=IFCDIRECTION((0.,0.,1.));
#4590=IFCDIRECTION((1.,0.,0.));
#4591=IFCAXIS2PLACEMENT3D(#4588,#4589,#4590);
#4592=IFCLOCALPLACEMENT($,#4591);
#4593=IFCWALL('3s7hxrLxD5fOCW6vr66fI7',$,'L2|ONEBR_A',$,$,#4614,#4604,$,$);
#4594=IFCCARTESIANPOINTLIST2D(((0.,0.),(0.,150.),(9144.,150.),(9144.,0.),(0.,0.)));
#4595=IFCINDEXEDPOLYCURVE(#4594,$,.F.);
#4596=IFCDIRECTION((0.,0.,1.));
#4597=IFCARBITRARYCLOSEDPROFILEDEF(.AREA.,$,#4595);
#4598=IFCCARTESIANPOINT((0.,0.,0.));
#4599=IFCDIRECTION((0.,0.,1.));
#4600=IFCDIRECTION((1.,0.,0.));
#4601=IFCAXIS2PLACEMENT3D(#4598,#4599,#4600);
#4602=IFCEXTRUDEDAREASOLID(#4597,#4601,#4596,3200.4000000000001);
#4603=IFCSHAPEREPRESENTATION(#11,'Body','SweptSolid',(#4602));
#4604=IFCPRODUCTDEFINITIONSHAPE($,$,(#4603));
#4610=IFCCARTESIANPOINT((30480.,28956.000000000004,4267.1999999999998));
#4611=IFCDIRECTION((0.,0.,1.));
#4612=IFCDIRECTION((6.123233995736766E-17,1.,0.));
#4613=IFCAXIS2PLACEMENT3D(#4610,#4611,#4612);
#4614=IFCLOCALPLACEMENT($,#4613);
#4615=IFCWALL('356VtveS55LgfZocVitKKl',$,'L2|ONEBR_A',$,$,#4636,#4626,$,$);
#4616=IFCCARTESIANPOINTLIST2D(((0.,0.),(0.,150.),(9144.,150.),(9144.,0.),(0.,0.)));
#4617=IFCINDEXEDPOLYCURVE(#4616,$,.F.);
#4618=IFCDIRECTION((0.,0.,1.));
#4619=IFCARBITRARYCLOSEDPROFILEDEF(.AREA.,$,#4617);
#4620=IFCCARTESIANPOINT((0.,0.,0.));
#4621=IFCDIRECTION((0.,0.,1.));
#4622=IFCDIRECTION((1.,0.,0.));
#4623=IFCAXIS2PLACEMENT3D(#4620,#4621,#4622);
#4624=IFCEXTRUDEDAREASOLID(#4619,#4623,#4618,3200.4000000000001);
#4625=IFCSHAPEREPRESENTATION(#11,'Body','SweptSolid',(#4624));
#4626=IFCPRODUCTDEFINITIONSHAPE($,$,(#4625));
#4632=IFCCARTESIANPOINT((40843.200000000004,28956.000000000004,4267.1999999999998));
#4633=IFCDIRECTION((0.,0.,1.));
#4634=IFCDIRECTION((6.123233995736766E-17,1.,0.));
#4635=IFCAXIS2PLACEMENT3D(#4632,#4633,#4634);
#4636=IFCLOCALPLACEMENT($,#4635);
#4637=IFCWALL('1j0k4gj8PAX9kbFHlsIkL9',$,'L2|TWOBR_A',$,$,#4658,#4648,$,$);
#4638=IFCCARTESIANPOINTLIST2D(((0.,0.),(0.,150.),(10972.800000000001,150.),(10972.800000000001,0.),(0.,0.)));
#4639=IFCINDEXEDPOLYCURVE(#4638,$,.F.);
#4640=IFCDIRECTION((0.,0.,1.));
#4641=IFCARBITRARYCLOSEDPROFILEDEF(.AREA.,$,#4639);
#4642=IFCCARTESIANPOINT((0.,0.,0.));
#4643=IFCDIRECTION((0.,0.,1.));
#4644=IFCDIRECTION((1.,0.,0.));
#4645=IFCAXIS2PLACEMENT3D(#4642,#4643,#4644);
#4646=IFCEXTRUDEDAREASOLID(#4641,#4645,#4640,3200.4000000000001);
#4647=IFCSHAPEREPRESENTATION(#11,'Body','SweptSolid',(#4646));
#4648=IFCPRODUCTDEFINITIONSHAPE($,$,(#4647));
#4654=IFCCARTESIANPOINT((3048.,31394.400000000001,4267.1999999999998));
#4655=IFCDIRECTION((0.,0.,1.));
#4656=IFCDIRECTION((1.,0.,0.));
#4657=IFCAXIS2PLACEMENT3D(#4654,#4655,#4656);
#4658=IFCLOCALPLACEMENT($,#4657);
#4659=IFCWALL('3YualXgY52hfno_40H5amb',$,'L2|TWOBR_A',$,$,#4680,#4670,$,$);
#4660=IFCCARTESIANPOINTLIST2D(((0.,0.),(0.,150.),(10972.800000000001,150.),(10972.800000000001,0.),(0.,0.)));
#4661=IFCINDEXEDPOLYCURVE(#4660,$,.F.);
#4662=IFCDIRECTION((0.,0.,1.));
#4663=IFCARBITRARYCLOSEDPROFILEDEF(.AREA.,$,#4661);
#4664=IFCCARTESIANPOINT((0.,0.,0.));
#4665=IFCDIRECTION((0.,0.,1.));
#4666=IFCDIRECTION((1.,0.,0.));
#4667=IFCAXIS2PLACEMENT3D(#4664,#4665,#4666);
#4668=IFCEXTRUDEDAREASOLID(#4663,#4667,#4662,3200.4000000000001);
#4669=IFCSHAPEREPRESENTATION(#11,'Body','SweptSolid',(#4668));
#4670=IFCPRODUCTDEFINITIONSHAPE($,$,(#4669));
#4676=IFCCARTESIANPOINT((3048.,41757.600000000006,4267.1999999999998));
#4677=IFCDIRECTION((0.,0.,1.));
#4678=IFCDIRECTION((1.,0.,0.));
#4679=IFCAXIS2PLACEMENT3D(#4676,#4677,#4678);
#4680=IFCLOCALPLACEMENT($,#4679);
#4681=IFCWALL('0W1g6JQnH7A9G9tObnVGjJ',$,'L2|TWOBR_A',$,$,#4702,#4692,$,$);
#4682=IFCCARTESIANPOINTLIST2D(((0.,0.),(0.,150.),(10363.200000000001,150.),(10363.200000000001,0.),(0.,0.)));
#4683=IFCINDEXEDPOLYCURVE(#4682,$,.F.);
#4684=IFCDIRECTION((0.,0.,1.));
#4685=IFCARBITRARYCLOSEDPROFILEDEF(.AREA.,$,#4683);
#4686=IFCCARTESIANPOINT((0.,0.,0.));
#4687=IFCDIRECTION((0.,0.,1.));
#4688=IFCDIRECTION((1.,0.,0.));
#4689=IFCAXIS2PLACEMENT3D(#4686,#4687,#4688);
#4690=IFCEXTRUDEDAREASOLID(#4685,#4689,#4684,3200.4000000000001);
#4691=IFCSHAPEREPRESENTATION(#11,'Body','SweptSolid',(#4690));
#4692=IFCPRODUCTDEFINITIONSHAPE($,$,(#4691));
#4698=IFCCARTESIANPOINT((3048.,31394.400000000001,4267.1999999999998));
#4699=IFCDIRECTION((0.,0.,1.));
#4700=IFCDIRECTION((6.123233995736766E-17,1.,0.));
#4701=IFCAXIS2PLACEMENT3D(#4698,#4699,#4700);
#4702=IFCLOCALPLACEMENT($,#4701);
#4703=IFCWALL('3MNUQqMzj4DRUDAnfOdsA$',$,'L2|TWOBR_A',$,$,#4724,#4714,$,$);
#4704=IFCCARTESIANPOINTLIST2D(((0.,0.),(0.,150.),(10363.200000000001,150.),(10363.200000000001,0.),(0.,0.)));
#4705=IFCINDEXEDPOLYCURVE(#4704,$,.F.);
#4706=IFCDIRECTION((0.,0.,1.));
#4707=IFCARBITRARYCLOSEDPROFILEDEF(.AREA.,$,#4705);
#4708=IFCCARTESIANPOINT((0.,0.,0.));
#4709=IFCDIRECTION((0.,0.,1.));
#4710=IFCDIRECTION((1.,0.,0.));
#4711=IFCAXIS2PLACEMENT3D(#4708,#4709,#4710);
#4712=IFCEXTRUDEDAREASOLID(#4707,#4711,#4706,3200.4000000000001);
#4713=IFCSHAPEREPRESENTATION(#11,'Body','SweptSolid',(#4712));
#4714=IFCPRODUCTDEFINITIONSHAPE($,$,(#4713));
#4720=IFCCARTESIANPOINT((14020.800000000001,31394.400000000001,4267.1999999999998));
#4721=IFCDIRECTION((0.,0.,1.));
#4722=IFCDIRECTION((6.123233995736766E-17,1.,0.));
#4723=IFCAXIS2PLACEMENT3D(#4720,#4721,#4722);
#4724=IFCLOCALPLACEMENT($,#4723);
#4725=IFCWALL('0ltO380ObFJPeJUWKeCMQz',$,'L2|ONEBR_A',$,$,#4746,#4736,$,$);
#4726=IFCCARTESIANPOINTLIST2D(((0.,0.),(0.,150.),(10363.200000000001,150.),(10363.200000000001,0.),(0.,0.)));
#4727=IFCINDEXEDPOLYCURVE(#4726,$,.F.);
#4728=IFCDIRECTION((0.,0.,1.));
#4729=IFCARBITRARYCLOSEDPROFILEDEF(.AREA.,$,#4727);
#4730=IFCCARTESIANPOINT((0.,0.,0.));
#4731=IFCDIRECTION((0.,0.,1.));
#4732=IFCDIRECTION((1.,0.,0.));
#4733=IFCAXIS2PLACEMENT3D(#4730,#4731,#4732);
#4734=IFCEXTRUDEDAREASOLID(#4729,#4733,#4728,3200.4000000000001);
#4735=IFCSHAPEREPRESENTATION(#11,'Body','SweptSolid',(#4734));
#4736=IFCPRODUCTDEFINITIONSHAPE($,$,(#4735));
#4742=IFCCARTESIANPOINT((42672.,31394.400000000001,4267.1999999999998));
#4743=IFCDIRECTION((0.,0.,1.));
#4744=IFCDIRECTION((1.,0.,0.));
#4745=IFCAXIS2PLACEMENT3D(#4742,#4743,#4744);
#4746=IFCLOCALPLACEMENT($,#4745);
#4747=IFCWALL('2h$EH7Xmj4o8vH6EO_nxfM',$,'L2|ONEBR_A',$,$,#4768,#4758,$,$);
#4748=IFCCARTESIANPOINTLIST2D(((0.,0.),(0.,150.),(10363.200000000001,150.),(10363.200000000001,0.),(0.,0.)));
#4749=IFCINDEXEDPOLYCURVE(#4748,$,.F.);
#4750=IFCDIRECTION((0.,0.,1.));
#4751=IFCARBITRARYCLOSEDPROFILEDEF(.AREA.,$,#4749);
#4752=IFCCARTESIANPOINT((0.,0.,0.));
#4753=IFCDIRECTION((0.,0.,1.));
#4754=IFCDIRECTION((1.,0.,0.));
#4755=IFCAXIS2PLACEMENT3D(#4752,#4753,#4754);
#4756=IFCEXTRUDEDAREASOLID(#4751,#4755,#4750,3200.4000000000001);
#4757=IFCSHAPEREPRESENTATION(#11,'Body','SweptSolid',(#4756));
#4758=IFCPRODUCTDEFINITIONSHAPE($,$,(#4757));
#4764=IFCCARTESIANPOINT((42672.,40538.400000000001,4267.1999999999998));
#4765=IFCDIRECTION((0.,0.,1.));
#4766=IFCDIRECTION((1.,0.,0.));
#4767=IFCAXIS2PLACEMENT3D(#4764,#4765,#4766);
#4768=IFCLOCALPLACEMENT($,#4767);
#4769=IFCWALL('1yj42WmpD0IgGYwnPbAjXX',$,'L2|ONEBR_A',$,$,#4790,#4780,$,$);
#4770=IFCCARTESIANPOINTLIST2D(((0.,0.),(0.,150.),(9144.,150.),(9144.,0.),(0.,0.)));
#4771=IFCINDEXEDPOLYCURVE(#4770,$,.F.);
#4772=IFCDIRECTION((0.,0.,1.));
#4773=IFCARBITRARYCLOSEDPROFILEDEF(.AREA.,$,#4771);
#4774=IFCCARTESIANPOINT((0.,0.,0.));
#4775=IFCDIRECTION((0.,0.,1.));
#4776=IFCDIRECTION((1.,0.,0.));
#4777=IFCAXIS2PLACEMENT3D(#4774,#4775,#4776);
#4778=IFCEXTRUDEDAREASOLID(#4773,#4777,#4772,3200.4000000000001);
#4779=IFCSHAPEREPRESENTATION(#11,'Body','SweptSolid',(#4778));
#4780=IFCPRODUCTDEFINITIONSHAPE($,$,(#4779));
#4786=IFCCARTESIANPOINT((42672.,31394.400000000001,4267.1999999999998));
#4787=IFCDIRECTION((0.,0.,1.));
#4788=IFCDIRECTION((6.123233995736766E-17,1.,0.));
#4789=IFCAXIS2PLACEMENT3D(#4786,#4787,#4788);
#4790=IFCLOCALPLACEMENT($,#4789);
#4791=IFCWALL('2SUBu28s13wxqByFb0HC9U',$,'L2|ONEBR_A',$,$,#4812,#4802,$,$);
#4792=IFCCARTESIANPOINTLIST2D(((0.,0.),(0.,150.),(9144.,150.),(9144.,0.),(0.,0.)));
#4793=IFCINDEXEDPOLYCURVE(#4792,$,.F.);
#4794=IFCDIRECTION((0.,0.,1.));
#4795=IFCARBITRARYCLOSEDPROFILEDEF(.AREA.,$,#4793);
#4796=IFCCARTESIANPOINT((0.,0.,0.));
#4797=IFCDIRECTION((0.,0.,1.));
#4798=IFCDIRECTION((1.,0.,0.));
#4799=IFCAXIS2PLACEMENT3D(#4796,#4797,#4798);
#4800=IFCEXTRUDEDAREASOLID(#4795,#4799,#4794,3200.4000000000001);
#4801=IFCSHAPEREPRESENTATION(#11,'Body','SweptSolid',(#4800));
#4802=IFCPRODUCTDEFINITIONSHAPE($,$,(#4801));
#4808=IFCCARTESIANPOINT((53035.200000000004,31394.400000000001,4267.1999999999998));
#4809=IFCDIRECTION((0.,0.,1.));
#4810=IFCDIRECTION((6.123233995736766E-17,1.,0.));
#4811=IFCAXIS2PLACEMENT3D(#4808,#4809,#4810);
#4812=IFCLOCALPLACEMENT($,#4811);
#4813=IFCWALL('0l87cEiN10tAGVgqadhMAz',$,'L2|TWOBR_A',$,$,#4834,#4824,$,$);
#4814=IFCCARTESIANPOINTLIST2D(((0.,0.),(0.,150.),(10972.800000000001,150.),(10972.800000000001,0.),(0.,0.)));
#4815=IFCINDEXEDPOLYCURVE(#4814,$,.F.);
#4816=IFCDIRECTION((0.,0.,1.));
#4817=IFCARBITRARYCLOSEDPROFILEDEF(.AREA.,$,#4815);
#4818=IFCCARTESIANPOINT((0.,0.,0.));
#4819=IFCDIRECTION((0.,0.,1.));
#4820=IFCDIRECTION((1.,0.,0.));
#4821=IFCAXIS2PLACEMENT3D(#4818,#4819,#4820);
#4822=IFCEXTRUDEDAREASOLID(#4817,#4821,#4816,3200.4000000000001);
#4823=IFCSHAPEREPRESENTATION(#11,'Body','SweptSolid',(#4822));
#4824=IFCPRODUCTDEFINITIONSHAPE($,$,(#4823));
#4830=IFCCARTESIANPOINT((56692.800000000003,31394.400000000001,4267.1999999999998));
#4831=IFCDIRECTION((0.,0.,1.));
#4832=IFCDIRECTION((1.,0.,0.));
#4833=IFCAXIS2PLACEMENT3D(#4830,#4831,#4832);
#4834=IFCLOCALPLACEMENT($,#4833);
#4835=IFCWALL('1ULfWpQJPEI84k3pcQNtjC',$,'L2|TWOBR_A',$,$,#4856,#4846,$,$);
#4836=IFCCARTESIANPOINTLIST2D(((0.,0.),(0.,150.),(10972.800000000001,150.),(10972.800000000001,0.),(0.,0.)));
#4837=IFCINDEXEDPOLYCURVE(#4836,$,.F.);
#4838=IFCDIRECTION((0.,0.,1.));
#4839=IFCARBITRARYCLOSEDPROFILEDEF(.AREA.,$,#4837);
#4840=IFCCARTESIANPOINT((0.,0.,0.));
#4841=IFCDIRECTION((0.,0.,1.));
#4842=IFCDIRECTION((1.,0.,0.));
#4843=IFCAXIS2PLACEMENT3D(#4840,#4841,#4842);
#4844=IFCEXTRUDEDAREASOLID(#4839,#4843,#4838,3200.4000000000001);
#4845=IFCSHAPEREPRESENTATION(#11,'Body','SweptSolid',(#4844));
#4846=IFCPRODUCTDEFINITIONSHAPE($,$,(#4845));
#4852=IFCCARTESIANPOINT((56692.800000000003,41757.600000000006,4267.1999999999998));
#4853=IFCDIRECTION((0.,0.,1.));
#4854=IFCDIRECTION((1.,0.,0.));
#4855=IFCAXIS2PLACEMENT3D(#4852,#4853,#4854);
#4856=IFCLOCALPLACEMENT($,#4855);
#4857=IFCWALL('1xz0sFtgr32uJsyZoTwrk5',$,'L2|TWOBR_A',$,$,#4878,#4868,$,$);
#4858=IFCCARTESIANPOINTLIST2D(((0.,0.),(0.,150.),(10363.200000000001,150.),(10363.200000000001,0.),(0.,0.)));
#4859=IFCINDEXEDPOLYCURVE(#4858,$,.F.);
#4860=IFCDIRECTION((0.,0.,1.));
#4861=IFCARBITRARYCLOSEDPROFILEDEF(.AREA.,$,#4859);
#4862=IFCCARTESIANPOINT((0.,0.,0.));
#4863=IFCDIRECTION((0.,0.,1.));
#4864=IFCDIRECTION((1.,0.,0.));
#4865=IFCAXIS2PLACEMENT3D(#4862,#4863,#4864);
#4866=IFCEXTRUDEDAREASOLID(#4861,#4865,#4860,3200.4000000000001);
#4867=IFCSHAPEREPRESENTATION(#11,'Body','SweptSolid',(#4866));
#4868=IFCPRODUCTDEFINITIONSHAPE($,$,(#4867));
#4874=IFCCARTESIANPOINT((56692.800000000003,31394.400000000001,4267.1999999999998));
#4875=IFCDIRECTION((0.,0.,1.));
#4876=IFCDIRECTION((6.123233995736766E-17,1.,0.));
#4877=IFCAXIS2PLACEMENT3D(#4874,#4875,#4876);
#4878=IFCLOCALPLACEMENT($,#4877);
#4879=IFCWALL('2fV_SgdMH3XBDY8QRrx2lM',$,'L2|TWOBR_A',$,$,#4900,#4890,$,$);
#4880=IFCCARTESIANPOINTLIST2D(((0.,0.),(0.,150.),(10363.200000000001,150.),(10363.200000000001,0.),(0.,0.)));
#4881=IFCINDEXEDPOLYCURVE(#4880,$,.F.);
#4882=IFCDIRECTION((0.,0.,1.));
#4883=IFCARBITRARYCLOSEDPROFILEDEF(.AREA.,$,#4881);
#4884=IFCCARTESIANPOINT((0.,0.,0.));
#4885=IFCDIRECTION((0.,0.,1.));
#4886=IFCDIRECTION((1.,0.,0.));
#4887=IFCAXIS2PLACEMENT3D(#4884,#4885,#4886);
#4888=IFCEXTRUDEDAREASOLID(#4883,#4887,#4882,3200.4000000000001);
#4889=IFCSHAPEREPRESENTATION(#11,'Body','SweptSolid',(#4888));
#4890=IFCPRODUCTDEFINITIONSHAPE($,$,(#4889));
#4896=IFCCARTESIANPOINT((67665.599999999991,31394.400000000001,4267.1999999999998));
#4897=IFCDIRECTION((0.,0.,1.));
#4898=IFCDIRECTION((6.123233995736766E-17,1.,0.));
#4899=IFCAXIS2PLACEMENT3D(#4896,#4897,#4898);
#4900=IFCLOCALPLACEMENT($,#4899);
#4901=IFCWALL('30iuDG7nHEXuqcAhOKBXsD',$,'L2|ONEBR_A',$,$,#4922,#4912,$,$);
#4902=IFCCARTESIANPOINTLIST2D(((0.,0.),(0.,150.),(10363.200000000001,150.),(10363.200000000001,0.),(0.,0.)));
#4903=IFCINDEXEDPOLYCURVE(#4902,$,.F.);
#4904=IFCDIRECTION((0.,0.,1.));
#4905=IFCARBITRARYCLOSEDPROFILEDEF(.AREA.,$,#4903);
#4906=IFCCARTESIANPOINT((0.,0.,0.));
#4907=IFCDIRECTION((0.,0.,1.));
#4908=IFCDIRECTION((1.,0.,0.));
#4909=IFCAXIS2PLACEMENT3D(#4906,#4907,#4908);
#4910=IFCEXTRUDEDAREASOLID(#4905,#4909,#4904,3200.4000000000001);
#4911=IFCSHAPEREPRESENTATION(#11,'Body','SweptSolid',(#4910));
#4912=IFCPRODUCTDEFINITIONSHAPE($,$,(#4911));
#4918=IFCCARTESIANPOINT((69494.399999999994,32613.599999999999,4267.1999999999998));
#4919=IFCDIRECTION((0.,0.,1.));
#4920=IFCDIRECTION((1.,0.,0.));
#4921=IFCAXIS2PLACEMENT3D(#4918,#4919,#4920);
#4922=IFCLOCALPLACEMENT($,#4921);
#4923=IFCWALL('31bDFw9m53PuFvl5bbCQlv',$,'L2|ONEBR_A',$,$,#4944,#4934,$,$);
#4924=IFCCARTESIANPOINTLIST2D(((0.,0.),(0.,150.),(10363.200000000001,150.),(10363.200000000001,0.),(0.,0.)));
#4925=IFCINDEXEDPOLYCURVE(#4924,$,.F.);
#4926=IFCDIRECTION((0.,0.,1.));
#4927=IFCARBITRARYCLOSEDPROFILEDEF(.AREA.,$,#4925);
#4928=IFCCARTESIANPOINT((0.,0.,0.));
#4929=IFCDIRECTION((0.,0.,1.));
#4930=IFCDIRECTION((1.,0.,0.));
#4931=IFCAXIS2PLACEMENT3D(#4928,#4929,#4930);
#4932=IFCEXTRUDEDAREASOLID(#4927,#4931,#4926,3200.4000000000001);
#4933=IFCSHAPEREPRESENTATION(#11,'Body','SweptSolid',(#4932));
#4934=IFCPRODUCTDEFINITIONSHAPE($,$,(#4933));
#4940=IFCCARTESIANPOINT((69494.399999999994,41757.600000000006,4267.1999999999998));
#4941=IFCDIRECTION((0.,0.,1.));
#4942=IFCDIRECTION((1.,0.,0.));
#4943=IFCAXIS2PLACEMENT3D(#4940,#4941,#4942);
#4944=IFCLOCALPLACEMENT($,#4943);
#4945=IFCWALL('2ZcGKoXIbDOx1UPLgRcYnj',$,'L2|ONEBR_A',$,$,#4966,#4956,$,$);
#4946=IFCCARTESIANPOINTLIST2D(((0.,0.),(0.,150.),(9144.,150.),(9144.,0.),(0.,0.)));
#4947=IFCINDEXEDPOLYCURVE(#4946,$,.F.);
#4948=IFCDIRECTION((0.,0.,1.));
#4949=IFCARBITRARYCLOSEDPROFILEDEF(.AREA.,$,#4947);
#4950=IFCCARTESIANPOINT((0.,0.,0.));
#4951=IFCDIRECTION((0.,0.,1.));
#4952=IFCDIRECTION((1.,0.,0.));
#4953=IFCAXIS2PLACEMENT3D(#4950,#4951,#4952);
#4954=IFCEXTRUDEDAREASOLID(#4949,#4953,#4948,3200.4000000000001);
#4955=IFCSHAPEREPRESENTATION(#11,'Body','SweptSolid',(#4954));
#4956=IFCPRODUCTDEFINITIONSHAPE($,$,(#4955));
#4962=IFCCARTESIANPOINT((69494.399999999994,32613.599999999999,4267.1999999999998));
#4963=IFCDIRECTION((0.,0.,1.));
#4964=IFCDIRECTION((6.123233995736766E-17,1.,0.));
#4965=IFCAXIS2PLACEMENT3D(#4962,#4963,#4964);
#4966=IFCLOCALPLACEMENT($,#4965);
#4967=IFCWALL('1y4IAr_HH1lPEwXXTjPJue',$,'L2|ONEBR_A',$,$,#4988,#4978,$,$);
#4968=IFCCARTESIANPOINTLIST2D(((0.,0.),(0.,150.),(9144.,150.),(9144.,0.),(0.,0.)));
#4969=IFCINDEXEDPOLYCURVE(#4968,$,.F.);
#4970=IFCDIRECTION((0.,0.,1.));
#4971=IFCARBITRARYCLOSEDPROFILEDEF(.AREA.,$,#4969);
#4972=IFCCARTESIANPOINT((0.,0.,0.));
#4973=IFCDIRECTION((0.,0.,1.));
#4974=IFCDIRECTION((1.,0.,0.));
#4975=IFCAXIS2PLACEMENT3D(#4972,#4973,#4974);
#4976=IFCEXTRUDEDAREASOLID(#4971,#4975,#4970,3200.4000000000001);
#4977=IFCSHAPEREPRESENTATION(#11,'Body','SweptSolid',(#4976));
#4978=IFCPRODUCTDEFINITIONSHAPE($,$,(#4977));
#4984=IFCCARTESIANPOINT((79857.600000000006,32613.599999999999,4267.1999999999998));
#4985=IFCDIRECTION((0.,0.,1.));
#4986=IFCDIRECTION((6.123233995736766E-17,1.,0.));
#4987=IFCAXIS2PLACEMENT3D(#4984,#4985,#4986);
#4988=IFCLOCALPLACEMENT($,#4987);
#4989=IFCWALL('2oztx5GGv3MPb1pvtE_BgC',$,'L2|STUDIO_A',$,$,#5010,#5000,$,$);
#4990=IFCCARTESIANPOINTLIST2D(((0.,0.),(0.,150.),(9753.6000000000004,150.),(9753.6000000000004,0.),(0.,0.)));
#4991=IFCINDEXEDPOLYCURVE(#4990,$,.F.);
#4992=IFCDIRECTION((0.,0.,1.));
#4993=IFCARBITRARYCLOSEDPROFILEDEF(.AREA.,$,#4991);
#4994=IFCCARTESIANPOINT((0.,0.,0.));
#4995=IFCDIRECTION((0.,0.,1.));
#4996=IFCDIRECTION((1.,0.,0.));
#4997=IFCAXIS2PLACEMENT3D(#4994,#4995,#4996);
#4998=IFCEXTRUDEDAREASOLID(#4993,#4997,#4992,3200.4000000000001);
#4999=IFCSHAPEREPRESENTATION(#11,'Body','SweptSolid',(#4998));
#5000=IFCPRODUCTDEFINITIONSHAPE($,$,(#4999));
#5006=IFCCARTESIANPOINT((15849.6,36880.800000000003,4267.1999999999998));
#5007=IFCDIRECTION((0.,0.,1.));
#5008=IFCDIRECTION((1.,0.,0.));
#5009=IFCAXIS2PLACEMENT3D(#5006,#5007,#5008);
#5010=IFCLOCALPLACEMENT($,#5009);
#5011=IFCWALL('043l9jnXHBkgnJcduIjoB$',$,'L2|STUDIO_A',$,$,#5032,#5022,$,$);
#5012=IFCCARTESIANPOINTLIST2D(((0.,0.),(0.,150.),(9753.6000000000004,150.),(9753.6000000000004,0.),(0.,0.)));
#5013=IFCINDEXEDPOLYCURVE(#5012,$,.F.);
#5014=IFCDIRECTION((0.,0.,1.));
#5015=IFCARBITRARYCLOSEDPROFILEDEF(.AREA.,$,#5013);
#5016=IFCCARTESIANPOINT((0.,0.,0.));
#5017=IFCDIRECTION((0.,0.,1.));
#5018=IFCDIRECTION((1.,0.,0.));
#5019=IFCAXIS2PLACEMENT3D(#5016,#5017,#5018);
#5020=IFCEXTRUDEDAREASOLID(#5015,#5019,#5014,3200.4000000000001);
#5021=IFCSHAPEREPRESENTATION(#11,'Body','SweptSolid',(#5020));
#5022=IFCPRODUCTDEFINITIONSHAPE($,$,(#5021));
#5028=IFCCARTESIANPOINT((15849.6,44805.600000000006,4267.1999999999998));
#5029=IFCDIRECTION((0.,0.,1.));
#5030=IFCDIRECTION((1.,0.,0.));
#5031=IFCAXIS2PLACEMENT3D(#5028,#5029,#5030);
#5032=IFCLOCALPLACEMENT($,#5031);
#5033=IFCWALL('3nMr3F7pjAA8VbHbyEKi4Y',$,'L2|STUDIO_A',$,$,#5054,#5044,$,$);
#5034=IFCCARTESIANPOINTLIST2D(((0.,0.),(0.,150.),(7924.8000000000002,150.),(7924.8000000000002,0.),(0.,0.)));
#5035=IFCINDEXEDPOLYCURVE(#5034,$,.F.);
#5036=IFCDIRECTION((0.,0.,1.));
#5037=IFCARBITRARYCLOSEDPROFILEDEF(.AREA.,$,#5035);
#5038=IFCCARTESIANPOINT((0.,0.,0.));
#5039=IFCDIRECTION((0.,0.,1.));
#5040=IFCDIRECTION((1.,0.,0.));
#5041=IFCAXIS2PLACEMENT3D(#5038,#5039,#5040);
#5042=IFCEXTRUDEDAREASOLID(#5037,#5041,#5036,3200.4000000000001);
#5043=IFCSHAPEREPRESENTATION(#11,'Body','SweptSolid',(#5042));
#5044=IFCPRODUCTDEFINITIONSHAPE($,$,(#5043));
#5050=IFCCARTESIANPOINT((15849.6,36880.800000000003,4267.1999999999998));
#5051=IFCDIRECTION((0.,0.,1.));
#5052=IFCDIRECTION((6.123233995736766E-17,1.,0.));
#5053=IFCAXIS2PLACEMENT3D(#5050,#5051,#5052);
#5054=IFCLOCALPLACEMENT($,#5053);
#5055=IFCWALL('3ZOyTC_CX55PB_hkc54v6n',$,'L2|STUDIO_A',$,$,#5076,#5066,$,$);
#5056=IFCCARTESIANPOINTLIST2D(((0.,0.),(0.,150.),(7924.8000000000002,150.),(7924.8000000000002,0.),(0.,0.)));
#5057=IFCINDEXEDPOLYCURVE(#5056,$,.F.);
#5058=IFCDIRECTION((0.,0.,1.));
#5059=IFCARBITRARYCLOSEDPROFILEDEF(.AREA.,$,#5057);
#5060=IFCCARTESIANPOINT((0.,0.,0.));
#5061=IFCDIRECTION((0.,0.,1.));
#5062=IFCDIRECTION((1.,0.,0.));
#5063=IFCAXIS2PLACEMENT3D(#5060,#5061,#5062);
#5064=IFCEXTRUDEDAREASOLID(#5059,#5063,#5058,3200.4000000000001);
#5065=IFCSHAPEREPRESENTATION(#11,'Body','SweptSolid',(#5064));
#5066=IFCPRODUCTDEFINITIONSHAPE($,$,(#5065));
#5072=IFCCARTESIANPOINT((25603.200000000001,36880.800000000003,4267.1999999999998));
#5073=IFCDIRECTION((0.,0.,1.));
#5074=IFCDIRECTION((6.123233995736766E-17,1.,0.));
#5075=IFCAXIS2PLACEMENT3D(#5072,#5073,#5074);
#5076=IFCLOCALPLACEMENT($,#5075);
#5077=IFCWALL('3A$ZlpGQL5Qh6xvH2f92sN',$,'L2|ONEBR_A',$,$,#5098,#5088,$,$);
#5078=IFCCARTESIANPOINTLIST2D(((0.,0.),(0.,150.),(10363.200000000001,150.),(10363.200000000001,0.),(0.,0.)));
#5079=IFCINDEXEDPOLYCURVE(#5078,$,.F.);
#5080=IFCDIRECTION((0.,0.,1.));
#5081=IFCARBITRARYCLOSEDPROFILEDEF(.AREA.,$,#5079);
#5082=IFCCARTESIANPOINT((0.,0.,0.));
#5083=IFCDIRECTION((0.,0.,1.));
#5084=IFCDIRECTION((1.,0.,0.));
#5085=IFCAXIS2PLACEMENT3D(#5082,#5083,#5084);
#5086=IFCEXTRUDEDAREASOLID(#5081,#5085,#5080,3200.4000000000001);
#5087=IFCSHAPEREPRESENTATION(#11,'Body','SweptSolid',(#5086));
#5088=IFCPRODUCTDEFINITIONSHAPE($,$,(#5087));
#5094=IFCCARTESIANPOINT((30480.,38100.,4267.1999999999998));
#5095=IFCDIRECTION((0.,0.,1.));
#5096=IFCDIRECTION((1.,0.,0.));
#5097=IFCAXIS2PLACEMENT3D(#5094,#5095,#5096);
#5098=IFCLOCALPLACEMENT($,#5097);
#5099=IFCWALL('3RS150W1H0MPrYJwn0mwKE',$,'L2|ONEBR_A',$,$,#5120,#5110,$,$);
#5100=IFCCARTESIANPOINTLIST2D(((0.,0.),(0.,150.),(10363.200000000001,150.),(10363.200000000001,0.),(0.,0.)));
#5101=IFCINDEXEDPOLYCURVE(#5100,$,.F.);
#5102=IFCDIRECTION((0.,0.,1.));
#5103=IFCARBITRARYCLOSEDPROFILEDEF(.AREA.,$,#5101);
#5104=IFCCARTESIANPOINT((0.,0.,0.));
#5105=IFCDIRECTION((0.,0.,1.));
#5106=IFCDIRECTION((1.,0.,0.));
#5107=IFCAXIS2PLACEMENT3D(#5104,#5105,#5106);
#5108=IFCEXTRUDEDAREASOLID(#5103,#5107,#5102,3200.4000000000001);
#5109=IFCSHAPEREPRESENTATION(#11,'Body','SweptSolid',(#5108));
#5110=IFCPRODUCTDEFINITIONSHAPE($,$,(#5109));
#5116=IFCCARTESIANPOINT((30480.,47244.,4267.1999999999998));
#5117=IFCDIRECTION((0.,0.,1.));
#5118=IFCDIRECTION((1.,0.,0.));
#5119=IFCAXIS2PLACEMENT3D(#5116,#5117,#5118);
#5120=IFCLOCALPLACEMENT($,#5119);
#5121=IFCWALL('17uDeK7MDAJ8C3VSnb91jM',$,'L2|ONEBR_A',$,$,#5142,#5132,$,$);
#5122=IFCCARTESIANPOINTLIST2D(((0.,0.),(0.,150.),(9144.,150.),(9144.,0.),(0.,0.)));
#5123=IFCINDEXEDPOLYCURVE(#5122,$,.F.);
#5124=IFCDIRECTION((0.,0.,1.));
#5125=IFCARBITRARYCLOSEDPROFILEDEF(.AREA.,$,#5123);
#5126=IFCCARTESIANPOINT((0.,0.,0.));
#5127=IFCDIRECTION((0.,0.,1.));
#5128=IFCDIRECTION((1.,0.,0.));
#5129=IFCAXIS2PLACEMENT3D(#5126,#5127,#5128);
#5130=IFCEXTRUDEDAREASOLID(#5125,#5129,#5124,3200.4000000000001);
#5131=IFCSHAPEREPRESENTATION(#11,'Body','SweptSolid',(#5130));
#5132=IFCPRODUCTDEFINITIONSHAPE($,$,(#5131));
#5138=IFCCARTESIANPOINT((30480.,38100.,4267.1999999999998));
#5139=IFCDIRECTION((0.,0.,1.));
#5140=IFCDIRECTION((6.123233995736766E-17,1.,0.));
#5141=IFCAXIS2PLACEMENT3D(#5138,#5139,#5140);
#5142=IFCLOCALPLACEMENT($,#5141);
#5143=IFCWALL('1NtDKQ6Q5Ejgws0Vxsm_tg',$,'L2|ONEBR_A',$,$,#5164,#5154,$,$);
#5144=IFCCARTESIANPOINTLIST2D(((0.,0.),(0.,150.),(9144.,150.),(9144.,0.),(0.,0.)));
#5145=IFCINDEXEDPOLYCURVE(#5144,$,.F.);
#5146=IFCDIRECTION((0.,0.,1.));
#5147=IFCARBITRARYCLOSEDPROFILEDEF(.AREA.,$,#5145);
#5148=IFCCARTESIANPOINT((0.,0.,0.));
#5149=IFCDIRECTION((0.,0.,1.));
#5150=IFCDIRECTION((1.,0.,0.));
#5151=IFCAXIS2PLACEMENT3D(#5148,#5149,#5150);
#5152=IFCEXTRUDEDAREASOLID(#5147,#5151,#5146,3200.4000000000001);
#5153=IFCSHAPEREPRESENTATION(#11,'Body','SweptSolid',(#5152));
#5154=IFCPRODUCTDEFINITIONSHAPE($,$,(#5153));
#5160=IFCCARTESIANPOINT((40843.200000000004,38100.,4267.1999999999998));
#5161=IFCDIRECTION((0.,0.,1.));
#5162=IFCDIRECTION((6.123233995736766E-17,1.,0.));
#5163=IFCAXIS2PLACEMENT3D(#5160,#5161,#5162);
#5164=IFCLOCALPLACEMENT($,#5163);
#5165=IFCWALL('02iQnC9Mb8Sfwt5lwH3rbA',$,'L2|TWOBR_A',$,$,#5186,#5176,$,$);
#5166=IFCCARTESIANPOINTLIST2D(((0.,0.),(0.,150.),(10972.800000000001,150.),(10972.800000000001,0.),(0.,0.)));
#5167=IFCINDEXEDPOLYCURVE(#5166,$,.F.);
#5168=IFCDIRECTION((0.,0.,1.));
#5169=IFCARBITRARYCLOSEDPROFILEDEF(.AREA.,$,#5167);
#5170=IFCCARTESIANPOINT((0.,0.,0.));
#5171=IFCDIRECTION((0.,0.,1.));
#5172=IFCDIRECTION((1.,0.,0.));
#5173=IFCAXIS2PLACEMENT3D(#5170,#5171,#5172);
#5174=IFCEXTRUDEDAREASOLID(#5169,#5173,#5168,3200.4000000000001);
#5175=IFCSHAPEREPRESENTATION(#11,'Body','SweptSolid',(#5174));
#5176=IFCPRODUCTDEFINITIONSHAPE($,$,(#5175));
#5182=IFCCARTESIANPOINT((42672.,40538.400000000001,4267.1999999999998));
#5183=IFCDIRECTION((0.,0.,1.));
#5184=IFCDIRECTION((1.,0.,0.));
#5185=IFCAXIS2PLACEMENT3D(#5182,#5183,#5184);
#5186=IFCLOCALPLACEMENT($,#5185);
#5187=IFCWALL('1Oh8ySRFb3kgzWY9nJHG2i',$,'L2|TWOBR_A',$,$,#5208,#5198,$,$);
#5188=IFCCARTESIANPOINTLIST2D(((0.,0.),(0.,150.),(10972.800000000001,150.),(10972.800000000001,0.),(0.,0.)));
#5189=IFCINDEXEDPOLYCURVE(#5188,$,.F.);
#5190=IFCDIRECTION((0.,0.,1.));
#5191=IFCARBITRARYCLOSEDPROFILEDEF(.AREA.,$,#5189);
#5192=IFCCARTESIANPOINT((0.,0.,0.));
#5193=IFCDIRECTION((0.,0.,1.));
#5194=IFCDIRECTION((1.,0.,0.));
#5195=IFCAXIS2PLACEMENT3D(#5192,#5193,#5194);
#5196=IFCEXTRUDEDAREASOLID(#5191,#5195,#5190,3200.4000000000001);
#5197=IFCSHAPEREPRESENTATION(#11,'Body','SweptSolid',(#5196));
#5198=IFCPRODUCTDEFINITIONSHAPE($,$,(#5197));
#5204=IFCCARTESIANPOINT((42672.,50901.599999999999,4267.1999999999998));
#5205=IFCDIRECTION((0.,0.,1.));
#5206=IFCDIRECTION((1.,0.,0.));
#5207=IFCAXIS2PLACEMENT3D(#5204,#5205,#5206);
#5208=IFCLOCALPLACEMENT($,#5207);
#5209=IFCWALL('0yMimOYEf5Y98HofToyBPm',$,'L2|TWOBR_A',$,$,#5230,#5220,$,$);
#5210=IFCCARTESIANPOINTLIST2D(((0.,0.),(0.,150.),(10363.200000000001,150.),(10363.200000000001,0.),(0.,0.)));
#5211=IFCINDEXEDPOLYCURVE(#5210,$,.F.);
#5212=IFCDIRECTION((0.,0.,1.));
#5213=IFCARBITRARYCLOSEDPROFILEDEF(.AREA.,$,#5211);
#5214=IFCCARTESIANPOINT((0.,0.,0.));
#5215=IFCDIRECTION((0.,0.,1.));
#5216=IFCDIRECTION((1.,0.,0.));
#5217=IFCAXIS2PLACEMENT3D(#5214,#5215,#5216);
#5218=IFCEXTRUDEDAREASOLID(#5213,#5217,#5212,3200.4000000000001);
#5219=IFCSHAPEREPRESENTATION(#11,'Body','SweptSolid',(#5218));
#5220=IFCPRODUCTDEFINITIONSHAPE($,$,(#5219));
#5226=IFCCARTESIANPOINT((42672.,40538.400000000001,4267.1999999999998));
#5227=IFCDIRECTION((0.,0.,1.));
#5228=IFCDIRECTION((6.123233995736766E-17,1.,0.));
#5229=IFCAXIS2PLACEMENT3D(#5226,#5227,#5228);
#5230=IFCLOCALPLACEMENT($,#5229);
#5231=IFCWALL('2dMlA3fU90jQhDHUYiH2KW',$,'L2|TWOBR_A',$,$,#5252,#5242,$,$);
#5232=IFCCARTESIANPOINTLIST2D(((0.,0.),(0.,150.),(10363.200000000001,150.),(10363.200000000001,0.),(0.,0.)));
#5233=IFCINDEXEDPOLYCURVE(#5232,$,.F.);
#5234=IFCDIRECTION((0.,0.,1.));
#5235=IFCARBITRARYCLOSEDPROFILEDEF(.AREA.,$,#5233);
#5236=IFCCARTESIANPOINT((0.,0.,0.));
#5237=IFCDIRECTION((0.,0.,1.));
#5238=IFCDIRECTION((1.,0.,0.));
#5239=IFCAXIS2PLACEMENT3D(#5236,#5237,#5238);
#5240=IFCEXTRUDEDAREASOLID(#5235,#5239,#5234,3200.4000000000001);
#5241=IFCSHAPEREPRESENTATION(#11,'Body','SweptSolid',(#5240));
#5242=IFCPRODUCTDEFINITIONSHAPE($,$,(#5241));
#5248=IFCCARTESIANPOINT((53644.800000000003,40538.400000000001,4267.1999999999998));
#5249=IFCDIRECTION((0.,0.,1.));
#5250=IFCDIRECTION((6.123233995736766E-17,1.,0.));
#5251=IFCAXIS2PLACEMENT3D(#5248,#5249,#5250);
#5252=IFCLOCALPLACEMENT($,#5251);
#5253=IFCWALL('3QnTxtGir1ahRyLdZnmATs',$,'L2|STUDIO_A',$,$,#5274,#5264,$,$);
#5254=IFCCARTESIANPOINTLIST2D(((0.,0.),(0.,150.),(9753.6000000000004,150.),(9753.6000000000004,0.),(0.,0.)));
#5255=IFCINDEXEDPOLYCURVE(#5254,$,.F.);
#5256=IFCDIRECTION((0.,0.,1.));
#5257=IFCARBITRARYCLOSEDPROFILEDEF(.AREA.,$,#5255);
#5258=IFCCARTESIANPOINT((0.,0.,0.));
#5259=IFCDIRECTION((0.,0.,1.));
#5260=IFCDIRECTION((1.,0.,0.));
#5261=IFCAXIS2PLACEMENT3D(#5258,#5259,#5260);
#5262=IFCEXTRUDEDAREASOLID(#5257,#5261,#5256,3200.4000000000001);
#5263=IFCSHAPEREPRESENTATION(#11,'Body','SweptSolid',(#5262));
#5264=IFCPRODUCTDEFINITIONSHAPE($,$,(#5263));
#5270=IFCCARTESIANPOINT((4267.1999999999998,41757.600000000006,4267.1999999999998));
#5271=IFCDIRECTION((0.,0.,1.));
#5272=IFCDIRECTION((1.,0.,0.));
#5273=IFCAXIS2PLACEMENT3D(#5270,#5271,#5272);
#5274=IFCLOCALPLACEMENT($,#5273);
#5275=IFCWALL('0Wa5ngO497Iuqz9rkkQeKR',$,'L2|STUDIO_A',$,$,#5296,#5286,$,$);
#5276=IFCCARTESIANPOINTLIST2D(((0.,0.),(0.,150.),(9753.6000000000004,150.),(9753.6000000000004,0.),(0.,0.)));
#5277=IFCINDEXEDPOLYCURVE(#5276,$,.F.);
#5278=IFCDIRECTION((0.,0.,1.));
#5279=IFCARBITRARYCLOSEDPROFILEDEF(.AREA.,$,#5277);
#5280=IFCCARTESIANPOINT((0.,0.,0.));
#5281=IFCDIRECTION((0.,0.,1.));
#5282=IFCDIRECTION((1.,0.,0.));
#5283=IFCAXIS2PLACEMENT3D(#5280,#5281,#5282);
#5284=IFCEXTRUDEDAREASOLID(#5279,#5283,#5278,3200.4000000000001);
#5285=IFCSHAPEREPRESENTATION(#11,'Body','SweptSolid',(#5284));
#5286=IFCPRODUCTDEFINITIONSHAPE($,$,(#5285));
#5292=IFCCARTESIANPOINT((4267.1999999999998,49682.400000000001,4267.1999999999998));
#5293=IFCDIRECTION((0.,0.,1.));
#5294=IFCDIRECTION((1.,0.,0.));
#5295=IFCAXIS2PLACEMENT3D(#5292,#5293,#5294);
#5296=IFCLOCALPLACEMENT($,#5295);
#5297=IFCWALL('1xZ8QnOyT8_PbZroUnVhNF',$,'L2|STUDIO_A',$,$,#5318,#5308,$,$);
#5298=IFCCARTESIANPOINTLIST2D(((0.,0.),(0.,150.),(7924.8000000000002,150.),(7924.8000000000002,0.),(0.,0.)));
#5299=IFCINDEXEDPOLYCURVE(#5298,$,.F.);
#5300=IFCDIRECTION((0.,0.,1.));
#5301=IFCARBITRARYCLOSEDPROFILEDEF(.AREA.,$,#5299);
#5302=IFCCARTESIANPOINT((0.,0.,0.));
#5303=IFCDIRECTION((0.,0.,1.));
#5304=IFCDIRECTION((1.,0.,0.));
#5305=IFCAXIS2PLACEMENT3D(#5302,#5303,#5304);
#5306=IFCEXTRUDEDAREASOLID(#5301,#5305,#5300,3200.4000000000001);
#5307=IFCSHAPEREPRESENTATION(#11,'Body','SweptSolid',(#5306));
#5308=IFCPRODUCTDEFINITIONSHAPE($,$,(#5307));
#5314=IFCCARTESIANPOINT((4267.1999999999998,41757.600000000006,4267.1999999999998));
#5315=IFCDIRECTION((0.,0.,1.));
#5316=IFCDIRECTION((6.123233995736766E-17,1.,0.));
#5317=IFCAXIS2PLACEMENT3D(#5314,#5315,#5316);
#5318=IFCLOCALPLACEMENT($,#5317);
#5319=IFCWALL('3EQBVV8t5DTg0kjcNxmJsT',$,'L2|STUDIO_A',$,$,#5340,#5330,$,$);
#5320=IFCCARTESIANPOINTLIST2D(((0.,0.),(0.,150.),(7924.8000000000002,150.),(7924.8000000000002,0.),(0.,0.)));
#5321=IFCINDEXEDPOLYCURVE(#5320,$,.F.);
#5322=IFCDIRECTION((0.,0.,1.));
#5323=IFCARBITRARYCLOSEDPROFILEDEF(.AREA.,$,#5321);
#5324=IFCCARTESIANPOINT((0.,0.,0.));
#5325=IFCDIRECTION((0.,0.,1.));
#5326=IFCDIRECTION((1.,0.,0.));
#5327=IFCAXIS2PLACEMENT3D(#5324,#5325,#5326);
#5328=IFCEXTRUDEDAREASOLID(#5323,#5327,#5322,3200.4000000000001);
#5329=IFCSHAPEREPRESENTATION(#11,'Body','SweptSolid',(#5328));
#5330=IFCPRODUCTDEFINITIONSHAPE($,$,(#5329));
#5336=IFCCARTESIANPOINT((14020.800000000001,41757.600000000006,4267.1999999999998));
#5337=IFCDIRECTION((0.,0.,1.));
#5338=IFCDIRECTION((6.123233995736766E-17,1.,0.));
#5339=IFCAXIS2PLACEMENT3D(#5336,#5337,#5338);
#5340=IFCLOCALPLACEMENT($,#5339);
#5341=IFCWALL('2D9wbA_k98QgOXNwyGqRmQ',$,'L2|ONEBR_A',$,$,#5362,#5352,$,$);
#5342=IFCCARTESIANPOINTLIST2D(((0.,0.),(0.,150.),(10363.200000000001,150.),(10363.200000000001,0.),(0.,0.)));
#5343=IFCINDEXEDPOLYCURVE(#5342,$,.F.);
#5344=IFCDIRECTION((0.,0.,1.));
#5345=IFCARBITRARYCLOSEDPROFILEDEF(.AREA.,$,#5343);
#5346=IFCCARTESIANPOINT((0.,0.,0.));
#5347=IFCDIRECTION((0.,0.,1.));
#5348=IFCDIRECTION((1.,0.,0.));
#5349=IFCAXIS2PLACEMENT3D(#5346,#5347,#5348);
#5350=IFCEXTRUDEDAREASOLID(#5345,#5349,#5344,3200.4000000000001);
#5351=IFCSHAPEREPRESENTATION(#11,'Body','SweptSolid',(#5350));
#5352=IFCPRODUCTDEFINITIONSHAPE($,$,(#5351));
#5358=IFCCARTESIANPOINT((57302.400000000001,41757.600000000006,4267.1999999999998));
#5359=IFCDIRECTION((0.,0.,1.));
#5360=IFCDIRECTION((1.,0.,0.));
#5361=IFCAXIS2PLACEMENT3D(#5358,#5359,#5360);
#5362=IFCLOCALPLACEMENT($,#5361);
#5363=IFCWALL('3jTRnswKvATAf33dfeSndQ',$,'L2|ONEBR_A',$,$,#5384,#5374,$,$);
#5364=IFCCARTESIANPOINTLIST2D(((0.,0.),(0.,150.),(10363.200000000001,150.),(10363.200000000001,0.),(0.,0.)));
#5365=IFCINDEXEDPOLYCURVE(#5364,$,.F.);
#5366=IFCDIRECTION((0.,0.,1.));
#5367=IFCARBITRARYCLOSEDPROFILEDEF(.AREA.,$,#5365);
#5368=IFCCARTESIANPOINT((0.,0.,0.));
#5369=IFCDIRECTION((0.,0.,1.));
#5370=IFCDIRECTION((1.,0.,0.));
#5371=IFCAXIS2PLACEMENT3D(#5368,#5369,#5370);
#5372=IFCEXTRUDEDAREASOLID(#5367,#5371,#5366,3200.4000000000001);
#5373=IFCSHAPEREPRESENTATION(#11,'Body','SweptSolid',(#5372));
#5374=IFCPRODUCTDEFINITIONSHAPE($,$,(#5373));
#5380=IFCCARTESIANPOINT((57302.400000000001,50901.599999999999,4267.1999999999998));
#5381=IFCDIRECTION((0.,0.,1.));
#5382=IFCDIRECTION((1.,0.,0.));
#5383=IFCAXIS2PLACEMENT3D(#5380,#5381,#5382);
#5384=IFCLOCALPLACEMENT($,#5383);
#5385=IFCWALL('36G1rbu4X5u8mkIIHc_831',$,'L2|ONEBR_A',$,$,#5406,#5396,$,$);
#5386=IFCCARTESIANPOINTLIST2D(((0.,0.),(0.,150.),(9144.,150.),(9144.,0.),(0.,0.)));
#5387=IFCINDEXEDPOLYCURVE(#5386,$,.F.);
#5388=IFCDIRECTION((0.,0.,1.));
#5389=IFCARBITRARYCLOSEDPROFILEDEF(.AREA.,$,#5387);
#5390=IFCCARTESIANPOINT((0.,0.,0.));
#5391=IFCDIRECTION((0.,0.,1.));
#5392=IFCDIRECTION((1.,0.,0.));
#5393=IFCAXIS2PLACEMENT3D(#5390,#5391,#5392);
#5394=IFCEXTRUDEDAREASOLID(#5389,#5393,#5388,3200.4000000000001);
#5395=IFCSHAPEREPRESENTATION(#11,'Body','SweptSolid',(#5394));
#5396=IFCPRODUCTDEFINITIONSHAPE($,$,(#5395));
#5402=IFCCARTESIANPOINT((57302.400000000001,41757.600000000006,4267.1999999999998));
#5403=IFCDIRECTION((0.,0.,1.));
#5404=IFCDIRECTION((6.123233995736766E-17,1.,0.));
#5405=IFCAXIS2PLACEMENT3D(#5402,#5403,#5404);
#5406=IFCLOCALPLACEMENT($,#5405);
#5407=IFCWALL('2$8bTEUFr97vcFT5sh1Fph',$,'L2|ONEBR_A',$,$,#5428,#5418,$,$);
#5408=IFCCARTESIANPOINTLIST2D(((0.,0.),(0.,150.),(9144.,150.),(9144.,0.),(0.,0.)));
#5409=IFCINDEXEDPOLYCURVE(#5408,$,.F.);
#5410=IFCDIRECTION((0.,0.,1.));
#5411=IFCARBITRARYCLOSEDPROFILEDEF(.AREA.,$,#5409);
#5412=IFCCARTESIANPOINT((0.,0.,0.));
#5413=IFCDIRECTION((0.,0.,1.));
#5414=IFCDIRECTION((1.,0.,0.));
#5415=IFCAXIS2PLACEMENT3D(#5412,#5413,#5414);
#5416=IFCEXTRUDEDAREASOLID(#5411,#5415,#5410,3200.4000000000001);
#5417=IFCSHAPEREPRESENTATION(#11,'Body','SweptSolid',(#5416));
#5418=IFCPRODUCTDEFINITIONSHAPE($,$,(#5417));
#5424=IFCCARTESIANPOINT((67665.599999999991,41757.600000000006,4267.1999999999998));
#5425=IFCDIRECTION((0.,0.,1.));
#5426=IFCDIRECTION((6.123233995736766E-17,1.,0.));
#5427=IFCAXIS2PLACEMENT3D(#5424,#5425,#5426);
#5428=IFCLOCALPLACEMENT($,#5427);
#5429=IFCWALL('2djZ5BMN95IB$wYFG1D_RF',$,'L2|TWOBR_A',$,$,#5450,#5440,$,$);
#5430=IFCCARTESIANPOINTLIST2D(((0.,0.),(0.,150.),(10972.800000000001,150.),(10972.800000000001,0.),(0.,0.)));
#5431=IFCINDEXEDPOLYCURVE(#5430,$,.F.);
#5432=IFCDIRECTION((0.,0.,1.));
#5433=IFCARBITRARYCLOSEDPROFILEDEF(.AREA.,$,#5431);
#5434=IFCCARTESIANPOINT((0.,0.,0.));
#5435=IFCDIRECTION((0.,0.,1.));
#5436=IFCDIRECTION((1.,0.,0.));
#5437=IFCAXIS2PLACEMENT3D(#5434,#5435,#5436);
#5438=IFCEXTRUDEDAREASOLID(#5433,#5437,#5432,3200.4000000000001);
#5439=IFCSHAPEREPRESENTATION(#11,'Body','SweptSolid',(#5438));
#5440=IFCPRODUCTDEFINITIONSHAPE($,$,(#5439));
#5446=IFCCARTESIANPOINT((69494.399999999994,41757.600000000006,4267.1999999999998));
#5447=IFCDIRECTION((0.,0.,1.));
#5448=IFCDIRECTION((1.,0.,0.));
#5449=IFCAXIS2PLACEMENT3D(#5446,#5447,#5448);
#5450=IFCLOCALPLACEMENT($,#5449);
#5451=IFCWALL('0IV4P1XaL4dPtMUBmhD7ap',$,'L2|TWOBR_A',$,$,#5472,#5462,$,$);
#5452=IFCCARTESIANPOINTLIST2D(((0.,0.),(0.,150.),(10972.800000000001,150.),(10972.800000000001,0.),(0.,0.)));
#5453=IFCINDEXEDPOLYCURVE(#5452,$,.F.);
#5454=IFCDIRECTION((0.,0.,1.));
#5455=IFCARBITRARYCLOSEDPROFILEDEF(.AREA.,$,#5453);
#5456=IFCCARTESIANPOINT((0.,0.,0.));
#5457=IFCDIRECTION((0.,0.,1.));
#5458=IFCDIRECTION((1.,0.,0.));
#5459=IFCAXIS2PLACEMENT3D(#5456,#5457,#5458);
#5460=IFCEXTRUDEDAREASOLID(#5455,#5459,#5454,3200.4000000000001);
#5461=IFCSHAPEREPRESENTATION(#11,'Body','SweptSolid',(#5460));
#5462=IFCPRODUCTDEFINITIONSHAPE($,$,(#5461));
#5468=IFCCARTESIANPOINT((69494.399999999994,52120.800000000003,4267.1999999999998));
#5469=IFCDIRECTION((0.,0.,1.));
#5470=IFCDIRECTION((1.,0.,0.));
#5471=IFCAXIS2PLACEMENT3D(#5468,#5469,#5470);
#5472=IFCLOCALPLACEMENT($,#5471);
#5473=IFCWALL('1s$xpIhUTCD9HGLLIHu$cE',$,'L2|TWOBR_A',$,$,#5494,#5484,$,$);
#5474=IFCCARTESIANPOINTLIST2D(((0.,0.),(0.,150.),(10363.200000000001,150.),(10363.200000000001,0.),(0.,0.)));
#5475=IFCINDEXEDPOLYCURVE(#5474,$,.F.);
#5476=IFCDIRECTION((0.,0.,1.));
#5477=IFCARBITRARYCLOSEDPROFILEDEF(.AREA.,$,#5475);
#5478=IFCCARTESIANPOINT((0.,0.,0.));
#5479=IFCDIRECTION((0.,0.,1.));
#5480=IFCDIRECTION((1.,0.,0.));
#5481=IFCAXIS2PLACEMENT3D(#5478,#5479,#5480);
#5482=IFCEXTRUDEDAREASOLID(#5477,#5481,#5476,3200.4000000000001);
#5483=IFCSHAPEREPRESENTATION(#11,'Body','SweptSolid',(#5482));
#5484=IFCPRODUCTDEFINITIONSHAPE($,$,(#5483));
#5490=IFCCARTESIANPOINT((69494.399999999994,41757.600000000006,4267.1999999999998));
#5491=IFCDIRECTION((0.,0.,1.));
#5492=IFCDIRECTION((6.123233995736766E-17,1.,0.));
#5493=IFCAXIS2PLACEMENT3D(#5490,#5491,#5492);
#5494=IFCLOCALPLACEMENT($,#5493);
#5495=IFCWALL('3d2NSLSTz9GuQXdU7sOwtF',$,'L2|TWOBR_A',$,$,#5516,#5506,$,$);
#5496=IFCCARTESIANPOINTLIST2D(((0.,0.),(0.,150.),(10363.200000000001,150.),(10363.200000000001,0.),(0.,0.)));
#5497=IFCINDEXEDPOLYCURVE(#5496,$,.F.);
#5498=IFCDIRECTION((0.,0.,1.));
#5499=IFCARBITRARYCLOSEDPROFILEDEF(.AREA.,$,#5497);
#5500=IFCCARTESIANPOINT((0.,0.,0.));
#5501=IFCDIRECTION((0.,0.,1.));
#5502=IFCDIRECTION((1.,0.,0.));
#5503=IFCAXIS2PLACEMENT3D(#5500,#5501,#5502);
#5504=IFCEXTRUDEDAREASOLID(#5499,#5503,#5498,3200.4000000000001);
#5505=IFCSHAPEREPRESENTATION(#11,'Body','SweptSolid',(#5504));
#5506=IFCPRODUCTDEFINITIONSHAPE($,$,(#5505));
#5512=IFCCARTESIANPOINT((80467.199999999997,41757.600000000006,4267.1999999999998));
#5513=IFCDIRECTION((0.,0.,1.));
#5514=IFCDIRECTION((6.123233995736766E-17,1.,0.));
#5515=IFCAXIS2PLACEMENT3D(#5512,#5513,#5514);
#5516=IFCLOCALPLACEMENT($,#5515);
#5517=IFCWALL('0lbUCJhOP2qw90CBlRiKut',$,'L2|ONEBR_A',$,$,#5538,#5528,$,$);
#5518=IFCCARTESIANPOINTLIST2D(((0.,0.),(0.,150.),(10363.200000000001,150.),(10363.200000000001,0.),(0.,0.)));
#5519=IFCINDEXEDPOLYCURVE(#5518,$,.F.);
#5520=IFCDIRECTION((0.,0.,1.));
#5521=IFCARBITRARYCLOSEDPROFILEDEF(.AREA.,$,#5519);
#5522=IFCCARTESIANPOINT((0.,0.,0.));
#5523=IFCDIRECTION((0.,0.,1.));
#5524=IFCDIRECTION((1.,0.,0.));
#5525=IFCAXIS2PLACEMENT3D(#5522,#5523,#5524);
#5526=IFCEXTRUDEDAREASOLID(#5521,#5525,#5520,3200.4000000000001);
#5527=IFCSHAPEREPRESENTATION(#11,'Body','SweptSolid',(#5526));
#5528=IFCPRODUCTDEFINITIONSHAPE($,$,(#5527));
#5534=IFCCARTESIANPOINT((15849.6,44805.600000000006,4267.1999999999998));
#5535=IFCDIRECTION((0.,0.,1.));
#5536=IFCDIRECTION((1.,0.,0.));
#5537=IFCAXIS2PLACEMENT3D(#5534,#5535,#5536);
#5538=IFCLOCALPLACEMENT($,#5537);
#5539=IFCWALL('2nzDN3kEb7IuJd$$MO6dK5',$,'L2|ONEBR_A',$,$,#5560,#5550,$,$);
#5540=IFCCARTESIANPOINTLIST2D(((0.,0.),(0.,150.),(10363.200000000001,150.),(10363.200000000001,0.),(0.,0.)));
#5541=IFCINDEXEDPOLYCURVE(#5540,$,.F.);
#5542=IFCDIRECTION((0.,0.,1.));
#5543=IFCARBITRARYCLOSEDPROFILEDEF(.AREA.,$,#5541);
#5544=IFCCARTESIANPOINT((0.,0.,0.));
#5545=IFCDIRECTION((0.,0.,1.));
#5546=IFCDIRECTION((1.,0.,0.));
#5547=IFCAXIS2PLACEMENT3D(#5544,#5545,#5546);
#5548=IFCEXTRUDEDAREASOLID(#5543,#5547,#5542,3200.4000000000001);
#5549=IFCSHAPEREPRESENTATION(#11,'Body','SweptSolid',(#5548));
#5550=IFCPRODUCTDEFINITIONSHAPE($,$,(#5549));
#5556=IFCCARTESIANPOINT((15849.6,53949.600000000006,4267.1999999999998));
#5557=IFCDIRECTION((0.,0.,1.));
#5558=IFCDIRECTION((1.,0.,0.));
#5559=IFCAXIS2PLACEMENT3D(#5556,#5557,#5558);
#5560=IFCLOCALPLACEMENT($,#5559);
#5561=IFCWALL('2SGW31paT1QAkqJWKAm0M2',$,'L2|ONEBR_A',$,$,#5582,#5572,$,$);
#5562=IFCCARTESIANPOINTLIST2D(((0.,0.),(0.,150.),(9144.,150.),(9144.,0.),(0.,0.)));
#5563=IFCINDEXEDPOLYCURVE(#5562,$,.F.);
#5564=IFCDIRECTION((0.,0.,1.));
#5565=IFCARBITRARYCLOSEDPROFILEDEF(.AREA.,$,#5563);
#5566=IFCCARTESIANPOINT((0.,0.,0.));
#5567=IFCDIRECTION((0.,0.,1.));
#5568=IFCDIRECTION((1.,0.,0.));
#5569=IFCAXIS2PLACEMENT3D(#5566,#5567,#5568);
#5570=IFCEXTRUDEDAREASOLID(#5565,#5569,#5564,3200.4000000000001);
#5571=IFCSHAPEREPRESENTATION(#11,'Body','SweptSolid',(#5570));
#5572=IFCPRODUCTDEFINITIONSHAPE($,$,(#5571));
#5578=IFCCARTESIANPOINT((15849.6,44805.600000000006,4267.1999999999998));
#5579=IFCDIRECTION((0.,0.,1.));
#5580=IFCDIRECTION((6.123233995736766E-17,1.,0.));
#5581=IFCAXIS2PLACEMENT3D(#5578,#5579,#5580);
#5582=IFCLOCALPLACEMENT($,#5581);
#5583=IFCWALL('37W1BpQ6zBzeLP8JasFchY',$,'L2|ONEBR_A',$,$,#5604,#5594,$,$);
#5584=IFCCARTESIANPOINTLIST2D(((0.,0.),(0.,150.),(9144.,150.),(9144.,0.),(0.,0.)));
#5585=IFCINDEXEDPOLYCURVE(#5584,$,.F.);
#5586=IFCDIRECTION((0.,0.,1.));
#5587=IFCARBITRARYCLOSEDPROFILEDEF(.AREA.,$,#5585);
#5588=IFCCARTESIANPOINT((0.,0.,0.));
#5589=IFCDIRECTION((0.,0.,1.));
#5590=IFCDIRECTION((1.,0.,0.));
#5591=IFCAXIS2PLACEMENT3D(#5588,#5589,#5590);
#5592=IFCEXTRUDEDAREASOLID(#5587,#5591,#5586,3200.4000000000001);
#5593=IFCSHAPEREPRESENTATION(#11,'Body','SweptSolid',(#5592));
#5594=IFCPRODUCTDEFINITIONSHAPE($,$,(#5593));
#5600=IFCCARTESIANPOINT((26212.799999999999,44805.600000000006,4267.1999999999998));
#5601=IFCDIRECTION((0.,0.,1.));
#5602=IFCDIRECTION((6.123233995736766E-17,1.,0.));
#5603=IFCAXIS2PLACEMENT3D(#5600,#5601,#5602);
#5604=IFCLOCALPLACEMENT($,#5603);
#5605=IFCWALL('3HvdoPWLnDTOl$fV1PXKc6',$,'L2|TWOBR_A',$,$,#5626,#5616,$,$);
#5606=IFCCARTESIANPOINTLIST2D(((0.,0.),(0.,150.),(10972.800000000001,150.),(10972.800000000001,0.),(0.,0.)));
#5607=IFCINDEXEDPOLYCURVE(#5606,$,.F.);
#5608=IFCDIRECTION((0.,0.,1.));
#5609=IFCARBITRARYCLOSEDPROFILEDEF(.AREA.,$,#5607);
#5610=IFCCARTESIANPOINT((0.,0.,0.));
#5611=IFCDIRECTION((0.,0.,1.));
#5612=IFCDIRECTION((1.,0.,0.));
#5613=IFCAXIS2PLACEMENT3D(#5610,#5611,#5612);
#5614=IFCEXTRUDEDAREASOLID(#5609,#5613,#5608,3200.4000000000001);
#5615=IFCSHAPEREPRESENTATION(#11,'Body','SweptSolid',(#5614));
#5616=IFCPRODUCTDEFINITIONSHAPE($,$,(#5615));
#5622=IFCCARTESIANPOINT((29870.399999999998,47244.,4267.1999999999998));
#5623=IFCDIRECTION((0.,0.,1.));
#5624=IFCDIRECTION((1.,0.,0.));
#5625=IFCAXIS2PLACEMENT3D(#5622,#5623,#5624);
#5626=IFCLOCALPLACEMENT($,#5625);
#5627=IFCWALL('39HO4euRH7POauQf7Pl$JS',$,'L2|TWOBR_A',$,$,#5648,#5638,$,$);
#5628=IFCCARTESIANPOINTLIST2D(((0.,0.),(0.,150.),(10972.800000000001,150.),(10972.800000000001,0.),(0.,0.)));
#5629=IFCINDEXEDPOLYCURVE(#5628,$,.F.);
#5630=IFCDIRECTION((0.,0.,1.));
#5631=IFCARBITRARYCLOSEDPROFILEDEF(.AREA.,$,#5629);
#5632=IFCCARTESIANPOINT((0.,0.,0.));
#5633=IFCDIRECTION((0.,0.,1.));
#5634=IFCDIRECTION((1.,0.,0.));
#5635=IFCAXIS2PLACEMENT3D(#5632,#5633,#5634);
#5636=IFCEXTRUDEDAREASOLID(#5631,#5635,#5630,3200.4000000000001);
#5637=IFCSHAPEREPRESENTATION(#11,'Body','SweptSolid',(#5636));
#5638=IFCPRODUCTDEFINITIONSHAPE($,$,(#5637));
#5644=IFCCARTESIANPOINT((29870.399999999998,57607.200000000004,4267.1999999999998));
#5645=IFCDIRECTION((0.,0.,1.));
#5646=IFCDIRECTION((1.,0.,0.));
#5647=IFCAXIS2PLACEMENT3D(#5644,#5645,#5646);
#5648=IFCLOCALPLACEMENT($,#5647);
#5649=IFCWALL('1xjfsHSPPC09EVKL4IsoSt',$,'L2|TWOBR_A',$,$,#5670,#5660,$,$);
#5650=IFCCARTESIANPOINTLIST2D(((0.,0.),(0.,150.),(10363.200000000001,150.),(10363.200000000001,0.),(0.,0.)));
#5651=IFCINDEXEDPOLYCURVE(#5650,$,.F.);
#5652=IFCDIRECTION((0.,0.,1.));
#5653=IFCARBITRARYCLOSEDPROFILEDEF(.AREA.,$,#5651);
#5654=IFCCARTESIANPOINT((0.,0.,0.));
#5655=IFCDIRECTION((0.,0.,1.));
#5656=IFCDIRECTION((1.,0.,0.));
#5657=IFCAXIS2PLACEMENT3D(#5654,#5655,#5656);
#5658=IFCEXTRUDEDAREASOLID(#5653,#5657,#5652,3200.4000000000001);
#5659=IFCSHAPEREPRESENTATION(#11,'Body','SweptSolid',(#5658));
#5660=IFCPRODUCTDEFINITIONSHAPE($,$,(#5659));
#5666=IFCCARTESIANPOINT((29870.399999999998,47244.,4267.1999999999998));
#5667=IFCDIRECTION((0.,0.,1.));
#5668=IFCDIRECTION((6.123233995736766E-17,1.,0.));
#5669=IFCAXIS2PLACEMENT3D(#5666,#5667,#5668);
#5670=IFCLOCALPLACEMENT($,#5669);
#5671=IFCWALL('3sUmB1kiL71RJtqL2f_yiH',$,'L2|TWOBR_A',$,$,#5692,#5682,$,$);
#5672=IFCCARTESIANPOINTLIST2D(((0.,0.),(0.,150.),(10363.200000000001,150.),(10363.200000000001,0.),(0.,0.)));
#5673=IFCINDEXEDPOLYCURVE(#5672,$,.F.);
#5674=IFCDIRECTION((0.,0.,1.));
#5675=IFCARBITRARYCLOSEDPROFILEDEF(.AREA.,$,#5673);
#5676=IFCCARTESIANPOINT((0.,0.,0.));
#5677=IFCDIRECTION((0.,0.,1.));
#5678=IFCDIRECTION((1.,0.,0.));
#5679=IFCAXIS2PLACEMENT3D(#5676,#5677,#5678);
#5680=IFCEXTRUDEDAREASOLID(#5675,#5679,#5674,3200.4000000000001);
#5681=IFCSHAPEREPRESENTATION(#11,'Body','SweptSolid',(#5680));
#5682=IFCPRODUCTDEFINITIONSHAPE($,$,(#5681));
#5688=IFCCARTESIANPOINT((40843.200000000004,47244.,4267.1999999999998));
#5689=IFCDIRECTION((0.,0.,1.));
#5690=IFCDIRECTION((6.123233995736766E-17,1.,0.));
#5691=IFCAXIS2PLACEMENT3D(#5688,#5689,#5690);
#5692=IFCLOCALPLACEMENT($,#5691);
#5693=IFCWALL('2HWtz7FGX6vuZB6hYPAZFt',$,'L2|ONEBR_A',$,$,#5714,#5704,$,$);
#5694=IFCCARTESIANPOINTLIST2D(((0.,0.),(0.,150.),(10363.200000000001,150.),(10363.200000000001,0.),(0.,0.)));
#5695=IFCINDEXEDPOLYCURVE(#5694,$,.F.);
#5696=IFCDIRECTION((0.,0.,1.));
#5697=IFCARBITRARYCLOSEDPROFILEDEF(.AREA.,$,#5695);
#5698=IFCCARTESIANPOINT((0.,0.,0.));
#5699=IFCDIRECTION((0.,0.,1.));
#5700=IFCDIRECTION((1.,0.,0.));
#5701=IFCAXIS2PLACEMENT3D(#5698,#5699,#5700);
#5702=IFCEXTRUDEDAREASOLID(#5697,#5701,#5696,3200.4000000000001);
#5703=IFCSHAPEREPRESENTATION(#11,'Body','SweptSolid',(#5702));
#5704=IFCPRODUCTDEFINITIONSHAPE($,$,(#5703));
#5710=IFCCARTESIANPOINT((3657.6000000000004,49682.400000000001,4267.1999999999998));
#5711=IFCDIRECTION((0.,0.,1.));
#5712=IFCDIRECTION((1.,0.,0.));
#5713=IFCAXIS2PLACEMENT3D(#5710,#5711,#5712);
#5714=IFCLOCALPLACEMENT($,#5713);
#5715=IFCWALL('3ft9$nA0195wiVvlsvODF5',$,'L2|ONEBR_A',$,$,#5736,#5726,$,$);
#5716=IFCCARTESIANPOINTLIST2D(((0.,0.),(0.,150.),(10363.200000000001,150.),(10363.200000000001,0.),(0.,0.)));
#5717=IFCINDEXEDPOLYCURVE(#5716,$,.F.);
#5718=IFCDIRECTION((0.,0.,1.));
#5719=IFCARBITRARYCLOSEDPROFILEDEF(.AREA.,$,#5717);
#5720=IFCCARTESIANPOINT((0.,0.,0.));
#5721=IFCDIRECTION((0.,0.,1.));
#5722=IFCDIRECTION((1.,0.,0.));
#5723=IFCAXIS2PLACEMENT3D(#5720,#5721,#5722);
#5724=IFCEXTRUDEDAREASOLID(#5719,#5723,#5718,3200.4000000000001);
#5725=IFCSHAPEREPRESENTATION(#11,'Body','SweptSolid',(#5724));
#5726=IFCPRODUCTDEFINITIONSHAPE($,$,(#5725));
#5732=IFCCARTESIANPOINT((3657.6000000000004,58826.400000000001,4267.1999999999998));
#5733=IFCDIRECTION((0.,0.,1.));
#5734=IFCDIRECTION((1.,0.,0.));
#5735=IFCAXIS2PLACEMENT3D(#5732,#5733,#5734);
#5736=IFCLOCALPLACEMENT($,#5735);
#5737=IFCWALL('2aWF1NPmz6wf$DoFlbjBz9',$,'L2|ONEBR_A',$,$,#5758,#5748,$,$);
#5738=IFCCARTESIANPOINTLIST2D(((0.,0.),(0.,150.),(9144.,150.),(9144.,0.),(0.,0.)));
#5739=IFCINDEXEDPOLYCURVE(#5738,$,.F.);
#5740=IFCDIRECTION((0.,0.,1.));
#5741=IFCARBITRARYCLOSEDPROFILEDEF(.AREA.,$,#5739);
#5742=IFCCARTESIANPOINT((0.,0.,0.));
#5743=IFCDIRECTION((0.,0.,1.));
#5744=IFCDIRECTION((1.,0.,0.));
#5745=IFCAXIS2PLACEMENT3D(#5742,#5743,#5744);
#5746=IFCEXTRUDEDAREASOLID(#5741,#5745,#5740,3200.4000000000001);
#5747=IFCSHAPEREPRESENTATION(#11,'Body','SweptSolid',(#5746));
#5748=IFCPRODUCTDEFINITIONSHAPE($,$,(#5747));
#5754=IFCCARTESIANPOINT((3657.6000000000004,49682.400000000001,4267.1999999999998));
#5755=IFCDIRECTION((0.,0.,1.));
#5756=IFCDIRECTION((6.123233995736766E-17,1.,0.));
#5757=IFCAXIS2PLACEMENT3D(#5754,#5755,#5756);
#5758=IFCLOCALPLACEMENT($,#5757);
#5759=IFCWALL('0xWlQJ4Y15Cgeyzu4Xf58A',$,'L2|ONEBR_A',$,$,#5780,#5770,$,$);
#5760=IFCCARTESIANPOINTLIST2D(((0.,0.),(0.,150.),(9144.,150.),(9144.,0.),(0.,0.)));
#5761=IFCINDEXEDPOLYCURVE(#5760,$,.F.);
#5762=IFCDIRECTION((0.,0.,1.));
#5763=IFCARBITRARYCLOSEDPROFILEDEF(.AREA.,$,#5761);
#5764=IFCCARTESIANPOINT((0.,0.,0.));
#5765=IFCDIRECTION((0.,0.,1.));
#5766=IFCDIRECTION((1.,0.,0.));
#5767=IFCAXIS2PLACEMENT3D(#5764,#5765,#5766);
#5768=IFCEXTRUDEDAREASOLID(#5763,#5767,#5762,3200.4000000000001);
#5769=IFCSHAPEREPRESENTATION(#11,'Body','SweptSolid',(#5768));
#5770=IFCPRODUCTDEFINITIONSHAPE($,$,(#5769));
#5776=IFCCARTESIANPOINT((14020.800000000001,49682.400000000001,4267.1999999999998));
#5777=IFCDIRECTION((0.,0.,1.));
#5778=IFCDIRECTION((6.123233995736766E-17,1.,0.));
#5779=IFCAXIS2PLACEMENT3D(#5776,#5777,#5778);
#5780=IFCLOCALPLACEMENT($,#5779);
#5781=IFCWALL('2ATrZzE6DBBflww32rZIGx',$,'L2|STUDIO_A',$,$,#5802,#5792,$,$);
#5782=IFCCARTESIANPOINTLIST2D(((0.,0.),(0.,150.),(9753.6000000000004,150.),(9753.6000000000004,0.),(0.,0.)));
#5783=IFCINDEXEDPOLYCURVE(#5782,$,.F.);
#5784=IFCDIRECTION((0.,0.,1.));
#5785=IFCARBITRARYCLOSEDPROFILEDEF(.AREA.,$,#5783);
#5786=IFCCARTESIANPOINT((0.,0.,0.));
#5787=IFCDIRECTION((0.,0.,1.));
#5788=IFCDIRECTION((1.,0.,0.));
#5789=IFCAXIS2PLACEMENT3D(#5786,#5787,#5788);
#5790=IFCEXTRUDEDAREASOLID(#5785,#5789,#5784,3200.4000000000001);
#5791=IFCSHAPEREPRESENTATION(#11,'Body','SweptSolid',(#5790));
#5792=IFCPRODUCTDEFINITIONSHAPE($,$,(#5791));
#5798=IFCCARTESIANPOINT((42672.,50901.599999999999,4267.1999999999998));
#5799=IFCDIRECTION((0.,0.,1.));
#5800=IFCDIRECTION((1.,0.,0.));
#5801=IFCAXIS2PLACEMENT3D(#5798,#5799,#5800);
#5802=IFCLOCALPLACEMENT($,#5801);
#5803=IFCWALL('1wjCLajA564RMGtm5Xbq07',$,'L2|STUDIO_A',$,$,#5824,#5814,$,$);
#5804=IFCCARTESIANPOINTLIST2D(((0.,0.),(0.,150.),(9753.6000000000004,150.),(9753.6000000000004,0.),(0.,0.)));
#5805=IFCINDEXEDPOLYCURVE(#5804,$,.F.);
#5806=IFCDIRECTION((0.,0.,1.));
#5807=IFCARBITRARYCLOSEDPROFILEDEF(.AREA.,$,#5805);
#5808=IFCCARTESIANPOINT((0.,0.,0.));
#5809=IFCDIRECTION((0.,0.,1.));
#5810=IFCDIRECTION((1.,0.,0.));
#5811=IFCAXIS2PLACEMENT3D(#5808,#5809,#5810);
#5812=IFCEXTRUDEDAREASOLID(#5807,#5811,#5806,3200.4000000000001);
#5813=IFCSHAPEREPRESENTATION(#11,'Body','SweptSolid',(#5812));
#5814=IFCPRODUCTDEFINITIONSHAPE($,$,(#5813));
#5820=IFCCARTESIANPOINT((42672.,58826.400000000001,4267.1999999999998));
#5821=IFCDIRECTION((0.,0.,1.));
#5822=IFCDIRECTION((1.,0.,0.));
#5823=IFCAXIS2PLACEMENT3D(#5820,#5821,#5822);
#5824=IFCLOCALPLACEMENT($,#5823);
#5825=IFCWALL('10fSO2DCD3AurHnQIJRoxU',$,'L2|STUDIO_A',$,$,#5846,#5836,$,$);
#5826=IFCCARTESIANPOINTLIST2D(((0.,0.),(0.,150.),(7924.8000000000002,150.),(7924.8000000000002,0.),(0.,0.)));
#5827=IFCINDEXEDPOLYCURVE(#5826,$,.F.);
#5828=IFCDIRECTION((0.,0.,1.));
#5829=IFCARBITRARYCLOSEDPROFILEDEF(.AREA.,$,#5827);
#5830=IFCCARTESIANPOINT((0.,0.,0.));
#5831=IFCDIRECTION((0.,0.,1.));
#5832=IFCDIRECTION((1.,0.,0.));
#5833=IFCAXIS2PLACEMENT3D(#5830,#5831,#5832);
#5834=IFCEXTRUDEDAREASOLID(#5829,#5833,#5828,3200.4000000000001);
#5835=IFCSHAPEREPRESENTATION(#11,'Body','SweptSolid',(#5834));
#5836=IFCPRODUCTDEFINITIONSHAPE($,$,(#5835));
#5842=IFCCARTESIANPOINT((42672.,50901.599999999999,4267.1999999999998));
#5843=IFCDIRECTION((0.,0.,1.));
#5844=IFCDIRECTION((6.123233995736766E-17,1.,0.));
#5845=IFCAXIS2PLACEMENT3D(#5842,#5843,#5844);
#5846=IFCLOCALPLACEMENT($,#5845);
#5847=IFCWALL('2_br7YaMb4Dv_0_X1mQ1$s',$,'L2|STUDIO_A',$,$,#5868,#5858,$,$);
#5848=IFCCARTESIANPOINTLIST2D(((0.,0.),(0.,150.),(7924.8000000000002,150.),(7924.8000000000002,0.),(0.,0.)));
#5849=IFCINDEXEDPOLYCURVE(#5848,$,.F.);
#5850=IFCDIRECTION((0.,0.,1.));
#5851=IFCARBITRARYCLOSEDPROFILEDEF(.AREA.,$,#5849);
#5852=IFCCARTESIANPOINT((0.,0.,0.));
#5853=IFCDIRECTION((0.,0.,1.));
#5854=IFCDIRECTION((1.,0.,0.));
#5855=IFCAXIS2PLACEMENT3D(#5852,#5853,#5854);
#5856=IFCEXTRUDEDAREASOLID(#5851,#5855,#5850,3200.4000000000001);
#5857=IFCSHAPEREPRESENTATION(#11,'Body','SweptSolid',(#5856));
#5858=IFCPRODUCTDEFINITIONSHAPE($,$,(#5857));
#5864=IFCCARTESIANPOINT((52425.599999999999,50901.599999999999,4267.1999999999998));
#5865=IFCDIRECTION((0.,0.,1.));
#5866=IFCDIRECTION((6.123233995736766E-17,1.,0.));
#5867=IFCAXIS2PLACEMENT3D(#5864,#5865,#5866);
#5868=IFCLOCALPLACEMENT($,#5867);
#5869=IFCWALL('2nZqapPPP3oeJg$$X7HLVD',$,'L2|TWOBR_A',$,$,#5890,#5880,$,$);
#5870=IFCCARTESIANPOINTLIST2D(((0.,0.),(0.,150.),(10972.800000000001,150.),(10972.800000000001,0.),(0.,0.)));
#5871=IFCINDEXEDPOLYCURVE(#5870,$,.F.);
#5872=IFCDIRECTION((0.,0.,1.));
#5873=IFCARBITRARYCLOSEDPROFILEDEF(.AREA.,$,#5871);
#5874=IFCCARTESIANPOINT((0.,0.,0.));
#5875=IFCDIRECTION((0.,0.,1.));
#5876=IFCDIRECTION((1.,0.,0.));
#5877=IFCAXIS2PLACEMENT3D(#5874,#5875,#5876);
#5878=IFCEXTRUDEDAREASOLID(#5873,#5877,#5872,3200.4000000000001);
#5879=IFCSHAPEREPRESENTATION(#11,'Body','SweptSolid',(#5878));
#5880=IFCPRODUCTDEFINITIONSHAPE($,$,(#5879));
#5886=IFCCARTESIANPOINT((56692.800000000003,50901.599999999999,4267.1999999999998));
#5887=IFCDIRECTION((0.,0.,1.));
#5888=IFCDIRECTION((1.,0.,0.));
#5889=IFCAXIS2PLACEMENT3D(#5886,#5887,#5888);
#5890=IFCLOCALPLACEMENT($,#5889);
#5891=IFCWALL('1ty$5bsdf6kArsGhuWzoOk',$,'L2|TWOBR_A',$,$,#5912,#5902,$,$);
#5892=IFCCARTESIANPOINTLIST2D(((0.,0.),(0.,150.),(10972.800000000001,150.),(10972.800000000001,0.),(0.,0.)));
#5893=IFCINDEXEDPOLYCURVE(#5892,$,.F.);
#5894=IFCDIRECTION((0.,0.,1.));
#5895=IFCARBITRARYCLOSEDPROFILEDEF(.AREA.,$,#5893);
#5896=IFCCARTESIANPOINT((0.,0.,0.));
#5897=IFCDIRECTION((0.,0.,1.));
#5898=IFCDIRECTION((1.,0.,0.));
#5899=IFCAXIS2PLACEMENT3D(#5896,#5897,#5898);
#5900=IFCEXTRUDEDAREASOLID(#5895,#5899,#5894,3200.4000000000001);
#5901=IFCSHAPEREPRESENTATION(#11,'Body','SweptSolid',(#5900));
#5902=IFCPRODUCTDEFINITIONSHAPE($,$,(#5901));
#5908=IFCCARTESIANPOINT((56692.800000000003,61264.800000000003,4267.1999999999998));
#5909=IFCDIRECTION((0.,0.,1.));
#5910=IFCDIRECTION((1.,0.,0.));
#5911=IFCAXIS2PLACEMENT3D(#5908,#5909,#5910);
#5912=IFCLOCALPLACEMENT($,#5911);
#5913=IFCWALL('1jsQVqVI1BRu11o9Vt9B9c',$,'L2|TWOBR_A',$,$,#5934,#5924,$,$);
#5914=IFCCARTESIANPOINTLIST2D(((0.,0.),(0.,150.),(10363.200000000001,150.),(10363.200000000001,0.),(0.,0.)));
#5915=IFCINDEXEDPOLYCURVE(#5914,$,.F.);
#5916=IFCDIRECTION((0.,0.,1.));
#5917=IFCARBITRARYCLOSEDPROFILEDEF(.AREA.,$,#5915);
#5918=IFCCARTESIANPOINT((0.,0.,0.));
#5919=IFCDIRECTION((0.,0.,1.));
#5920=IFCDIRECTION((1.,0.,0.));
#5921=IFCAXIS2PLACEMENT3D(#5918,#5919,#5920);
#5922=IFCEXTRUDEDAREASOLID(#5917,#5921,#5916,3200.4000000000001);
#5923=IFCSHAPEREPRESENTATION(#11,'Body','SweptSolid',(#5922));
#5924=IFCPRODUCTDEFINITIONSHAPE($,$,(#5923));
#5930=IFCCARTESIANPOINT((56692.800000000003,50901.599999999999,4267.1999999999998));
#5931=IFCDIRECTION((0.,0.,1.));
#5932=IFCDIRECTION((6.123233995736766E-17,1.,0.));
#5933=IFCAXIS2PLACEMENT3D(#5930,#5931,#5932);
#5934=IFCLOCALPLACEMENT($,#5933);
#5935=IFCWALL('1w4d$pS6fEsurBg5k9SldX',$,'L2|TWOBR_A',$,$,#5956,#5946,$,$);
#5936=IFCCARTESIANPOINTLIST2D(((0.,0.),(0.,150.),(10363.200000000001,150.),(10363.200000000001,0.),(0.,0.)));
#5937=IFCINDEXEDPOLYCURVE(#5936,$,.F.);
#5938=IFCDIRECTION((0.,0.,1.));
#5939=IFCARBITRARYCLOSEDPROFILEDEF(.AREA.,$,#5937);
#5940=IFCCARTESIANPOINT((0.,0.,0.));
#5941=IFCDIRECTION((0.,0.,1.));
#5942=IFCDIRECTION((1.,0.,0.));
#5943=IFCAXIS2PLACEMENT3D(#5940,#5941,#5942);
#5944=IFCEXTRUDEDAREASOLID(#5939,#5943,#5938,3200.4000000000001);
#5945=IFCSHAPEREPRESENTATION(#11,'Body','SweptSolid',(#5944));
#5946=IFCPRODUCTDEFINITIONSHAPE($,$,(#5945));
#5952=IFCCARTESIANPOINT((67665.599999999991,50901.599999999999,4267.1999999999998));
#5953=IFCDIRECTION((0.,0.,1.));
#5954=IFCDIRECTION((6.123233995736766E-17,1.,0.));
#5955=IFCAXIS2PLACEMENT3D(#5952,#5953,#5954);
#5956=IFCLOCALPLACEMENT($,#5955);
#5957=IFCWALL('30KC0Ckg579AZHAHLHYzsJ',$,'L2|ONEBR_A',$,$,#5978,#5968,$,$);
#5958=IFCCARTESIANPOINTLIST2D(((0.,0.),(0.,150.),(10363.200000000001,150.),(10363.200000000001,0.),(0.,0.)));
#5959=IFCINDEXEDPOLYCURVE(#5958,$,.F.);
#5960=IFCDIRECTION((0.,0.,1.));
#5961=IFCARBITRARYCLOSEDPROFILEDEF(.AREA.,$,#5959);
#5962=IFCCARTESIANPOINT((0.,0.,0.));
#5963=IFCDIRECTION((0.,0.,1.));
#5964=IFCDIRECTION((1.,0.,0.));
#5965=IFCAXIS2PLACEMENT3D(#5962,#5963,#5964);
#5966=IFCEXTRUDEDAREASOLID(#5961,#5965,#5960,3200.4000000000001);
#5967=IFCSHAPEREPRESENTATION(#11,'Body','SweptSolid',(#5966));
#5968=IFCPRODUCTDEFINITIONSHAPE($,$,(#5967));
#5974=IFCCARTESIANPOINT((69494.399999999994,52120.800000000003,4267.1999999999998));
#5975=IFCDIRECTION((0.,0.,1.));
#5976=IFCDIRECTION((1.,0.,0.));
#5977=IFCAXIS2PLACEMENT3D(#5974,#5975,#5976);
#5978=IFCLOCALPLACEMENT($,#5977);
#5979=IFCWALL('1Nc6vkVxv23wIObNngiTmr',$,'L2|ONEBR_A',$,$,#6000,#5990,$,$);
#5980=IFCCARTESIANPOINTLIST2D(((0.,0.),(0.,150.),(10363.200000000001,150.),(10363.200000000001,0.),(0.,0.)));
#5981=IFCINDEXEDPOLYCURVE(#5980,$,.F.);
#5982=IFCDIRECTION((0.,0.,1.));
#5983=IFCARBITRARYCLOSEDPROFILEDEF(.AREA.,$,#5981);
#5984=IFCCARTESIANPOINT((0.,0.,0.));
#5985=IFCDIRECTION((0.,0.,1.));
#5986=IFCDIRECTION((1.,0.,0.));
#5987=IFCAXIS2PLACEMENT3D(#5984,#5985,#5986);
#5988=IFCEXTRUDEDAREASOLID(#5983,#5987,#5982,3200.4000000000001);
#5989=IFCSHAPEREPRESENTATION(#11,'Body','SweptSolid',(#5988));
#5990=IFCPRODUCTDEFINITIONSHAPE($,$,(#5989));
#5996=IFCCARTESIANPOINT((69494.399999999994,61264.800000000003,4267.1999999999998));
#5997=IFCDIRECTION((0.,0.,1.));
#5998=IFCDIRECTION((1.,0.,0.));
#5999=IFCAXIS2PLACEMENT3D(#5996,#5997,#5998);
#6000=IFCLOCALPLACEMENT($,#5999);
#6001=IFCWALL('3vBRTKP65BJht9iivntrqC',$,'L2|ONEBR_A',$,$,#6022,#6012,$,$);
#6002=IFCCARTESIANPOINTLIST2D(((0.,0.),(0.,150.),(9144.,150.),(9144.,0.),(0.,0.)));
#6003=IFCINDEXEDPOLYCURVE(#6002,$,.F.);
#6004=IFCDIRECTION((0.,0.,1.));
#6005=IFCARBITRARYCLOSEDPROFILEDEF(.AREA.,$,#6003);
#6006=IFCCARTESIANPOINT((0.,0.,0.));
#6007=IFCDIRECTION((0.,0.,1.));
#6008=IFCDIRECTION((1.,0.,0.));
#6009=IFCAXIS2PLACEMENT3D(#6006,#6007,#6008);
#6010=IFCEXTRUDEDAREASOLID(#6005,#6009,#6004,3200.4000000000001);
#6011=IFCSHAPEREPRESENTATION(#11,'Body','SweptSolid',(#6010));
#6012=IFCPRODUCTDEFINITIONSHAPE($,$,(#6011));
#6018=IFCCARTESIANPOINT((69494.399999999994,52120.800000000003,4267.1999999999998));
#6019=IFCDIRECTION((0.,0.,1.));
#6020=IFCDIRECTION((6.123233995736766E-17,1.,0.));
#6021=IFCAXIS2PLACEMENT3D(#6018,#6019,#6020);
#6022=IFCLOCALPLACEMENT($,#6021);
#6023=IFCWALL('3YeTe2Hx51renl8nMDDpTL',$,'L2|ONEBR_A',$,$,#6044,#6034,$,$);
#6024=IFCCARTESIANPOINTLIST2D(((0.,0.),(0.,150.),(9144.,150.),(9144.,0.),(0.,0.)));
#6025=IFCINDEXEDPOLYCURVE(#6024,$,.F.);
#6026=IFCDIRECTION((0.,0.,1.));
#6027=IFCARBITRARYCLOSEDPROFILEDEF(.AREA.,$,#6025);
#6028=IFCCARTESIANPOINT((0.,0.,0.));
#6029=IFCDIRECTION((0.,0.,1.));
#6030=IFCDIRECTION((1.,0.,0.));
#6031=IFCAXIS2PLACEMENT3D(#6028,#6029,#6030);
#6032=IFCEXTRUDEDAREASOLID(#6027,#6031,#6026,3200.4000000000001);
#6033=IFCSHAPEREPRESENTATION(#11,'Body','SweptSolid',(#6032));
#6034=IFCPRODUCTDEFINITIONSHAPE($,$,(#6033));
#6040=IFCCARTESIANPOINT((79857.600000000006,52120.800000000003,4267.1999999999998));
#6041=IFCDIRECTION((0.,0.,1.));
#6042=IFCDIRECTION((6.123233995736766E-17,1.,0.));
#6043=IFCAXIS2PLACEMENT3D(#6040,#6041,#6042);
#6044=IFCLOCALPLACEMENT($,#6043);
#6045=IFCWALL('1OIpzfbe5DBQ6rUZCur54V',$,'L3|ONEBR_A',$,$,#6066,#6056,$,$);
#6046=IFCCARTESIANPOINTLIST2D(((0.,0.),(0.,150.),(10363.200000000001,150.),(10363.200000000001,0.),(0.,0.)));
#6047=IFCINDEXEDPOLYCURVE(#6046,$,.F.);
#6048=IFCDIRECTION((0.,0.,1.));
#6049=IFCARBITRARYCLOSEDPROFILEDEF(.AREA.,$,#6047);
#6050=IFCCARTESIANPOINT((0.,0.,0.));
#6051=IFCDIRECTION((0.,0.,1.));
#6052=IFCDIRECTION((1.,0.,0.));
#6053=IFCAXIS2PLACEMENT3D(#6050,#6051,#6052);
#6054=IFCEXTRUDEDAREASOLID(#6049,#6053,#6048,3200.4000000000001);
#6055=IFCSHAPEREPRESENTATION(#11,'Body','SweptSolid',(#6054));
#6056=IFCPRODUCTDEFINITIONSHAPE($,$,(#6055));
#6062=IFCCARTESIANPOINT((3657.6000000000004,11887.199999999999,7467.5999999999995));
#6063=IFCDIRECTION((0.,0.,1.));
#6064=IFCDIRECTION((1.,0.,0.));
#6065=IFCAXIS2PLACEMENT3D(#6062,#6063,#6064);
#6066=IFCLOCALPLACEMENT($,#6065);
#6067=IFCWALL('1x2f5cPyf3Pgy3xFIt_TKd',$,'L3|ONEBR_A',$,$,#6088,#6078,$,$);
#6068=IFCCARTESIANPOINTLIST2D(((0.,0.),(0.,150.),(10363.200000000001,150.),(10363.200000000001,0.),(0.,0.)));
#6069=IFCINDEXEDPOLYCURVE(#6068,$,.F.);
#6070=IFCDIRECTION((0.,0.,1.));
#6071=IFCARBITRARYCLOSEDPROFILEDEF(.AREA.,$,#6069);
#6072=IFCCARTESIANPOINT((0.,0.,0.));
#6073=IFCDIRECTION((0.,0.,1.));
#6074=IFCDIRECTION((1.,0.,0.));
#6075=IFCAXIS2PLACEMENT3D(#6072,#6073,#6074);
#6076=IFCEXTRUDEDAREASOLID(#6071,#6075,#6070,3200.4000000000001);
#6077=IFCSHAPEREPRESENTATION(#11,'Body','SweptSolid',(#6076));
#6078=IFCPRODUCTDEFINITIONSHAPE($,$,(#6077));
#6084=IFCCARTESIANPOINT((3657.6000000000004,21031.200000000001,7467.5999999999995));
#6085=IFCDIRECTION((0.,0.,1.));
#6086=IFCDIRECTION((1.,0.,0.));
#6087=IFCAXIS2PLACEMENT3D(#6084,#6085,#6086);
#6088=IFCLOCALPLACEMENT($,#6087);
#6089=IFCWALL('1ptbNpfOvCvAlvhmVfslkH',$,'L3|ONEBR_A',$,$,#6110,#6100,$,$);
#6090=IFCCARTESIANPOINTLIST2D(((0.,0.),(0.,150.),(9144.,150.),(9144.,0.),(0.,0.)));
#6091=IFCINDEXEDPOLYCURVE(#6090,$,.F.);
#6092=IFCDIRECTION((0.,0.,1.));
#6093=IFCARBITRARYCLOSEDPROFILEDEF(.AREA.,$,#6091);
#6094=IFCCARTESIANPOINT((0.,0.,0.));
#6095=IFCDIRECTION((0.,0.,1.));
#6096=IFCDIRECTION((1.,0.,0.));
#6097=IFCAXIS2PLACEMENT3D(#6094,#6095,#6096);
#6098=IFCEXTRUDEDAREASOLID(#6093,#6097,#6092,3200.4000000000001);
#6099=IFCSHAPEREPRESENTATION(#11,'Body','SweptSolid',(#6098));
#6100=IFCPRODUCTDEFINITIONSHAPE($,$,(#6099));
#6106=IFCCARTESIANPOINT((3657.6000000000004,11887.199999999999,7467.5999999999995));
#6107=IFCDIRECTION((0.,0.,1.));
#6108=IFCDIRECTION((6.123233995736766E-17,1.,0.));
#6109=IFCAXIS2PLACEMENT3D(#6106,#6107,#6108);
#6110=IFCLOCALPLACEMENT($,#6109);
#6111=IFCWALL('2Sobi9rzz0KeK7vFx0fu4j',$,'L3|ONEBR_A',$,$,#6132,#6122,$,$);
#6112=IFCCARTESIANPOINTLIST2D(((0.,0.),(0.,150.),(9144.,150.),(9144.,0.),(0.,0.)));
#6113=IFCINDEXEDPOLYCURVE(#6112,$,.F.);
#6114=IFCDIRECTION((0.,0.,1.));
#6115=IFCARBITRARYCLOSEDPROFILEDEF(.AREA.,$,#6113);
#6116=IFCCARTESIANPOINT((0.,0.,0.));
#6117=IFCDIRECTION((0.,0.,1.));
#6118=IFCDIRECTION((1.,0.,0.));
#6119=IFCAXIS2PLACEMENT3D(#6116,#6117,#6118);
#6120=IFCEXTRUDEDAREASOLID(#6115,#6119,#6114,3200.4000000000001);
#6121=IFCSHAPEREPRESENTATION(#11,'Body','SweptSolid',(#6120));
#6122=IFCPRODUCTDEFINITIONSHAPE($,$,(#6121));
#6128=IFCCARTESIANPOINT((14020.800000000001,11887.199999999999,7467.5999999999995));
#6129=IFCDIRECTION((0.,0.,1.));
#6130=IFCDIRECTION((6.123233995736766E-17,1.,0.));
#6131=IFCAXIS2PLACEMENT3D(#6128,#6129,#6130);
#6132=IFCLOCALPLACEMENT($,#6131);
#6133=IFCWALL('2ixVghchz02AmpqnY2KtdX',$,'L3|TWOBR_A',$,$,#6154,#6144,$,$);
#6134=IFCCARTESIANPOINTLIST2D(((0.,0.),(0.,150.),(10972.800000000001,150.),(10972.800000000001,0.),(0.,0.)));
#6135=IFCINDEXEDPOLYCURVE(#6134,$,.F.);
#6136=IFCDIRECTION((0.,0.,1.));
#6137=IFCARBITRARYCLOSEDPROFILEDEF(.AREA.,$,#6135);
#6138=IFCCARTESIANPOINT((0.,0.,0.));
#6139=IFCDIRECTION((0.,0.,1.));
#6140=IFCDIRECTION((1.,0.,0.));
#6141=IFCAXIS2PLACEMENT3D(#6138,#6139,#6140);
#6142=IFCEXTRUDEDAREASOLID(#6137,#6141,#6136,3200.4000000000001);
#6143=IFCSHAPEREPRESENTATION(#11,'Body','SweptSolid',(#6142));
#6144=IFCPRODUCTDEFINITIONSHAPE($,$,(#6143));
#6150=IFCCARTESIANPOINT((15849.6,11887.199999999999,7467.5999999999995));
#6151=IFCDIRECTION((0.,0.,1.));
#6152=IFCDIRECTION((1.,0.,0.));
#6153=IFCAXIS2PLACEMENT3D(#6150,#6151,#6152);
#6154=IFCLOCALPLACEMENT($,#6153);
#6155=IFCWALL('0z8C8RzCvFuAaaPrW6gIFq',$,'L3|TWOBR_A',$,$,#6176,#6166,$,$);
#6156=IFCCARTESIANPOINTLIST2D(((0.,0.),(0.,150.),(10972.800000000001,150.),(10972.800000000001,0.),(0.,0.)));
#6157=IFCINDEXEDPOLYCURVE(#6156,$,.F.);
#6158=IFCDIRECTION((0.,0.,1.));
#6159=IFCARBITRARYCLOSEDPROFILEDEF(.AREA.,$,#6157);
#6160=IFCCARTESIANPOINT((0.,0.,0.));
#6161=IFCDIRECTION((0.,0.,1.));
#6162=IFCDIRECTION((1.,0.,0.));
#6163=IFCAXIS2PLACEMENT3D(#6160,#6161,#6162);
#6164=IFCEXTRUDEDAREASOLID(#6159,#6163,#6158,3200.4000000000001);
#6165=IFCSHAPEREPRESENTATION(#11,'Body','SweptSolid',(#6164));
#6166=IFCPRODUCTDEFINITIONSHAPE($,$,(#6165));
#6172=IFCCARTESIANPOINT((15849.6,22250.400000000001,7467.5999999999995));
#6173=IFCDIRECTION((0.,0.,1.));
#6174=IFCDIRECTION((1.,0.,0.));
#6175=IFCAXIS2PLACEMENT3D(#6172,#6173,#6174);
#6176=IFCLOCALPLACEMENT($,#6175);
#6177=IFCWALL('1dqSGoNzH8xxE9ABOV$$Wv',$,'L3|TWOBR_A',$,$,#6198,#6188,$,$);
#6178=IFCCARTESIANPOINTLIST2D(((0.,0.),(0.,150.),(10363.200000000001,150.),(10363.200000000001,0.),(0.,0.)));
#6179=IFCINDEXEDPOLYCURVE(#6178,$,.F.);
#6180=IFCDIRECTION((0.,0.,1.));
#6181=IFCARBITRARYCLOSEDPROFILEDEF(.AREA.,$,#6179);
#6182=IFCCARTESIANPOINT((0.,0.,0.));
#6183=IFCDIRECTION((0.,0.,1.));
#6184=IFCDIRECTION((1.,0.,0.));
#6185=IFCAXIS2PLACEMENT3D(#6182,#6183,#6184);
#6186=IFCEXTRUDEDAREASOLID(#6181,#6185,#6180,3200.4000000000001);
#6187=IFCSHAPEREPRESENTATION(#11,'Body','SweptSolid',(#6186));
#6188=IFCPRODUCTDEFINITIONSHAPE($,$,(#6187));
#6194=IFCCARTESIANPOINT((15849.6,11887.199999999999,7467.5999999999995));
#6195=IFCDIRECTION((0.,0.,1.));
#6196=IFCDIRECTION((6.123233995736766E-17,1.,0.));
#6197=IFCAXIS2PLACEMENT3D(#6194,#6195,#6196);
#6198=IFCLOCALPLACEMENT($,#6197);
#6199=IFCWALL('2z$DKRfBvCx96vyg7JIfSZ',$,'L3|TWOBR_A',$,$,#6220,#6210,$,$);
#6200=IFCCARTESIANPOINTLIST2D(((0.,0.),(0.,150.),(10363.200000000001,150.),(10363.200000000001,0.),(0.,0.)));
#6201=IFCINDEXEDPOLYCURVE(#6200,$,.F.);
#6202=IFCDIRECTION((0.,0.,1.));
#6203=IFCARBITRARYCLOSEDPROFILEDEF(.AREA.,$,#6201);
#6204=IFCCARTESIANPOINT((0.,0.,0.));
#6205=IFCDIRECTION((0.,0.,1.));
#6206=IFCDIRECTION((1.,0.,0.));
#6207=IFCAXIS2PLACEMENT3D(#6204,#6205,#6206);
#6208=IFCEXTRUDEDAREASOLID(#6203,#6207,#6202,3200.4000000000001);
#6209=IFCSHAPEREPRESENTATION(#11,'Body','SweptSolid',(#6208));
#6210=IFCPRODUCTDEFINITIONSHAPE($,$,(#6209));
#6216=IFCCARTESIANPOINT((26822.400000000001,11887.199999999999,7467.5999999999995));
#6217=IFCDIRECTION((0.,0.,1.));
#6218=IFCDIRECTION((6.123233995736766E-17,1.,0.));
#6219=IFCAXIS2PLACEMENT3D(#6216,#6217,#6218);
#6220=IFCLOCALPLACEMENT($,#6219);
#6221=IFCWALL('00kLZgPHT81fFN5csXsKxn',$,'L3|STUDIO_A',$,$,#6242,#6232,$,$);
#6222=IFCCARTESIANPOINTLIST2D(((0.,0.),(0.,150.),(9753.6000000000004,150.),(9753.6000000000004,0.),(0.,0.)));
#6223=IFCINDEXEDPOLYCURVE(#6222,$,.F.);
#6224=IFCDIRECTION((0.,0.,1.));
#6225=IFCARBITRARYCLOSEDPROFILEDEF(.AREA.,$,#6223);
#6226=IFCCARTESIANPOINT((0.,0.,0.));
#6227=IFCDIRECTION((0.,0.,1.));
#6228=IFCDIRECTION((1.,0.,0.));
#6229=IFCAXIS2PLACEMENT3D(#6226,#6227,#6228);
#6230=IFCEXTRUDEDAREASOLID(#6225,#6229,#6224,3200.4000000000001);
#6231=IFCSHAPEREPRESENTATION(#11,'Body','SweptSolid',(#6230));
#6232=IFCPRODUCTDEFINITIONSHAPE($,$,(#6231));
#6238=IFCCARTESIANPOINT((31089.599999999999,11887.199999999999,7467.5999999999995));
#6239=IFCDIRECTION((0.,0.,1.));
#6240=IFCDIRECTION((1.,0.,0.));
#6241=IFCAXIS2PLACEMENT3D(#6238,#6239,#6240);
#6242=IFCLOCALPLACEMENT($,#6241);
#6243=IFCWALL('0mNpu5CjvDPPRKA88V1dgF',$,'L3|STUDIO_A',$,$,#6264,#6254,$,$);
#6244=IFCCARTESIANPOINTLIST2D(((0.,0.),(0.,150.),(9753.6000000000004,150.),(9753.6000000000004,0.),(0.,0.)));
#6245=IFCINDEXEDPOLYCURVE(#6244,$,.F.);
#6246=IFCDIRECTION((0.,0.,1.));
#6247=IFCARBITRARYCLOSEDPROFILEDEF(.AREA.,$,#6245);
#6248=IFCCARTESIANPOINT((0.,0.,0.));
#6249=IFCDIRECTION((0.,0.,1.));
#6250=IFCDIRECTION((1.,0.,0.));
#6251=IFCAXIS2PLACEMENT3D(#6248,#6249,#6250);
#6252=IFCEXTRUDEDAREASOLID(#6247,#6251,#6246,3200.4000000000001);
#6253=IFCSHAPEREPRESENTATION(#11,'Body','SweptSolid',(#6252));
#6254=IFCPRODUCTDEFINITIONSHAPE($,$,(#6253));
#6260=IFCCARTESIANPOINT((31089.599999999999,19812.,7467.5999999999995));
#6261=IFCDIRECTION((0.,0.,1.));
#6262=IFCDIRECTION((1.,0.,0.));
#6263=IFCAXIS2PLACEMENT3D(#6260,#6261,#6262);
#6264=IFCLOCALPLACEMENT($,#6263);
#6265=IFCWALL('3hDkhARwL7mhaE7vK6L_0M',$,'L3|STUDIO_A',$,$,#6286,#6276,$,$);
#6266=IFCCARTESIANPOINTLIST2D(((0.,0.),(0.,150.),(7924.8000000000002,150.),(7924.8000000000002,0.),(0.,0.)));
#6267=IFCINDEXEDPOLYCURVE(#6266,$,.F.);
#6268=IFCDIRECTION((0.,0.,1.));
#6269=IFCARBITRARYCLOSEDPROFILEDEF(.AREA.,$,#6267);
#6270=IFCCARTESIANPOINT((0.,0.,0.));
#6271=IFCDIRECTION((0.,0.,1.));
#6272=IFCDIRECTION((1.,0.,0.));
#6273=IFCAXIS2PLACEMENT3D(#6270,#6271,#6272);
#6274=IFCEXTRUDEDAREASOLID(#6269,#6273,#6268,3200.4000000000001);
#6275=IFCSHAPEREPRESENTATION(#11,'Body','SweptSolid',(#6274));
#6276=IFCPRODUCTDEFINITIONSHAPE($,$,(#6275));
#6282=IFCCARTESIANPOINT((31089.599999999999,11887.199999999999,7467.5999999999995));
#6283=IFCDIRECTION((0.,0.,1.));
#6284=IFCDIRECTION((6.123233995736766E-17,1.,0.));
#6285=IFCAXIS2PLACEMENT3D(#6282,#6283,#6284);
#6286=IFCLOCALPLACEMENT($,#6285);
#6287=IFCWALL('29GfadJxn9gRQ7dfLI3U27',$,'L3|STUDIO_A',$,$,#6308,#6298,$,$);
#6288=IFCCARTESIANPOINTLIST2D(((0.,0.),(0.,150.),(7924.8000000000002,150.),(7924.8000000000002,0.),(0.,0.)));
#6289=IFCINDEXEDPOLYCURVE(#6288,$,.F.);
#6290=IFCDIRECTION((0.,0.,1.));
#6291=IFCARBITRARYCLOSEDPROFILEDEF(.AREA.,$,#6289);
#6292=IFCCARTESIANPOINT((0.,0.,0.));
#6293=IFCDIRECTION((0.,0.,1.));
#6294=IFCDIRECTION((1.,0.,0.));
#6295=IFCAXIS2PLACEMENT3D(#6292,#6293,#6294);
#6296=IFCEXTRUDEDAREASOLID(#6291,#6295,#6290,3200.4000000000001);
#6297=IFCSHAPEREPRESENTATION(#11,'Body','SweptSolid',(#6296));
#6298=IFCPRODUCTDEFINITIONSHAPE($,$,(#6297));
#6304=IFCCARTESIANPOINT((40843.200000000004,11887.199999999999,7467.5999999999995));
#6305=IFCDIRECTION((0.,0.,1.));
#6306=IFCDIRECTION((6.123233995736766E-17,1.,0.));
#6307=IFCAXIS2PLACEMENT3D(#6304,#6305,#6306);
#6308=IFCLOCALPLACEMENT($,#6307);
#6309=IFCWALL('1j1RUgynb6r8a0ae0u8SEZ',$,'L3|ONEBR_A',$,$,#6330,#6320,$,$);
#6310=IFCCARTESIANPOINTLIST2D(((0.,0.),(0.,150.),(10363.200000000001,150.),(10363.200000000001,0.),(0.,0.)));
#6311=IFCINDEXEDPOLYCURVE(#6310,$,.F.);
#6312=IFCDIRECTION((0.,0.,1.));
#6313=IFCARBITRARYCLOSEDPROFILEDEF(.AREA.,$,#6311);
#6314=IFCCARTESIANPOINT((0.,0.,0.));
#6315=IFCDIRECTION((0.,0.,1.));
#6316=IFCDIRECTION((1.,0.,0.));
#6317=IFCAXIS2PLACEMENT3D(#6314,#6315,#6316);
#6318=IFCEXTRUDEDAREASOLID(#6313,#6317,#6312,3200.4000000000001);
#6319=IFCSHAPEREPRESENTATION(#11,'Body','SweptSolid',(#6318));
#6320=IFCPRODUCTDEFINITIONSHAPE($,$,(#6319));
#6326=IFCCARTESIANPOINT((42672.,11887.199999999999,7467.5999999999995));
#6327=IFCDIRECTION((0.,0.,1.));
#6328=IFCDIRECTION((1.,0.,0.));
#6329=IFCAXIS2PLACEMENT3D(#6326,#6327,#6328);
#6330=IFCLOCALPLACEMENT($,#6329);
#6331=IFCWALL('0c5MoJnWj89gVAGLTe1v4_',$,'L3|ONEBR_A',$,$,#6352,#6342,$,$);
#6332=IFCCARTESIANPOINTLIST2D(((0.,0.),(0.,150.),(10363.200000000001,150.),(10363.200000000001,0.),(0.,0.)));
#6333=IFCINDEXEDPOLYCURVE(#6332,$,.F.);
#6334=IFCDIRECTION((0.,0.,1.));
#6335=IFCARBITRARYCLOSEDPROFILEDEF(.AREA.,$,#6333);
#6336=IFCCARTESIANPOINT((0.,0.,0.));
#6337=IFCDIRECTION((0.,0.,1.));
#6338=IFCDIRECTION((1.,0.,0.));
#6339=IFCAXIS2PLACEMENT3D(#6336,#6337,#6338);
#6340=IFCEXTRUDEDAREASOLID(#6335,#6339,#6334,3200.4000000000001);
#6341=IFCSHAPEREPRESENTATION(#11,'Body','SweptSolid',(#6340));
#6342=IFCPRODUCTDEFINITIONSHAPE($,$,(#6341));
#6348=IFCCARTESIANPOINT((42672.,21031.200000000001,7467.5999999999995));
#6349=IFCDIRECTION((0.,0.,1.));
#6350=IFCDIRECTION((1.,0.,0.));
#6351=IFCAXIS2PLACEMENT3D(#6348,#6349,#6350);
#6352=IFCLOCALPLACEMENT($,#6351);
#6353=IFCWALL('3noLpCnUn49QgO26Qx_Lap',$,'L3|ONEBR_A',$,$,#6374,#6364,$,$);
#6354=IFCCARTESIANPOINTLIST2D(((0.,0.),(0.,150.),(9144.,150.),(9144.,0.),(0.,0.)));
#6355=IFCINDEXEDPOLYCURVE(#6354,$,.F.);
#6356=IFCDIRECTION((0.,0.,1.));
#6357=IFCARBITRARYCLOSEDPROFILEDEF(.AREA.,$,#6355);
#6358=IFCCARTESIANPOINT((0.,0.,0.));
#6359=IFCDIRECTION((0.,0.,1.));
#6360=IFCDIRECTION((1.,0.,0.));
#6361=IFCAXIS2PLACEMENT3D(#6358,#6359,#6360);
#6362=IFCEXTRUDEDAREASOLID(#6357,#6361,#6356,3200.4000000000001);
#6363=IFCSHAPEREPRESENTATION(#11,'Body','SweptSolid',(#6362));
#6364=IFCPRODUCTDEFINITIONSHAPE($,$,(#6363));
#6370=IFCCARTESIANPOINT((42672.,11887.199999999999,7467.5999999999995));
#6371=IFCDIRECTION((0.,0.,1.));
#6372=IFCDIRECTION((6.123233995736766E-17,1.,0.));
#6373=IFCAXIS2PLACEMENT3D(#6370,#6371,#6372);
#6374=IFCLOCALPLACEMENT($,#6373);
#6375=IFCWALL('1$JuM0OePBfwhwZ0bn3iXI',$,'L3|ONEBR_A',$,$,#6396,#6386,$,$);
#6376=IFCCARTESIANPOINTLIST2D(((0.,0.),(0.,150.),(9144.,150.),(9144.,0.),(0.,0.)));
#6377=IFCINDEXEDPOLYCURVE(#6376,$,.F.);
#6378=IFCDIRECTION((0.,0.,1.));
#6379=IFCARBITRARYCLOSEDPROFILEDEF(.AREA.,$,#6377);
#6380=IFCCARTESIANPOINT((0.,0.,0.));
#6381=IFCDIRECTION((0.,0.,1.));
#6382=IFCDIRECTION((1.,0.,0.));
#6383=IFCAXIS2PLACEMENT3D(#6380,#6381,#6382);
#6384=IFCEXTRUDEDAREASOLID(#6379,#6383,#6378,3200.4000000000001);
#6385=IFCSHAPEREPRESENTATION(#11,'Body','SweptSolid',(#6384));
#6386=IFCPRODUCTDEFINITIONSHAPE($,$,(#6385));
#6392=IFCCARTESIANPOINT((53035.200000000004,11887.199999999999,7467.5999999999995));
#6393=IFCDIRECTION((0.,0.,1.));
#6394=IFCDIRECTION((6.123233995736766E-17,1.,0.));
#6395=IFCAXIS2PLACEMENT3D(#6392,#6393,#6394);
#6396=IFCLOCALPLACEMENT($,#6395);
#6397=IFCWALL('28G6$SvUz0gBclCDz6dVb4',$,'L3|TWOBR_A',$,$,#6418,#6408,$,$);
#6398=IFCCARTESIANPOINTLIST2D(((0.,0.),(0.,150.),(10972.800000000001,150.),(10972.800000000001,0.),(0.,0.)));
#6399=IFCINDEXEDPOLYCURVE(#6398,$,.F.);
#6400=IFCDIRECTION((0.,0.,1.));
#6401=IFCARBITRARYCLOSEDPROFILEDEF(.AREA.,$,#6399);
#6402=IFCCARTESIANPOINT((0.,0.,0.));
#6403=IFCDIRECTION((0.,0.,1.));
#6404=IFCDIRECTION((1.,0.,0.));
#6405=IFCAXIS2PLACEMENT3D(#6402,#6403,#6404);
#6406=IFCEXTRUDEDAREASOLID(#6401,#6405,#6400,3200.4000000000001);
#6407=IFCSHAPEREPRESENTATION(#11,'Body','SweptSolid',(#6406));
#6408=IFCPRODUCTDEFINITIONSHAPE($,$,(#6407));
#6414=IFCCARTESIANPOINT((56692.800000000003,11887.199999999999,7467.5999999999995));
#6415=IFCDIRECTION((0.,0.,1.));
#6416=IFCDIRECTION((1.,0.,0.));
#6417=IFCAXIS2PLACEMENT3D(#6414,#6415,#6416);
#6418=IFCLOCALPLACEMENT($,#6417);
#6419=IFCWALL('1c9a9W8UHD3Q2nt2Re1aRf',$,'L3|TWOBR_A',$,$,#6440,#6430,$,$);
#6420=IFCCARTESIANPOINTLIST2D(((0.,0.),(0.,150.),(10972.800000000001,150.),(10972.800000000001,0.),(0.,0.)));
#6421=IFCINDEXEDPOLYCURVE(#6420,$,.F.);
#6422=IFCDIRECTION((0.,0.,1.));
#6423=IFCARBITRARYCLOSEDPROFILEDEF(.AREA.,$,#6421);
#6424=IFCCARTESIANPOINT((0.,0.,0.));
#6425=IFCDIRECTION((0.,0.,1.));
#6426=IFCDIRECTION((1.,0.,0.));
#6427=IFCAXIS2PLACEMENT3D(#6424,#6425,#6426);
#6428=IFCEXTRUDEDAREASOLID(#6423,#6427,#6422,3200.4000000000001);
#6429=IFCSHAPEREPRESENTATION(#11,'Body','SweptSolid',(#6428));
#6430=IFCPRODUCTDEFINITIONSHAPE($,$,(#6429));
#6436=IFCCARTESIANPOINT((56692.800000000003,22250.400000000001,7467.5999999999995));
#6437=IFCDIRECTION((0.,0.,1.));
#6438=IFCDIRECTION((1.,0.,0.));
#6439=IFCAXIS2PLACEMENT3D(#6436,#6437,#6438);
#6440=IFCLOCALPLACEMENT($,#6439);
#6441=IFCWALL('19PbzMduj3SQc66InO86vF',$,'L3|TWOBR_A',$,$,#6462,#6452,$,$);
#6442=IFCCARTESIANPOINTLIST2D(((0.,0.),(0.,150.),(10363.200000000001,150.),(10363.200000000001,0.),(0.,0.)));
#6443=IFCINDEXEDPOLYCURVE(#6442,$,.F.);
#6444=IFCDIRECTION((0.,0.,1.));
#6445=IFCARBITRARYCLOSEDPROFILEDEF(.AREA.,$,#6443);
#6446=IFCCARTESIANPOINT((0.,0.,0.));
#6447=IFCDIRECTION((0.,0.,1.));
#6448=IFCDIRECTION((1.,0.,0.));
#6449=IFCAXIS2PLACEMENT3D(#6446,#6447,#6448);
#6450=IFCEXTRUDEDAREASOLID(#6445,#6449,#6444,3200.4000000000001);
#6451=IFCSHAPEREPRESENTATION(#11,'Body','SweptSolid',(#6450));
#6452=IFCPRODUCTDEFINITIONSHAPE($,$,(#6451));
#6458=IFCCARTESIANPOINT((56692.800000000003,11887.199999999999,7467.5999999999995));
#6459=IFCDIRECTION((0.,0.,1.));
#6460=IFCDIRECTION((6.123233995736766E-17,1.,0.));
#6461=IFCAXIS2PLACEMENT3D(#6458,#6459,#6460);
#6462=IFCLOCALPLACEMENT($,#6461);
#6463=IFCWALL('1ghJWs1ZbCXwtDbZSi46tK',$,'L3|TWOBR_A',$,$,#6484,#6474,$,$);
#6464=IFCCARTESIANPOINTLIST2D(((0.,0.),(0.,150.),(10363.200000000001,150.),(10363.200000000001,0.),(0.,0.)));
#6465=IFCINDEXEDPOLYCURVE(#6464,$,.F.);
#6466=IFCDIRECTION((0.,0.,1.));
#6467=IFCARBITRARYCLOSEDPROFILEDEF(.AREA.,$,#6465);
#6468=IFCCARTESIANPOINT((0.,0.,0.));
#6469=IFCDIRECTION((0.,0.,1.));
#6470=IFCDIRECTION((1.,0.,0.));
#6471=IFCAXIS2PLACEMENT3D(#6468,#6469,#6470);
#6472=IFCEXTRUDEDAREASOLID(#6467,#6471,#6466,3200.4000000000001);
#6473=IFCSHAPEREPRESENTATION(#11,'Body','SweptSolid',(#6472));
#6474=IFCPRODUCTDEFINITIONSHAPE($,$,(#6473));
#6480=IFCCARTESIANPOINT((67665.599999999991,11887.199999999999,7467.5999999999995));
#6481=IFCDIRECTION((0.,0.,1.));
#6482=IFCDIRECTION((6.123233995736766E-17,1.,0.));
#6483=IFCAXIS2PLACEMENT3D(#6480,#6481,#6482);
#6484=IFCLOCALPLACEMENT($,#6483);
#6485=IFCWALL('0Jy95y45b7LAGrYQdKgLDh',$,'L3|ONEBR_A',$,$,#6506,#6496,$,$);
#6486=IFCCARTESIANPOINTLIST2D(((0.,0.),(0.,150.),(10363.200000000001,150.),(10363.200000000001,0.),(0.,0.)));
#6487=IFCINDEXEDPOLYCURVE(#6486,$,.F.);
#6488=IFCDIRECTION((0.,0.,1.));
#6489=IFCARBITRARYCLOSEDPROFILEDEF(.AREA.,$,#6487);
#6490=IFCCARTESIANPOINT((0.,0.,0.));
#6491=IFCDIRECTION((0.,0.,1.));
#6492=IFCDIRECTION((1.,0.,0.));
#6493=IFCAXIS2PLACEMENT3D(#6490,#6491,#6492);
#6494=IFCEXTRUDEDAREASOLID(#6489,#6493,#6488,3200.4000000000001);
#6495=IFCSHAPEREPRESENTATION(#11,'Body','SweptSolid',(#6494));
#6496=IFCPRODUCTDEFINITIONSHAPE($,$,(#6495));
#6502=IFCCARTESIANPOINT((69494.399999999994,11887.199999999999,7467.5999999999995));
#6503=IFCDIRECTION((0.,0.,1.));
#6504=IFCDIRECTION((1.,0.,0.));
#6505=IFCAXIS2PLACEMENT3D(#6502,#6503,#6504);
#6506=IFCLOCALPLACEMENT($,#6505);
#6507=IFCWALL('1LU7w_wj16mhtAikghIiHE',$,'L3|ONEBR_A',$,$,#6528,#6518,$,$);
#6508=IFCCARTESIANPOINTLIST2D(((0.,0.),(0.,150.),(10363.200000000001,150.),(10363.200000000001,0.),(0.,0.)));
#6509=IFCINDEXEDPOLYCURVE(#6508,$,.F.);
#6510=IFCDIRECTION((0.,0.,1.));
#6511=IFCARBITRARYCLOSEDPROFILEDEF(.AREA.,$,#6509);
#6512=IFCCARTESIANPOINT((0.,0.,0.));
#6513=IFCDIRECTION((0.,0.,1.));
#6514=IFCDIRECTION((1.,0.,0.));
#6515=IFCAXIS2PLACEMENT3D(#6512,#6513,#6514);
#6516=IFCEXTRUDEDAREASOLID(#6511,#6515,#6510,3200.4000000000001);
#6517=IFCSHAPEREPRESENTATION(#11,'Body','SweptSolid',(#6516));
#6518=IFCPRODUCTDEFINITIONSHAPE($,$,(#6517));
#6524=IFCCARTESIANPOINT((69494.399999999994,21031.200000000001,7467.5999999999995));
#6525=IFCDIRECTION((0.,0.,1.));
#6526=IFCDIRECTION((1.,0.,0.));
#6527=IFCAXIS2PLACEMENT3D(#6524,#6525,#6526);
#6528=IFCLOCALPLACEMENT($,#6527);
#6529=IFCWALL('16ffLuJLb2BxRc30_YkGqa',$,'L3|ONEBR_A',$,$,#6550,#6540,$,$);
#6530=IFCCARTESIANPOINTLIST2D(((0.,0.),(0.,150.),(9144.,150.),(9144.,0.),(0.,0.)));
#6531=IFCINDEXEDPOLYCURVE(#6530,$,.F.);
#6532=IFCDIRECTION((0.,0.,1.));
#6533=IFCARBITRARYCLOSEDPROFILEDEF(.AREA.,$,#6531);
#6534=IFCCARTESIANPOINT((0.,0.,0.));
#6535=IFCDIRECTION((0.,0.,1.));
#6536=IFCDIRECTION((1.,0.,0.));
#6537=IFCAXIS2PLACEMENT3D(#6534,#6535,#6536);
#6538=IFCEXTRUDEDAREASOLID(#6533,#6537,#6532,3200.4000000000001);
#6539=IFCSHAPEREPRESENTATION(#11,'Body','SweptSolid',(#6538));
#6540=IFCPRODUCTDEFINITIONSHAPE($,$,(#6539));
#6546=IFCCARTESIANPOINT((69494.399999999994,11887.199999999999,7467.5999999999995));
#6547=IFCDIRECTION((0.,0.,1.));
#6548=IFCDIRECTION((6.123233995736766E-17,1.,0.));
#6549=IFCAXIS2PLACEMENT3D(#6546,#6547,#6548);
#6550=IFCLOCALPLACEMENT($,#6549);
#6551=IFCWALL('24UR1zQxT1M8U6JygUEHK0',$,'L3|ONEBR_A',$,$,#6572,#6562,$,$);
#6552=IFCCARTESIANPOINTLIST2D(((0.,0.),(0.,150.),(9144.,150.),(9144.,0.),(0.,0.)));
#6553=IFCINDEXEDPOLYCURVE(#6552,$,.F.);
#6554=IFCDIRECTION((0.,0.,1.));
#6555=IFCARBITRARYCLOSEDPROFILEDEF(.AREA.,$,#6553);
#6556=IFCCARTESIANPOINT((0.,0.,0.));
#6557=IFCDIRECTION((0.,0.,1.));
#6558=IFCDIRECTION((1.,0.,0.));
#6559=IFCAXIS2PLACEMENT3D(#6556,#6557,#6558);
#6560=IFCEXTRUDEDAREASOLID(#6555,#6559,#6554,3200.4000000000001);
#6561=IFCSHAPEREPRESENTATION(#11,'Body','SweptSolid',(#6560));
#6562=IFCPRODUCTDEFINITIONSHAPE($,$,(#6561));
#6568=IFCCARTESIANPOINT((79857.600000000006,11887.199999999999,7467.5999999999995));
#6569=IFCDIRECTION((0.,0.,1.));
#6570=IFCDIRECTION((6.123233995736766E-17,1.,0.));
#6571=IFCAXIS2PLACEMENT3D(#6568,#6569,#6570);
#6572=IFCLOCALPLACEMENT($,#6571);
#6573=IFCWALL('1Mu8gHjq9CtOS9mWI548sY',$,'L3|TWOBR_A',$,$,#6594,#6584,$,$);
#6574=IFCCARTESIANPOINTLIST2D(((0.,0.),(0.,150.),(10972.800000000001,150.),(10972.800000000001,0.),(0.,0.)));
#6575=IFCINDEXEDPOLYCURVE(#6574,$,.F.);
#6576=IFCDIRECTION((0.,0.,1.));
#6577=IFCARBITRARYCLOSEDPROFILEDEF(.AREA.,$,#6575);
#6578=IFCCARTESIANPOINT((0.,0.,0.));
#6579=IFCDIRECTION((0.,0.,1.));
#6580=IFCDIRECTION((1.,0.,0.));
#6581=IFCAXIS2PLACEMENT3D(#6578,#6579,#6580);
#6582=IFCEXTRUDEDAREASOLID(#6577,#6581,#6576,3200.4000000000001);
#6583=IFCSHAPEREPRESENTATION(#11,'Body','SweptSolid',(#6582));
#6584=IFCPRODUCTDEFINITIONSHAPE($,$,(#6583));
#6590=IFCCARTESIANPOINT((29870.399999999998,19812.,7467.5999999999995));
#6591=IFCDIRECTION((0.,0.,1.));
#6592=IFCDIRECTION((1.,0.,0.));
#6593=IFCAXIS2PLACEMENT3D(#6590,#6591,#6592);
#6594=IFCLOCALPLACEMENT($,#6593);
#6595=IFCWALL('1jp3sNPxH6QPpiGdEc3Ofc',$,'L3|TWOBR_A',$,$,#6616,#6606,$,$);
#6596=IFCCARTESIANPOINTLIST2D(((0.,0.),(0.,150.),(10972.800000000001,150.),(10972.800000000001,0.),(0.,0.)));
#6597=IFCINDEXEDPOLYCURVE(#6596,$,.F.);
#6598=IFCDIRECTION((0.,0.,1.));
#6599=IFCARBITRARYCLOSEDPROFILEDEF(.AREA.,$,#6597);
#6600=IFCCARTESIANPOINT((0.,0.,0.));
#6601=IFCDIRECTION((0.,0.,1.));
#6602=IFCDIRECTION((1.,0.,0.));
#6603=IFCAXIS2PLACEMENT3D(#6600,#6601,#6602);
#6604=IFCEXTRUDEDAREASOLID(#6599,#6603,#6598,3200.4000000000001);
#6605=IFCSHAPEREPRESENTATION(#11,'Body','SweptSolid',(#6604));
#6606=IFCPRODUCTDEFINITIONSHAPE($,$,(#6605));
#6612=IFCCARTESIANPOINT((29870.399999999998,30175.200000000001,7467.5999999999995));
#6613=IFCDIRECTION((0.,0.,1.));
#6614=IFCDIRECTION((1.,0.,0.));
#6615=IFCAXIS2PLACEMENT3D(#6612,#6613,#6614);
#6616=IFCLOCALPLACEMENT($,#6615);
#6617=IFCWALL('2MjCb7TD198APR8hyE12Tc',$,'L3|TWOBR_A',$,$,#6638,#6628,$,$);
#6618=IFCCARTESIANPOINTLIST2D(((0.,0.),(0.,150.),(10363.200000000001,150.),(10363.200000000001,0.),(0.,0.)));
#6619=IFCINDEXEDPOLYCURVE(#6618,$,.F.);
#6620=IFCDIRECTION((0.,0.,1.));
#6621=IFCARBITRARYCLOSEDPROFILEDEF(.AREA.,$,#6619);
#6622=IFCCARTESIANPOINT((0.,0.,0.));
#6623=IFCDIRECTION((0.,0.,1.));
#6624=IFCDIRECTION((1.,0.,0.));
#6625=IFCAXIS2PLACEMENT3D(#6622,#6623,#6624);
#6626=IFCEXTRUDEDAREASOLID(#6621,#6625,#6620,3200.4000000000001);
#6627=IFCSHAPEREPRESENTATION(#11,'Body','SweptSolid',(#6626));
#6628=IFCPRODUCTDEFINITIONSHAPE($,$,(#6627));
#6634=IFCCARTESIANPOINT((29870.399999999998,19812.,7467.5999999999995));
#6635=IFCDIRECTION((0.,0.,1.));
#6636=IFCDIRECTION((6.123233995736766E-17,1.,0.));
#6637=IFCAXIS2PLACEMENT3D(#6634,#6635,#6636);
#6638=IFCLOCALPLACEMENT($,#6637);
#6639=IFCWALL('0Y0jzPhM1DqgnJMyK4LhL9',$,'L3|TWOBR_A',$,$,#6660,#6650,$,$);
#6640=IFCCARTESIANPOINTLIST2D(((0.,0.),(0.,150.),(10363.200000000001,150.),(10363.200000000001,0.),(0.,0.)));
#6641=IFCINDEXEDPOLYCURVE(#6640,$,.F.);
#6642=IFCDIRECTION((0.,0.,1.));
#6643=IFCARBITRARYCLOSEDPROFILEDEF(.AREA.,$,#6641);
#6644=IFCCARTESIANPOINT((0.,0.,0.));
#6645=IFCDIRECTION((0.,0.,1.));
#6646=IFCDIRECTION((1.,0.,0.));
#6647=IFCAXIS2PLACEMENT3D(#6644,#6645,#6646);
#6648=IFCEXTRUDEDAREASOLID(#6643,#6647,#6642,3200.4000000000001);
#6649=IFCSHAPEREPRESENTATION(#11,'Body','SweptSolid',(#6648));
#6650=IFCPRODUCTDEFINITIONSHAPE($,$,(#6649));
#6656=IFCCARTESIANPOINT((40843.200000000004,19812.,7467.5999999999995));
#6657=IFCDIRECTION((0.,0.,1.));
#6658=IFCDIRECTION((6.123233995736766E-17,1.,0.));
#6659=IFCAXIS2PLACEMENT3D(#6656,#6657,#6658);
#6660=IFCLOCALPLACEMENT($,#6659);
#6661=IFCWALL('2OSwzQgMzFi8heymXCI9Em',$,'L3|ONEBR_A',$,$,#6682,#6672,$,$);
#6662=IFCCARTESIANPOINTLIST2D(((0.,0.),(0.,150.),(10363.200000000001,150.),(10363.200000000001,0.),(0.,0.)));
#6663=IFCINDEXEDPOLYCURVE(#6662,$,.F.);
#6664=IFCDIRECTION((0.,0.,1.));
#6665=IFCARBITRARYCLOSEDPROFILEDEF(.AREA.,$,#6663);
#6666=IFCCARTESIANPOINT((0.,0.,0.));
#6667=IFCDIRECTION((0.,0.,1.));
#6668=IFCDIRECTION((1.,0.,0.));
#6669=IFCAXIS2PLACEMENT3D(#6666,#6667,#6668);
#6670=IFCEXTRUDEDAREASOLID(#6665,#6669,#6664,3200.4000000000001);
#6671=IFCSHAPEREPRESENTATION(#11,'Body','SweptSolid',(#6670));
#6672=IFCPRODUCTDEFINITIONSHAPE($,$,(#6671));
#6678=IFCCARTESIANPOINT((3657.6000000000004,21031.200000000001,7467.5999999999995));
#6679=IFCDIRECTION((0.,0.,1.));
#6680=IFCDIRECTION((1.,0.,0.));
#6681=IFCAXIS2PLACEMENT3D(#6678,#6679,#6680);
#6682=IFCLOCALPLACEMENT($,#6681);
#6683=IFCWALL('2VyxJ5G8fFm8kN_nZSiOH8',$,'L3|ONEBR_A',$,$,#6704,#6694,$,$);
#6684=IFCCARTESIANPOINTLIST2D(((0.,0.),(0.,150.),(10363.200000000001,150.),(10363.200000000001,0.),(0.,0.)));
#6685=IFCINDEXEDPOLYCURVE(#6684,$,.F.);
#6686=IFCDIRECTION((0.,0.,1.));
#6687=IFCARBITRARYCLOSEDPROFILEDEF(.AREA.,$,#6685);
#6688=IFCCARTESIANPOINT((0.,0.,0.));
#6689=IFCDIRECTION((0.,0.,1.));
#6690=IFCDIRECTION((1.,0.,0.));
#6691=IFCAXIS2PLACEMENT3D(#6688,#6689,#6690);
#6692=IFCEXTRUDEDAREASOLID(#6687,#6691,#6686,3200.4000000000001);
#6693=IFCSHAPEREPRESENTATION(#11,'Body','SweptSolid',(#6692));
#6694=IFCPRODUCTDEFINITIONSHAPE($,$,(#6693));
#6700=IFCCARTESIANPOINT((3657.6000000000004,30175.200000000001,7467.5999999999995));
#6701=IFCDIRECTION((0.,0.,1.));
#6702=IFCDIRECTION((1.,0.,0.));
#6703=IFCAXIS2PLACEMENT3D(#6700,#6701,#6702);
#6704=IFCLOCALPLACEMENT($,#6703);
#6705=IFCWALL('3EEJW7Txv3XhhyjATvQzrp',$,'L3|ONEBR_A',$,$,#6726,#6716,$,$);
#6706=IFCCARTESIANPOINTLIST2D(((0.,0.),(0.,150.),(9144.,150.),(9144.,0.),(0.,0.)));
#6707=IFCINDEXEDPOLYCURVE(#6706,$,.F.);
#6708=IFCDIRECTION((0.,0.,1.));
#6709=IFCARBITRARYCLOSEDPROFILEDEF(.AREA.,$,#6707);
#6710=IFCCARTESIANPOINT((0.,0.,0.));
#6711=IFCDIRECTION((0.,0.,1.));
#6712=IFCDIRECTION((1.,0.,0.));
#6713=IFCAXIS2PLACEMENT3D(#6710,#6711,#6712);
#6714=IFCEXTRUDEDAREASOLID(#6709,#6713,#6708,3200.4000000000001);
#6715=IFCSHAPEREPRESENTATION(#11,'Body','SweptSolid',(#6714));
#6716=IFCPRODUCTDEFINITIONSHAPE($,$,(#6715));
#6722=IFCCARTESIANPOINT((3657.6000000000004,21031.200000000001,7467.5999999999995));
#6723=IFCDIRECTION((0.,0.,1.));
#6724=IFCDIRECTION((6.123233995736766E-17,1.,0.));
#6725=IFCAXIS2PLACEMENT3D(#6722,#6723,#6724);
#6726=IFCLOCALPLACEMENT($,#6725);
#6727=IFCWALL('2DIeKTB0P0pRLBHwUQsyth',$,'L3|ONEBR_A',$,$,#6748,#6738,$,$);
#6728=IFCCARTESIANPOINTLIST2D(((0.,0.),(0.,150.),(9144.,150.),(9144.,0.),(0.,0.)));
#6729=IFCINDEXEDPOLYCURVE(#6728,$,.F.);
#6730=IFCDIRECTION((0.,0.,1.));
#6731=IFCARBITRARYCLOSEDPROFILEDEF(.AREA.,$,#6729);
#6732=IFCCARTESIANPOINT((0.,0.,0.));
#6733=IFCDIRECTION((0.,0.,1.));
#6734=IFCDIRECTION((1.,0.,0.));
#6735=IFCAXIS2PLACEMENT3D(#6732,#6733,#6734);
#6736=IFCEXTRUDEDAREASOLID(#6731,#6735,#6730,3200.4000000000001);
#6737=IFCSHAPEREPRESENTATION(#11,'Body','SweptSolid',(#6736));
#6738=IFCPRODUCTDEFINITIONSHAPE($,$,(#6737));
#6744=IFCCARTESIANPOINT((14020.800000000001,21031.200000000001,7467.5999999999995));
#6745=IFCDIRECTION((0.,0.,1.));
#6746=IFCDIRECTION((6.123233995736766E-17,1.,0.));
#6747=IFCAXIS2PLACEMENT3D(#6744,#6745,#6746);
#6748=IFCLOCALPLACEMENT($,#6747);
#6749=IFCWALL('3_tUxxMOH7aguzVL7kALW7',$,'L3|STUDIO_A',$,$,#6770,#6760,$,$);
#6750=IFCCARTESIANPOINTLIST2D(((0.,0.),(0.,150.),(9753.6000000000004,150.),(9753.6000000000004,0.),(0.,0.)));
#6751=IFCINDEXEDPOLYCURVE(#6750,$,.F.);
#6752=IFCDIRECTION((0.,0.,1.));
#6753=IFCARBITRARYCLOSEDPROFILEDEF(.AREA.,$,#6751);
#6754=IFCCARTESIANPOINT((0.,0.,0.));
#6755=IFCDIRECTION((0.,0.,1.));
#6756=IFCDIRECTION((1.,0.,0.));
#6757=IFCAXIS2PLACEMENT3D(#6754,#6755,#6756);
#6758=IFCEXTRUDEDAREASOLID(#6753,#6757,#6752,3200.4000000000001);
#6759=IFCSHAPEREPRESENTATION(#11,'Body','SweptSolid',(#6758));
#6760=IFCPRODUCTDEFINITIONSHAPE($,$,(#6759));
#6766=IFCCARTESIANPOINT((42672.,21031.200000000001,7467.5999999999995));
#6767=IFCDIRECTION((0.,0.,1.));
#6768=IFCDIRECTION((1.,0.,0.));
#6769=IFCAXIS2PLACEMENT3D(#6766,#6767,#6768);
#6770=IFCLOCALPLACEMENT($,#6769);
#6771=IFCWALL('2SKxnLOqz2FeDR1i5l0gl6',$,'L3|STUDIO_A',$,$,#6792,#6782,$,$);
#6772=IFCCARTESIANPOINTLIST2D(((0.,0.),(0.,150.),(9753.6000000000004,150.),(9753.6000000000004,0.),(0.,0.)));
#6773=IFCINDEXEDPOLYCURVE(#6772,$,.F.);
#6774=IFCDIRECTION((0.,0.,1.));
#6775=IFCARBITRARYCLOSEDPROFILEDEF(.AREA.,$,#6773);
#6776=IFCCARTESIANPOINT((0.,0.,0.));
#6777=IFCDIRECTION((0.,0.,1.));
#6778=IFCDIRECTION((1.,0.,0.));
#6779=IFCAXIS2PLACEMENT3D(#6776,#6777,#6778);
#6780=IFCEXTRUDEDAREASOLID(#6775,#6779,#6774,3200.4000000000001);
#6781=IFCSHAPEREPRESENTATION(#11,'Body','SweptSolid',(#6780));
#6782=IFCPRODUCTDEFINITIONSHAPE($,$,(#6781));
#6788=IFCCARTESIANPOINT((42672.,28956.000000000004,7467.5999999999995));
#6789=IFCDIRECTION((0.,0.,1.));
#6790=IFCDIRECTION((1.,0.,0.));
#6791=IFCAXIS2PLACEMENT3D(#6788,#6789,#6790);
#6792=IFCLOCALPLACEMENT($,#6791);
#6793=IFCWALL('2tNHAycHHCdxUr1NCZnYcy',$,'L3|STUDIO_A',$,$,#6814,#6804,$,$);
#6794=IFCCARTESIANPOINTLIST2D(((0.,0.),(0.,150.),(7924.8000000000002,150.),(7924.8000000000002,0.),(0.,0.)));
#6795=IFCINDEXEDPOLYCURVE(#6794,$,.F.);
#6796=IFCDIRECTION((0.,0.,1.));
#6797=IFCARBITRARYCLOSEDPROFILEDEF(.AREA.,$,#6795);
#6798=IFCCARTESIANPOINT((0.,0.,0.));
#6799=IFCDIRECTION((0.,0.,1.));
#6800=IFCDIRECTION((1.,0.,0.));
#6801=IFCAXIS2PLACEMENT3D(#6798,#6799,#6800);
#6802=IFCEXTRUDEDAREASOLID(#6797,#6801,#6796,3200.4000000000001);
#6803=IFCSHAPEREPRESENTATION(#11,'Body','SweptSolid',(#6802));
#6804=IFCPRODUCTDEFINITIONSHAPE($,$,(#6803));
#6810=IFCCARTESIANPOINT((42672.,21031.200000000001,7467.5999999999995));
#6811=IFCDIRECTION((0.,0.,1.));
#6812=IFCDIRECTION((6.123233995736766E-17,1.,0.));
#6813=IFCAXIS2PLACEMENT3D(#6810,#6811,#6812);
#6814=IFCLOCALPLACEMENT($,#6813);
#6815=IFCWALL('0LOC6y7kDAHfOe9YZoWhXl',$,'L3|STUDIO_A',$,$,#6836,#6826,$,$);
#6816=IFCCARTESIANPOINTLIST2D(((0.,0.),(0.,150.),(7924.8000000000002,150.),(7924.8000000000002,0.),(0.,0.)));
#6817=IFCINDEXEDPOLYCURVE(#6816,$,.F.);
#6818=IFCDIRECTION((0.,0.,1.));
#6819=IFCARBITRARYCLOSEDPROFILEDEF(.AREA.,$,#6817);
#6820=IFCCARTESIANPOINT((0.,0.,0.));
#6821=IFCDIRECTION((0.,0.,1.));
#6822=IFCDIRECTION((1.,0.,0.));
#6823=IFCAXIS2PLACEMENT3D(#6820,#6821,#6822);
#6824=IFCEXTRUDEDAREASOLID(#6819,#6823,#6818,3200.4000000000001);
#6825=IFCSHAPEREPRESENTATION(#11,'Body','SweptSolid',(#6824));
#6826=IFCPRODUCTDEFINITIONSHAPE($,$,(#6825));
#6832=IFCCARTESIANPOINT((52425.599999999999,21031.200000000001,7467.5999999999995));
#6833=IFCDIRECTION((0.,0.,1.));
#6834=IFCDIRECTION((6.123233995736766E-17,1.,0.));
#6835=IFCAXIS2PLACEMENT3D(#6832,#6833,#6834);
#6836=IFCLOCALPLACEMENT($,#6835);
#6837=IFCWALL('2VVyRFmYL3VBeTPkriJnMD',$,'L3|ONEBR_A',$,$,#6858,#6848,$,$);
#6838=IFCCARTESIANPOINTLIST2D(((0.,0.),(0.,150.),(10363.200000000001,150.),(10363.200000000001,0.),(0.,0.)));
#6839=IFCINDEXEDPOLYCURVE(#6838,$,.F.);
#6840=IFCDIRECTION((0.,0.,1.));
#6841=IFCARBITRARYCLOSEDPROFILEDEF(.AREA.,$,#6839);
#6842=IFCCARTESIANPOINT((0.,0.,0.));
#6843=IFCDIRECTION((0.,0.,1.));
#6844=IFCDIRECTION((1.,0.,0.));
#6845=IFCAXIS2PLACEMENT3D(#6842,#6843,#6844);
#6846=IFCEXTRUDEDAREASOLID(#6841,#6845,#6840,3200.4000000000001);
#6847=IFCSHAPEREPRESENTATION(#11,'Body','SweptSolid',(#6846));
#6848=IFCPRODUCTDEFINITIONSHAPE($,$,(#6847));
#6854=IFCCARTESIANPOINT((69494.399999999994,21031.200000000001,7467.5999999999995));
#6855=IFCDIRECTION((0.,0.,1.));
#6856=IFCDIRECTION((1.,0.,0.));
#6857=IFCAXIS2PLACEMENT3D(#6854,#6855,#6856);
#6858=IFCLOCALPLACEMENT($,#6857);
#6859=IFCWALL('2czn3G8VD0kfVLgLHKpfSf',$,'L3|ONEBR_A',$,$,#6880,#6870,$,$);
#6860=IFCCARTESIANPOINTLIST2D(((0.,0.),(0.,150.),(10363.200000000001,150.),(10363.200000000001,0.),(0.,0.)));
#6861=IFCINDEXEDPOLYCURVE(#6860,$,.F.);
#6862=IFCDIRECTION((0.,0.,1.));
#6863=IFCARBITRARYCLOSEDPROFILEDEF(.AREA.,$,#6861);
#6864=IFCCARTESIANPOINT((0.,0.,0.));
#6865=IFCDIRECTION((0.,0.,1.));
#6866=IFCDIRECTION((1.,0.,0.));
#6867=IFCAXIS2PLACEMENT3D(#6864,#6865,#6866);
#6868=IFCEXTRUDEDAREASOLID(#6863,#6867,#6862,3200.4000000000001);
#6869=IFCSHAPEREPRESENTATION(#11,'Body','SweptSolid',(#6868));
#6870=IFCPRODUCTDEFINITIONSHAPE($,$,(#6869));
#6876=IFCCARTESIANPOINT((69494.399999999994,30175.200000000001,7467.5999999999995));
#6877=IFCDIRECTION((0.,0.,1.));
#6878=IFCDIRECTION((1.,0.,0.));
#6879=IFCAXIS2PLACEMENT3D(#6876,#6877,#6878);
#6880=IFCLOCALPLACEMENT($,#6879);
#6881=IFCWALL('0CKzr4w6z9dBMI3IBUhMQq',$,'L3|ONEBR_A',$,$,#6902,#6892,$,$);
#6882=IFCCARTESIANPOINTLIST2D(((0.,0.),(0.,150.),(9144.,150.),(9144.,0.),(0.,0.)));
#6883=IFCINDEXEDPOLYCURVE(#6882,$,.F.);
#6884=IFCDIRECTION((0.,0.,1.));
#6885=IFCARBITRARYCLOSEDPROFILEDEF(.AREA.,$,#6883);
#6886=IFCCARTESIANPOINT((0.,0.,0.));
#6887=IFCDIRECTION((0.,0.,1.));
#6888=IFCDIRECTION((1.,0.,0.));
#6889=IFCAXIS2PLACEMENT3D(#6886,#6887,#6888);
#6890=IFCEXTRUDEDAREASOLID(#6885,#6889,#6884,3200.4000000000001);
#6891=IFCSHAPEREPRESENTATION(#11,'Body','SweptSolid',(#6890));
#6892=IFCPRODUCTDEFINITIONSHAPE($,$,(#6891));
#6898=IFCCARTESIANPOINT((69494.399999999994,21031.200000000001,7467.5999999999995));
#6899=IFCDIRECTION((0.,0.,1.));
#6900=IFCDIRECTION((6.123233995736766E-17,1.,0.));
#6901=IFCAXIS2PLACEMENT3D(#6898,#6899,#6900);
#6902=IFCLOCALPLACEMENT($,#6901);
#6903=IFCWALL('3yyIHT6Pz3w8WlZkAwYHd9',$,'L3|ONEBR_A',$,$,#6924,#6914,$,$);
#6904=IFCCARTESIANPOINTLIST2D(((0.,0.),(0.,150.),(9144.,150.),(9144.,0.),(0.,0.)));
#6905=IFCINDEXEDPOLYCURVE(#6904,$,.F.);
#6906=IFCDIRECTION((0.,0.,1.));
#6907=IFCARBITRARYCLOSEDPROFILEDEF(.AREA.,$,#6905);
#6908=IFCCARTESIANPOINT((0.,0.,0.));
#6909=IFCDIRECTION((0.,0.,1.));
#6910=IFCDIRECTION((1.,0.,0.));
#6911=IFCAXIS2PLACEMENT3D(#6908,#6909,#6910);
#6912=IFCEXTRUDEDAREASOLID(#6907,#6911,#6906,3200.4000000000001);
#6913=IFCSHAPEREPRESENTATION(#11,'Body','SweptSolid',(#6912));
#6914=IFCPRODUCTDEFINITIONSHAPE($,$,(#6913));
#6920=IFCCARTESIANPOINT((79857.600000000006,21031.200000000001,7467.5999999999995));
#6921=IFCDIRECTION((0.,0.,1.));
#6922=IFCDIRECTION((6.123233995736766E-17,1.,0.));
#6923=IFCAXIS2PLACEMENT3D(#6920,#6921,#6922);
#6924=IFCLOCALPLACEMENT($,#6923);
#6925=IFCWALL('1iaqMhSZb3zQDDpeINspxS',$,'L3|TWOBR_A',$,$,#6946,#6936,$,$);
#6926=IFCCARTESIANPOINTLIST2D(((0.,0.),(0.,150.),(10972.800000000001,150.),(10972.800000000001,0.),(0.,0.)));
#6927=IFCINDEXEDPOLYCURVE(#6926,$,.F.);
#6928=IFCDIRECTION((0.,0.,1.));
#6929=IFCARBITRARYCLOSEDPROFILEDEF(.AREA.,$,#6927);
#6930=IFCCARTESIANPOINT((0.,0.,0.));
#6931=IFCDIRECTION((0.,0.,1.));
#6932=IFCDIRECTION((1.,0.,0.));
#6933=IFCAXIS2PLACEMENT3D(#6930,#6931,#6932);
#6934=IFCEXTRUDEDAREASOLID(#6929,#6933,#6928,3200.4000000000001);
#6935=IFCSHAPEREPRESENTATION(#11,'Body','SweptSolid',(#6934));
#6936=IFCPRODUCTDEFINITIONSHAPE($,$,(#6935));
#6942=IFCCARTESIANPOINT((15849.6,22250.400000000001,7467.5999999999995));
#6943=IFCDIRECTION((0.,0.,1.));
#6944=IFCDIRECTION((1.,0.,0.));
#6945=IFCAXIS2PLACEMENT3D(#6942,#6943,#6944);
#6946=IFCLOCALPLACEMENT($,#6945);
#6947=IFCWALL('1cFMlK4ZL4Fh4YXsh8cBVc',$,'L3|TWOBR_A',$,$,#6968,#6958,$,$);
#6948=IFCCARTESIANPOINTLIST2D(((0.,0.),(0.,150.),(10972.800000000001,150.),(10972.800000000001,0.),(0.,0.)));
#6949=IFCINDEXEDPOLYCURVE(#6948,$,.F.);
#6950=IFCDIRECTION((0.,0.,1.));
#6951=IFCARBITRARYCLOSEDPROFILEDEF(.AREA.,$,#6949);
#6952=IFCCARTESIANPOINT((0.,0.,0.));
#6953=IFCDIRECTION((0.,0.,1.));
#6954=IFCDIRECTION((1.,0.,0.));
#6955=IFCAXIS2PLACEMENT3D(#6952,#6953,#6954);
#6956=IFCEXTRUDEDAREASOLID(#6951,#6955,#6950,3200.4000000000001);
#6957=IFCSHAPEREPRESENTATION(#11,'Body','SweptSolid',(#6956));
#6958=IFCPRODUCTDEFINITIONSHAPE($,$,(#6957));
#6964=IFCCARTESIANPOINT((15849.6,32613.599999999999,7467.5999999999995));
#6965=IFCDIRECTION((0.,0.,1.));
#6966=IFCDIRECTION((1.,0.,0.));
#6967=IFCAXIS2PLACEMENT3D(#6964,#6965,#6966);
#6968=IFCLOCALPLACEMENT($,#6967);
#6969=IFCWALL('3lmuJCX0zC5wGyyMZIiC8Q',$,'L3|TWOBR_A',$,$,#6990,#6980,$,$);
#6970=IFCCARTESIANPOINTLIST2D(((0.,0.),(0.,150.),(10363.200000000001,150.),(10363.200000000001,0.),(0.,0.)));
#6971=IFCINDEXEDPOLYCURVE(#6970,$,.F.);
#6972=IFCDIRECTION((0.,0.,1.));
#6973=IFCARBITRARYCLOSEDPROFILEDEF(.AREA.,$,#6971);
#6974=IFCCARTESIANPOINT((0.,0.,0.));
#6975=IFCDIRECTION((0.,0.,1.));
#6976=IFCDIRECTION((1.,0.,0.));
#6977=IFCAXIS2PLACEMENT3D(#6974,#6975,#6976);
#6978=IFCEXTRUDEDAREASOLID(#6973,#6977,#6972,3200.4000000000001);
#6979=IFCSHAPEREPRESENTATION(#11,'Body','SweptSolid',(#6978));
#6980=IFCPRODUCTDEFINITIONSHAPE($,$,(#6979));
#6986=IFCCARTESIANPOINT((15849.6,22250.400000000001,7467.5999999999995));
#6987=IFCDIRECTION((0.,0.,1.));
#6988=IFCDIRECTION((6.123233995736766E-17,1.,0.));
#6989=IFCAXIS2PLACEMENT3D(#6986,#6987,#6988);
#6990=IFCLOCALPLACEMENT($,#6989);
#6991=IFCWALL('0MYGJrKEPFNRAaq5J1w$up',$,'L3|TWOBR_A',$,$,#7012,#7002,$,$);
#6992=IFCCARTESIANPOINTLIST2D(((0.,0.),(0.,150.),(10363.200000000001,150.),(10363.200000000001,0.),(0.,0.)));
#6993=IFCINDEXEDPOLYCURVE(#6992,$,.F.);
#6994=IFCDIRECTION((0.,0.,1.));
#6995=IFCARBITRARYCLOSEDPROFILEDEF(.AREA.,$,#6993);
#6996=IFCCARTESIANPOINT((0.,0.,0.));
#6997=IFCDIRECTION((0.,0.,1.));
#6998=IFCDIRECTION((1.,0.,0.));
#6999=IFCAXIS2PLACEMENT3D(#6996,#6997,#6998);
#7000=IFCEXTRUDEDAREASOLID(#6995,#6999,#6994,3200.4000000000001);
#7001=IFCSHAPEREPRESENTATION(#11,'Body','SweptSolid',(#7000));
#7002=IFCPRODUCTDEFINITIONSHAPE($,$,(#7001));
#7008=IFCCARTESIANPOINT((26822.400000000001,22250.400000000001,7467.5999999999995));
#7009=IFCDIRECTION((0.,0.,1.));
#7010=IFCDIRECTION((6.123233995736766E-17,1.,0.));
#7011=IFCAXIS2PLACEMENT3D(#7008,#7009,#7010);
#7012=IFCLOCALPLACEMENT($,#7011);
#7013=IFCWALL('1LVfHVwrP6o9f1n2vCP2uV',$,'L3|STUDIO_A',$,$,#7034,#7024,$,$);
#7014=IFCCARTESIANPOINTLIST2D(((0.,0.),(0.,150.),(9753.6000000000004,150.),(9753.6000000000004,0.),(0.,0.)));
#7015=IFCINDEXEDPOLYCURVE(#7014,$,.F.);
#7016=IFCDIRECTION((0.,0.,1.));
#7017=IFCARBITRARYCLOSEDPROFILEDEF(.AREA.,$,#7015);
#7018=IFCCARTESIANPOINT((0.,0.,0.));
#7019=IFCDIRECTION((0.,0.,1.));
#7020=IFCDIRECTION((1.,0.,0.));
#7021=IFCAXIS2PLACEMENT3D(#7018,#7019,#7020);
#7022=IFCEXTRUDEDAREASOLID(#7017,#7021,#7016,3200.4000000000001);
#7023=IFCSHAPEREPRESENTATION(#11,'Body','SweptSolid',(#7022));
#7024=IFCPRODUCTDEFINITIONSHAPE($,$,(#7023));
#7030=IFCCARTESIANPOINT((57912.000000000007,22250.400000000001,7467.5999999999995));
#7031=IFCDIRECTION((0.,0.,1.));
#7032=IFCDIRECTION((1.,0.,0.));
#7033=IFCAXIS2PLACEMENT3D(#7030,#7031,#7032);
#7034=IFCLOCALPLACEMENT($,#7033);
#7035=IFCWALL('3PE1mcflH9bhbyEq1dvlFj',$,'L3|STUDIO_A',$,$,#7056,#7046,$,$);
#7036=IFCCARTESIANPOINTLIST2D(((0.,0.),(0.,150.),(9753.6000000000004,150.),(9753.6000000000004,0.),(0.,0.)));
#7037=IFCINDEXEDPOLYCURVE(#7036,$,.F.);
#7038=IFCDIRECTION((0.,0.,1.));
#7039=IFCARBITRARYCLOSEDPROFILEDEF(.AREA.,$,#7037);
#7040=IFCCARTESIANPOINT((0.,0.,0.));
#7041=IFCDIRECTION((0.,0.,1.));
#7042=IFCDIRECTION((1.,0.,0.));
#7043=IFCAXIS2PLACEMENT3D(#7040,#7041,#7042);
#7044=IFCEXTRUDEDAREASOLID(#7039,#7043,#7038,3200.4000000000001);
#7045=IFCSHAPEREPRESENTATION(#11,'Body','SweptSolid',(#7044));
#7046=IFCPRODUCTDEFINITIONSHAPE($,$,(#7045));
#7052=IFCCARTESIANPOINT((57912.000000000007,30175.200000000001,7467.5999999999995));
#7053=IFCDIRECTION((0.,0.,1.));
#7054=IFCDIRECTION((1.,0.,0.));
#7055=IFCAXIS2PLACEMENT3D(#7052,#7053,#7054);
#7056=IFCLOCALPLACEMENT($,#7055);
#7057=IFCWALL('0ar47IZWbFihMVtUfj3sm_',$,'L3|STUDIO_A',$,$,#7078,#7068,$,$);
#7058=IFCCARTESIANPOINTLIST2D(((0.,0.),(0.,150.),(7924.8000000000002,150.),(7924.8000000000002,0.),(0.,0.)));
#7059=IFCINDEXEDPOLYCURVE(#7058,$,.F.);
#7060=IFCDIRECTION((0.,0.,1.));
#7061=IFCARBITRARYCLOSEDPROFILEDEF(.AREA.,$,#7059);
#7062=IFCCARTESIANPOINT((0.,0.,0.));
#7063=IFCDIRECTION((0.,0.,1.));
#7064=IFCDIRECTION((1.,0.,0.));
#7065=IFCAXIS2PLACEMENT3D(#7062,#7063,#7064);
#7066=IFCEXTRUDEDAREASOLID(#7061,#7065,#7060,3200.4000000000001);
#7067=IFCSHAPEREPRESENTATION(#11,'Body','SweptSolid',(#7066));
#7068=IFCPRODUCTDEFINITIONSHAPE($,$,(#7067));
#7074=IFCCARTESIANPOINT((57912.000000000007,22250.400000000001,7467.5999999999995));
#7075=IFCDIRECTION((0.,0.,1.));
#7076=IFCDIRECTION((6.123233995736766E-17,1.,0.));
#7077=IFCAXIS2PLACEMENT3D(#7074,#7075,#7076);
#7078=IFCLOCALPLACEMENT($,#7077);
#7079=IFCWALL('0hsRTYdpv098z4Uxq7wztV',$,'L3|STUDIO_A',$,$,#7100,#7090,$,$);
#7080=IFCCARTESIANPOINTLIST2D(((0.,0.),(0.,150.),(7924.8000000000002,150.),(7924.8000000000002,0.),(0.,0.)));
#7081=IFCINDEXEDPOLYCURVE(#7080,$,.F.);
#7082=IFCDIRECTION((0.,0.,1.));
#7083=IFCARBITRARYCLOSEDPROFILEDEF(.AREA.,$,#7081);
#7084=IFCCARTESIANPOINT((0.,0.,0.));
#7085=IFCDIRECTION((0.,0.,1.));
#7086=IFCDIRECTION((1.,0.,0.));
#7087=IFCAXIS2PLACEMENT3D(#7084,#7085,#7086);
#7088=IFCEXTRUDEDAREASOLID(#7083,#7087,#7082,3200.4000000000001);
#7089=IFCSHAPEREPRESENTATION(#11,'Body','SweptSolid',(#7088));
#7090=IFCPRODUCTDEFINITIONSHAPE($,$,(#7089));
#7096=IFCCARTESIANPOINT((67665.599999999991,22250.400000000001,7467.5999999999995));
#7097=IFCDIRECTION((0.,0.,1.));
#7098=IFCDIRECTION((6.123233995736766E-17,1.,0.));
#7099=IFCAXIS2PLACEMENT3D(#7096,#7097,#7098);
#7100=IFCLOCALPLACEMENT($,#7099);
#7101=IFCWALL('1LzzEIQvz83f4xB4rfhWY_',$,'L3|ONEBR_A',$,$,#7122,#7112,$,$);
#7102=IFCCARTESIANPOINTLIST2D(((0.,0.),(0.,150.),(10363.200000000001,150.),(10363.200000000001,0.),(0.,0.)));
#7103=IFCINDEXEDPOLYCURVE(#7102,$,.F.);
#7104=IFCDIRECTION((0.,0.,1.));
#7105=IFCARBITRARYCLOSEDPROFILEDEF(.AREA.,$,#7103);
#7106=IFCCARTESIANPOINT((0.,0.,0.));
#7107=IFCDIRECTION((0.,0.,1.));
#7108=IFCDIRECTION((1.,0.,0.));
#7109=IFCAXIS2PLACEMENT3D(#7106,#7107,#7108);
#7110=IFCEXTRUDEDAREASOLID(#7105,#7109,#7104,3200.4000000000001);
#7111=IFCSHAPEREPRESENTATION(#11,'Body','SweptSolid',(#7110));
#7112=IFCPRODUCTDEFINITIONSHAPE($,$,(#7111));
#7118=IFCCARTESIANPOINT((42672.,28956.000000000004,7467.5999999999995));
#7119=IFCDIRECTION((0.,0.,1.));
#7120=IFCDIRECTION((1.,0.,0.));
#7121=IFCAXIS2PLACEMENT3D(#7118,#7119,#7120);
#7122=IFCLOCALPLACEMENT($,#7121);
#7123=IFCWALL('3PhCV64wPECh4jqKg7dfCH',$,'L3|ONEBR_A',$,$,#7144,#7134,$,$);
#7124=IFCCARTESIANPOINTLIST2D(((0.,0.),(0.,150.),(10363.200000000001,150.),(10363.200000000001,0.),(0.,0.)));
#7125=IFCINDEXEDPOLYCURVE(#7124,$,.F.);
#7126=IFCDIRECTION((0.,0.,1.));
#7127=IFCARBITRARYCLOSEDPROFILEDEF(.AREA.,$,#7125);
#7128=IFCCARTESIANPOINT((0.,0.,0.));
#7129=IFCDIRECTION((0.,0.,1.));
#7130=IFCDIRECTION((1.,0.,0.));
#7131=IFCAXIS2PLACEMENT3D(#7128,#7129,#7130);
#7132=IFCEXTRUDEDAREASOLID(#7127,#7131,#7126,3200.4000000000001);
#7133=IFCSHAPEREPRESENTATION(#11,'Body','SweptSolid',(#7132));
#7134=IFCPRODUCTDEFINITIONSHAPE($,$,(#7133));
#7140=IFCCARTESIANPOINT((42672.,38100.,7467.5999999999995));
#7141=IFCDIRECTION((0.,0.,1.));
#7142=IFCDIRECTION((1.,0.,0.));
#7143=IFCAXIS2PLACEMENT3D(#7140,#7141,#7142);
#7144=IFCLOCALPLACEMENT($,#7143);
#7145=IFCWALL('26yz8YaOP86Qdjr3mA3ZWk',$,'L3|ONEBR_A',$,$,#7166,#7156,$,$);
#7146=IFCCARTESIANPOINTLIST2D(((0.,0.),(0.,150.),(9144.,150.),(9144.,0.),(0.,0.)));
#7147=IFCINDEXEDPOLYCURVE(#7146,$,.F.);
#7148=IFCDIRECTION((0.,0.,1.));
#7149=IFCARBITRARYCLOSEDPROFILEDEF(.AREA.,$,#7147);
#7150=IFCCARTESIANPOINT((0.,0.,0.));
#7151=IFCDIRECTION((0.,0.,1.));
#7152=IFCDIRECTION((1.,0.,0.));
#7153=IFCAXIS2PLACEMENT3D(#7150,#7151,#7152);
#7154=IFCEXTRUDEDAREASOLID(#7149,#7153,#7148,3200.4000000000001);
#7155=IFCSHAPEREPRESENTATION(#11,'Body','SweptSolid',(#7154));
#7156=IFCPRODUCTDEFINITIONSHAPE($,$,(#7155));
#7162=IFCCARTESIANPOINT((42672.,28956.000000000004,7467.5999999999995));
#7163=IFCDIRECTION((0.,0.,1.));
#7164=IFCDIRECTION((6.123233995736766E-17,1.,0.));
#7165=IFCAXIS2PLACEMENT3D(#7162,#7163,#7164);
#7166=IFCLOCALPLACEMENT($,#7165);
#7167=IFCWALL('0k1Cd0aOv6Xv7jkIrLOMOX',$,'L3|ONEBR_A',$,$,#7188,#7178,$,$);
#7168=IFCCARTESIANPOINTLIST2D(((0.,0.),(0.,150.),(9144.,150.),(9144.,0.),(0.,0.)));
#7169=IFCINDEXEDPOLYCURVE(#7168,$,.F.);
#7170=IFCDIRECTION((0.,0.,1.));
#7171=IFCARBITRARYCLOSEDPROFILEDEF(.AREA.,$,#7169);
#7172=IFCCARTESIANPOINT((0.,0.,0.));
#7173=IFCDIRECTION((0.,0.,1.));
#7174=IFCDIRECTION((1.,0.,0.));
#7175=IFCAXIS2PLACEMENT3D(#7172,#7173,#7174);
#7176=IFCEXTRUDEDAREASOLID(#7171,#7175,#7170,3200.4000000000001);
#7177=IFCSHAPEREPRESENTATION(#11,'Body','SweptSolid',(#7176));
#7178=IFCPRODUCTDEFINITIONSHAPE($,$,(#7177));
#7184=IFCCARTESIANPOINT((53035.200000000004,28956.000000000004,7467.5999999999995));
#7185=IFCDIRECTION((0.,0.,1.));
#7186=IFCDIRECTION((6.123233995736766E-17,1.,0.));
#7187=IFCAXIS2PLACEMENT3D(#7184,#7185,#7186);
#7188=IFCLOCALPLACEMENT($,#7187);
#7189=IFCWALL('0kWO_By3T98QpHIwK3bUA_',$,'L3|TWOBR_A',$,$,#7210,#7200,$,$);
#7190=IFCCARTESIANPOINTLIST2D(((0.,0.),(0.,150.),(10972.800000000001,150.),(10972.800000000001,0.),(0.,0.)));
#7191=IFCINDEXEDPOLYCURVE(#7190,$,.F.);
#7192=IFCDIRECTION((0.,0.,1.));
#7193=IFCARBITRARYCLOSEDPROFILEDEF(.AREA.,$,#7191);
#7194=IFCCARTESIANPOINT((0.,0.,0.));
#7195=IFCDIRECTION((0.,0.,1.));
#7196=IFCDIRECTION((1.,0.,0.));
#7197=IFCAXIS2PLACEMENT3D(#7194,#7195,#7196);
#7198=IFCEXTRUDEDAREASOLID(#7193,#7197,#7192,3200.4000000000001);
#7199=IFCSHAPEREPRESENTATION(#11,'Body','SweptSolid',(#7198));
#7200=IFCPRODUCTDEFINITIONSHAPE($,$,(#7199));
#7206=IFCCARTESIANPOINT((3048.,30175.200000000001,7467.5999999999995));
#7207=IFCDIRECTION((0.,0.,1.));
#7208=IFCDIRECTION((1.,0.,0.));
#7209=IFCAXIS2PLACEMENT3D(#7206,#7207,#7208);
#7210=IFCLOCALPLACEMENT($,#7209);
#7211=IFCWALL('3US3RpuIH2UPp9wTqgy7fF',$,'L3|TWOBR_A',$,$,#7232,#7222,$,$);
#7212=IFCCARTESIANPOINTLIST2D(((0.,0.),(0.,150.),(10972.800000000001,150.),(10972.800000000001,0.),(0.,0.)));
#7213=IFCINDEXEDPOLYCURVE(#7212,$,.F.);
#7214=IFCDIRECTION((0.,0.,1.));
#7215=IFCARBITRARYCLOSEDPROFILEDEF(.AREA.,$,#7213);
#7216=IFCCARTESIANPOINT((0.,0.,0.));
#7217=IFCDIRECTION((0.,0.,1.));
#7218=IFCDIRECTION((1.,0.,0.));
#7219=IFCAXIS2PLACEMENT3D(#7216,#7217,#7218);
#7220=IFCEXTRUDEDAREASOLID(#7215,#7219,#7214,3200.4000000000001);
#7221=IFCSHAPEREPRESENTATION(#11,'Body','SweptSolid',(#7220));
#7222=IFCPRODUCTDEFINITIONSHAPE($,$,(#7221));
#7228=IFCCARTESIANPOINT((3048.,40538.400000000001,7467.5999999999995));
#7229=IFCDIRECTION((0.,0.,1.));
#7230=IFCDIRECTION((1.,0.,0.));
#7231=IFCAXIS2PLACEMENT3D(#7228,#7229,#7230);
#7232=IFCLOCALPLACEMENT($,#7231);
#7233=IFCWALL('0x_qAUp5T6jOmBvMuyaTb6',$,'L3|TWOBR_A',$,$,#7254,#7244,$,$);
#7234=IFCCARTESIANPOINTLIST2D(((0.,0.),(0.,150.),(10363.200000000001,150.),(10363.200000000001,0.),(0.,0.)));
#7235=IFCINDEXEDPOLYCURVE(#7234,$,.F.);
#7236=IFCDIRECTION((0.,0.,1.));
#7237=IFCARBITRARYCLOSEDPROFILEDEF(.AREA.,$,#7235);
#7238=IFCCARTESIANPOINT((0.,0.,0.));
#7239=IFCDIRECTION((0.,0.,1.));
#7240=IFCDIRECTION((1.,0.,0.));
#7241=IFCAXIS2PLACEMENT3D(#7238,#7239,#7240);
#7242=IFCEXTRUDEDAREASOLID(#7237,#7241,#7236,3200.4000000000001);
#7243=IFCSHAPEREPRESENTATION(#11,'Body','SweptSolid',(#7242));
#7244=IFCPRODUCTDEFINITIONSHAPE($,$,(#7243));
#7250=IFCCARTESIANPOINT((3048.,30175.200000000001,7467.5999999999995));
#7251=IFCDIRECTION((0.,0.,1.));
#7252=IFCDIRECTION((6.123233995736766E-17,1.,0.));
#7253=IFCAXIS2PLACEMENT3D(#7250,#7251,#7252);
#7254=IFCLOCALPLACEMENT($,#7253);
#7255=IFCWALL('2UCXE85wjBtfVd9t50BnWG',$,'L3|TWOBR_A',$,$,#7276,#7266,$,$);
#7256=IFCCARTESIANPOINTLIST2D(((0.,0.),(0.,150.),(10363.200000000001,150.),(10363.200000000001,0.),(0.,0.)));
#7257=IFCINDEXEDPOLYCURVE(#7256,$,.F.);
#7258=IFCDIRECTION((0.,0.,1.));
#7259=IFCARBITRARYCLOSEDPROFILEDEF(.AREA.,$,#7257);
#7260=IFCCARTESIANPOINT((0.,0.,0.));
#7261=IFCDIRECTION((0.,0.,1.));
#7262=IFCDIRECTION((1.,0.,0.));
#7263=IFCAXIS2PLACEMENT3D(#7260,#7261,#7262);
#7264=IFCEXTRUDEDAREASOLID(#7259,#7263,#7258,3200.4000000000001);
#7265=IFCSHAPEREPRESENTATION(#11,'Body','SweptSolid',(#7264));
#7266=IFCPRODUCTDEFINITIONSHAPE($,$,(#7265));
#7272=IFCCARTESIANPOINT((14020.800000000001,30175.200000000001,7467.5999999999995));
#7273=IFCDIRECTION((0.,0.,1.));
#7274=IFCDIRECTION((6.123233995736766E-17,1.,0.));
#7275=IFCAXIS2PLACEMENT3D(#7272,#7273,#7274);
#7276=IFCLOCALPLACEMENT($,#7275);
#7277=IFCWALL('2zR3xXU6D5V81lbEfyoaTH',$,'L3|ONEBR_A',$,$,#7298,#7288,$,$);
#7278=IFCCARTESIANPOINTLIST2D(((0.,0.),(0.,150.),(10363.200000000001,150.),(10363.200000000001,0.),(0.,0.)));
#7279=IFCINDEXEDPOLYCURVE(#7278,$,.F.);
#7280=IFCDIRECTION((0.,0.,1.));
#7281=IFCARBITRARYCLOSEDPROFILEDEF(.AREA.,$,#7279);
#7282=IFCCARTESIANPOINT((0.,0.,0.));
#7283=IFCDIRECTION((0.,0.,1.));
#7284=IFCDIRECTION((1.,0.,0.));
#7285=IFCAXIS2PLACEMENT3D(#7282,#7283,#7284);
#7286=IFCEXTRUDEDAREASOLID(#7281,#7285,#7280,3200.4000000000001);
#7287=IFCSHAPEREPRESENTATION(#11,'Body','SweptSolid',(#7286));
#7288=IFCPRODUCTDEFINITIONSHAPE($,$,(#7287));
#7294=IFCCARTESIANPOINT((30480.,30175.200000000001,7467.5999999999995));
#7295=IFCDIRECTION((0.,0.,1.));
#7296=IFCDIRECTION((1.,0.,0.));
#7297=IFCAXIS2PLACEMENT3D(#7294,#7295,#7296);
#7298=IFCLOCALPLACEMENT($,#7297);
#7299=IFCWALL('2jy31GqnfDAQrJGe6a$XzN',$,'L3|ONEBR_A',$,$,#7320,#7310,$,$);
#7300=IFCCARTESIANPOINTLIST2D(((0.,0.),(0.,150.),(10363.200000000001,150.),(10363.200000000001,0.),(0.,0.)));
#7301=IFCINDEXEDPOLYCURVE(#7300,$,.F.);
#7302=IFCDIRECTION((0.,0.,1.));
#7303=IFCARBITRARYCLOSEDPROFILEDEF(.AREA.,$,#7301);
#7304=IFCCARTESIANPOINT((0.,0.,0.));
#7305=IFCDIRECTION((0.,0.,1.));
#7306=IFCDIRECTION((1.,0.,0.));
#7307=IFCAXIS2PLACEMENT3D(#7304,#7305,#7306);
#7308=IFCEXTRUDEDAREASOLID(#7303,#7307,#7302,3200.4000000000001);
#7309=IFCSHAPEREPRESENTATION(#11,'Body','SweptSolid',(#7308));
#7310=IFCPRODUCTDEFINITIONSHAPE($,$,(#7309));
#7316=IFCCARTESIANPOINT((30480.,39319.200000000004,7467.5999999999995));
#7317=IFCDIRECTION((0.,0.,1.));
#7318=IFCDIRECTION((1.,0.,0.));
#7319=IFCAXIS2PLACEMENT3D(#7316,#7317,#7318);
#7320=IFCLOCALPLACEMENT($,#7319);
#7321=IFCWALL('0o2PJZFJn7Lu_RdX9P9eJV',$,'L3|ONEBR_A',$,$,#7342,#7332,$,$);
#7322=IFCCARTESIANPOINTLIST2D(((0.,0.),(0.,150.),(9144.,150.),(9144.,0.),(0.,0.)));
#7323=IFCINDEXEDPOLYCURVE(#7322,$,.F.);
#7324=IFCDIRECTION((0.,0.,1.));
#7325=IFCARBITRARYCLOSEDPROFILEDEF(.AREA.,$,#7323);
#7326=IFCCARTESIANPOINT((0.,0.,0.));
#7327=IFCDIRECTION((0.,0.,1.));
#7328=IFCDIRECTION((1.,0.,0.));
#7329=IFCAXIS2PLACEMENT3D(#7326,#7327,#7328);
#7330=IFCEXTRUDEDAREASOLID(#7325,#7329,#7324,3200.4000000000001);
#7331=IFCSHAPEREPRESENTATION(#11,'Body','SweptSolid',(#7330));
#7332=IFCPRODUCTDEFINITIONSHAPE($,$,(#7331));
#7338=IFCCARTESIANPOINT((30480.,30175.200000000001,7467.5999999999995));
#7339=IFCDIRECTION((0.,0.,1.));
#7340=IFCDIRECTION((6.123233995736766E-17,1.,0.));
#7341=IFCAXIS2PLACEMENT3D(#7338,#7339,#7340);
#7342=IFCLOCALPLACEMENT($,#7341);
#7343=IFCWALL('3_ktenJHbBqA6YdMA7yMO7',$,'L3|ONEBR_A',$,$,#7364,#7354,$,$);
#7344=IFCCARTESIANPOINTLIST2D(((0.,0.),(0.,150.),(9144.,150.),(9144.,0.),(0.,0.)));
#7345=IFCINDEXEDPOLYCURVE(#7344,$,.F.);
#7346=IFCDIRECTION((0.,0.,1.));
#7347=IFCARBITRARYCLOSEDPROFILEDEF(.AREA.,$,#7345);
#7348=IFCCARTESIANPOINT((0.,0.,0.));
#7349=IFCDIRECTION((0.,0.,1.));
#7350=IFCDIRECTION((1.,0.,0.));
#7351=IFCAXIS2PLACEMENT3D(#7348,#7349,#7350);
#7352=IFCEXTRUDEDAREASOLID(#7347,#7351,#7346,3200.4000000000001);
#7353=IFCSHAPEREPRESENTATION(#11,'Body','SweptSolid',(#7352));
#7354=IFCPRODUCTDEFINITIONSHAPE($,$,(#7353));
#7360=IFCCARTESIANPOINT((40843.200000000004,30175.200000000001,7467.5999999999995));
#7361=IFCDIRECTION((0.,0.,1.));
#7362=IFCDIRECTION((6.123233995736766E-17,1.,0.));
#7363=IFCAXIS2PLACEMENT3D(#7360,#7361,#7362);
#7364=IFCLOCALPLACEMENT($,#7363);
#7365=IFCWALL('0dcWTFj61EUQYQyEl1sHir',$,'L3|TWOBR_A',$,$,#7386,#7376,$,$);
#7366=IFCCARTESIANPOINTLIST2D(((0.,0.),(0.,150.),(10972.800000000001,150.),(10972.800000000001,0.),(0.,0.)));
#7367=IFCINDEXEDPOLYCURVE(#7366,$,.F.);
#7368=IFCDIRECTION((0.,0.,1.));
#7369=IFCARBITRARYCLOSEDPROFILEDEF(.AREA.,$,#7367);
#7370=IFCCARTESIANPOINT((0.,0.,0.));
#7371=IFCDIRECTION((0.,0.,1.));
#7372=IFCDIRECTION((1.,0.,0.));
#7373=IFCAXIS2PLACEMENT3D(#7370,#7371,#7372);
#7374=IFCEXTRUDEDAREASOLID(#7369,#7373,#7368,3200.4000000000001);
#7375=IFCSHAPEREPRESENTATION(#11,'Body','SweptSolid',(#7374));
#7376=IFCPRODUCTDEFINITIONSHAPE($,$,(#7375));
#7382=IFCCARTESIANPOINT((56692.800000000003,30175.200000000001,7467.5999999999995));
#7383=IFCDIRECTION((0.,0.,1.));
#7384=IFCDIRECTION((1.,0.,0.));
#7385=IFCAXIS2PLACEMENT3D(#7382,#7383,#7384);
#7386=IFCLOCALPLACEMENT($,#7385);
#7387=IFCWALL('1DXbuqDAD7Wh_EmQtnBHCh',$,'L3|TWOBR_A',$,$,#7408,#7398,$,$);
#7388=IFCCARTESIANPOINTLIST2D(((0.,0.),(0.,150.),(10972.800000000001,150.),(10972.800000000001,0.),(0.,0.)));
#7389=IFCINDEXEDPOLYCURVE(#7388,$,.F.);
#7390=IFCDIRECTION((0.,0.,1.));
#7391=IFCARBITRARYCLOSEDPROFILEDEF(.AREA.,$,#7389);
#7392=IFCCARTESIANPOINT((0.,0.,0.));
#7393=IFCDIRECTION((0.,0.,1.));
#7394=IFCDIRECTION((1.,0.,0.));
#7395=IFCAXIS2PLACEMENT3D(#7392,#7393,#7394);
#7396=IFCEXTRUDEDAREASOLID(#7391,#7395,#7390,3200.4000000000001);
#7397=IFCSHAPEREPRESENTATION(#11,'Body','SweptSolid',(#7396));
#7398=IFCPRODUCTDEFINITIONSHAPE($,$,(#7397));
#7404=IFCCARTESIANPOINT((56692.800000000003,40538.400000000001,7467.5999999999995));
#7405=IFCDIRECTION((0.,0.,1.));
#7406=IFCDIRECTION((1.,0.,0.));
#7407=IFCAXIS2PLACEMENT3D(#7404,#7405,#7406);
#7408=IFCLOCALPLACEMENT($,#7407);
#7409=IFCWALL('2JlNlYPkPDbeH1q$2sOhNZ',$,'L3|TWOBR_A',$,$,#7430,#7420,$,$);
#7410=IFCCARTESIANPOINTLIST2D(((0.,0.),(0.,150.),(10363.200000000001,150.),(10363.200000000001,0.),(0.,0.)));
#7411=IFCINDEXEDPOLYCURVE(#7410,$,.F.);
#7412=IFCDIRECTION((0.,0.,1.));
#7413=IFCARBITRARYCLOSEDPROFILEDEF(.AREA.,$,#7411);
#7414=IFCCARTESIANPOINT((0.,0.,0.));
#7415=IFCDIRECTION((0.,0.,1.));
#7416=IFCDIRECTION((1.,0.,0.));
#7417=IFCAXIS2PLACEMENT3D(#7414,#7415,#7416);
#7418=IFCEXTRUDEDAREASOLID(#7413,#7417,#7412,3200.4000000000001);
#7419=IFCSHAPEREPRESENTATION(#11,'Body','SweptSolid',(#7418));
#7420=IFCPRODUCTDEFINITIONSHAPE($,$,(#7419));
#7426=IFCCARTESIANPOINT((56692.800000000003,30175.200000000001,7467.5999999999995));
#7427=IFCDIRECTION((0.,0.,1.));
#7428=IFCDIRECTION((6.123233995736766E-17,1.,0.));
#7429=IFCAXIS2PLACEMENT3D(#7426,#7427,#7428);
#7430=IFCLOCALPLACEMENT($,#7429);
#7431=IFCWALL('007ZDxQGbFBhgquLeHD0Ex',$,'L3|TWOBR_A',$,$,#7452,#7442,$,$);
#7432=IFCCARTESIANPOINTLIST2D(((0.,0.),(0.,150.),(10363.200000000001,150.),(10363.200000000001,0.),(0.,0.)));
#7433=IFCINDEXEDPOLYCURVE(#7432,$,.F.);
#7434=IFCDIRECTION((0.,0.,1.));
#7435=IFCARBITRARYCLOSEDPROFILEDEF(.AREA.,$,#7433);
#7436=IFCCARTESIANPOINT((0.,0.,0.));
#7437=IFCDIRECTION((0.,0.,1.));
#7438=IFCDIRECTION((1.,0.,0.));
#7439=IFCAXIS2PLACEMENT3D(#7436,#7437,#7438);
#7440=IFCEXTRUDEDAREASOLID(#7435,#7439,#7434,3200.4000000000001);
#7441=IFCSHAPEREPRESENTATION(#11,'Body','SweptSolid',(#7440));
#7442=IFCPRODUCTDEFINITIONSHAPE($,$,(#7441));
#7448=IFCCARTESIANPOINT((67665.599999999991,30175.200000000001,7467.5999999999995));
#7449=IFCDIRECTION((0.,0.,1.));
#7450=IFCDIRECTION((6.123233995736766E-17,1.,0.));
#7451=IFCAXIS2PLACEMENT3D(#7448,#7449,#7450);
#7452=IFCLOCALPLACEMENT($,#7451);
#7453=IFCWALL('17noHGZLj72f7JO2SvGcu8',$,'L3|ONEBR_A',$,$,#7474,#7464,$,$);
#7454=IFCCARTESIANPOINTLIST2D(((0.,0.),(0.,150.),(10363.200000000001,150.),(10363.200000000001,0.),(0.,0.)));
#7455=IFCINDEXEDPOLYCURVE(#7454,$,.F.);
#7456=IFCDIRECTION((0.,0.,1.));
#7457=IFCARBITRARYCLOSEDPROFILEDEF(.AREA.,$,#7455);
#7458=IFCCARTESIANPOINT((0.,0.,0.));
#7459=IFCDIRECTION((0.,0.,1.));
#7460=IFCDIRECTION((1.,0.,0.));
#7461=IFCAXIS2PLACEMENT3D(#7458,#7459,#7460);
#7462=IFCEXTRUDEDAREASOLID(#7457,#7461,#7456,3200.4000000000001);
#7463=IFCSHAPEREPRESENTATION(#11,'Body','SweptSolid',(#7462));
#7464=IFCPRODUCTDEFINITIONSHAPE($,$,(#7463));
#7470=IFCCARTESIANPOINT((69494.399999999994,30175.200000000001,7467.5999999999995));
#7471=IFCDIRECTION((0.,0.,1.));
#7472=IFCDIRECTION((1.,0.,0.));
#7473=IFCAXIS2PLACEMENT3D(#7470,#7471,#7472);
#7474=IFCLOCALPLACEMENT($,#7473);
#7475=IFCWALL('1zqdxc8rv0s8c5ZEwzzXKi',$,'L3|ONEBR_A',$,$,#7496,#7486,$,$);
#7476=IFCCARTESIANPOINTLIST2D(((0.,0.),(0.,150.),(10363.200000000001,150.),(10363.200000000001,0.),(0.,0.)));
#7477=IFCINDEXEDPOLYCURVE(#7476,$,.F.);
#7478=IFCDIRECTION((0.,0.,1.));
#7479=IFCARBITRARYCLOSEDPROFILEDEF(.AREA.,$,#7477);
#7480=IFCCARTESIANPOINT((0.,0.,0.));
#7481=IFCDIRECTION((0.,0.,1.));
#7482=IFCDIRECTION((1.,0.,0.));
#7483=IFCAXIS2PLACEMENT3D(#7480,#7481,#7482);
#7484=IFCEXTRUDEDAREASOLID(#7479,#7483,#7478,3200.4000000000001);
#7485=IFCSHAPEREPRESENTATION(#11,'Body','SweptSolid',(#7484));
#7486=IFCPRODUCTDEFINITIONSHAPE($,$,(#7485));
#7492=IFCCARTESIANPOINT((69494.399999999994,39319.200000000004,7467.5999999999995));
#7493=IFCDIRECTION((0.,0.,1.));
#7494=IFCDIRECTION((1.,0.,0.));
#7495=IFCAXIS2PLACEMENT3D(#7492,#7493,#7494);
#7496=IFCLOCALPLACEMENT($,#7495);
#7497=IFCWALL('11HJRCWvb3su1xkKSB4E7P',$,'L3|ONEBR_A',$,$,#7518,#7508,$,$);
#7498=IFCCARTESIANPOINTLIST2D(((0.,0.),(0.,150.),(9144.,150.),(9144.,0.),(0.,0.)));
#7499=IFCINDEXEDPOLYCURVE(#7498,$,.F.);
#7500=IFCDIRECTION((0.,0.,1.));
#7501=IFCARBITRARYCLOSEDPROFILEDEF(.AREA.,$,#7499);
#7502=IFCCARTESIANPOINT((0.,0.,0.));
#7503=IFCDIRECTION((0.,0.,1.));
#7504=IFCDIRECTION((1.,0.,0.));
#7505=IFCAXIS2PLACEMENT3D(#7502,#7503,#7504);
#7506=IFCEXTRUDEDAREASOLID(#7501,#7505,#7500,3200.4000000000001);
#7507=IFCSHAPEREPRESENTATION(#11,'Body','SweptSolid',(#7506));
#7508=IFCPRODUCTDEFINITIONSHAPE($,$,(#7507));
#7514=IFCCARTESIANPOINT((69494.399999999994,30175.200000000001,7467.5999999999995));
#7515=IFCDIRECTION((0.,0.,1.));
#7516=IFCDIRECTION((6.123233995736766E-17,1.,0.));
#7517=IFCAXIS2PLACEMENT3D(#7514,#7515,#7516);
#7518=IFCLOCALPLACEMENT($,#7517);
#7519=IFCWALL('2uPWgZFfzEBeIIrYg$18qq',$,'L3|ONEBR_A',$,$,#7540,#7530,$,$);
#7520=IFCCARTESIANPOINTLIST2D(((0.,0.),(0.,150.),(9144.,150.),(9144.,0.),(0.,0.)));
#7521=IFCINDEXEDPOLYCURVE(#7520,$,.F.);
#7522=IFCDIRECTION((0.,0.,1.));
#7523=IFCARBITRARYCLOSEDPROFILEDEF(.AREA.,$,#7521);
#7524=IFCCARTESIANPOINT((0.,0.,0.));
#7525=IFCDIRECTION((0.,0.,1.));
#7526=IFCDIRECTION((1.,0.,0.));
#7527=IFCAXIS2PLACEMENT3D(#7524,#7525,#7526);
#7528=IFCEXTRUDEDAREASOLID(#7523,#7527,#7522,3200.4000000000001);
#7529=IFCSHAPEREPRESENTATION(#11,'Body','SweptSolid',(#7528));
#7530=IFCPRODUCTDEFINITIONSHAPE($,$,(#7529));
#7536=IFCCARTESIANPOINT((79857.600000000006,30175.200000000001,7467.5999999999995));
#7537=IFCDIRECTION((0.,0.,1.));
#7538=IFCDIRECTION((6.123233995736766E-17,1.,0.));
#7539=IFCAXIS2PLACEMENT3D(#7536,#7537,#7538);
#7540=IFCLOCALPLACEMENT($,#7539);
#7541=IFCWALL('1PvJBs$u94_vTEeETst5ug',$,'L3|STUDIO_A',$,$,#7562,#7552,$,$);
#7542=IFCCARTESIANPOINTLIST2D(((0.,0.),(0.,150.),(9753.6000000000004,150.),(9753.6000000000004,0.),(0.,0.)));
#7543=IFCINDEXEDPOLYCURVE(#7542,$,.F.);
#7544=IFCDIRECTION((0.,0.,1.));
#7545=IFCARBITRARYCLOSEDPROFILEDEF(.AREA.,$,#7543);
#7546=IFCCARTESIANPOINT((0.,0.,0.));
#7547=IFCDIRECTION((0.,0.,1.));
#7548=IFCDIRECTION((1.,0.,0.));
#7549=IFCAXIS2PLACEMENT3D(#7546,#7547,#7548);
#7550=IFCEXTRUDEDAREASOLID(#7545,#7549,#7544,3200.4000000000001);
#7551=IFCSHAPEREPRESENTATION(#11,'Body','SweptSolid',(#7550));
#7552=IFCPRODUCTDEFINITIONSHAPE($,$,(#7551));
#7558=IFCCARTESIANPOINT((15849.6,32613.599999999999,7467.5999999999995));
#7559=IFCDIRECTION((0.,0.,1.));
#7560=IFCDIRECTION((1.,0.,0.));
#7561=IFCAXIS2PLACEMENT3D(#7558,#7559,#7560);
#7562=IFCLOCALPLACEMENT($,#7561);
#7563=IFCWALL('3H85pCwAf9uA4PGE3MGHYc',$,'L3|STUDIO_A',$,$,#7584,#7574,$,$);
#7564=IFCCARTESIANPOINTLIST2D(((0.,0.),(0.,150.),(9753.6000000000004,150.),(9753.6000000000004,0.),(0.,0.)));
#7565=IFCINDEXEDPOLYCURVE(#7564,$,.F.);
#7566=IFCDIRECTION((0.,0.,1.));
#7567=IFCARBITRARYCLOSEDPROFILEDEF(.AREA.,$,#7565);
#7568=IFCCARTESIANPOINT((0.,0.,0.));
#7569=IFCDIRECTION((0.,0.,1.));
#7570=IFCDIRECTION((1.,0.,0.));
#7571=IFCAXIS2PLACEMENT3D(#7568,#7569,#7570);
#7572=IFCEXTRUDEDAREASOLID(#7567,#7571,#7566,3200.4000000000001);
#7573=IFCSHAPEREPRESENTATION(#11,'Body','SweptSolid',(#7572));
#7574=IFCPRODUCTDEFINITIONSHAPE($,$,(#7573));
#7580=IFCCARTESIANPOINT((15849.6,40538.400000000001,7467.5999999999995));
#7581=IFCDIRECTION((0.,0.,1.));
#7582=IFCDIRECTION((1.,0.,0.));
#7583=IFCAXIS2PLACEMENT3D(#7580,#7581,#7582);
#7584=IFCLOCALPLACEMENT($,#7583);
#7585=IFCWALL('28_FnjZ0LEaQ8LI20la_Fc',$,'L3|STUDIO_A',$,$,#7606,#7596,$,$);
#7586=IFCCARTESIANPOINTLIST2D(((0.,0.),(0.,150.),(7924.8000000000002,150.),(7924.8000000000002,0.),(0.,0.)));
#7587=IFCINDEXEDPOLYCURVE(#7586,$,.F.);
#7588=IFCDIRECTION((0.,0.,1.));
#7589=IFCARBITRARYCLOSEDPROFILEDEF(.AREA.,$,#7587);
#7590=IFCCARTESIANPOINT((0.,0.,0.));
#7591=IFCDIRECTION((0.,0.,1.));
#7592=IFCDIRECTION((1.,0.,0.));
#7593=IFCAXIS2PLACEMENT3D(#7590,#7591,#7592);
#7594=IFCEXTRUDEDAREASOLID(#7589,#7593,#7588,3200.4000000000001);
#7595=IFCSHAPEREPRESENTATION(#11,'Body','SweptSolid',(#7594));
#7596=IFCPRODUCTDEFINITIONSHAPE($,$,(#7595));
#7602=IFCCARTESIANPOINT((15849.6,32613.599999999999,7467.5999999999995));
#7603=IFCDIRECTION((0.,0.,1.));
#7604=IFCDIRECTION((6.123233995736766E-17,1.,0.));
#7605=IFCAXIS2PLACEMENT3D(#7602,#7603,#7604);
#7606=IFCLOCALPLACEMENT($,#7605);
#7607=IFCWALL('0Q4xFYvBX5of50hb7OzEtE',$,'L3|STUDIO_A',$,$,#7628,#7618,$,$);
#7608=IFCCARTESIANPOINTLIST2D(((0.,0.),(0.,150.),(7924.8000000000002,150.),(7924.8000000000002,0.),(0.,0.)));
#7609=IFCINDEXEDPOLYCURVE(#7608,$,.F.);
#7610=IFCDIRECTION((0.,0.,1.));
#7611=IFCARBITRARYCLOSEDPROFILEDEF(.AREA.,$,#7609);
#7612=IFCCARTESIANPOINT((0.,0.,0.));
#7613=IFCDIRECTION((0.,0.,1.));
#7614=IFCDIRECTION((1.,0.,0.));
#7615=IFCAXIS2PLACEMENT3D(#7612,#7613,#7614);
#7616=IFCEXTRUDEDAREASOLID(#7611,#7615,#7610,3200.4000000000001);
#7617=IFCSHAPEREPRESENTATION(#11,'Body','SweptSolid',(#7616));
#7618=IFCPRODUCTDEFINITIONSHAPE($,$,(#7617));
#7624=IFCCARTESIANPOINT((25603.200000000001,32613.599999999999,7467.5999999999995));
#7625=IFCDIRECTION((0.,0.,1.));
#7626=IFCDIRECTION((6.123233995736766E-17,1.,0.));
#7627=IFCAXIS2PLACEMENT3D(#7624,#7625,#7626);
#7628=IFCLOCALPLACEMENT($,#7627);
#7629=IFCWALL('3hetU6NabFxQyvHgMF0KYu',$,'L3|TWOBR_A',$,$,#7650,#7640,$,$);
#7630=IFCCARTESIANPOINTLIST2D(((0.,0.),(0.,150.),(10972.800000000001,150.),(10972.800000000001,0.),(0.,0.)));
#7631=IFCINDEXEDPOLYCURVE(#7630,$,.F.);
#7632=IFCDIRECTION((0.,0.,1.));
#7633=IFCARBITRARYCLOSEDPROFILEDEF(.AREA.,$,#7631);
#7634=IFCCARTESIANPOINT((0.,0.,0.));
#7635=IFCDIRECTION((0.,0.,1.));
#7636=IFCDIRECTION((1.,0.,0.));
#7637=IFCAXIS2PLACEMENT3D(#7634,#7635,#7636);
#7638=IFCEXTRUDEDAREASOLID(#7633,#7637,#7632,3200.4000000000001);
#7639=IFCSHAPEREPRESENTATION(#11,'Body','SweptSolid',(#7638));
#7640=IFCPRODUCTDEFINITIONSHAPE($,$,(#7639));
#7646=IFCCARTESIANPOINT((42672.,38100.,7467.5999999999995));
#7647=IFCDIRECTION((0.,0.,1.));
#7648=IFCDIRECTION((1.,0.,0.));
#7649=IFCAXIS2PLACEMENT3D(#7646,#7647,#7648);
#7650=IFCLOCALPLACEMENT($,#7649);
#7651=IFCWALL('16r9O$Y3X6MwWxssEXHbxC',$,'L3|TWOBR_A',$,$,#7672,#7662,$,$);
#7652=IFCCARTESIANPOINTLIST2D(((0.,0.),(0.,150.),(10972.800000000001,150.),(10972.800000000001,0.),(0.,0.)));
#7653=IFCINDEXEDPOLYCURVE(#7652,$,.F.);
#7654=IFCDIRECTION((0.,0.,1.));
#7655=IFCARBITRARYCLOSEDPROFILEDEF(.AREA.,$,#7653);
#7656=IFCCARTESIANPOINT((0.,0.,0.));
#7657=IFCDIRECTION((0.,0.,1.));
#7658=IFCDIRECTION((1.,0.,0.));
#7659=IFCAXIS2PLACEMENT3D(#7656,#7657,#7658);
#7660=IFCEXTRUDEDAREASOLID(#7655,#7659,#7654,3200.4000000000001);
#7661=IFCSHAPEREPRESENTATION(#11,'Body','SweptSolid',(#7660));
#7662=IFCPRODUCTDEFINITIONSHAPE($,$,(#7661));
#7668=IFCCARTESIANPOINT((42672.,48463.199999999997,7467.5999999999995));
#7669=IFCDIRECTION((0.,0.,1.));
#7670=IFCDIRECTION((1.,0.,0.));
#7671=IFCAXIS2PLACEMENT3D(#7668,#7669,#7670);
#7672=IFCLOCALPLACEMENT($,#7671);
#7673=IFCWALL('1s4s9x10T9FxBEm2xUn$DX',$,'L3|TWOBR_A',$,$,#7694,#7684,$,$);
#7674=IFCCARTESIANPOINTLIST2D(((0.,0.),(0.,150.),(10363.200000000001,150.),(10363.200000000001,0.),(0.,0.)));
#7675=IFCINDEXEDPOLYCURVE(#7674,$,.F.);
#7676=IFCDIRECTION((0.,0.,1.));
#7677=IFCARBITRARYCLOSEDPROFILEDEF(.AREA.,$,#7675);
#7678=IFCCARTESIANPOINT((0.,0.,0.));
#7679=IFCDIRECTION((0.,0.,1.));
#7680=IFCDIRECTION((1.,0.,0.));
#7681=IFCAXIS2PLACEMENT3D(#7678,#7679,#7680);
#7682=IFCEXTRUDEDAREASOLID(#7677,#7681,#7676,3200.4000000000001);
#7683=IFCSHAPEREPRESENTATION(#11,'Body','SweptSolid',(#7682));
#7684=IFCPRODUCTDEFINITIONSHAPE($,$,(#7683));
#7690=IFCCARTESIANPOINT((42672.,38100.,7467.5999999999995));
#7691=IFCDIRECTION((0.,0.,1.));
#7692=IFCDIRECTION((6.123233995736766E-17,1.,0.));
#7693=IFCAXIS2PLACEMENT3D(#7690,#7691,#7692);
#7694=IFCLOCALPLACEMENT($,#7693);
#7695=IFCWALL('3GkZd2ZlbFUw9KNwG5GEjx',$,'L3|TWOBR_A',$,$,#7716,#7706,$,$);
#7696=IFCCARTESIANPOINTLIST2D(((0.,0.),(0.,150.),(10363.200000000001,150.),(10363.200000000001,0.),(0.,0.)));
#7697=IFCINDEXEDPOLYCURVE(#7696,$,.F.);
#7698=IFCDIRECTION((0.,0.,1.));
#7699=IFCARBITRARYCLOSEDPROFILEDEF(.AREA.,$,#7697);
#7700=IFCCARTESIANPOINT((0.,0.,0.));
#7701=IFCDIRECTION((0.,0.,1.));
#7702=IFCDIRECTION((1.,0.,0.));
#7703=IFCAXIS2PLACEMENT3D(#7700,#7701,#7702);
#7704=IFCEXTRUDEDAREASOLID(#7699,#7703,#7698,3200.4000000000001);
#7705=IFCSHAPEREPRESENTATION(#11,'Body','SweptSolid',(#7704));
#7706=IFCPRODUCTDEFINITIONSHAPE($,$,(#7705));
#7712=IFCCARTESIANPOINT((53644.800000000003,38100.,7467.5999999999995));
#7713=IFCDIRECTION((0.,0.,1.));
#7714=IFCDIRECTION((6.123233995736766E-17,1.,0.));
#7715=IFCAXIS2PLACEMENT3D(#7712,#7713,#7714);
#7716=IFCLOCALPLACEMENT($,#7715);
#7717=IFCWALL('1YlAGECHH00vJZi$bs580t',$,'L3|ONEBR_A',$,$,#7738,#7728,$,$);
#7718=IFCCARTESIANPOINTLIST2D(((0.,0.),(0.,150.),(10363.200000000001,150.),(10363.200000000001,0.),(0.,0.)));
#7719=IFCINDEXEDPOLYCURVE(#7718,$,.F.);
#7720=IFCDIRECTION((0.,0.,1.));
#7721=IFCARBITRARYCLOSEDPROFILEDEF(.AREA.,$,#7719);
#7722=IFCCARTESIANPOINT((0.,0.,0.));
#7723=IFCDIRECTION((0.,0.,1.));
#7724=IFCDIRECTION((1.,0.,0.));
#7725=IFCAXIS2PLACEMENT3D(#7722,#7723,#7724);
#7726=IFCEXTRUDEDAREASOLID(#7721,#7725,#7720,3200.4000000000001);
#7727=IFCSHAPEREPRESENTATION(#11,'Body','SweptSolid',(#7726));
#7728=IFCPRODUCTDEFINITIONSHAPE($,$,(#7727));
#7734=IFCCARTESIANPOINT((30480.,39319.200000000004,7467.5999999999995));
#7735=IFCDIRECTION((0.,0.,1.));
#7736=IFCDIRECTION((1.,0.,0.));
#7737=IFCAXIS2PLACEMENT3D(#7734,#7735,#7736);
#7738=IFCLOCALPLACEMENT($,#7737);
#7739=IFCWALL('3CK_4Awlf3r9EJcWJ6tnrj',$,'L3|ONEBR_A',$,$,#7760,#7750,$,$);
#7740=IFCCARTESIANPOINTLIST2D(((0.,0.),(0.,150.),(10363.200000000001,150.),(10363.200000000001,0.),(0.,0.)));
#7741=IFCINDEXEDPOLYCURVE(#7740,$,.F.);
#7742=IFCDIRECTION((0.,0.,1.));
#7743=IFCARBITRARYCLOSEDPROFILEDEF(.AREA.,$,#7741);
#7744=IFCCARTESIANPOINT((0.,0.,0.));
#7745=IFCDIRECTION((0.,0.,1.));
#7746=IFCDIRECTION((1.,0.,0.));
#7747=IFCAXIS2PLACEMENT3D(#7744,#7745,#7746);
#7748=IFCEXTRUDEDAREASOLID(#7743,#7747,#7742,3200.4000000000001);
#7749=IFCSHAPEREPRESENTATION(#11,'Body','SweptSolid',(#7748));
#7750=IFCPRODUCTDEFINITIONSHAPE($,$,(#7749));
#7756=IFCCARTESIANPOINT((30480.,48463.199999999997,7467.5999999999995));
#7757=IFCDIRECTION((0.,0.,1.));
#7758=IFCDIRECTION((1.,0.,0.));
#7759=IFCAXIS2PLACEMENT3D(#7756,#7757,#7758);
#7760=IFCLOCALPLACEMENT($,#7759);
#7761=IFCWALL('2P7u8VmWjD7uj4zy3Lt9Td',$,'L3|ONEBR_A',$,$,#7782,#7772,$,$);
#7762=IFCCARTESIANPOINTLIST2D(((0.,0.),(0.,150.),(9144.,150.),(9144.,0.),(0.,0.)));
#7763=IFCINDEXEDPOLYCURVE(#7762,$,.F.);
#7764=IFCDIRECTION((0.,0.,1.));
#7765=IFCARBITRARYCLOSEDPROFILEDEF(.AREA.,$,#7763);
#7766=IFCCARTESIANPOINT((0.,0.,0.));
#7767=IFCDIRECTION((0.,0.,1.));
#7768=IFCDIRECTION((1.,0.,0.));
#7769=IFCAXIS2PLACEMENT3D(#7766,#7767,#7768);
#7770=IFCEXTRUDEDAREASOLID(#7765,#7769,#7764,3200.4000000000001);
#7771=IFCSHAPEREPRESENTATION(#11,'Body','SweptSolid',(#7770));
#7772=IFCPRODUCTDEFINITIONSHAPE($,$,(#7771));
#7778=IFCCARTESIANPOINT((30480.,39319.200000000004,7467.5999999999995));
#7779=IFCDIRECTION((0.,0.,1.));
#7780=IFCDIRECTION((6.123233995736766E-17,1.,0.));
#7781=IFCAXIS2PLACEMENT3D(#7778,#7779,#7780);
#7782=IFCLOCALPLACEMENT($,#7781);
#7783=IFCWALL('0HzVV1W6H84AApm1ek1Nnw',$,'L3|ONEBR_A',$,$,#7804,#7794,$,$);
#7784=IFCCARTESIANPOINTLIST2D(((0.,0.),(0.,150.),(9144.,150.),(9144.,0.),(0.,0.)));
#7785=IFCINDEXEDPOLYCURVE(#7784,$,.F.);
#7786=IFCDIRECTION((0.,0.,1.));
#7787=IFCARBITRARYCLOSEDPROFILEDEF(.AREA.,$,#7785);
#7788=IFCCARTESIANPOINT((0.,0.,0.));
#7789=IFCDIRECTION((0.,0.,1.));
#7790=IFCDIRECTION((1.,0.,0.));
#7791=IFCAXIS2PLACEMENT3D(#7788,#7789,#7790);
#7792=IFCEXTRUDEDAREASOLID(#7787,#7791,#7786,3200.4000000000001);
#7793=IFCSHAPEREPRESENTATION(#11,'Body','SweptSolid',(#7792));
#7794=IFCPRODUCTDEFINITIONSHAPE($,$,(#7793));
#7800=IFCCARTESIANPOINT((40843.200000000004,39319.200000000004,7467.5999999999995));
#7801=IFCDIRECTION((0.,0.,1.));
#7802=IFCDIRECTION((6.123233995736766E-17,1.,0.));
#7803=IFCAXIS2PLACEMENT3D(#7800,#7801,#7802);
#7804=IFCLOCALPLACEMENT($,#7803);
#7805=IFCWALL('0knWKers19QBlWZH2QYkFT',$,'L3|ONEBR_A',$,$,#7826,#7816,$,$);
#7806=IFCCARTESIANPOINTLIST2D(((0.,0.),(0.,150.),(10363.200000000001,150.),(10363.200000000001,0.),(0.,0.)));
#7807=IFCINDEXEDPOLYCURVE(#7806,$,.F.);
#7808=IFCDIRECTION((0.,0.,1.));
#7809=IFCARBITRARYCLOSEDPROFILEDEF(.AREA.,$,#7807);
#7810=IFCCARTESIANPOINT((0.,0.,0.));
#7811=IFCDIRECTION((0.,0.,1.));
#7812=IFCDIRECTION((1.,0.,0.));
#7813=IFCAXIS2PLACEMENT3D(#7810,#7811,#7812);
#7814=IFCEXTRUDEDAREASOLID(#7809,#7813,#7808,3200.4000000000001);
#7815=IFCSHAPEREPRESENTATION(#11,'Body','SweptSolid',(#7814));
#7816=IFCPRODUCTDEFINITIONSHAPE($,$,(#7815));
#7822=IFCCARTESIANPOINT((69494.399999999994,39319.200000000004,7467.5999999999995));
#7823=IFCDIRECTION((0.,0.,1.));
#7824=IFCDIRECTION((1.,0.,0.));
#7825=IFCAXIS2PLACEMENT3D(#7822,#7823,#7824);
#7826=IFCLOCALPLACEMENT($,#7825);
#7827=IFCWALL('3zMs2oP_X2dev2Uw_qMsXs',$,'L3|ONEBR_A',$,$,#7848,#7838,$,$);
#7828=IFCCARTESIANPOINTLIST2D(((0.,0.),(0.,150.),(10363.200000000001,150.),(10363.200000000001,0.),(0.,0.)));
#7829=IFCINDEXEDPOLYCURVE(#7828,$,.F.);
#7830=IFCDIRECTION((0.,0.,1.));
#7831=IFCARBITRARYCLOSEDPROFILEDEF(.AREA.,$,#7829);
#7832=IFCCARTESIANPOINT((0.,0.,0.));
#7833=IFCDIRECTION((0.,0.,1.));
#7834=IFCDIRECTION((1.,0.,0.));
#7835=IFCAXIS2PLACEMENT3D(#7832,#7833,#7834);
#7836=IFCEXTRUDEDAREASOLID(#7831,#7835,#7830,3200.4000000000001);
#7837=IFCSHAPEREPRESENTATION(#11,'Body','SweptSolid',(#7836));
#7838=IFCPRODUCTDEFINITIONSHAPE($,$,(#7837));
#7844=IFCCARTESIANPOINT((69494.399999999994,48463.199999999997,7467.5999999999995));
#7845=IFCDIRECTION((0.,0.,1.));
#7846=IFCDIRECTION((1.,0.,0.));
#7847=IFCAXIS2PLACEMENT3D(#7844,#7845,#7846);
#7848=IFCLOCALPLACEMENT($,#7847);
#7849=IFCWALL('2OEIOLiCr1Xex0S$pfQODH',$,'L3|ONEBR_A',$,$,#7870,#7860,$,$);
#7850=IFCCARTESIANPOINTLIST2D(((0.,0.),(0.,150.),(9144.,150.),(9144.,0.),(0.,0.)));
#7851=IFCINDEXEDPOLYCURVE(#7850,$,.F.);
#7852=IFCDIRECTION((0.,0.,1.));
#7853=IFCARBITRARYCLOSEDPROFILEDEF(.AREA.,$,#7851);
#7854=IFCCARTESIANPOINT((0.,0.,0.));
#7855=IFCDIRECTION((0.,0.,1.));
#7856=IFCDIRECTION((1.,0.,0.));
#7857=IFCAXIS2PLACEMENT3D(#7854,#7855,#7856);
#7858=IFCEXTRUDEDAREASOLID(#7853,#7857,#7852,3200.4000000000001);
#7859=IFCSHAPEREPRESENTATION(#11,'Body','SweptSolid',(#7858));
#7860=IFCPRODUCTDEFINITIONSHAPE($,$,(#7859));
#7866=IFCCARTESIANPOINT((69494.399999999994,39319.200000000004,7467.5999999999995));
#7867=IFCDIRECTION((0.,0.,1.));
#7868=IFCDIRECTION((6.123233995736766E-17,1.,0.));
#7869=IFCAXIS2PLACEMENT3D(#7866,#7867,#7868);
#7870=IFCLOCALPLACEMENT($,#7869);
#7871=IFCWALL('1n4ocx4gL3dOM1irjU4I2s',$,'L3|ONEBR_A',$,$,#7892,#7882,$,$);
#7872=IFCCARTESIANPOINTLIST2D(((0.,0.),(0.,150.),(9144.,150.),(9144.,0.),(0.,0.)));
#7873=IFCINDEXEDPOLYCURVE(#7872,$,.F.);
#7874=IFCDIRECTION((0.,0.,1.));
#7875=IFCARBITRARYCLOSEDPROFILEDEF(.AREA.,$,#7873);
#7876=IFCCARTESIANPOINT((0.,0.,0.));
#7877=IFCDIRECTION((0.,0.,1.));
#7878=IFCDIRECTION((1.,0.,0.));
#7879=IFCAXIS2PLACEMENT3D(#7876,#7877,#7878);
#7880=IFCEXTRUDEDAREASOLID(#7875,#7879,#7874,3200.4000000000001);
#7881=IFCSHAPEREPRESENTATION(#11,'Body','SweptSolid',(#7880));
#7882=IFCPRODUCTDEFINITIONSHAPE($,$,(#7881));
#7888=IFCCARTESIANPOINT((79857.600000000006,39319.200000000004,7467.5999999999995));
#7889=IFCDIRECTION((0.,0.,1.));
#7890=IFCDIRECTION((6.123233995736766E-17,1.,0.));
#7891=IFCAXIS2PLACEMENT3D(#7888,#7889,#7890);
#7892=IFCLOCALPLACEMENT($,#7891);
#7893=IFCWALL('365Y5eQkLA4QeCHcPF93R4',$,'L3|TWOBR_A',$,$,#7914,#7904,$,$);
#7894=IFCCARTESIANPOINTLIST2D(((0.,0.),(0.,150.),(10972.800000000001,150.),(10972.800000000001,0.),(0.,0.)));
#7895=IFCINDEXEDPOLYCURVE(#7894,$,.F.);
#7896=IFCDIRECTION((0.,0.,1.));
#7897=IFCARBITRARYCLOSEDPROFILEDEF(.AREA.,$,#7895);
#7898=IFCCARTESIANPOINT((0.,0.,0.));
#7899=IFCDIRECTION((0.,0.,1.));
#7900=IFCDIRECTION((1.,0.,0.));
#7901=IFCAXIS2PLACEMENT3D(#7898,#7899,#7900);
#7902=IFCEXTRUDEDAREASOLID(#7897,#7901,#7896,3200.4000000000001);
#7903=IFCSHAPEREPRESENTATION(#11,'Body','SweptSolid',(#7902));
#7904=IFCPRODUCTDEFINITIONSHAPE($,$,(#7903));
#7910=IFCCARTESIANPOINT((3048.,40538.400000000001,7467.5999999999995));
#7911=IFCDIRECTION((0.,0.,1.));
#7912=IFCDIRECTION((1.,0.,0.));
#7913=IFCAXIS2PLACEMENT3D(#7910,#7911,#7912);
#7914=IFCLOCALPLACEMENT($,#7913);
#7915=IFCWALL('0H2H0euV99HQn4tAPUrMl1',$,'L3|TWOBR_A',$,$,#7936,#7926,$,$);
#7916=IFCCARTESIANPOINTLIST2D(((0.,0.),(0.,150.),(10972.800000000001,150.),(10972.800000000001,0.),(0.,0.)));
#7917=IFCINDEXEDPOLYCURVE(#7916,$,.F.);
#7918=IFCDIRECTION((0.,0.,1.));
#7919=IFCARBITRARYCLOSEDPROFILEDEF(.AREA.,$,#7917);
#7920=IFCCARTESIANPOINT((0.,0.,0.));
#7921=IFCDIRECTION((0.,0.,1.));
#7922=IFCDIRECTION((1.,0.,0.));
#7923=IFCAXIS2PLACEMENT3D(#7920,#7921,#7922);
#7924=IFCEXTRUDEDAREASOLID(#7919,#7923,#7918,3200.4000000000001);
#7925=IFCSHAPEREPRESENTATION(#11,'Body','SweptSolid',(#7924));
#7926=IFCPRODUCTDEFINITIONSHAPE($,$,(#7925));
#7932=IFCCARTESIANPOINT((3048.,50901.599999999999,7467.5999999999995));
#7933=IFCDIRECTION((0.,0.,1.));
#7934=IFCDIRECTION((1.,0.,0.));
#7935=IFCAXIS2PLACEMENT3D(#7932,#7933,#7934);
#7936=IFCLOCALPLACEMENT($,#7935);
#7937=IFCWALL('37xXwOQUr5rhahPBeLmmN0',$,'L3|TWOBR_A',$,$,#7958,#7948,$,$);
#7938=IFCCARTESIANPOINTLIST2D(((0.,0.),(0.,150.),(10363.200000000001,150.),(10363.200000000001,0.),(0.,0.)));
#7939=IFCINDEXEDPOLYCURVE(#7938,$,.F.);
#7940=IFCDIRECTION((0.,0.,1.));
#7941=IFCARBITRARYCLOSEDPROFILEDEF(.AREA.,$,#7939);
#7942=IFCCARTESIANPOINT((0.,0.,0.));
#7943=IFCDIRECTION((0.,0.,1.));
#7944=IFCDIRECTION((1.,0.,0.));
#7945=IFCAXIS2PLACEMENT3D(#7942,#7943,#7944);
#7946=IFCEXTRUDEDAREASOLID(#7941,#7945,#7940,3200.4000000000001);
#7947=IFCSHAPEREPRESENTATION(#11,'Body','SweptSolid',(#7946));
#7948=IFCPRODUCTDEFINITIONSHAPE($,$,(#7947));
#7954=IFCCARTESIANPOINT((3048.,40538.400000000001,7467.5999999999995));
#7955=IFCDIRECTION((0.,0.,1.));
#7956=IFCDIRECTION((6.123233995736766E-17,1.,0.));
#7957=IFCAXIS2PLACEMENT3D(#7954,#7955,#7956);
#7958=IFCLOCALPLACEMENT($,#7957);
#7959=IFCWALL('3sviK9XUv9AO5QNVPYDuvN',$,'L3|TWOBR_A',$,$,#7980,#7970,$,$);
#7960=IFCCARTESIANPOINTLIST2D(((0.,0.),(0.,150.),(10363.200000000001,150.),(10363.200000000001,0.),(0.,0.)));
#7961=IFCINDEXEDPOLYCURVE(#7960,$,.F.);
#7962=IFCDIRECTION((0.,0.,1.));
#7963=IFCARBITRARYCLOSEDPROFILEDEF(.AREA.,$,#7961);
#7964=IFCCARTESIANPOINT((0.,0.,0.));
#7965=IFCDIRECTION((0.,0.,1.));
#7966=IFCDIRECTION((1.,0.,0.));
#7967=IFCAXIS2PLACEMENT3D(#7964,#7965,#7966);
#7968=IFCEXTRUDEDAREASOLID(#7963,#7967,#7962,3200.4000000000001);
#7969=IFCSHAPEREPRESENTATION(#11,'Body','SweptSolid',(#7968));
#7970=IFCPRODUCTDEFINITIONSHAPE($,$,(#7969));
#7976=IFCCARTESIANPOINT((14020.800000000001,40538.400000000001,7467.5999999999995));
#7977=IFCDIRECTION((0.,0.,1.));
#7978=IFCDIRECTION((6.123233995736766E-17,1.,0.));
#7979=IFCAXIS2PLACEMENT3D(#7976,#7977,#7978);
#7980=IFCLOCALPLACEMENT($,#7979);
#7981=IFCWALL('2m262NDt509wFb8gOEQR2b',$,'L3|STUDIO_A',$,$,#8002,#7992,$,$);
#7982=IFCCARTESIANPOINTLIST2D(((0.,0.),(0.,150.),(9753.6000000000004,150.),(9753.6000000000004,0.),(0.,0.)));
#7983=IFCINDEXEDPOLYCURVE(#7982,$,.F.);
#7984=IFCDIRECTION((0.,0.,1.));
#7985=IFCARBITRARYCLOSEDPROFILEDEF(.AREA.,$,#7983);
#7986=IFCCARTESIANPOINT((0.,0.,0.));
#7987=IFCDIRECTION((0.,0.,1.));
#7988=IFCDIRECTION((1.,0.,0.));
#7989=IFCAXIS2PLACEMENT3D(#7986,#7987,#7988);
#7990=IFCEXTRUDEDAREASOLID(#7985,#7989,#7984,3200.4000000000001);
#7991=IFCSHAPEREPRESENTATION(#11,'Body','SweptSolid',(#7990));
#7992=IFCPRODUCTDEFINITIONSHAPE($,$,(#7991));
#7998=IFCCARTESIANPOINT((15849.6,40538.400000000001,7467.5999999999995));
#7999=IFCDIRECTION((0.,0.,1.));
#8000=IFCDIRECTION((1.,0.,0.));
#8001=IFCAXIS2PLACEMENT3D(#7998,#7999,#8000);
#8002=IFCLOCALPLACEMENT($,#8001);
#8003=IFCWALL('1Wtj1hTvH4pOGoqYS7PDOH',$,'L3|STUDIO_A',$,$,#8024,#8014,$,$);
#8004=IFCCARTESIANPOINTLIST2D(((0.,0.),(0.,150.),(9753.6000000000004,150.),(9753.6000000000004,0.),(0.,0.)));
#8005=IFCINDEXEDPOLYCURVE(#8004,$,.F.);
#8006=IFCDIRECTION((0.,0.,1.));
#8007=IFCARBITRARYCLOSEDPROFILEDEF(.AREA.,$,#8005);
#8008=IFCCARTESIANPOINT((0.,0.,0.));
#8009=IFCDIRECTION((0.,0.,1.));
#8010=IFCDIRECTION((1.,0.,0.));
#8011=IFCAXIS2PLACEMENT3D(#8008,#8009,#8010);
#8012=IFCEXTRUDEDAREASOLID(#8007,#8011,#8006,3200.4000000000001);
#8013=IFCSHAPEREPRESENTATION(#11,'Body','SweptSolid',(#8012));
#8014=IFCPRODUCTDEFINITIONSHAPE($,$,(#8013));
#8020=IFCCARTESIANPOINT((15849.6,48463.199999999997,7467.5999999999995));
#8021=IFCDIRECTION((0.,0.,1.));
#8022=IFCDIRECTION((1.,0.,0.));
#8023=IFCAXIS2PLACEMENT3D(#8020,#8021,#8022);
#8024=IFCLOCALPLACEMENT($,#8023);
#8025=IFCWALL('0sYjzAAjb1v8TDJmMURWQo',$,'L3|STUDIO_A',$,$,#8046,#8036,$,$);
#8026=IFCCARTESIANPOINTLIST2D(((0.,0.),(0.,150.),(7924.8000000000002,150.),(7924.8000000000002,0.),(0.,0.)));
#8027=IFCINDEXEDPOLYCURVE(#8026,$,.F.);
#8028=IFCDIRECTION((0.,0.,1.));
#8029=IFCARBITRARYCLOSEDPROFILEDEF(.AREA.,$,#8027);
#8030=IFCCARTESIANPOINT((0.,0.,0.));
#8031=IFCDIRECTION((0.,0.,1.));
#8032=IFCDIRECTION((1.,0.,0.));
#8033=IFCAXIS2PLACEMENT3D(#8030,#8031,#8032);
#8034=IFCEXTRUDEDAREASOLID(#8029,#8033,#8028,3200.4000000000001);
#8035=IFCSHAPEREPRESENTATION(#11,'Body','SweptSolid',(#8034));
#8036=IFCPRODUCTDEFINITIONSHAPE($,$,(#8035));
#8042=IFCCARTESIANPOINT((15849.6,40538.400000000001,7467.5999999999995));
#8043=IFCDIRECTION((0.,0.,1.));
#8044=IFCDIRECTION((6.123233995736766E-17,1.,0.));
#8045=IFCAXIS2PLACEMENT3D(#8042,#8043,#8044);
#8046=IFCLOCALPLACEMENT($,#8045);
#8047=IFCWALL('0wrf3bqPz1NQu1AVfWxHtk',$,'L3|STUDIO_A',$,$,#8068,#8058,$,$);
#8048=IFCCARTESIANPOINTLIST2D(((0.,0.),(0.,150.),(7924.8000000000002,150.),(7924.8000000000002,0.),(0.,0.)));
#8049=IFCINDEXEDPOLYCURVE(#8048,$,.F.);
#8050=IFCDIRECTION((0.,0.,1.));
#8051=IFCARBITRARYCLOSEDPROFILEDEF(.AREA.,$,#8049);
#8052=IFCCARTESIANPOINT((0.,0.,0.));
#8053=IFCDIRECTION((0.,0.,1.));
#8054=IFCDIRECTION((1.,0.,0.));
#8055=IFCAXIS2PLACEMENT3D(#8052,#8053,#8054);
#8056=IFCEXTRUDEDAREASOLID(#8051,#8055,#8050,3200.4000000000001);
#8057=IFCSHAPEREPRESENTATION(#11,'Body','SweptSolid',(#8056));
#8058=IFCPRODUCTDEFINITIONSHAPE($,$,(#8057));
#8064=IFCCARTESIANPOINT((25603.200000000001,40538.400000000001,7467.5999999999995));
#8065=IFCDIRECTION((0.,0.,1.));
#8066=IFCDIRECTION((6.123233995736766E-17,1.,0.));
#8067=IFCAXIS2PLACEMENT3D(#8064,#8065,#8066);
#8068=IFCLOCALPLACEMENT($,#8067);
#8069=IFCWALL('3FUJMS1mfAm9kxlCDgzWTV',$,'L3|ONEBR_A',$,$,#8090,#8080,$,$);
#8070=IFCCARTESIANPOINTLIST2D(((0.,0.),(0.,150.),(10363.200000000001,150.),(10363.200000000001,0.),(0.,0.)));
#8071=IFCINDEXEDPOLYCURVE(#8070,$,.F.);
#8072=IFCDIRECTION((0.,0.,1.));
#8073=IFCARBITRARYCLOSEDPROFILEDEF(.AREA.,$,#8071);
#8074=IFCCARTESIANPOINT((0.,0.,0.));
#8075=IFCDIRECTION((0.,0.,1.));
#8076=IFCDIRECTION((1.,0.,0.));
#8077=IFCAXIS2PLACEMENT3D(#8074,#8075,#8076);
#8078=IFCEXTRUDEDAREASOLID(#8073,#8077,#8072,3200.4000000000001);
#8079=IFCSHAPEREPRESENTATION(#11,'Body','SweptSolid',(#8078));
#8080=IFCPRODUCTDEFINITIONSHAPE($,$,(#8079));
#8086=IFCCARTESIANPOINT((57302.400000000001,40538.400000000001,7467.5999999999995));
#8087=IFCDIRECTION((0.,0.,1.));
#8088=IFCDIRECTION((1.,0.,0.));
#8089=IFCAXIS2PLACEMENT3D(#8086,#8087,#8088);
#8090=IFCLOCALPLACEMENT($,#8089);
#8091=IFCWALL('0iNPIbjs15I8FIs9fGtqRk',$,'L3|ONEBR_A',$,$,#8112,#8102,$,$);
#8092=IFCCARTESIANPOINTLIST2D(((0.,0.),(0.,150.),(10363.200000000001,150.),(10363.200000000001,0.),(0.,0.)));
#8093=IFCINDEXEDPOLYCURVE(#8092,$,.F.);
#8094=IFCDIRECTION((0.,0.,1.));
#8095=IFCARBITRARYCLOSEDPROFILEDEF(.AREA.,$,#8093);
#8096=IFCCARTESIANPOINT((0.,0.,0.));
#8097=IFCDIRECTION((0.,0.,1.));
#8098=IFCDIRECTION((1.,0.,0.));
#8099=IFCAXIS2PLACEMENT3D(#8096,#8097,#8098);
#8100=IFCEXTRUDEDAREASOLID(#8095,#8099,#8094,3200.4000000000001);
#8101=IFCSHAPEREPRESENTATION(#11,'Body','SweptSolid',(#8100));
#8102=IFCPRODUCTDEFINITIONSHAPE($,$,(#8101));
#8108=IFCCARTESIANPOINT((57302.400000000001,49682.400000000001,7467.5999999999995));
#8109=IFCDIRECTION((0.,0.,1.));
#8110=IFCDIRECTION((1.,0.,0.));
#8111=IFCAXIS2PLACEMENT3D(#8108,#8109,#8110);
#8112=IFCLOCALPLACEMENT($,#8111);
#8113=IFCWALL('1Jb54k41PA7Bxk8XdTonpu',$,'L3|ONEBR_A',$,$,#8134,#8124,$,$);
#8114=IFCCARTESIANPOINTLIST2D(((0.,0.),(0.,150.),(9144.,150.),(9144.,0.),(0.,0.)));
#8115=IFCINDEXEDPOLYCURVE(#8114,$,.F.);
#8116=IFCDIRECTION((0.,0.,1.));
#8117=IFCARBITRARYCLOSEDPROFILEDEF(.AREA.,$,#8115);
#8118=IFCCARTESIANPOINT((0.,0.,0.));
#8119=IFCDIRECTION((0.,0.,1.));
#8120=IFCDIRECTION((1.,0.,0.));
#8121=IFCAXIS2PLACEMENT3D(#8118,#8119,#8120);
#8122=IFCEXTRUDEDAREASOLID(#8117,#8121,#8116,3200.4000000000001);
#8123=IFCSHAPEREPRESENTATION(#11,'Body','SweptSolid',(#8122));
#8124=IFCPRODUCTDEFINITIONSHAPE($,$,(#8123));
#8130=IFCCARTESIANPOINT((57302.400000000001,40538.400000000001,7467.5999999999995));
#8131=IFCDIRECTION((0.,0.,1.));
#8132=IFCDIRECTION((6.123233995736766E-17,1.,0.));
#8133=IFCAXIS2PLACEMENT3D(#8130,#8131,#8132);
#8134=IFCLOCALPLACEMENT($,#8133);
#8135=IFCWALL('0Qf1FsovL85fdZAGWqpj1P',$,'L3|ONEBR_A',$,$,#8156,#8146,$,$);
#8136=IFCCARTESIANPOINTLIST2D(((0.,0.),(0.,150.),(9144.,150.),(9144.,0.),(0.,0.)));
#8137=IFCINDEXEDPOLYCURVE(#8136,$,.F.);
#8138=IFCDIRECTION((0.,0.,1.));
#8139=IFCARBITRARYCLOSEDPROFILEDEF(.AREA.,$,#8137);
#8140=IFCCARTESIANPOINT((0.,0.,0.));
#8141=IFCDIRECTION((0.,0.,1.));
#8142=IFCDIRECTION((1.,0.,0.));
#8143=IFCAXIS2PLACEMENT3D(#8140,#8141,#8142);
#8144=IFCEXTRUDEDAREASOLID(#8139,#8143,#8138,3200.4000000000001);
#8145=IFCSHAPEREPRESENTATION(#11,'Body','SweptSolid',(#8144));
#8146=IFCPRODUCTDEFINITIONSHAPE($,$,(#8145));
#8152=IFCCARTESIANPOINT((67665.599999999991,40538.400000000001,7467.5999999999995));
#8153=IFCDIRECTION((0.,0.,1.));
#8154=IFCDIRECTION((6.123233995736766E-17,1.,0.));
#8155=IFCAXIS2PLACEMENT3D(#8152,#8153,#8154);
#8156=IFCLOCALPLACEMENT($,#8155);
#8157=IFCWALL('0qhVYhJ8PAY8DYtKNh$D7k',$,'L3|TWOBR_A',$,$,#8178,#8168,$,$);
#8158=IFCCARTESIANPOINTLIST2D(((0.,0.),(0.,150.),(10972.800000000001,150.),(10972.800000000001,0.),(0.,0.)));
#8159=IFCINDEXEDPOLYCURVE(#8158,$,.F.);
#8160=IFCDIRECTION((0.,0.,1.));
#8161=IFCARBITRARYCLOSEDPROFILEDEF(.AREA.,$,#8159);
#8162=IFCCARTESIANPOINT((0.,0.,0.));
#8163=IFCDIRECTION((0.,0.,1.));
#8164=IFCDIRECTION((1.,0.,0.));
#8165=IFCAXIS2PLACEMENT3D(#8162,#8163,#8164);
#8166=IFCEXTRUDEDAREASOLID(#8161,#8165,#8160,3200.4000000000001);
#8167=IFCSHAPEREPRESENTATION(#11,'Body','SweptSolid',(#8166));
#8168=IFCPRODUCTDEFINITIONSHAPE($,$,(#8167));
#8174=IFCCARTESIANPOINT((15849.6,48463.199999999997,7467.5999999999995));
#8175=IFCDIRECTION((0.,0.,1.));
#8176=IFCDIRECTION((1.,0.,0.));
#8177=IFCAXIS2PLACEMENT3D(#8174,#8175,#8176);
#8178=IFCLOCALPLACEMENT($,#8177);
#8179=IFCWALL('2AKLwspBnFsQ$FAlG_VrJG',$,'L3|TWOBR_A',$,$,#8200,#8190,$,$);
#8180=IFCCARTESIANPOINTLIST2D(((0.,0.),(0.,150.),(10972.800000000001,150.),(10972.800000000001,0.),(0.,0.)));
#8181=IFCINDEXEDPOLYCURVE(#8180,$,.F.);
#8182=IFCDIRECTION((0.,0.,1.));
#8183=IFCARBITRARYCLOSEDPROFILEDEF(.AREA.,$,#8181);
#8184=IFCCARTESIANPOINT((0.,0.,0.));
#8185=IFCDIRECTION((0.,0.,1.));
#8186=IFCDIRECTION((1.,0.,0.));
#8187=IFCAXIS2PLACEMENT3D(#8184,#8185,#8186);
#8188=IFCEXTRUDEDAREASOLID(#8183,#8187,#8182,3200.4000000000001);
#8189=IFCSHAPEREPRESENTATION(#11,'Body','SweptSolid',(#8188));
#8190=IFCPRODUCTDEFINITIONSHAPE($,$,(#8189));
#8196=IFCCARTESIANPOINT((15849.6,58826.400000000001,7467.5999999999995));
#8197=IFCDIRECTION((0.,0.,1.));
#8198=IFCDIRECTION((1.,0.,0.));
#8199=IFCAXIS2PLACEMENT3D(#8196,#8197,#8198);
#8200=IFCLOCALPLACEMENT($,#8199);
#8201=IFCWALL('0iUo_uQs95kgdr7zUzo3SH',$,'L3|TWOBR_A',$,$,#8222,#8212,$,$);
#8202=IFCCARTESIANPOINTLIST2D(((0.,0.),(0.,150.),(10363.200000000001,150.),(10363.200000000001,0.),(0.,0.)));
#8203=IFCINDEXEDPOLYCURVE(#8202,$,.F.);
#8204=IFCDIRECTION((0.,0.,1.));
#8205=IFCARBITRARYCLOSEDPROFILEDEF(.AREA.,$,#8203);
#8206=IFCCARTESIANPOINT((0.,0.,0.));
#8207=IFCDIRECTION((0.,0.,1.));
#8208=IFCDIRECTION((1.,0.,0.));
#8209=IFCAXIS2PLACEMENT3D(#8206,#8207,#8208);
#8210=IFCEXTRUDEDAREASOLID(#8205,#8209,#8204,3200.4000000000001);
#8211=IFCSHAPEREPRESENTATION(#11,'Body','SweptSolid',(#8210));
#8212=IFCPRODUCTDEFINITIONSHAPE($,$,(#8211));
#8218=IFCCARTESIANPOINT((15849.6,48463.199999999997,7467.5999999999995));
#8219=IFCDIRECTION((0.,0.,1.));
#8220=IFCDIRECTION((6.123233995736766E-17,1.,0.));
#8221=IFCAXIS2PLACEMENT3D(#8218,#8219,#8220);
#8222=IFCLOCALPLACEMENT($,#8221);
#8223=IFCWALL('0xJMXieWb0EPkMUsKHMVr6',$,'L3|TWOBR_A',$,$,#8244,#8234,$,$);
#8224=IFCCARTESIANPOINTLIST2D(((0.,0.),(0.,150.),(10363.200000000001,150.),(10363.200000000001,0.),(0.,0.)));
#8225=IFCINDEXEDPOLYCURVE(#8224,$,.F.);
#8226=IFCDIRECTION((0.,0.,1.));
#8227=IFCARBITRARYCLOSEDPROFILEDEF(.AREA.,$,#8225);
#8228=IFCCARTESIANPOINT((0.,0.,0.));
#8229=IFCDIRECTION((0.,0.,1.));
#8230=IFCDIRECTION((1.,0.,0.));
#8231=IFCAXIS2PLACEMENT3D(#8228,#8229,#8230);
#8232=IFCEXTRUDEDAREASOLID(#8227,#8231,#8226,3200.4000000000001);
#8233=IFCSHAPEREPRESENTATION(#11,'Body','SweptSolid',(#8232));
#8234=IFCPRODUCTDEFINITIONSHAPE($,$,(#8233));
#8240=IFCCARTESIANPOINT((26822.400000000001,48463.199999999997,7467.5999999999995));
#8241=IFCDIRECTION((0.,0.,1.));
#8242=IFCDIRECTION((6.123233995736766E-17,1.,0.));
#8243=IFCAXIS2PLACEMENT3D(#8240,#8241,#8242);
#8244=IFCLOCALPLACEMENT($,#8243);
#8245=IFCWALL('3U8q5e8S5DbAPOtoRrUSRv',$,'L3|ONEBR_A',$,$,#8266,#8256,$,$);
#8246=IFCCARTESIANPOINTLIST2D(((0.,0.),(0.,150.),(10363.200000000001,150.),(10363.200000000001,0.),(0.,0.)));
#8247=IFCINDEXEDPOLYCURVE(#8246,$,.F.);
#8248=IFCDIRECTION((0.,0.,1.));
#8249=IFCARBITRARYCLOSEDPROFILEDEF(.AREA.,$,#8247);
#8250=IFCCARTESIANPOINT((0.,0.,0.));
#8251=IFCDIRECTION((0.,0.,1.));
#8252=IFCDIRECTION((1.,0.,0.));
#8253=IFCAXIS2PLACEMENT3D(#8250,#8251,#8252);
#8254=IFCEXTRUDEDAREASOLID(#8249,#8253,#8248,3200.4000000000001);
#8255=IFCSHAPEREPRESENTATION(#11,'Body','SweptSolid',(#8254));
#8256=IFCPRODUCTDEFINITIONSHAPE($,$,(#8255));
#8262=IFCCARTESIANPOINT((30480.,48463.199999999997,7467.5999999999995));
#8263=IFCDIRECTION((0.,0.,1.));
#8264=IFCDIRECTION((1.,0.,0.));
#8265=IFCAXIS2PLACEMENT3D(#8262,#8263,#8264);
#8266=IFCLOCALPLACEMENT($,#8265);
#8267=IFCWALL('3Icv0lmOfFbAd7L1ZzkwFZ',$,'L3|ONEBR_A',$,$,#8288,#8278,$,$);
#8268=IFCCARTESIANPOINTLIST2D(((0.,0.),(0.,150.),(10363.200000000001,150.),(10363.200000000001,0.),(0.,0.)));
#8269=IFCINDEXEDPOLYCURVE(#8268,$,.F.);
#8270=IFCDIRECTION((0.,0.,1.));
#8271=IFCARBITRARYCLOSEDPROFILEDEF(.AREA.,$,#8269);
#8272=IFCCARTESIANPOINT((0.,0.,0.));
#8273=IFCDIRECTION((0.,0.,1.));
#8274=IFCDIRECTION((1.,0.,0.));
#8275=IFCAXIS2PLACEMENT3D(#8272,#8273,#8274);
#8276=IFCEXTRUDEDAREASOLID(#8271,#8275,#8270,3200.4000000000001);
#8277=IFCSHAPEREPRESENTATION(#11,'Body','SweptSolid',(#8276));
#8278=IFCPRODUCTDEFINITIONSHAPE($,$,(#8277));
#8284=IFCCARTESIANPOINT((30480.,57607.200000000004,7467.5999999999995));
#8285=IFCDIRECTION((0.,0.,1.));
#8286=IFCDIRECTION((1.,0.,0.));
#8287=IFCAXIS2PLACEMENT3D(#8284,#8285,#8286);
#8288=IFCLOCALPLACEMENT($,#8287);
#8289=IFCWALL('3rdQNUGVn6qePUj5lqlcTJ',$,'L3|ONEBR_A',$,$,#8310,#8300,$,$);
#8290=IFCCARTESIANPOINTLIST2D(((0.,0.),(0.,150.),(9144.,150.),(9144.,0.),(0.,0.)));
#8291=IFCINDEXEDPOLYCURVE(#8290,$,.F.);
#8292=IFCDIRECTION((0.,0.,1.));
#8293=IFCARBITRARYCLOSEDPROFILEDEF(.AREA.,$,#8291);
#8294=IFCCARTESIANPOINT((0.,0.,0.));
#8295=IFCDIRECTION((0.,0.,1.));
#8296=IFCDIRECTION((1.,0.,0.));
#8297=IFCAXIS2PLACEMENT3D(#8294,#8295,#8296);
#8298=IFCEXTRUDEDAREASOLID(#8293,#8297,#8292,3200.4000000000001);
#8299=IFCSHAPEREPRESENTATION(#11,'Body','SweptSolid',(#8298));
#8300=IFCPRODUCTDEFINITIONSHAPE($,$,(#8299));
#8306=IFCCARTESIANPOINT((30480.,48463.199999999997,7467.5999999999995));
#8307=IFCDIRECTION((0.,0.,1.));
#8308=IFCDIRECTION((6.123233995736766E-17,1.,0.));
#8309=IFCAXIS2PLACEMENT3D(#8306,#8307,#8308);
#8310=IFCLOCALPLACEMENT($,#8309);
#8311=IFCWALL('1o54Tq12TD4xWu3v$5SDJC',$,'L3|ONEBR_A',$,$,#8332,#8322,$,$);
#8312=IFCCARTESIANPOINTLIST2D(((0.,0.),(0.,150.),(9144.,150.),(9144.,0.),(0.,0.)));
#8313=IFCINDEXEDPOLYCURVE(#8312,$,.F.);
#8314=IFCDIRECTION((0.,0.,1.));
#8315=IFCARBITRARYCLOSEDPROFILEDEF(.AREA.,$,#8313);
#8316=IFCCARTESIANPOINT((0.,0.,0.));
#8317=IFCDIRECTION((0.,0.,1.));
#8318=IFCDIRECTION((1.,0.,0.));
#8319=IFCAXIS2PLACEMENT3D(#8316,#8317,#8318);
#8320=IFCEXTRUDEDAREASOLID(#8315,#8319,#8314,3200.4000000000001);
#8321=IFCSHAPEREPRESENTATION(#11,'Body','SweptSolid',(#8320));
#8322=IFCPRODUCTDEFINITIONSHAPE($,$,(#8321));
#8328=IFCCARTESIANPOINT((40843.200000000004,48463.199999999997,7467.5999999999995));
#8329=IFCDIRECTION((0.,0.,1.));
#8330=IFCDIRECTION((6.123233995736766E-17,1.,0.));
#8331=IFCAXIS2PLACEMENT3D(#8328,#8329,#8330);
#8332=IFCLOCALPLACEMENT($,#8331);
#8333=IFCWALL('1dl9nKzAj1wfniEzBWPtmZ',$,'L3|TWOBR_A',$,$,#8354,#8344,$,$);
#8334=IFCCARTESIANPOINTLIST2D(((0.,0.),(0.,150.),(10972.800000000001,150.),(10972.800000000001,0.),(0.,0.)));
#8335=IFCINDEXEDPOLYCURVE(#8334,$,.F.);
#8336=IFCDIRECTION((0.,0.,1.));
#8337=IFCARBITRARYCLOSEDPROFILEDEF(.AREA.,$,#8335);
#8338=IFCCARTESIANPOINT((0.,0.,0.));
#8339=IFCDIRECTION((0.,0.,1.));
#8340=IFCDIRECTION((1.,0.,0.));
#8341=IFCAXIS2PLACEMENT3D(#8338,#8339,#8340);
#8342=IFCEXTRUDEDAREASOLID(#8337,#8341,#8336,3200.4000000000001);
#8343=IFCSHAPEREPRESENTATION(#11,'Body','SweptSolid',(#8342));
#8344=IFCPRODUCTDEFINITIONSHAPE($,$,(#8343));
#8350=IFCCARTESIANPOINT((42672.,48463.199999999997,7467.5999999999995));
#8351=IFCDIRECTION((0.,0.,1.));
#8352=IFCDIRECTION((1.,0.,0.));
#8353=IFCAXIS2PLACEMENT3D(#8350,#8351,#8352);
#8354=IFCLOCALPLACEMENT($,#8353);
#8355=IFCWALL('3s0_dxk0b2vAbxDU63Np10',$,'L3|TWOBR_A',$,$,#8376,#8366,$,$);
#8356=IFCCARTESIANPOINTLIST2D(((0.,0.),(0.,150.),(10972.800000000001,150.),(10972.800000000001,0.),(0.,0.)));
#8357=IFCINDEXEDPOLYCURVE(#8356,$,.F.);
#8358=IFCDIRECTION((0.,0.,1.));
#8359=IFCARBITRARYCLOSEDPROFILEDEF(.AREA.,$,#8357);
#8360=IFCCARTESIANPOINT((0.,0.,0.));
#8361=IFCDIRECTION((0.,0.,1.));
#8362=IFCDIRECTION((1.,0.,0.));
#8363=IFCAXIS2PLACEMENT3D(#8360,#8361,#8362);
#8364=IFCEXTRUDEDAREASOLID(#8359,#8363,#8358,3200.4000000000001);
#8365=IFCSHAPEREPRESENTATION(#11,'Body','SweptSolid',(#8364));
#8366=IFCPRODUCTDEFINITIONSHAPE($,$,(#8365));
#8372=IFCCARTESIANPOINT((42672.,58826.400000000001,7467.5999999999995));
#8373=IFCDIRECTION((0.,0.,1.));
#8374=IFCDIRECTION((1.,0.,0.));
#8375=IFCAXIS2PLACEMENT3D(#8372,#8373,#8374);
#8376=IFCLOCALPLACEMENT($,#8375);
#8377=IFCWALL('0zzzSFo$D8yP$CVkfPsl6H',$,'L3|TWOBR_A',$,$,#8398,#8388,$,$);
#8378=IFCCARTESIANPOINTLIST2D(((0.,0.),(0.,150.),(10363.200000000001,150.),(10363.200000000001,0.),(0.,0.)));
#8379=IFCINDEXEDPOLYCURVE(#8378,$,.F.);
#8380=IFCDIRECTION((0.,0.,1.));
#8381=IFCARBITRARYCLOSEDPROFILEDEF(.AREA.,$,#8379);
#8382=IFCCARTESIANPOINT((0.,0.,0.));
#8383=IFCDIRECTION((0.,0.,1.));
#8384=IFCDIRECTION((1.,0.,0.));
#8385=IFCAXIS2PLACEMENT3D(#8382,#8383,#8384);
#8386=IFCEXTRUDEDAREASOLID(#8381,#8385,#8380,3200.4000000000001);
#8387=IFCSHAPEREPRESENTATION(#11,'Body','SweptSolid',(#8386));
#8388=IFCPRODUCTDEFINITIONSHAPE($,$,(#8387));
#8394=IFCCARTESIANPOINT((42672.,48463.199999999997,7467.5999999999995));
#8395=IFCDIRECTION((0.,0.,1.));
#8396=IFCDIRECTION((6.123233995736766E-17,1.,0.));
#8397=IFCAXIS2PLACEMENT3D(#8394,#8395,#8396);
#8398=IFCLOCALPLACEMENT($,#8397);
#8399=IFCWALL('1wbe$jIXf8YPWQTQzWN_U5',$,'L3|TWOBR_A',$,$,#8420,#8410,$,$);
#8400=IFCCARTESIANPOINTLIST2D(((0.,0.),(0.,150.),(10363.200000000001,150.),(10363.200000000001,0.),(0.,0.)));
#8401=IFCINDEXEDPOLYCURVE(#8400,$,.F.);
#8402=IFCDIRECTION((0.,0.,1.));
#8403=IFCARBITRARYCLOSEDPROFILEDEF(.AREA.,$,#8401);
#8404=IFCCARTESIANPOINT((0.,0.,0.));
#8405=IFCDIRECTION((0.,0.,1.));
#8406=IFCDIRECTION((1.,0.,0.));
#8407=IFCAXIS2PLACEMENT3D(#8404,#8405,#8406);
#8408=IFCEXTRUDEDAREASOLID(#8403,#8407,#8402,3200.4000000000001);
#8409=IFCSHAPEREPRESENTATION(#11,'Body','SweptSolid',(#8408));
#8410=IFCPRODUCTDEFINITIONSHAPE($,$,(#8409));
#8416=IFCCARTESIANPOINT((53644.800000000003,48463.199999999997,7467.5999999999995));
#8417=IFCDIRECTION((0.,0.,1.));
#8418=IFCDIRECTION((6.123233995736766E-17,1.,0.));
#8419=IFCAXIS2PLACEMENT3D(#8416,#8417,#8418);
#8420=IFCLOCALPLACEMENT($,#8419);
#8421=IFCWALL('0HtVBIiTDFtBXghKfq22Gi',$,'L3|STUDIO_A',$,$,#8442,#8432,$,$);
#8422=IFCCARTESIANPOINTLIST2D(((0.,0.),(0.,150.),(9753.6000000000004,150.),(9753.6000000000004,0.),(0.,0.)));
#8423=IFCINDEXEDPOLYCURVE(#8422,$,.F.);
#8424=IFCDIRECTION((0.,0.,1.));
#8425=IFCARBITRARYCLOSEDPROFILEDEF(.AREA.,$,#8423);
#8426=IFCCARTESIANPOINT((0.,0.,0.));
#8427=IFCDIRECTION((0.,0.,1.));
#8428=IFCDIRECTION((1.,0.,0.));
#8429=IFCAXIS2PLACEMENT3D(#8426,#8427,#8428);
#8430=IFCEXTRUDEDAREASOLID(#8425,#8429,#8424,3200.4000000000001);
#8431=IFCSHAPEREPRESENTATION(#11,'Body','SweptSolid',(#8430));
#8432=IFCPRODUCTDEFINITIONSHAPE($,$,(#8431));
#8438=IFCCARTESIANPOINT((69494.399999999994,48463.199999999997,7467.5999999999995));
#8439=IFCDIRECTION((0.,0.,1.));
#8440=IFCDIRECTION((1.,0.,0.));
#8441=IFCAXIS2PLACEMENT3D(#8438,#8439,#8440);
#8442=IFCLOCALPLACEMENT($,#8441);
#8443=IFCWALL('3B4aYdrDr5U9iafBW1maDK',$,'L3|STUDIO_A',$,$,#8464,#8454,$,$);
#8444=IFCCARTESIANPOINTLIST2D(((0.,0.),(0.,150.),(9753.6000000000004,150.),(9753.6000000000004,0.),(0.,0.)));
#8445=IFCINDEXEDPOLYCURVE(#8444,$,.F.);
#8446=IFCDIRECTION((0.,0.,1.));
#8447=IFCARBITRARYCLOSEDPROFILEDEF(.AREA.,$,#8445);
#8448=IFCCARTESIANPOINT((0.,0.,0.));
#8449=IFCDIRECTION((0.,0.,1.));
#8450=IFCDIRECTION((1.,0.,0.));
#8451=IFCAXIS2PLACEMENT3D(#8448,#8449,#8450);
#8452=IFCEXTRUDEDAREASOLID(#8447,#8451,#8446,3200.4000000000001);
#8453=IFCSHAPEREPRESENTATION(#11,'Body','SweptSolid',(#8452));
#8454=IFCPRODUCTDEFINITIONSHAPE($,$,(#8453));
#8460=IFCCARTESIANPOINT((69494.399999999994,56388.000000000007,7467.5999999999995));
#8461=IFCDIRECTION((0.,0.,1.));
#8462=IFCDIRECTION((1.,0.,0.));
#8463=IFCAXIS2PLACEMENT3D(#8460,#8461,#8462);
#8464=IFCLOCALPLACEMENT($,#8463);
#8465=IFCWALL('2zmIMk70XDnAKialOdCZ1n',$,'L3|STUDIO_A',$,$,#8486,#8476,$,$);
#8466=IFCCARTESIANPOINTLIST2D(((0.,0.),(0.,150.),(7924.8000000000002,150.),(7924.8000000000002,0.),(0.,0.)));
#8467=IFCINDEXEDPOLYCURVE(#8466,$,.F.);
#8468=IFCDIRECTION((0.,0.,1.));
#8469=IFCARBITRARYCLOSEDPROFILEDEF(.AREA.,$,#8467);
#8470=IFCCARTESIANPOINT((0.,0.,0.));
#8471=IFCDIRECTION((0.,0.,1.));
#8472=IFCDIRECTION((1.,0.,0.));
#8473=IFCAXIS2PLACEMENT3D(#8470,#8471,#8472);
#8474=IFCEXTRUDEDAREASOLID(#8469,#8473,#8468,3200.4000000000001);
#8475=IFCSHAPEREPRESENTATION(#11,'Body','SweptSolid',(#8474));
#8476=IFCPRODUCTDEFINITIONSHAPE($,$,(#8475));
#8482=IFCCARTESIANPOINT((69494.399999999994,48463.199999999997,7467.5999999999995));
#8483=IFCDIRECTION((0.,0.,1.));
#8484=IFCDIRECTION((6.123233995736766E-17,1.,0.));
#8485=IFCAXIS2PLACEMENT3D(#8482,#8483,#8484);
#8486=IFCLOCALPLACEMENT($,#8485);
#8487=IFCWALL('2qGkM6U$nFAOHPPqd84Ir1',$,'L3|STUDIO_A',$,$,#8508,#8498,$,$);
#8488=IFCCARTESIANPOINTLIST2D(((0.,0.),(0.,150.),(7924.8000000000002,150.),(7924.8000000000002,0.),(0.,0.)));
#8489=IFCINDEXEDPOLYCURVE(#8488,$,.F.);
#8490=IFCDIRECTION((0.,0.,1.));
#8491=IFCARBITRARYCLOSEDPROFILEDEF(.AREA.,$,#8489);
#8492=IFCCARTESIANPOINT((0.,0.,0.));
#8493=IFCDIRECTION((0.,0.,1.));
#8494=IFCDIRECTION((1.,0.,0.));
#8495=IFCAXIS2PLACEMENT3D(#8492,#8493,#8494);
#8496=IFCEXTRUDEDAREASOLID(#8491,#8495,#8490,3200.4000000000001);
#8497=IFCSHAPEREPRESENTATION(#11,'Body','SweptSolid',(#8496));
#8498=IFCPRODUCTDEFINITIONSHAPE($,$,(#8497));
#8504=IFCCARTESIANPOINT((79248.,48463.199999999997,7467.5999999999995));
#8505=IFCDIRECTION((0.,0.,1.));
#8506=IFCDIRECTION((6.123233995736766E-17,1.,0.));
#8507=IFCAXIS2PLACEMENT3D(#8504,#8505,#8506);
#8508=IFCLOCALPLACEMENT($,#8507);
#8509=IFCWALL('0gVBV6HRr2dhJiAWIS7yGJ',$,'L3|ONEBR_A',$,$,#8530,#8520,$,$);
#8510=IFCCARTESIANPOINTLIST2D(((0.,0.),(0.,150.),(10363.200000000001,150.),(10363.200000000001,0.),(0.,0.)));
#8511=IFCINDEXEDPOLYCURVE(#8510,$,.F.);
#8512=IFCDIRECTION((0.,0.,1.));
#8513=IFCARBITRARYCLOSEDPROFILEDEF(.AREA.,$,#8511);
#8514=IFCCARTESIANPOINT((0.,0.,0.));
#8515=IFCDIRECTION((0.,0.,1.));
#8516=IFCDIRECTION((1.,0.,0.));
#8517=IFCAXIS2PLACEMENT3D(#8514,#8515,#8516);
#8518=IFCEXTRUDEDAREASOLID(#8513,#8517,#8512,3200.4000000000001);
#8519=IFCSHAPEREPRESENTATION(#11,'Body','SweptSolid',(#8518));
#8520=IFCPRODUCTDEFINITIONSHAPE($,$,(#8519));
#8526=IFCCARTESIANPOINT((57302.400000000001,49682.400000000001,7467.5999999999995));
#8527=IFCDIRECTION((0.,0.,1.));
#8528=IFCDIRECTION((1.,0.,0.));
#8529=IFCAXIS2PLACEMENT3D(#8526,#8527,#8528);
#8530=IFCLOCALPLACEMENT($,#8529);
#8531=IFCWALL('39aDJnMZTA4P4WM1Ie3e4V',$,'L3|ONEBR_A',$,$,#8552,#8542,$,$);
#8532=IFCCARTESIANPOINTLIST2D(((0.,0.),(0.,150.),(10363.200000000001,150.),(10363.200000000001,0.),(0.,0.)));
#8533=IFCINDEXEDPOLYCURVE(#8532,$,.F.);
#8534=IFCDIRECTION((0.,0.,1.));
#8535=IFCARBITRARYCLOSEDPROFILEDEF(.AREA.,$,#8533);
#8536=IFCCARTESIANPOINT((0.,0.,0.));
#8537=IFCDIRECTION((0.,0.,1.));
#8538=IFCDIRECTION((1.,0.,0.));
#8539=IFCAXIS2PLACEMENT3D(#8536,#8537,#8538);
#8540=IFCEXTRUDEDAREASOLID(#8535,#8539,#8534,3200.4000000000001);
#8541=IFCSHAPEREPRESENTATION(#11,'Body','SweptSolid',(#8540));
#8542=IFCPRODUCTDEFINITIONSHAPE($,$,(#8541));
#8548=IFCCARTESIANPOINT((57302.400000000001,58826.400000000001,7467.5999999999995));
#8549=IFCDIRECTION((0.,0.,1.));
#8550=IFCDIRECTION((1.,0.,0.));
#8551=IFCAXIS2PLACEMENT3D(#8548,#8549,#8550);
#8552=IFCLOCALPLACEMENT($,#8551);
#8553=IFCWALL('3H9Yj3xv14fhmh2dgmMqNO',$,'L3|ONEBR_A',$,$,#8574,#8564,$,$);
#8554=IFCCARTESIANPOINTLIST2D(((0.,0.),(0.,150.),(9144.,150.),(9144.,0.),(0.,0.)));
#8555=IFCINDEXEDPOLYCURVE(#8554,$,.F.);
#8556=IFCDIRECTION((0.,0.,1.));
#8557=IFCARBITRARYCLOSEDPROFILEDEF(.AREA.,$,#8555);
#8558=IFCCARTESIANPOINT((0.,0.,0.));
#8559=IFCDIRECTION((0.,0.,1.));
#8560=IFCDIRECTION((1.,0.,0.));
#8561=IFCAXIS2PLACEMENT3D(#8558,#8559,#8560);
#8562=IFCEXTRUDEDAREASOLID(#8557,#8561,#8556,3200.4000000000001);
#8563=IFCSHAPEREPRESENTATION(#11,'Body','SweptSolid',(#8562));
#8564=IFCPRODUCTDEFINITIONSHAPE($,$,(#8563));
#8570=IFCCARTESIANPOINT((57302.400000000001,49682.400000000001,7467.5999999999995));
#8571=IFCDIRECTION((0.,0.,1.));
#8572=IFCDIRECTION((6.123233995736766E-17,1.,0.));
#8573=IFCAXIS2PLACEMENT3D(#8570,#8571,#8572);
#8574=IFCLOCALPLACEMENT($,#8573);
#8575=IFCWALL('0Y6Z4msWrBgRnuJ5UJM5r5',$,'L3|ONEBR_A',$,$,#8596,#8586,$,$);
#8576=IFCCARTESIANPOINTLIST2D(((0.,0.),(0.,150.),(9144.,150.),(9144.,0.),(0.,0.)));
#8577=IFCINDEXEDPOLYCURVE(#8576,$,.F.);
#8578=IFCDIRECTION((0.,0.,1.));
#8579=IFCARBITRARYCLOSEDPROFILEDEF(.AREA.,$,#8577);
#8580=IFCCARTESIANPOINT((0.,0.,0.));
#8581=IFCDIRECTION((0.,0.,1.));
#8582=IFCDIRECTION((1.,0.,0.));
#8583=IFCAXIS2PLACEMENT3D(#8580,#8581,#8582);
#8584=IFCEXTRUDEDAREASOLID(#8579,#8583,#8578,3200.4000000000001);
#8585=IFCSHAPEREPRESENTATION(#11,'Body','SweptSolid',(#8584));
#8586=IFCPRODUCTDEFINITIONSHAPE($,$,(#8585));
#8592=IFCCARTESIANPOINT((67665.599999999991,49682.400000000001,7467.5999999999995));
#8593=IFCDIRECTION((0.,0.,1.));
#8594=IFCDIRECTION((6.123233995736766E-17,1.,0.));
#8595=IFCAXIS2PLACEMENT3D(#8592,#8593,#8594);
#8596=IFCLOCALPLACEMENT($,#8595);
#8597=IFCWALL('2sEnjWsCT1zhiGPlD8_62D',$,'L3|ONEBR_A',$,$,#8618,#8608,$,$);
#8598=IFCCARTESIANPOINTLIST2D(((0.,0.),(0.,150.),(10363.200000000001,150.),(10363.200000000001,0.),(0.,0.)));
#8599=IFCINDEXEDPOLYCURVE(#8598,$,.F.);
#8600=IFCDIRECTION((0.,0.,1.));
#8601=IFCARBITRARYCLOSEDPROFILEDEF(.AREA.,$,#8599);
#8602=IFCCARTESIANPOINT((0.,0.,0.));
#8603=IFCDIRECTION((0.,0.,1.));
#8604=IFCDIRECTION((1.,0.,0.));
#8605=IFCAXIS2PLACEMENT3D(#8602,#8603,#8604);
#8606=IFCEXTRUDEDAREASOLID(#8601,#8605,#8600,3200.4000000000001);
#8607=IFCSHAPEREPRESENTATION(#11,'Body','SweptSolid',(#8606));
#8608=IFCPRODUCTDEFINITIONSHAPE($,$,(#8607));
#8614=IFCCARTESIANPOINT((3657.6000000000004,50901.599999999999,7467.5999999999995));
#8615=IFCDIRECTION((0.,0.,1.));
#8616=IFCDIRECTION((1.,0.,0.));
#8617=IFCAXIS2PLACEMENT3D(#8614,#8615,#8616);
#8618=IFCLOCALPLACEMENT($,#8617);
#8619=IFCWALL('1few7LV5HDi9BwqadGlVEr',$,'L3|ONEBR_A',$,$,#8640,#8630,$,$);
#8620=IFCCARTESIANPOINTLIST2D(((0.,0.),(0.,150.),(10363.200000000001,150.),(10363.200000000001,0.),(0.,0.)));
#8621=IFCINDEXEDPOLYCURVE(#8620,$,.F.);
#8622=IFCDIRECTION((0.,0.,1.));
#8623=IFCARBITRARYCLOSEDPROFILEDEF(.AREA.,$,#8621);
#8624=IFCCARTESIANPOINT((0.,0.,0.));
#8625=IFCDIRECTION((0.,0.,1.));
#8626=IFCDIRECTION((1.,0.,0.));
#8627=IFCAXIS2PLACEMENT3D(#8624,#8625,#8626);
#8628=IFCEXTRUDEDAREASOLID(#8623,#8627,#8622,3200.4000000000001);
#8629=IFCSHAPEREPRESENTATION(#11,'Body','SweptSolid',(#8628));
#8630=IFCPRODUCTDEFINITIONSHAPE($,$,(#8629));
#8636=IFCCARTESIANPOINT((3657.6000000000004,60045.599999999999,7467.5999999999995));
#8637=IFCDIRECTION((0.,0.,1.));
#8638=IFCDIRECTION((1.,0.,0.));
#8639=IFCAXIS2PLACEMENT3D(#8636,#8637,#8638);
#8640=IFCLOCALPLACEMENT($,#8639);
#8641=IFCWALL('2B4RIdtPvAyQQn1mzh$hm9',$,'L3|ONEBR_A',$,$,#8662,#8652,$,$);
#8642=IFCCARTESIANPOINTLIST2D(((0.,0.),(0.,150.),(9144.,150.),(9144.,0.),(0.,0.)));
#8643=IFCINDEXEDPOLYCURVE(#8642,$,.F.);
#8644=IFCDIRECTION((0.,0.,1.));
#8645=IFCARBITRARYCLOSEDPROFILEDEF(.AREA.,$,#8643);
#8646=IFCCARTESIANPOINT((0.,0.,0.));
#8647=IFCDIRECTION((0.,0.,1.));
#8648=IFCDIRECTION((1.,0.,0.));
#8649=IFCAXIS2PLACEMENT3D(#8646,#8647,#8648);
#8650=IFCEXTRUDEDAREASOLID(#8645,#8649,#8644,3200.4000000000001);
#8651=IFCSHAPEREPRESENTATION(#11,'Body','SweptSolid',(#8650));
#8652=IFCPRODUCTDEFINITIONSHAPE($,$,(#8651));
#8658=IFCCARTESIANPOINT((3657.6000000000004,50901.599999999999,7467.5999999999995));
#8659=IFCDIRECTION((0.,0.,1.));
#8660=IFCDIRECTION((6.123233995736766E-17,1.,0.));
#8661=IFCAXIS2PLACEMENT3D(#8658,#8659,#8660);
#8662=IFCLOCALPLACEMENT($,#8661);
#8663=IFCWALL('0gVPpZHhj2lgiUjO_mCPY3',$,'L3|ONEBR_A',$,$,#8684,#8674,$,$);
#8664=IFCCARTESIANPOINTLIST2D(((0.,0.),(0.,150.),(9144.,150.),(9144.,0.),(0.,0.)));
#8665=IFCINDEXEDPOLYCURVE(#8664,$,.F.);
#8666=IFCDIRECTION((0.,0.,1.));
#8667=IFCARBITRARYCLOSEDPROFILEDEF(.AREA.,$,#8665);
#8668=IFCCARTESIANPOINT((0.,0.,0.));
#8669=IFCDIRECTION((0.,0.,1.));
#8670=IFCDIRECTION((1.,0.,0.));
#8671=IFCAXIS2PLACEMENT3D(#8668,#8669,#8670);
#8672=IFCEXTRUDEDAREASOLID(#8667,#8671,#8666,3200.4000000000001);
#8673=IFCSHAPEREPRESENTATION(#11,'Body','SweptSolid',(#8672));
#8674=IFCPRODUCTDEFINITIONSHAPE($,$,(#8673));
#8680=IFCCARTESIANPOINT((14020.800000000001,50901.599999999999,7467.5999999999995));
#8681=IFCDIRECTION((0.,0.,1.));
#8682=IFCDIRECTION((6.123233995736766E-17,1.,0.));
#8683=IFCAXIS2PLACEMENT3D(#8680,#8681,#8682);
#8684=IFCLOCALPLACEMENT($,#8683);
#8685=IFCWALL('3qflbKoZr4Sgf9$fDLaOHL',$,'L4|TWOBR_A',$,$,#8706,#8696,$,$);
#8686=IFCCARTESIANPOINTLIST2D(((0.,0.),(0.,150.),(10972.800000000001,150.),(10972.800000000001,0.),(0.,0.)));
#8687=IFCINDEXEDPOLYCURVE(#8686,$,.F.);
#8688=IFCDIRECTION((0.,0.,1.));
#8689=IFCARBITRARYCLOSEDPROFILEDEF(.AREA.,$,#8687);
#8690=IFCCARTESIANPOINT((0.,0.,0.));
#8691=IFCDIRECTION((0.,0.,1.));
#8692=IFCDIRECTION((1.,0.,0.));
#8693=IFCAXIS2PLACEMENT3D(#8690,#8691,#8692);
#8694=IFCEXTRUDEDAREASOLID(#8689,#8693,#8688,3200.4000000000001);
#8695=IFCSHAPEREPRESENTATION(#11,'Body','SweptSolid',(#8694));
#8696=IFCPRODUCTDEFINITIONSHAPE($,$,(#8695));
#8702=IFCCARTESIANPOINT((3048.,11887.199999999999,10668.));
#8703=IFCDIRECTION((0.,0.,1.));
#8704=IFCDIRECTION((1.,0.,0.));
#8705=IFCAXIS2PLACEMENT3D(#8702,#8703,#8704);
#8706=IFCLOCALPLACEMENT($,#8705);
#8707=IFCWALL('0nfqeikaX9Vv1VjImIprO8',$,'L4|TWOBR_A',$,$,#8728,#8718,$,$);
#8708=IFCCARTESIANPOINTLIST2D(((0.,0.),(0.,150.),(10972.800000000001,150.),(10972.800000000001,0.),(0.,0.)));
#8709=IFCINDEXEDPOLYCURVE(#8708,$,.F.);
#8710=IFCDIRECTION((0.,0.,1.));
#8711=IFCARBITRARYCLOSEDPROFILEDEF(.AREA.,$,#8709);
#8712=IFCCARTESIANPOINT((0.,0.,0.));
#8713=IFCDIRECTION((0.,0.,1.));
#8714=IFCDIRECTION((1.,0.,0.));
#8715=IFCAXIS2PLACEMENT3D(#8712,#8713,#8714);
#8716=IFCEXTRUDEDAREASOLID(#8711,#8715,#8710,3200.4000000000001);
#8717=IFCSHAPEREPRESENTATION(#11,'Body','SweptSolid',(#8716));
#8718=IFCPRODUCTDEFINITIONSHAPE($,$,(#8717));
#8724=IFCCARTESIANPOINT((3048.,22250.400000000001,10668.));
#8725=IFCDIRECTION((0.,0.,1.));
#8726=IFCDIRECTION((1.,0.,0.));
#8727=IFCAXIS2PLACEMENT3D(#8724,#8725,#8726);
#8728=IFCLOCALPLACEMENT($,#8727);
#8729=IFCWALL('35MESCzXD3heweHmjXO2BY',$,'L4|TWOBR_A',$,$,#8750,#8740,$,$);
#8730=IFCCARTESIANPOINTLIST2D(((0.,0.),(0.,150.),(10363.200000000001,150.),(10363.200000000001,0.),(0.,0.)));
#8731=IFCINDEXEDPOLYCURVE(#8730,$,.F.);
#8732=IFCDIRECTION((0.,0.,1.));
#8733=IFCARBITRARYCLOSEDPROFILEDEF(.AREA.,$,#8731);
#8734=IFCCARTESIANPOINT((0.,0.,0.));
#8735=IFCDIRECTION((0.,0.,1.));
#8736=IFCDIRECTION((1.,0.,0.));
#8737=IFCAXIS2PLACEMENT3D(#8734,#8735,#8736);
#8738=IFCEXTRUDEDAREASOLID(#8733,#8737,#8732,3200.4000000000001);
#8739=IFCSHAPEREPRESENTATION(#11,'Body','SweptSolid',(#8738));
#8740=IFCPRODUCTDEFINITIONSHAPE($,$,(#8739));
#8746=IFCCARTESIANPOINT((3048.,11887.199999999999,10668.));
#8747=IFCDIRECTION((0.,0.,1.));
#8748=IFCDIRECTION((6.123233995736766E-17,1.,0.));
#8749=IFCAXIS2PLACEMENT3D(#8746,#8747,#8748);
#8750=IFCLOCALPLACEMENT($,#8749);
#8751=IFCWALL('2WUrSc$z53gBS21eIc1CB_',$,'L4|TWOBR_A',$,$,#8772,#8762,$,$);
#8752=IFCCARTESIANPOINTLIST2D(((0.,0.),(0.,150.),(10363.200000000001,150.),(10363.200000000001,0.),(0.,0.)));
#8753=IFCINDEXEDPOLYCURVE(#8752,$,.F.);
#8754=IFCDIRECTION((0.,0.,1.));
#8755=IFCARBITRARYCLOSEDPROFILEDEF(.AREA.,$,#8753);
#8756=IFCCARTESIANPOINT((0.,0.,0.));
#8757=IFCDIRECTION((0.,0.,1.));
#8758=IFCDIRECTION((1.,0.,0.));
#8759=IFCAXIS2PLACEMENT3D(#8756,#8757,#8758);
#8760=IFCEXTRUDEDAREASOLID(#8755,#8759,#8754,3200.4000000000001);
#8761=IFCSHAPEREPRESENTATION(#11,'Body','SweptSolid',(#8760));
#8762=IFCPRODUCTDEFINITIONSHAPE($,$,(#8761));
#8768=IFCCARTESIANPOINT((14020.800000000001,11887.199999999999,10668.));
#8769=IFCDIRECTION((0.,0.,1.));
#8770=IFCDIRECTION((6.123233995736766E-17,1.,0.));
#8771=IFCAXIS2PLACEMENT3D(#8768,#8769,#8770);
#8772=IFCLOCALPLACEMENT($,#8771);
#8773=IFCWALL('11G76Nn_z44hWrB2jOELuu',$,'L4|STUDIO_A',$,$,#8794,#8784,$,$);
#8774=IFCCARTESIANPOINTLIST2D(((0.,0.),(0.,150.),(9753.6000000000004,150.),(9753.6000000000004,0.),(0.,0.)));
#8775=IFCINDEXEDPOLYCURVE(#8774,$,.F.);
#8776=IFCDIRECTION((0.,0.,1.));
#8777=IFCARBITRARYCLOSEDPROFILEDEF(.AREA.,$,#8775);
#8778=IFCCARTESIANPOINT((0.,0.,0.));
#8779=IFCDIRECTION((0.,0.,1.));
#8780=IFCDIRECTION((1.,0.,0.));
#8781=IFCAXIS2PLACEMENT3D(#8778,#8779,#8780);
#8782=IFCEXTRUDEDAREASOLID(#8777,#8781,#8776,3200.4000000000001);
#8783=IFCSHAPEREPRESENTATION(#11,'Body','SweptSolid',(#8782));
#8784=IFCPRODUCTDEFINITIONSHAPE($,$,(#8783));
#8790=IFCCARTESIANPOINT((15849.6,11887.199999999999,10668.));
#8791=IFCDIRECTION((0.,0.,1.));
#8792=IFCDIRECTION((1.,0.,0.));
#8793=IFCAXIS2PLACEMENT3D(#8790,#8791,#8792);
#8794=IFCLOCALPLACEMENT($,#8793);
#8795=IFCWALL('3zHRNMotzFVRlJgRzFGDMR',$,'L4|STUDIO_A',$,$,#8816,#8806,$,$);
#8796=IFCCARTESIANPOINTLIST2D(((0.,0.),(0.,150.),(9753.6000000000004,150.),(9753.6000000000004,0.),(0.,0.)));
#8797=IFCINDEXEDPOLYCURVE(#8796,$,.F.);
#8798=IFCDIRECTION((0.,0.,1.));
#8799=IFCARBITRARYCLOSEDPROFILEDEF(.AREA.,$,#8797);
#8800=IFCCARTESIANPOINT((0.,0.,0.));
#8801=IFCDIRECTION((0.,0.,1.));
#8802=IFCDIRECTION((1.,0.,0.));
#8803=IFCAXIS2PLACEMENT3D(#8800,#8801,#8802);
#8804=IFCEXTRUDEDAREASOLID(#8799,#8803,#8798,3200.4000000000001);
#8805=IFCSHAPEREPRESENTATION(#11,'Body','SweptSolid',(#8804));
#8806=IFCPRODUCTDEFINITIONSHAPE($,$,(#8805));
#8812=IFCCARTESIANPOINT((15849.6,19812.,10668.));
#8813=IFCDIRECTION((0.,0.,1.));
#8814=IFCDIRECTION((1.,0.,0.));
#8815=IFCAXIS2PLACEMENT3D(#8812,#8813,#8814);
#8816=IFCLOCALPLACEMENT($,#8815);
#8817=IFCWALL('3nMSj6f6rB_9cnGcwvollg',$,'L4|STUDIO_A',$,$,#8838,#8828,$,$);
#8818=IFCCARTESIANPOINTLIST2D(((0.,0.),(0.,150.),(7924.8000000000002,150.),(7924.8000000000002,0.),(0.,0.)));
#8819=IFCINDEXEDPOLYCURVE(#8818,$,.F.);
#8820=IFCDIRECTION((0.,0.,1.));
#8821=IFCARBITRARYCLOSEDPROFILEDEF(.AREA.,$,#8819);
#8822=IFCCARTESIANPOINT((0.,0.,0.));
#8823=IFCDIRECTION((0.,0.,1.));
#8824=IFCDIRECTION((1.,0.,0.));
#8825=IFCAXIS2PLACEMENT3D(#8822,#8823,#8824);
#8826=IFCEXTRUDEDAREASOLID(#8821,#8825,#8820,3200.4000000000001);
#8827=IFCSHAPEREPRESENTATION(#11,'Body','SweptSolid',(#8826));
#8828=IFCPRODUCTDEFINITIONSHAPE($,$,(#8827));
#8834=IFCCARTESIANPOINT((15849.6,11887.199999999999,10668.));
#8835=IFCDIRECTION((0.,0.,1.));
#8836=IFCDIRECTION((6.123233995736766E-17,1.,0.));
#8837=IFCAXIS2PLACEMENT3D(#8834,#8835,#8836);
#8838=IFCLOCALPLACEMENT($,#8837);
#8839=IFCWALL('01BFCwEn9AsB8xpir38aE5',$,'L4|STUDIO_A',$,$,#8860,#8850,$,$);
#8840=IFCCARTESIANPOINTLIST2D(((0.,0.),(0.,150.),(7924.8000000000002,150.),(7924.8000000000002,0.),(0.,0.)));
#8841=IFCINDEXEDPOLYCURVE(#8840,$,.F.);
#8842=IFCDIRECTION((0.,0.,1.));
#8843=IFCARBITRARYCLOSEDPROFILEDEF(.AREA.,$,#8841);
#8844=IFCCARTESIANPOINT((0.,0.,0.));
#8845=IFCDIRECTION((0.,0.,1.));
#8846=IFCDIRECTION((1.,0.,0.));
#8847=IFCAXIS2PLACEMENT3D(#8844,#8845,#8846);
#8848=IFCEXTRUDEDAREASOLID(#8843,#8847,#8842,3200.4000000000001);
#8849=IFCSHAPEREPRESENTATION(#11,'Body','SweptSolid',(#8848));
#8850=IFCPRODUCTDEFINITIONSHAPE($,$,(#8849));
#8856=IFCCARTESIANPOINT((25603.200000000001,11887.199999999999,10668.));
#8857=IFCDIRECTION((0.,0.,1.));
#8858=IFCDIRECTION((6.123233995736766E-17,1.,0.));
#8859=IFCAXIS2PLACEMENT3D(#8856,#8857,#8858);
#8860=IFCLOCALPLACEMENT($,#8859);
#8861=IFCWALL('0lV1$fbiD3i9MCA7q$8VHK',$,'L4|ONEBR_A',$,$,#8882,#8872,$,$);
#8862=IFCCARTESIANPOINTLIST2D(((0.,0.),(0.,150.),(10363.200000000001,150.),(10363.200000000001,0.),(0.,0.)));
#8863=IFCINDEXEDPOLYCURVE(#8862,$,.F.);
#8864=IFCDIRECTION((0.,0.,1.));
#8865=IFCARBITRARYCLOSEDPROFILEDEF(.AREA.,$,#8863);
#8866=IFCCARTESIANPOINT((0.,0.,0.));
#8867=IFCDIRECTION((0.,0.,1.));
#8868=IFCDIRECTION((1.,0.,0.));
#8869=IFCAXIS2PLACEMENT3D(#8866,#8867,#8868);
#8870=IFCEXTRUDEDAREASOLID(#8865,#8869,#8864,3200.4000000000001);
#8871=IFCSHAPEREPRESENTATION(#11,'Body','SweptSolid',(#8870));
#8872=IFCPRODUCTDEFINITIONSHAPE($,$,(#8871));
#8878=IFCCARTESIANPOINT((30480.,11887.199999999999,10668.));
#8879=IFCDIRECTION((0.,0.,1.));
#8880=IFCDIRECTION((1.,0.,0.));
#8881=IFCAXIS2PLACEMENT3D(#8878,#8879,#8880);
#8882=IFCLOCALPLACEMENT($,#8881);
#8883=IFCWALL('1qXKH93Oz3ehIZkm1Hvf8b',$,'L4|ONEBR_A',$,$,#8904,#8894,$,$);
#8884=IFCCARTESIANPOINTLIST2D(((0.,0.),(0.,150.),(10363.200000000001,150.),(10363.200000000001,0.),(0.,0.)));
#8885=IFCINDEXEDPOLYCURVE(#8884,$,.F.);
#8886=IFCDIRECTION((0.,0.,1.));
#8887=IFCARBITRARYCLOSEDPROFILEDEF(.AREA.,$,#8885);
#8888=IFCCARTESIANPOINT((0.,0.,0.));
#8889=IFCDIRECTION((0.,0.,1.));
#8890=IFCDIRECTION((1.,0.,0.));
#8891=IFCAXIS2PLACEMENT3D(#8888,#8889,#8890);
#8892=IFCEXTRUDEDAREASOLID(#8887,#8891,#8886,3200.4000000000001);
#8893=IFCSHAPEREPRESENTATION(#11,'Body','SweptSolid',(#8892));
#8894=IFCPRODUCTDEFINITIONSHAPE($,$,(#8893));
#8900=IFCCARTESIANPOINT((30480.,21031.200000000001,10668.));
#8901=IFCDIRECTION((0.,0.,1.));
#8902=IFCDIRECTION((1.,0.,0.));
#8903=IFCAXIS2PLACEMENT3D(#8900,#8901,#8902);
#8904=IFCLOCALPLACEMENT($,#8903);
#8905=IFCWALL('1Es94sxt5EixkcBp85IpWV',$,'L4|ONEBR_A',$,$,#8926,#8916,$,$);
#8906=IFCCARTESIANPOINTLIST2D(((0.,0.),(0.,150.),(9144.,150.),(9144.,0.),(0.,0.)));
#8907=IFCINDEXEDPOLYCURVE(#8906,$,.F.);
#8908=IFCDIRECTION((0.,0.,1.));
#8909=IFCARBITRARYCLOSEDPROFILEDEF(.AREA.,$,#8907);
#8910=IFCCARTESIANPOINT((0.,0.,0.));
#8911=IFCDIRECTION((0.,0.,1.));
#8912=IFCDIRECTION((1.,0.,0.));
#8913=IFCAXIS2PLACEMENT3D(#8910,#8911,#8912);
#8914=IFCEXTRUDEDAREASOLID(#8909,#8913,#8908,3200.4000000000001);
#8915=IFCSHAPEREPRESENTATION(#11,'Body','SweptSolid',(#8914));
#8916=IFCPRODUCTDEFINITIONSHAPE($,$,(#8915));
#8922=IFCCARTESIANPOINT((30480.,11887.199999999999,10668.));
#8923=IFCDIRECTION((0.,0.,1.));
#8924=IFCDIRECTION((6.123233995736766E-17,1.,0.));
#8925=IFCAXIS2PLACEMENT3D(#8922,#8923,#8924);
#8926=IFCLOCALPLACEMENT($,#8925);
#8927=IFCWALL('2bf5grQmfAhxMmCzA$7ABG',$,'L4|ONEBR_A',$,$,#8948,#8938,$,$);
#8928=IFCCARTESIANPOINTLIST2D(((0.,0.),(0.,150.),(9144.,150.),(9144.,0.),(0.,0.)));
#8929=IFCINDEXEDPOLYCURVE(#8928,$,.F.);
#8930=IFCDIRECTION((0.,0.,1.));
#8931=IFCARBITRARYCLOSEDPROFILEDEF(.AREA.,$,#8929);
#8932=IFCCARTESIANPOINT((0.,0.,0.));
#8933=IFCDIRECTION((0.,0.,1.));
#8934=IFCDIRECTION((1.,0.,0.));
#8935=IFCAXIS2PLACEMENT3D(#8932,#8933,#8934);
#8936=IFCEXTRUDEDAREASOLID(#8931,#8935,#8930,3200.4000000000001);
#8937=IFCSHAPEREPRESENTATION(#11,'Body','SweptSolid',(#8936));
#8938=IFCPRODUCTDEFINITIONSHAPE($,$,(#8937));
#8944=IFCCARTESIANPOINT((40843.200000000004,11887.199999999999,10668.));
#8945=IFCDIRECTION((0.,0.,1.));
#8946=IFCDIRECTION((6.123233995736766E-17,1.,0.));
#8947=IFCAXIS2PLACEMENT3D(#8944,#8945,#8946);
#8948=IFCLOCALPLACEMENT($,#8947);
#8949=IFCWALL('36tRR2d4HDNOLvH0waRTUC',$,'L4|TWOBR_A',$,$,#8970,#8960,$,$);
#8950=IFCCARTESIANPOINTLIST2D(((0.,0.),(0.,150.),(10972.800000000001,150.),(10972.800000000001,0.),(0.,0.)));
#8951=IFCINDEXEDPOLYCURVE(#8950,$,.F.);
#8952=IFCDIRECTION((0.,0.,1.));
#8953=IFCARBITRARYCLOSEDPROFILEDEF(.AREA.,$,#8951);
#8954=IFCCARTESIANPOINT((0.,0.,0.));
#8955=IFCDIRECTION((0.,0.,1.));
#8956=IFCDIRECTION((1.,0.,0.));
#8957=IFCAXIS2PLACEMENT3D(#8954,#8955,#8956);
#8958=IFCEXTRUDEDAREASOLID(#8953,#8957,#8952,3200.4000000000001);
#8959=IFCSHAPEREPRESENTATION(#11,'Body','SweptSolid',(#8958));
#8960=IFCPRODUCTDEFINITIONSHAPE($,$,(#8959));
#8966=IFCCARTESIANPOINT((42672.,11887.199999999999,10668.));
#8967=IFCDIRECTION((0.,0.,1.));
#8968=IFCDIRECTION((1.,0.,0.));
#8969=IFCAXIS2PLACEMENT3D(#8966,#8967,#8968);
#8970=IFCLOCALPLACEMENT($,#8969);
#8971=IFCWALL('0zkVYBMZr9lgDxw8Smv25o',$,'L4|TWOBR_A',$,$,#8992,#8982,$,$);
#8972=IFCCARTESIANPOINTLIST2D(((0.,0.),(0.,150.),(10972.800000000001,150.),(10972.800000000001,0.),(0.,0.)));
#8973=IFCINDEXEDPOLYCURVE(#8972,$,.F.);
#8974=IFCDIRECTION((0.,0.,1.));
#8975=IFCARBITRARYCLOSEDPROFILEDEF(.AREA.,$,#8973);
#8976=IFCCARTESIANPOINT((0.,0.,0.));
#8977=IFCDIRECTION((0.,0.,1.));
#8978=IFCDIRECTION((1.,0.,0.));
#8979=IFCAXIS2PLACEMENT3D(#8976,#8977,#8978);
#8980=IFCEXTRUDEDAREASOLID(#8975,#8979,#8974,3200.4000000000001);
#8981=IFCSHAPEREPRESENTATION(#11,'Body','SweptSolid',(#8980));
#8982=IFCPRODUCTDEFINITIONSHAPE($,$,(#8981));
#8988=IFCCARTESIANPOINT((42672.,22250.400000000001,10668.));
#8989=IFCDIRECTION((0.,0.,1.));
#8990=IFCDIRECTION((1.,0.,0.));
#8991=IFCAXIS2PLACEMENT3D(#8988,#8989,#8990);
#8992=IFCLOCALPLACEMENT($,#8991);
#8993=IFCWALL('23OYVGD8v849b7PTbCbDMw',$,'L4|TWOBR_A',$,$,#9014,#9004,$,$);
#8994=IFCCARTESIANPOINTLIST2D(((0.,0.),(0.,150.),(10363.200000000001,150.),(10363.200000000001,0.),(0.,0.)));
#8995=IFCINDEXEDPOLYCURVE(#8994,$,.F.);
#8996=IFCDIRECTION((0.,0.,1.));
#8997=IFCARBITRARYCLOSEDPROFILEDEF(.AREA.,$,#8995);
#8998=IFCCARTESIANPOINT((0.,0.,0.));
#8999=IFCDIRECTION((0.,0.,1.));
#9000=IFCDIRECTION((1.,0.,0.));
#9001=IFCAXIS2PLACEMENT3D(#8998,#8999,#9000);
#9002=IFCEXTRUDEDAREASOLID(#8997,#9001,#8996,3200.4000000000001);
#9003=IFCSHAPEREPRESENTATION(#11,'Body','SweptSolid',(#9002));
#9004=IFCPRODUCTDEFINITIONSHAPE($,$,(#9003));
#9010=IFCCARTESIANPOINT((42672.,11887.199999999999,10668.));
#9011=IFCDIRECTION((0.,0.,1.));
#9012=IFCDIRECTION((6.123233995736766E-17,1.,0.));
#9013=IFCAXIS2PLACEMENT3D(#9010,#9011,#9012);
#9014=IFCLOCALPLACEMENT($,#9013);
#9015=IFCWALL('3eTmk7l7LDBRdLKQKMCQ95',$,'L4|TWOBR_A',$,$,#9036,#9026,$,$);
#9016=IFCCARTESIANPOINTLIST2D(((0.,0.),(0.,150.),(10363.200000000001,150.),(10363.200000000001,0.),(0.,0.)));
#9017=IFCINDEXEDPOLYCURVE(#9016,$,.F.);
#9018=IFCDIRECTION((0.,0.,1.));
#9019=IFCARBITRARYCLOSEDPROFILEDEF(.AREA.,$,#9017);
#9020=IFCCARTESIANPOINT((0.,0.,0.));
#9021=IFCDIRECTION((0.,0.,1.));
#9022=IFCDIRECTION((1.,0.,0.));
#9023=IFCAXIS2PLACEMENT3D(#9020,#9021,#9022);
#9024=IFCEXTRUDEDAREASOLID(#9019,#9023,#9018,3200.4000000000001);
#9025=IFCSHAPEREPRESENTATION(#11,'Body','SweptSolid',(#9024));
#9026=IFCPRODUCTDEFINITIONSHAPE($,$,(#9025));
#9032=IFCCARTESIANPOINT((53644.800000000003,11887.199999999999,10668.));
#9033=IFCDIRECTION((0.,0.,1.));
#9034=IFCDIRECTION((6.123233995736766E-17,1.,0.));
#9035=IFCAXIS2PLACEMENT3D(#9032,#9033,#9034);
#9036=IFCLOCALPLACEMENT($,#9035);
#9037=IFCWALL('3OGFwFTDX2IhgLABcHA02P',$,'L4|ONEBR_A',$,$,#9058,#9048,$,$);
#9038=IFCCARTESIANPOINTLIST2D(((0.,0.),(0.,150.),(10363.200000000001,150.),(10363.200000000001,0.),(0.,0.)));
#9039=IFCINDEXEDPOLYCURVE(#9038,$,.F.);
#9040=IFCDIRECTION((0.,0.,1.));
#9041=IFCARBITRARYCLOSEDPROFILEDEF(.AREA.,$,#9039);
#9042=IFCCARTESIANPOINT((0.,0.,0.));
#9043=IFCDIRECTION((0.,0.,1.));
#9044=IFCDIRECTION((1.,0.,0.));
#9045=IFCAXIS2PLACEMENT3D(#9042,#9043,#9044);
#9046=IFCEXTRUDEDAREASOLID(#9041,#9045,#9040,3200.4000000000001);
#9047=IFCSHAPEREPRESENTATION(#11,'Body','SweptSolid',(#9046));
#9048=IFCPRODUCTDEFINITIONSHAPE($,$,(#9047));
#9054=IFCCARTESIANPOINT((57302.400000000001,11887.199999999999,10668.));
#9055=IFCDIRECTION((0.,0.,1.));
#9056=IFCDIRECTION((1.,0.,0.));
#9057=IFCAXIS2PLACEMENT3D(#9054,#9055,#9056);
#9058=IFCLOCALPLACEMENT($,#9057);
#9059=IFCWALL('1MvsoP0pP5_A9UhGEVeqZ9',$,'L4|ONEBR_A',$,$,#9080,#9070,$,$);
#9060=IFCCARTESIANPOINTLIST2D(((0.,0.),(0.,150.),(10363.200000000001,150.),(10363.200000000001,0.),(0.,0.)));
#9061=IFCINDEXEDPOLYCURVE(#9060,$,.F.);
#9062=IFCDIRECTION((0.,0.,1.));
#9063=IFCARBITRARYCLOSEDPROFILEDEF(.AREA.,$,#9061);
#9064=IFCCARTESIANPOINT((0.,0.,0.));
#9065=IFCDIRECTION((0.,0.,1.));
#9066=IFCDIRECTION((1.,0.,0.));
#9067=IFCAXIS2PLACEMENT3D(#9064,#9065,#9066);
#9068=IFCEXTRUDEDAREASOLID(#9063,#9067,#9062,3200.4000000000001);
#9069=IFCSHAPEREPRESENTATION(#11,'Body','SweptSolid',(#9068));
#9070=IFCPRODUCTDEFINITIONSHAPE($,$,(#9069));
#9076=IFCCARTESIANPOINT((57302.400000000001,21031.200000000001,10668.));
#9077=IFCDIRECTION((0.,0.,1.));
#9078=IFCDIRECTION((1.,0.,0.));
#9079=IFCAXIS2PLACEMENT3D(#9076,#9077,#9078);
#9080=IFCLOCALPLACEMENT($,#9079);
#9081=IFCWALL('2nUQ9cc_zCiAdHDbCa_$0Y',$,'L4|ONEBR_A',$,$,#9102,#9092,$,$);
#9082=IFCCARTESIANPOINTLIST2D(((0.,0.),(0.,150.),(9144.,150.),(9144.,0.),(0.,0.)));
#9083=IFCINDEXEDPOLYCURVE(#9082,$,.F.);
#9084=IFCDIRECTION((0.,0.,1.));
#9085=IFCARBITRARYCLOSEDPROFILEDEF(.AREA.,$,#9083);
#9086=IFCCARTESIANPOINT((0.,0.,0.));
#9087=IFCDIRECTION((0.,0.,1.));
#9088=IFCDIRECTION((1.,0.,0.));
#9089=IFCAXIS2PLACEMENT3D(#9086,#9087,#9088);
#9090=IFCEXTRUDEDAREASOLID(#9085,#9089,#9084,3200.4000000000001);
#9091=IFCSHAPEREPRESENTATION(#11,'Body','SweptSolid',(#9090));
#9092=IFCPRODUCTDEFINITIONSHAPE($,$,(#9091));
#9098=IFCCARTESIANPOINT((57302.400000000001,11887.199999999999,10668.));
#9099=IFCDIRECTION((0.,0.,1.));
#9100=IFCDIRECTION((6.123233995736766E-17,1.,0.));
#9101=IFCAXIS2PLACEMENT3D(#9098,#9099,#9100);
#9102=IFCLOCALPLACEMENT($,#9101);
#9103=IFCWALL('25EcaJctr5jvCHkR55MKMK',$,'L4|ONEBR_A',$,$,#9124,#9114,$,$);
#9104=IFCCARTESIANPOINTLIST2D(((0.,0.),(0.,150.),(9144.,150.),(9144.,0.),(0.,0.)));
#9105=IFCINDEXEDPOLYCURVE(#9104,$,.F.);
#9106=IFCDIRECTION((0.,0.,1.));
#9107=IFCARBITRARYCLOSEDPROFILEDEF(.AREA.,$,#9105);
#9108=IFCCARTESIANPOINT((0.,0.,0.));
#9109=IFCDIRECTION((0.,0.,1.));
#9110=IFCDIRECTION((1.,0.,0.));
#9111=IFCAXIS2PLACEMENT3D(#9108,#9109,#9110);
#9112=IFCEXTRUDEDAREASOLID(#9107,#9111,#9106,3200.4000000000001);
#9113=IFCSHAPEREPRESENTATION(#11,'Body','SweptSolid',(#9112));
#9114=IFCPRODUCTDEFINITIONSHAPE($,$,(#9113));
#9120=IFCCARTESIANPOINT((67665.599999999991,11887.199999999999,10668.));
#9121=IFCDIRECTION((0.,0.,1.));
#9122=IFCDIRECTION((6.123233995736766E-17,1.,0.));
#9123=IFCAXIS2PLACEMENT3D(#9120,#9121,#9122);
#9124=IFCLOCALPLACEMENT($,#9123);
#9125=IFCWALL('3PaSDG4KD85vLp91Eoh8yB',$,'L4|TWOBR_A',$,$,#9146,#9136,$,$);
#9126=IFCCARTESIANPOINTLIST2D(((0.,0.),(0.,150.),(10972.800000000001,150.),(10972.800000000001,0.),(0.,0.)));
#9127=IFCINDEXEDPOLYCURVE(#9126,$,.F.);
#9128=IFCDIRECTION((0.,0.,1.));
#9129=IFCARBITRARYCLOSEDPROFILEDEF(.AREA.,$,#9127);
#9130=IFCCARTESIANPOINT((0.,0.,0.));
#9131=IFCDIRECTION((0.,0.,1.));
#9132=IFCDIRECTION((1.,0.,0.));
#9133=IFCAXIS2PLACEMENT3D(#9130,#9131,#9132);
#9134=IFCEXTRUDEDAREASOLID(#9129,#9133,#9128,3200.4000000000001);
#9135=IFCSHAPEREPRESENTATION(#11,'Body','SweptSolid',(#9134));
#9136=IFCPRODUCTDEFINITIONSHAPE($,$,(#9135));
#9142=IFCCARTESIANPOINT((69494.399999999994,11887.199999999999,10668.));
#9143=IFCDIRECTION((0.,0.,1.));
#9144=IFCDIRECTION((1.,0.,0.));
#9145=IFCAXIS2PLACEMENT3D(#9142,#9143,#9144);
#9146=IFCLOCALPLACEMENT($,#9145);
#9147=IFCWALL('3vw95Uwev8E93PqNxG4bks',$,'L4|TWOBR_A',$,$,#9168,#9158,$,$);
#9148=IFCCARTESIANPOINTLIST2D(((0.,0.),(0.,150.),(10972.800000000001,150.),(10972.800000000001,0.),(0.,0.)));
#9149=IFCINDEXEDPOLYCURVE(#9148,$,.F.);
#9150=IFCDIRECTION((0.,0.,1.));
#9151=IFCARBITRARYCLOSEDPROFILEDEF(.AREA.,$,#9149);
#9152=IFCCARTESIANPOINT((0.,0.,0.));
#9153=IFCDIRECTION((0.,0.,1.));
#9154=IFCDIRECTION((1.,0.,0.));
#9155=IFCAXIS2PLACEMENT3D(#9152,#9153,#9154);
#9156=IFCEXTRUDEDAREASOLID(#9151,#9155,#9150,3200.4000000000001);
#9157=IFCSHAPEREPRESENTATION(#11,'Body','SweptSolid',(#9156));
#9158=IFCPRODUCTDEFINITIONSHAPE($,$,(#9157));
#9164=IFCCARTESIANPOINT((69494.399999999994,22250.400000000001,10668.));
#9165=IFCDIRECTION((0.,0.,1.));
#9166=IFCDIRECTION((1.,0.,0.));
#9167=IFCAXIS2PLACEMENT3D(#9164,#9165,#9166);
#9168=IFCLOCALPLACEMENT($,#9167);
#9169=IFCWALL('1UhPQJkBL3mhOFJwOmWwN4',$,'L4|TWOBR_A',$,$,#9190,#9180,$,$);
#9170=IFCCARTESIANPOINTLIST2D(((0.,0.),(0.,150.),(10363.200000000001,150.),(10363.200000000001,0.),(0.,0.)));
#9171=IFCINDEXEDPOLYCURVE(#9170,$,.F.);
#9172=IFCDIRECTION((0.,0.,1.));
#9173=IFCARBITRARYCLOSEDPROFILEDEF(.AREA.,$,#9171);
#9174=IFCCARTESIANPOINT((0.,0.,0.));
#9175=IFCDIRECTION((0.,0.,1.));
#9176=IFCDIRECTION((1.,0.,0.));
#9177=IFCAXIS2PLACEMENT3D(#9174,#9175,#9176);
#9178=IFCEXTRUDEDAREASOLID(#9173,#9177,#9172,3200.4000000000001);
#9179=IFCSHAPEREPRESENTATION(#11,'Body','SweptSolid',(#9178));
#9180=IFCPRODUCTDEFINITIONSHAPE($,$,(#9179));
#9186=IFCCARTESIANPOINT((69494.399999999994,11887.199999999999,10668.));
#9187=IFCDIRECTION((0.,0.,1.));
#9188=IFCDIRECTION((6.123233995736766E-17,1.,0.));
#9189=IFCAXIS2PLACEMENT3D(#9186,#9187,#9188);
#9190=IFCLOCALPLACEMENT($,#9189);
#9191=IFCWALL('1j46Pmd7f2kxPRnXHsBnzG',$,'L4|TWOBR_A',$,$,#9212,#9202,$,$);
#9192=IFCCARTESIANPOINTLIST2D(((0.,0.),(0.,150.),(10363.200000000001,150.),(10363.200000000001,0.),(0.,0.)));
#9193=IFCINDEXEDPOLYCURVE(#9192,$,.F.);
#9194=IFCDIRECTION((0.,0.,1.));
#9195=IFCARBITRARYCLOSEDPROFILEDEF(.AREA.,$,#9193);
#9196=IFCCARTESIANPOINT((0.,0.,0.));
#9197=IFCDIRECTION((0.,0.,1.));
#9198=IFCDIRECTION((1.,0.,0.));
#9199=IFCAXIS2PLACEMENT3D(#9196,#9197,#9198);
#9200=IFCEXTRUDEDAREASOLID(#9195,#9199,#9194,3200.4000000000001);
#9201=IFCSHAPEREPRESENTATION(#11,'Body','SweptSolid',(#9200));
#9202=IFCPRODUCTDEFINITIONSHAPE($,$,(#9201));
#9208=IFCCARTESIANPOINT((80467.199999999997,11887.199999999999,10668.));
#9209=IFCDIRECTION((0.,0.,1.));
#9210=IFCDIRECTION((6.123233995736766E-17,1.,0.));
#9211=IFCAXIS2PLACEMENT3D(#9208,#9209,#9210);
#9212=IFCLOCALPLACEMENT($,#9211);
#9213=IFCWALL('0G1Dho0znFouzQ1g9UFSvO',$,'L4|ONEBR_A',$,$,#9234,#9224,$,$);
#9214=IFCCARTESIANPOINTLIST2D(((0.,0.),(0.,150.),(10363.200000000001,150.),(10363.200000000001,0.),(0.,0.)));
#9215=IFCINDEXEDPOLYCURVE(#9214,$,.F.);
#9216=IFCDIRECTION((0.,0.,1.));
#9217=IFCARBITRARYCLOSEDPROFILEDEF(.AREA.,$,#9215);
#9218=IFCCARTESIANPOINT((0.,0.,0.));
#9219=IFCDIRECTION((0.,0.,1.));
#9220=IFCDIRECTION((1.,0.,0.));
#9221=IFCAXIS2PLACEMENT3D(#9218,#9219,#9220);
#9222=IFCEXTRUDEDAREASOLID(#9217,#9221,#9216,3200.4000000000001);
#9223=IFCSHAPEREPRESENTATION(#11,'Body','SweptSolid',(#9222));
#9224=IFCPRODUCTDEFINITIONSHAPE($,$,(#9223));
#9230=IFCCARTESIANPOINT((15849.6,19812.,10668.));
#9231=IFCDIRECTION((0.,0.,1.));
#9232=IFCDIRECTION((1.,0.,0.));
#9233=IFCAXIS2PLACEMENT3D(#9230,#9231,#9232);
#9234=IFCLOCALPLACEMENT($,#9233);
#9235=IFCWALL('3E$dYmLYP088zCKIeK7bt_',$,'L4|ONEBR_A',$,$,#9256,#9246,$,$);
#9236=IFCCARTESIANPOINTLIST2D(((0.,0.),(0.,150.),(10363.200000000001,150.),(10363.200000000001,0.),(0.,0.)));
#9237=IFCINDEXEDPOLYCURVE(#9236,$,.F.);
#9238=IFCDIRECTION((0.,0.,1.));
#9239=IFCARBITRARYCLOSEDPROFILEDEF(.AREA.,$,#9237);
#9240=IFCCARTESIANPOINT((0.,0.,0.));
#9241=IFCDIRECTION((0.,0.,1.));
#9242=IFCDIRECTION((1.,0.,0.));
#9243=IFCAXIS2PLACEMENT3D(#9240,#9241,#9242);
#9244=IFCEXTRUDEDAREASOLID(#9239,#9243,#9238,3200.4000000000001);
#9245=IFCSHAPEREPRESENTATION(#11,'Body','SweptSolid',(#9244));
#9246=IFCPRODUCTDEFINITIONSHAPE($,$,(#9245));
#9252=IFCCARTESIANPOINT((15849.6,28956.000000000004,10668.));
#9253=IFCDIRECTION((0.,0.,1.));
#9254=IFCDIRECTION((1.,0.,0.));
#9255=IFCAXIS2PLACEMENT3D(#9252,#9253,#9254);
#9256=IFCLOCALPLACEMENT($,#9255);
#9257=IFCWALL('0q3knXPUr1NvGt_9krMQQb',$,'L4|ONEBR_A',$,$,#9278,#9268,$,$);
#9258=IFCCARTESIANPOINTLIST2D(((0.,0.),(0.,150.),(9144.,150.),(9144.,0.),(0.,0.)));
#9259=IFCINDEXEDPOLYCURVE(#9258,$,.F.);
#9260=IFCDIRECTION((0.,0.,1.));
#9261=IFCARBITRARYCLOSEDPROFILEDEF(.AREA.,$,#9259);
#9262=IFCCARTESIANPOINT((0.,0.,0.));
#9263=IFCDIRECTION((0.,0.,1.));
#9264=IFCDIRECTION((1.,0.,0.));
#9265=IFCAXIS2PLACEMENT3D(#9262,#9263,#9264);
#9266=IFCEXTRUDEDAREASOLID(#9261,#9265,#9260,3200.4000000000001);
#9267=IFCSHAPEREPRESENTATION(#11,'Body','SweptSolid',(#9266));
#9268=IFCPRODUCTDEFINITIONSHAPE($,$,(#9267));
#9274=IFCCARTESIANPOINT((15849.6,19812.,10668.));
#9275=IFCDIRECTION((0.,0.,1.));
#9276=IFCDIRECTION((6.123233995736766E-17,1.,0.));
#9277=IFCAXIS2PLACEMENT3D(#9274,#9275,#9276);
#9278=IFCLOCALPLACEMENT($,#9277);
#9279=IFCWALL('2R$$FHcVj9PQfdfIhvhCD7',$,'L4|ONEBR_A',$,$,#9300,#9290,$,$);
#9280=IFCCARTESIANPOINTLIST2D(((0.,0.),(0.,150.),(9144.,150.),(9144.,0.),(0.,0.)));
#9281=IFCINDEXEDPOLYCURVE(#9280,$,.F.);
#9282=IFCDIRECTION((0.,0.,1.));
#9283=IFCARBITRARYCLOSEDPROFILEDEF(.AREA.,$,#9281);
#9284=IFCCARTESIANPOINT((0.,0.,0.));
#9285=IFCDIRECTION((0.,0.,1.));
#9286=IFCDIRECTION((1.,0.,0.));
#9287=IFCAXIS2PLACEMENT3D(#9284,#9285,#9286);
#9288=IFCEXTRUDEDAREASOLID(#9283,#9287,#9282,3200.4000000000001);
#9289=IFCSHAPEREPRESENTATION(#11,'Body','SweptSolid',(#9288));
#9290=IFCPRODUCTDEFINITIONSHAPE($,$,(#9289));
#9296=IFCCARTESIANPOINT((26212.799999999999,19812.,10668.));
#9297=IFCDIRECTION((0.,0.,1.));
#9298=IFCDIRECTION((6.123233995736766E-17,1.,0.));
#9299=IFCAXIS2PLACEMENT3D(#9296,#9297,#9298);
#9300=IFCLOCALPLACEMENT($,#9299);
#9301=IFCWALL('0TGakX_5D89AsArHOsLgrx',$,'L4|STUDIO_A',$,$,#9322,#9312,$,$);
#9302=IFCCARTESIANPOINTLIST2D(((0.,0.),(0.,150.),(9753.6000000000004,150.),(9753.6000000000004,0.),(0.,0.)));
#9303=IFCINDEXEDPOLYCURVE(#9302,$,.F.);
#9304=IFCDIRECTION((0.,0.,1.));
#9305=IFCARBITRARYCLOSEDPROFILEDEF(.AREA.,$,#9303);
#9306=IFCCARTESIANPOINT((0.,0.,0.));
#9307=IFCDIRECTION((0.,0.,1.));
#9308=IFCDIRECTION((1.,0.,0.));
#9309=IFCAXIS2PLACEMENT3D(#9306,#9307,#9308);
#9310=IFCEXTRUDEDAREASOLID(#9305,#9309,#9304,3200.4000000000001);
#9311=IFCSHAPEREPRESENTATION(#11,'Body','SweptSolid',(#9310));
#9312=IFCPRODUCTDEFINITIONSHAPE($,$,(#9311));
#9318=IFCCARTESIANPOINT((31089.599999999999,21031.200000000001,10668.));
#9319=IFCDIRECTION((0.,0.,1.));
#9320=IFCDIRECTION((1.,0.,0.));
#9321=IFCAXIS2PLACEMENT3D(#9318,#9319,#9320);
#9322=IFCLOCALPLACEMENT($,#9321);
#9323=IFCWALL('0xT9BNn6X0aBwhfGj2NhJx',$,'L4|STUDIO_A',$,$,#9344,#9334,$,$);
#9324=IFCCARTESIANPOINTLIST2D(((0.,0.),(0.,150.),(9753.6000000000004,150.),(9753.6000000000004,0.),(0.,0.)));
#9325=IFCINDEXEDPOLYCURVE(#9324,$,.F.);
#9326=IFCDIRECTION((0.,0.,1.));
#9327=IFCARBITRARYCLOSEDPROFILEDEF(.AREA.,$,#9325);
#9328=IFCCARTESIANPOINT((0.,0.,0.));
#9329=IFCDIRECTION((0.,0.,1.));
#9330=IFCDIRECTION((1.,0.,0.));
#9331=IFCAXIS2PLACEMENT3D(#9328,#9329,#9330);
#9332=IFCEXTRUDEDAREASOLID(#9327,#9331,#9326,3200.4000000000001);
#9333=IFCSHAPEREPRESENTATION(#11,'Body','SweptSolid',(#9332));
#9334=IFCPRODUCTDEFINITIONSHAPE($,$,(#9333));
#9340=IFCCARTESIANPOINT((31089.599999999999,28956.000000000004,10668.));
#9341=IFCDIRECTION((0.,0.,1.));
#9342=IFCDIRECTION((1.,0.,0.));
#9343=IFCAXIS2PLACEMENT3D(#9340,#9341,#9342);
#9344=IFCLOCALPLACEMENT($,#9343);
#9345=IFCWALL('3wJZN0$Jb70u62kjyCIbLI',$,'L4|STUDIO_A',$,$,#9366,#9356,$,$);
#9346=IFCCARTESIANPOINTLIST2D(((0.,0.),(0.,150.),(7924.8000000000002,150.),(7924.8000000000002,0.),(0.,0.)));
#9347=IFCINDEXEDPOLYCURVE(#9346,$,.F.);
#9348=IFCDIRECTION((0.,0.,1.));
#9349=IFCARBITRARYCLOSEDPROFILEDEF(.AREA.,$,#9347);
#9350=IFCCARTESIANPOINT((0.,0.,0.));
#9351=IFCDIRECTION((0.,0.,1.));
#9352=IFCDIRECTION((1.,0.,0.));
#9353=IFCAXIS2PLACEMENT3D(#9350,#9351,#9352);
#9354=IFCEXTRUDEDAREASOLID(#9349,#9353,#9348,3200.4000000000001);
#9355=IFCSHAPEREPRESENTATION(#11,'Body','SweptSolid',(#9354));
#9356=IFCPRODUCTDEFINITIONSHAPE($,$,(#9355));
#9362=IFCCARTESIANPOINT((31089.599999999999,21031.200000000001,10668.));
#9363=IFCDIRECTION((0.,0.,1.));
#9364=IFCDIRECTION((6.123233995736766E-17,1.,0.));
#9365=IFCAXIS2PLACEMENT3D(#9362,#9363,#9364);
#9366=IFCLOCALPLACEMENT($,#9365);
#9367=IFCWALL('2zUdl2lZ1048RoDaysbyW8',$,'L4|STUDIO_A',$,$,#9388,#9378,$,$);
#9368=IFCCARTESIANPOINTLIST2D(((0.,0.),(0.,150.),(7924.8000000000002,150.),(7924.8000000000002,0.),(0.,0.)));
#9369=IFCINDEXEDPOLYCURVE(#9368,$,.F.);
#9370=IFCDIRECTION((0.,0.,1.));
#9371=IFCARBITRARYCLOSEDPROFILEDEF(.AREA.,$,#9369);
#9372=IFCCARTESIANPOINT((0.,0.,0.));
#9373=IFCDIRECTION((0.,0.,1.));
#9374=IFCDIRECTION((1.,0.,0.));
#9375=IFCAXIS2PLACEMENT3D(#9372,#9373,#9374);
#9376=IFCEXTRUDEDAREASOLID(#9371,#9375,#9370,3200.4000000000001);
#9377=IFCSHAPEREPRESENTATION(#11,'Body','SweptSolid',(#9376));
#9378=IFCPRODUCTDEFINITIONSHAPE($,$,(#9377));
#9384=IFCCARTESIANPOINT((40843.200000000004,21031.200000000001,10668.));
#9385=IFCDIRECTION((0.,0.,1.));
#9386=IFCDIRECTION((6.123233995736766E-17,1.,0.));
#9387=IFCAXIS2PLACEMENT3D(#9384,#9385,#9386);
#9388=IFCLOCALPLACEMENT($,#9387);
#9389=IFCWALL('3rUHyi1vXD884B1ogyUnFY',$,'L4|TWOBR_A',$,$,#9410,#9400,$,$);
#9390=IFCCARTESIANPOINTLIST2D(((0.,0.),(0.,150.),(10972.800000000001,150.),(10972.800000000001,0.),(0.,0.)));
#9391=IFCINDEXEDPOLYCURVE(#9390,$,.F.);
#9392=IFCDIRECTION((0.,0.,1.));
#9393=IFCARBITRARYCLOSEDPROFILEDEF(.AREA.,$,#9391);
#9394=IFCCARTESIANPOINT((0.,0.,0.));
#9395=IFCDIRECTION((0.,0.,1.));
#9396=IFCDIRECTION((1.,0.,0.));
#9397=IFCAXIS2PLACEMENT3D(#9394,#9395,#9396);
#9398=IFCEXTRUDEDAREASOLID(#9393,#9397,#9392,3200.4000000000001);
#9399=IFCSHAPEREPRESENTATION(#11,'Body','SweptSolid',(#9398));
#9400=IFCPRODUCTDEFINITIONSHAPE($,$,(#9399));
#9406=IFCCARTESIANPOINT((56692.800000000003,21031.200000000001,10668.));
#9407=IFCDIRECTION((0.,0.,1.));
#9408=IFCDIRECTION((1.,0.,0.));
#9409=IFCAXIS2PLACEMENT3D(#9406,#9407,#9408);
#9410=IFCLOCALPLACEMENT($,#9409);
#9411=IFCWALL('0HWz5G69z8hPBchQa5SKbo',$,'L4|TWOBR_A',$,$,#9432,#9422,$,$);
#9412=IFCCARTESIANPOINTLIST2D(((0.,0.),(0.,150.),(10972.800000000001,150.),(10972.800000000001,0.),(0.,0.)));
#9413=IFCINDEXEDPOLYCURVE(#9412,$,.F.);
#9414=IFCDIRECTION((0.,0.,1.));
#9415=IFCARBITRARYCLOSEDPROFILEDEF(.AREA.,$,#9413);
#9416=IFCCARTESIANPOINT((0.,0.,0.));
#9417=IFCDIRECTION((0.,0.,1.));
#9418=IFCDIRECTION((1.,0.,0.));
#9419=IFCAXIS2PLACEMENT3D(#9416,#9417,#9418);
#9420=IFCEXTRUDEDAREASOLID(#9415,#9419,#9414,3200.4000000000001);
#9421=IFCSHAPEREPRESENTATION(#11,'Body','SweptSolid',(#9420));
#9422=IFCPRODUCTDEFINITIONSHAPE($,$,(#9421));
#9428=IFCCARTESIANPOINT((56692.800000000003,31394.400000000001,10668.));
#9429=IFCDIRECTION((0.,0.,1.));
#9430=IFCDIRECTION((1.,0.,0.));
#9431=IFCAXIS2PLACEMENT3D(#9428,#9429,#9430);
#9432=IFCLOCALPLACEMENT($,#9431);
#9433=IFCWALL('19Ya00cpPFtQnXOOjEo1gn',$,'L4|TWOBR_A',$,$,#9454,#9444,$,$);
#9434=IFCCARTESIANPOINTLIST2D(((0.,0.),(0.,150.),(10363.200000000001,150.),(10363.200000000001,0.),(0.,0.)));
#9435=IFCINDEXEDPOLYCURVE(#9434,$,.F.);
#9436=IFCDIRECTION((0.,0.,1.));
#9437=IFCARBITRARYCLOSEDPROFILEDEF(.AREA.,$,#9435);
#9438=IFCCARTESIANPOINT((0.,0.,0.));
#9439=IFCDIRECTION((0.,0.,1.));
#9440=IFCDIRECTION((1.,0.,0.));
#9441=IFCAXIS2PLACEMENT3D(#9438,#9439,#9440);
#9442=IFCEXTRUDEDAREASOLID(#9437,#9441,#9436,3200.4000000000001);
#9443=IFCSHAPEREPRESENTATION(#11,'Body','SweptSolid',(#9442));
#9444=IFCPRODUCTDEFINITIONSHAPE($,$,(#9443));
#9450=IFCCARTESIANPOINT((56692.800000000003,21031.200000000001,10668.));
#9451=IFCDIRECTION((0.,0.,1.));
#9452=IFCDIRECTION((6.123233995736766E-17,1.,0.));
#9453=IFCAXIS2PLACEMENT3D(#9450,#9451,#9452);
#9454=IFCLOCALPLACEMENT($,#9453);
#9455=IFCWALL('3sC6JucIH0Cvsqyi2ospcu',$,'L4|TWOBR_A',$,$,#9476,#9466,$,$);
#9456=IFCCARTESIANPOINTLIST2D(((0.,0.),(0.,150.),(10363.200000000001,150.),(10363.200000000001,0.),(0.,0.)));
#9457=IFCINDEXEDPOLYCURVE(#9456,$,.F.);
#9458=IFCDIRECTION((0.,0.,1.));
#9459=IFCARBITRARYCLOSEDPROFILEDEF(.AREA.,$,#9457);
#9460=IFCCARTESIANPOINT((0.,0.,0.));
#9461=IFCDIRECTION((0.,0.,1.));
#9462=IFCDIRECTION((1.,0.,0.));
#9463=IFCAXIS2PLACEMENT3D(#9460,#9461,#9462);
#9464=IFCEXTRUDEDAREASOLID(#9459,#9463,#9458,3200.4000000000001);
#9465=IFCSHAPEREPRESENTATION(#11,'Body','SweptSolid',(#9464));
#9466=IFCPRODUCTDEFINITIONSHAPE($,$,(#9465));
#9472=IFCCARTESIANPOINT((67665.599999999991,21031.200000000001,10668.));
#9473=IFCDIRECTION((0.,0.,1.));
#9474=IFCDIRECTION((6.123233995736766E-17,1.,0.));
#9475=IFCAXIS2PLACEMENT3D(#9472,#9473,#9474);
#9476=IFCLOCALPLACEMENT($,#9475);
#9477=IFCWALL('3hFkI8Qpb2OxY7PPlzVCBJ',$,'L4|ONEBR_A',$,$,#9498,#9488,$,$);
#9478=IFCCARTESIANPOINTLIST2D(((0.,0.),(0.,150.),(10363.200000000001,150.),(10363.200000000001,0.),(0.,0.)));
#9479=IFCINDEXEDPOLYCURVE(#9478,$,.F.);
#9480=IFCDIRECTION((0.,0.,1.));
#9481=IFCARBITRARYCLOSEDPROFILEDEF(.AREA.,$,#9479);
#9482=IFCCARTESIANPOINT((0.,0.,0.));
#9483=IFCDIRECTION((0.,0.,1.));
#9484=IFCDIRECTION((1.,0.,0.));
#9485=IFCAXIS2PLACEMENT3D(#9482,#9483,#9484);
#9486=IFCEXTRUDEDAREASOLID(#9481,#9485,#9480,3200.4000000000001);
#9487=IFCSHAPEREPRESENTATION(#11,'Body','SweptSolid',(#9486));
#9488=IFCPRODUCTDEFINITIONSHAPE($,$,(#9487));
#9494=IFCCARTESIANPOINT((3657.6000000000004,22250.400000000001,10668.));
#9495=IFCDIRECTION((0.,0.,1.));
#9496=IFCDIRECTION((1.,0.,0.));
#9497=IFCAXIS2PLACEMENT3D(#9494,#9495,#9496);
#9498=IFCLOCALPLACEMENT($,#9497);
#9499=IFCWALL('0A$YXB_Ar6CeiV5xf$860h',$,'L4|ONEBR_A',$,$,#9520,#9510,$,$);
#9500=IFCCARTESIANPOINTLIST2D(((0.,0.),(0.,150.),(10363.200000000001,150.),(10363.200000000001,0.),(0.,0.)));
#9501=IFCINDEXEDPOLYCURVE(#9500,$,.F.);
#9502=IFCDIRECTION((0.,0.,1.));
#9503=IFCARBITRARYCLOSEDPROFILEDEF(.AREA.,$,#9501);
#9504=IFCCARTESIANPOINT((0.,0.,0.));
#9505=IFCDIRECTION((0.,0.,1.));
#9506=IFCDIRECTION((1.,0.,0.));
#9507=IFCAXIS2PLACEMENT3D(#9504,#9505,#9506);
#9508=IFCEXTRUDEDAREASOLID(#9503,#9507,#9502,3200.4000000000001);
#9509=IFCSHAPEREPRESENTATION(#11,'Body','SweptSolid',(#9508));
#9510=IFCPRODUCTDEFINITIONSHAPE($,$,(#9509));
#9516=IFCCARTESIANPOINT((3657.6000000000004,31394.400000000001,10668.));
#9517=IFCDIRECTION((0.,0.,1.));
#9518=IFCDIRECTION((1.,0.,0.));
#9519=IFCAXIS2PLACEMENT3D(#9516,#9517,#9518);
#9520=IFCLOCALPLACEMENT($,#9519);
#9521=IFCWALL('07jfQeftT048oVrsw1Cx8B',$,'L4|ONEBR_A',$,$,#9542,#9532,$,$);
#9522=IFCCARTESIANPOINTLIST2D(((0.,0.),(0.,150.),(9144.,150.),(9144.,0.),(0.,0.)));
#9523=IFCINDEXEDPOLYCURVE(#9522,$,.F.);
#9524=IFCDIRECTION((0.,0.,1.));
#9525=IFCARBITRARYCLOSEDPROFILEDEF(.AREA.,$,#9523);
#9526=IFCCARTESIANPOINT((0.,0.,0.));
#9527=IFCDIRECTION((0.,0.,1.));
#9528=IFCDIRECTION((1.,0.,0.));
#9529=IFCAXIS2PLACEMENT3D(#9526,#9527,#9528);
#9530=IFCEXTRUDEDAREASOLID(#9525,#9529,#9524,3200.4000000000001);
#9531=IFCSHAPEREPRESENTATION(#11,'Body','SweptSolid',(#9530));
#9532=IFCPRODUCTDEFINITIONSHAPE($,$,(#9531));
#9538=IFCCARTESIANPOINT((3657.6000000000004,22250.400000000001,10668.));
#9539=IFCDIRECTION((0.,0.,1.));
#9540=IFCDIRECTION((6.123233995736766E-17,1.,0.));
#9541=IFCAXIS2PLACEMENT3D(#9538,#9539,#9540);
#9542=IFCLOCALPLACEMENT($,#9541);
#9543=IFCWALL('3vTorYboHFORzkXJYW0kjz',$,'L4|ONEBR_A',$,$,#9564,#9554,$,$);
#9544=IFCCARTESIANPOINTLIST2D(((0.,0.),(0.,150.),(9144.,150.),(9144.,0.),(0.,0.)));
#9545=IFCINDEXEDPOLYCURVE(#9544,$,.F.);
#9546=IFCDIRECTION((0.,0.,1.));
#9547=IFCARBITRARYCLOSEDPROFILEDEF(.AREA.,$,#9545);
#9548=IFCCARTESIANPOINT((0.,0.,0.));
#9549=IFCDIRECTION((0.,0.,1.));
#9550=IFCDIRECTION((1.,0.,0.));
#9551=IFCAXIS2PLACEMENT3D(#9548,#9549,#9550);
#9552=IFCEXTRUDEDAREASOLID(#9547,#9551,#9546,3200.4000000000001);
#9553=IFCSHAPEREPRESENTATION(#11,'Body','SweptSolid',(#9552));
#9554=IFCPRODUCTDEFINITIONSHAPE($,$,(#9553));
#9560=IFCCARTESIANPOINT((14020.800000000001,22250.400000000001,10668.));
#9561=IFCDIRECTION((0.,0.,1.));
#9562=IFCDIRECTION((6.123233995736766E-17,1.,0.));
#9563=IFCAXIS2PLACEMENT3D(#9560,#9561,#9562);
#9564=IFCLOCALPLACEMENT($,#9563);
#9565=IFCWALL('3QNjpiYHv2GBMpIhxD3eUb',$,'L4|ONEBR_A',$,$,#9586,#9576,$,$);
#9566=IFCCARTESIANPOINTLIST2D(((0.,0.),(0.,150.),(10363.200000000001,150.),(10363.200000000001,0.),(0.,0.)));
#9567=IFCINDEXEDPOLYCURVE(#9566,$,.F.);
#9568=IFCDIRECTION((0.,0.,1.));
#9569=IFCARBITRARYCLOSEDPROFILEDEF(.AREA.,$,#9567);
#9570=IFCCARTESIANPOINT((0.,0.,0.));
#9571=IFCDIRECTION((0.,0.,1.));
#9572=IFCDIRECTION((1.,0.,0.));
#9573=IFCAXIS2PLACEMENT3D(#9570,#9571,#9572);
#9574=IFCEXTRUDEDAREASOLID(#9569,#9573,#9568,3200.4000000000001);
#9575=IFCSHAPEREPRESENTATION(#11,'Body','SweptSolid',(#9574));
#9576=IFCPRODUCTDEFINITIONSHAPE($,$,(#9575));
#9582=IFCCARTESIANPOINT((42672.,22250.400000000001,10668.));
#9583=IFCDIRECTION((0.,0.,1.));
#9584=IFCDIRECTION((1.,0.,0.));
#9585=IFCAXIS2PLACEMENT3D(#9582,#9583,#9584);
#9586=IFCLOCALPLACEMENT($,#9585);
#9587=IFCWALL('10N24ECQTApARCnb4gSq$N',$,'L4|ONEBR_A',$,$,#9608,#9598,$,$);
#9588=IFCCARTESIANPOINTLIST2D(((0.,0.),(0.,150.),(10363.200000000001,150.),(10363.200000000001,0.),(0.,0.)));
#9589=IFCINDEXEDPOLYCURVE(#9588,$,.F.);
#9590=IFCDIRECTION((0.,0.,1.));
#9591=IFCARBITRARYCLOSEDPROFILEDEF(.AREA.,$,#9589);
#9592=IFCCARTESIANPOINT((0.,0.,0.));
#9593=IFCDIRECTION((0.,0.,1.));
#9594=IFCDIRECTION((1.,0.,0.));
#9595=IFCAXIS2PLACEMENT3D(#9592,#9593,#9594);
#9596=IFCEXTRUDEDAREASOLID(#9591,#9595,#9590,3200.4000000000001);
#9597=IFCSHAPEREPRESENTATION(#11,'Body','SweptSolid',(#9596));
#9598=IFCPRODUCTDEFINITIONSHAPE($,$,(#9597));
#9604=IFCCARTESIANPOINT((42672.,31394.400000000001,10668.));
#9605=IFCDIRECTION((0.,0.,1.));
#9606=IFCDIRECTION((1.,0.,0.));
#9607=IFCAXIS2PLACEMENT3D(#9604,#9605,#9606);
#9608=IFCLOCALPLACEMENT($,#9607);
#9609=IFCWALL('0aEOCdEgfFTu$GD1LdpN0w',$,'L4|ONEBR_A',$,$,#9630,#9620,$,$);
#9610=IFCCARTESIANPOINTLIST2D(((0.,0.),(0.,150.),(9144.,150.),(9144.,0.),(0.,0.)));
#9611=IFCINDEXEDPOLYCURVE(#9610,$,.F.);
#9612=IFCDIRECTION((0.,0.,1.));
#9613=IFCARBITRARYCLOSEDPROFILEDEF(.AREA.,$,#9611);
#9614=IFCCARTESIANPOINT((0.,0.,0.));
#9615=IFCDIRECTION((0.,0.,1.));
#9616=IFCDIRECTION((1.,0.,0.));
#9617=IFCAXIS2PLACEMENT3D(#9614,#9615,#9616);
#9618=IFCEXTRUDEDAREASOLID(#9613,#9617,#9612,3200.4000000000001);
#9619=IFCSHAPEREPRESENTATION(#11,'Body','SweptSolid',(#9618));
#9620=IFCPRODUCTDEFINITIONSHAPE($,$,(#9619));
#9626=IFCCARTESIANPOINT((42672.,22250.400000000001,10668.));
#9627=IFCDIRECTION((0.,0.,1.));
#9628=IFCDIRECTION((6.123233995736766E-17,1.,0.));
#9629=IFCAXIS2PLACEMENT3D(#9626,#9627,#9628);
#9630=IFCLOCALPLACEMENT($,#9629);
#9631=IFCWALL('3ppNwI3tLFge9vc3DVDcy9',$,'L4|ONEBR_A',$,$,#9652,#9642,$,$);
#9632=IFCCARTESIANPOINTLIST2D(((0.,0.),(0.,150.),(9144.,150.),(9144.,0.),(0.,0.)));
#9633=IFCINDEXEDPOLYCURVE(#9632,$,.F.);
#9634=IFCDIRECTION((0.,0.,1.));
#9635=IFCARBITRARYCLOSEDPROFILEDEF(.AREA.,$,#9633);
#9636=IFCCARTESIANPOINT((0.,0.,0.));
#9637=IFCDIRECTION((0.,0.,1.));
#9638=IFCDIRECTION((1.,0.,0.));
#9639=IFCAXIS2PLACEMENT3D(#9636,#9637,#9638);
#9640=IFCEXTRUDEDAREASOLID(#9635,#9639,#9634,3200.4000000000001);
#9641=IFCSHAPEREPRESENTATION(#11,'Body','SweptSolid',(#9640));
#9642=IFCPRODUCTDEFINITIONSHAPE($,$,(#9641));
#9648=IFCCARTESIANPOINT((53035.200000000004,22250.400000000001,10668.));
#9649=IFCDIRECTION((0.,0.,1.));
#9650=IFCDIRECTION((6.123233995736766E-17,1.,0.));
#9651=IFCAXIS2PLACEMENT3D(#9648,#9649,#9650);
#9652=IFCLOCALPLACEMENT($,#9651);
#9653=IFCWALL('14SqPi8rX3Lee5xifid5vb',$,'L4|TWOBR_A',$,$,#9674,#9664,$,$);
#9654=IFCCARTESIANPOINTLIST2D(((0.,0.),(0.,150.),(10972.800000000001,150.),(10972.800000000001,0.),(0.,0.)));
#9655=IFCINDEXEDPOLYCURVE(#9654,$,.F.);
#9656=IFCDIRECTION((0.,0.,1.));
#9657=IFCARBITRARYCLOSEDPROFILEDEF(.AREA.,$,#9655);
#9658=IFCCARTESIANPOINT((0.,0.,0.));
#9659=IFCDIRECTION((0.,0.,1.));
#9660=IFCDIRECTION((1.,0.,0.));
#9661=IFCAXIS2PLACEMENT3D(#9658,#9659,#9660);
#9662=IFCEXTRUDEDAREASOLID(#9657,#9661,#9656,3200.4000000000001);
#9663=IFCSHAPEREPRESENTATION(#11,'Body','SweptSolid',(#9662));
#9664=IFCPRODUCTDEFINITIONSHAPE($,$,(#9663));
#9670=IFCCARTESIANPOINT((69494.399999999994,22250.400000000001,10668.));
#9671=IFCDIRECTION((0.,0.,1.));
#9672=IFCDIRECTION((1.,0.,0.));
#9673=IFCAXIS2PLACEMENT3D(#9670,#9671,#9672);
#9674=IFCLOCALPLACEMENT($,#9673);
#9675=IFCWALL('1h2CJfFwH7cRUNboX26HZW',$,'L4|TWOBR_A',$,$,#9696,#9686,$,$);
#9676=IFCCARTESIANPOINTLIST2D(((0.,0.),(0.,150.),(10972.800000000001,150.),(10972.800000000001,0.),(0.,0.)));
#9677=IFCINDEXEDPOLYCURVE(#9676,$,.F.);
#9678=IFCDIRECTION((0.,0.,1.));
#9679=IFCARBITRARYCLOSEDPROFILEDEF(.AREA.,$,#9677);
#9680=IFCCARTESIANPOINT((0.,0.,0.));
#9681=IFCDIRECTION((0.,0.,1.));
#9682=IFCDIRECTION((1.,0.,0.));
#9683=IFCAXIS2PLACEMENT3D(#9680,#9681,#9682);
#9684=IFCEXTRUDEDAREASOLID(#9679,#9683,#9678,3200.4000000000001);
#9685=IFCSHAPEREPRESENTATION(#11,'Body','SweptSolid',(#9684));
#9686=IFCPRODUCTDEFINITIONSHAPE($,$,(#9685));
#9692=IFCCARTESIANPOINT((69494.399999999994,32613.599999999999,10668.));
#9693=IFCDIRECTION((0.,0.,1.));
#9694=IFCDIRECTION((1.,0.,0.));
#9695=IFCAXIS2PLACEMENT3D(#9692,#9693,#9694);
#9696=IFCLOCALPLACEMENT($,#9695);
#9697=IFCWALL('1qnmvsOPjE0uYTlsovzNfy',$,'L4|TWOBR_A',$,$,#9718,#9708,$,$);
#9698=IFCCARTESIANPOINTLIST2D(((0.,0.),(0.,150.),(10363.200000000001,150.),(10363.200000000001,0.),(0.,0.)));
#9699=IFCINDEXEDPOLYCURVE(#9698,$,.F.);
#9700=IFCDIRECTION((0.,0.,1.));
#9701=IFCARBITRARYCLOSEDPROFILEDEF(.AREA.,$,#9699);
#9702=IFCCARTESIANPOINT((0.,0.,0.));
#9703=IFCDIRECTION((0.,0.,1.));
#9704=IFCDIRECTION((1.,0.,0.));
#9705=IFCAXIS2PLACEMENT3D(#9702,#9703,#9704);
#9706=IFCEXTRUDEDAREASOLID(#9701,#9705,#9700,3200.4000000000001);
#9707=IFCSHAPEREPRESENTATION(#11,'Body','SweptSolid',(#9706));
#9708=IFCPRODUCTDEFINITIONSHAPE($,$,(#9707));
#9714=IFCCARTESIANPOINT((69494.399999999994,22250.400000000001,10668.));
#9715=IFCDIRECTION((0.,0.,1.));
#9716=IFCDIRECTION((6.123233995736766E-17,1.,0.));
#9717=IFCAXIS2PLACEMENT3D(#9714,#9715,#9716);
#9718=IFCLOCALPLACEMENT($,#9717);
#9719=IFCWALL('2g7V3PPTr658Te69Ab5jRr',$,'L4|TWOBR_A',$,$,#9740,#9730,$,$);
#9720=IFCCARTESIANPOINTLIST2D(((0.,0.),(0.,150.),(10363.200000000001,150.),(10363.200000000001,0.),(0.,0.)));
#9721=IFCINDEXEDPOLYCURVE(#9720,$,.F.);
#9722=IFCDIRECTION((0.,0.,1.));
#9723=IFCARBITRARYCLOSEDPROFILEDEF(.AREA.,$,#9721);
#9724=IFCCARTESIANPOINT((0.,0.,0.));
#9725=IFCDIRECTION((0.,0.,1.));
#9726=IFCDIRECTION((1.,0.,0.));
#9727=IFCAXIS2PLACEMENT3D(#9724,#9725,#9726);
#9728=IFCEXTRUDEDAREASOLID(#9723,#9727,#9722,3200.4000000000001);
#9729=IFCSHAPEREPRESENTATION(#11,'Body','SweptSolid',(#9728));
#9730=IFCPRODUCTDEFINITIONSHAPE($,$,(#9729));
#9736=IFCCARTESIANPOINT((80467.199999999997,22250.400000000001,10668.));
#9737=IFCDIRECTION((0.,0.,1.));
#9738=IFCDIRECTION((6.123233995736766E-17,1.,0.));
#9739=IFCAXIS2PLACEMENT3D(#9736,#9737,#9738);
#9740=IFCLOCALPLACEMENT($,#9739);
#9741=IFCWALL('0mWfq6n_56Jfc0wK$ZYPoK',$,'L4|STUDIO_A',$,$,#9762,#9752,$,$);
#9742=IFCCARTESIANPOINTLIST2D(((0.,0.),(0.,150.),(9753.6000000000004,150.),(9753.6000000000004,0.),(0.,0.)));
#9743=IFCINDEXEDPOLYCURVE(#9742,$,.F.);
#9744=IFCDIRECTION((0.,0.,1.));
#9745=IFCARBITRARYCLOSEDPROFILEDEF(.AREA.,$,#9743);
#9746=IFCCARTESIANPOINT((0.,0.,0.));
#9747=IFCDIRECTION((0.,0.,1.));
#9748=IFCDIRECTION((1.,0.,0.));
#9749=IFCAXIS2PLACEMENT3D(#9746,#9747,#9748);
#9750=IFCEXTRUDEDAREASOLID(#9745,#9749,#9744,3200.4000000000001);
#9751=IFCSHAPEREPRESENTATION(#11,'Body','SweptSolid',(#9750));
#9752=IFCPRODUCTDEFINITIONSHAPE($,$,(#9751));
#9758=IFCCARTESIANPOINT((15849.6,28956.000000000004,10668.));
#9759=IFCDIRECTION((0.,0.,1.));
#9760=IFCDIRECTION((1.,0.,0.));
#9761=IFCAXIS2PLACEMENT3D(#9758,#9759,#9760);
#9762=IFCLOCALPLACEMENT($,#9761);
#9763=IFCWALL('1Gb6FWNljFK9t_nlXY3MD5',$,'L4|STUDIO_A',$,$,#9784,#9774,$,$);
#9764=IFCCARTESIANPOINTLIST2D(((0.,0.),(0.,150.),(9753.6000000000004,150.),(9753.6000000000004,0.),(0.,0.)));
#9765=IFCINDEXEDPOLYCURVE(#9764,$,.F.);
#9766=IFCDIRECTION((0.,0.,1.));
#9767=IFCARBITRARYCLOSEDPROFILEDEF(.AREA.,$,#9765);
#9768=IFCCARTESIANPOINT((0.,0.,0.));
#9769=IFCDIRECTION((0.,0.,1.));
#9770=IFCDIRECTION((1.,0.,0.));
#9771=IFCAXIS2PLACEMENT3D(#9768,#9769,#9770);
#9772=IFCEXTRUDEDAREASOLID(#9767,#9771,#9766,3200.4000000000001);
#9773=IFCSHAPEREPRESENTATION(#11,'Body','SweptSolid',(#9772));
#9774=IFCPRODUCTDEFINITIONSHAPE($,$,(#9773));
#9780=IFCCARTESIANPOINT((15849.6,36880.800000000003,10668.));
#9781=IFCDIRECTION((0.,0.,1.));
#9782=IFCDIRECTION((1.,0.,0.));
#9783=IFCAXIS2PLACEMENT3D(#9780,#9781,#9782);
#9784=IFCLOCALPLACEMENT($,#9783);
#9785=IFCWALL('3DceHhEcH5k9o7kgvHgwql',$,'L4|STUDIO_A',$,$,#9806,#9796,$,$);
#9786=IFCCARTESIANPOINTLIST2D(((0.,0.),(0.,150.),(7924.8000000000002,150.),(7924.8000000000002,0.),(0.,0.)));
#9787=IFCINDEXEDPOLYCURVE(#9786,$,.F.);
#9788=IFCDIRECTION((0.,0.,1.));
#9789=IFCARBITRARYCLOSEDPROFILEDEF(.AREA.,$,#9787);
#9790=IFCCARTESIANPOINT((0.,0.,0.));
#9791=IFCDIRECTION((0.,0.,1.));
#9792=IFCDIRECTION((1.,0.,0.));
#9793=IFCAXIS2PLACEMENT3D(#9790,#9791,#9792);
#9794=IFCEXTRUDEDAREASOLID(#9789,#9793,#9788,3200.4000000000001);
#9795=IFCSHAPEREPRESENTATION(#11,'Body','SweptSolid',(#9794));
#9796=IFCPRODUCTDEFINITIONSHAPE($,$,(#9795));
#9802=IFCCARTESIANPOINT((15849.6,28956.000000000004,10668.));
#9803=IFCDIRECTION((0.,0.,1.));
#9804=IFCDIRECTION((6.123233995736766E-17,1.,0.));
#9805=IFCAXIS2PLACEMENT3D(#9802,#9803,#9804);
#9806=IFCLOCALPLACEMENT($,#9805);
#9807=IFCWALL('1NP2n$trv12wWa5Z55whF_',$,'L4|STUDIO_A',$,$,#9828,#9818,$,$);
#9808=IFCCARTESIANPOINTLIST2D(((0.,0.),(0.,150.),(7924.8000000000002,150.),(7924.8000000000002,0.),(0.,0.)));
#9809=IFCINDEXEDPOLYCURVE(#9808,$,.F.);
#9810=IFCDIRECTION((0.,0.,1.));
#9811=IFCARBITRARYCLOSEDPROFILEDEF(.AREA.,$,#9809);
#9812=IFCCARTESIANPOINT((0.,0.,0.));
#9813=IFCDIRECTION((0.,0.,1.));
#9814=IFCDIRECTION((1.,0.,0.));
#9815=IFCAXIS2PLACEMENT3D(#9812,#9813,#9814);
#9816=IFCEXTRUDEDAREASOLID(#9811,#9815,#9810,3200.4000000000001);
#9817=IFCSHAPEREPRESENTATION(#11,'Body','SweptSolid',(#9816));
#9818=IFCPRODUCTDEFINITIONSHAPE($,$,(#9817));
#9824=IFCCARTESIANPOINT((25603.200000000001,28956.000000000004,10668.));
#9825=IFCDIRECTION((0.,0.,1.));
#9826=IFCDIRECTION((6.123233995736766E-17,1.,0.));
#9827=IFCAXIS2PLACEMENT3D(#9824,#9825,#9826);
#9828=IFCLOCALPLACEMENT($,#9827);
#9829=IFCWALL('1g1V0WePH9bx2VRFuDzn0Q',$,'L4|ONEBR_A',$,$,#9850,#9840,$,$);
#9830=IFCCARTESIANPOINTLIST2D(((0.,0.),(0.,150.),(10363.200000000001,150.),(10363.200000000001,0.),(0.,0.)));
#9831=IFCINDEXEDPOLYCURVE(#9830,$,.F.);
#9832=IFCDIRECTION((0.,0.,1.));
#9833=IFCARBITRARYCLOSEDPROFILEDEF(.AREA.,$,#9831);
#9834=IFCCARTESIANPOINT((0.,0.,0.));
#9835=IFCDIRECTION((0.,0.,1.));
#9836=IFCDIRECTION((1.,0.,0.));
#9837=IFCAXIS2PLACEMENT3D(#9834,#9835,#9836);
#9838=IFCEXTRUDEDAREASOLID(#9833,#9837,#9832,3200.4000000000001);
#9839=IFCSHAPEREPRESENTATION(#11,'Body','SweptSolid',(#9838));
#9840=IFCPRODUCTDEFINITIONSHAPE($,$,(#9839));
#9846=IFCCARTESIANPOINT((30480.,28956.000000000004,10668.));
#9847=IFCDIRECTION((0.,0.,1.));
#9848=IFCDIRECTION((1.,0.,0.));
#9849=IFCAXIS2PLACEMENT3D(#9846,#9847,#9848);
#9850=IFCLOCALPLACEMENT($,#9849);
#9851=IFCWALL('2sR8Ue1G50vuzk_UPoMcvK',$,'L4|ONEBR_A',$,$,#9872,#9862,$,$);
#9852=IFCCARTESIANPOINTLIST2D(((0.,0.),(0.,150.),(10363.200000000001,150.),(10363.200000000001,0.),(0.,0.)));
#9853=IFCINDEXEDPOLYCURVE(#9852,$,.F.);
#9854=IFCDIRECTION((0.,0.,1.));
#9855=IFCARBITRARYCLOSEDPROFILEDEF(.AREA.,$,#9853);
#9856=IFCCARTESIANPOINT((0.,0.,0.));
#9857=IFCDIRECTION((0.,0.,1.));
#9858=IFCDIRECTION((1.,0.,0.));
#9859=IFCAXIS2PLACEMENT3D(#9856,#9857,#9858);
#9860=IFCEXTRUDEDAREASOLID(#9855,#9859,#9854,3200.4000000000001);
#9861=IFCSHAPEREPRESENTATION(#11,'Body','SweptSolid',(#9860));
#9862=IFCPRODUCTDEFINITIONSHAPE($,$,(#9861));
#9868=IFCCARTESIANPOINT((30480.,38100.,10668.));
#9869=IFCDIRECTION((0.,0.,1.));
#9870=IFCDIRECTION((1.,0.,0.));
#9871=IFCAXIS2PLACEMENT3D(#9868,#9869,#9870);
#9872=IFCLOCALPLACEMENT($,#9871);
#9873=IFCWALL('01ChsvQwnCMPTKYlTsnZNB',$,'L4|ONEBR_A',$,$,#9894,#9884,$,$);
#9874=IFCCARTESIANPOINTLIST2D(((0.,0.),(0.,150.),(9144.,150.),(9144.,0.),(0.,0.)));
#9875=IFCINDEXEDPOLYCURVE(#9874,$,.F.);
#9876=IFCDIRECTION((0.,0.,1.));
#9877=IFCARBITRARYCLOSEDPROFILEDEF(.AREA.,$,#9875);
#9878=IFCCARTESIANPOINT((0.,0.,0.));
#9879=IFCDIRECTION((0.,0.,1.));
#9880=IFCDIRECTION((1.,0.,0.));
#9881=IFCAXIS2PLACEMENT3D(#9878,#9879,#9880);
#9882=IFCEXTRUDEDAREASOLID(#9877,#9881,#9876,3200.4000000000001);
#9883=IFCSHAPEREPRESENTATION(#11,'Body','SweptSolid',(#9882));
#9884=IFCPRODUCTDEFINITIONSHAPE($,$,(#9883));
#9890=IFCCARTESIANPOINT((30480.,28956.000000000004,10668.));
#9891=IFCDIRECTION((0.,0.,1.));
#9892=IFCDIRECTION((6.123233995736766E-17,1.,0.));
#9893=IFCAXIS2PLACEMENT3D(#9890,#9891,#9892);
#9894=IFCLOCALPLACEMENT($,#9893);
#9895=IFCWALL('2VpKXDPEX0TvNNcEZ9BGsv',$,'L4|ONEBR_A',$,$,#9916,#9906,$,$);
#9896=IFCCARTESIANPOINTLIST2D(((0.,0.),(0.,150.),(9144.,150.),(9144.,0.),(0.,0.)));
#9897=IFCINDEXEDPOLYCURVE(#9896,$,.F.);
#9898=IFCDIRECTION((0.,0.,1.));
#9899=IFCARBITRARYCLOSEDPROFILEDEF(.AREA.,$,#9897);
#9900=IFCCARTESIANPOINT((0.,0.,0.));
#9901=IFCDIRECTION((0.,0.,1.));
#9902=IFCDIRECTION((1.,0.,0.));
#9903=IFCAXIS2PLACEMENT3D(#9900,#9901,#9902);
#9904=IFCEXTRUDEDAREASOLID(#9899,#9903,#9898,3200.4000000000001);
#9905=IFCSHAPEREPRESENTATION(#11,'Body','SweptSolid',(#9904));
#9906=IFCPRODUCTDEFINITIONSHAPE($,$,(#9905));
#9912=IFCCARTESIANPOINT((40843.200000000004,28956.000000000004,10668.));
#9913=IFCDIRECTION((0.,0.,1.));
#9914=IFCDIRECTION((6.123233995736766E-17,1.,0.));
#9915=IFCAXIS2PLACEMENT3D(#9912,#9913,#9914);
#9916=IFCLOCALPLACEMENT($,#9915);
#9917=IFCWALL('0nQAmQqkD8ph7BRCO3Y4wa',$,'L4|TWOBR_A',$,$,#9938,#9928,$,$);
#9918=IFCCARTESIANPOINTLIST2D(((0.,0.),(0.,150.),(10972.800000000001,150.),(10972.800000000001,0.),(0.,0.)));
#9919=IFCINDEXEDPOLYCURVE(#9918,$,.F.);
#9920=IFCDIRECTION((0.,0.,1.));
#9921=IFCARBITRARYCLOSEDPROFILEDEF(.AREA.,$,#9919);
#9922=IFCCARTESIANPOINT((0.,0.,0.));
#9923=IFCDIRECTION((0.,0.,1.));
#9924=IFCDIRECTION((1.,0.,0.));
#9925=IFCAXIS2PLACEMENT3D(#9922,#9923,#9924);
#9926=IFCEXTRUDEDAREASOLID(#9921,#9925,#9920,3200.4000000000001);
#9927=IFCSHAPEREPRESENTATION(#11,'Body','SweptSolid',(#9926));
#9928=IFCPRODUCTDEFINITIONSHAPE($,$,(#9927));
#9934=IFCCARTESIANPOINT((3048.,31394.400000000001,10668.));
#9935=IFCDIRECTION((0.,0.,1.));
#9936=IFCDIRECTION((1.,0.,0.));
#9937=IFCAXIS2PLACEMENT3D(#9934,#9935,#9936);
#9938=IFCLOCALPLACEMENT($,#9937);
#9939=IFCWALL('1IUz3EiT94AQiVlyanhVav',$,'L4|TWOBR_A',$,$,#9960,#9950,$,$);
#9940=IFCCARTESIANPOINTLIST2D(((0.,0.),(0.,150.),(10972.800000000001,150.),(10972.800000000001,0.),(0.,0.)));
#9941=IFCINDEXEDPOLYCURVE(#9940,$,.F.);
#9942=IFCDIRECTION((0.,0.,1.));
#9943=IFCARBITRARYCLOSEDPROFILEDEF(.AREA.,$,#9941);
#9944=IFCCARTESIANPOINT((0.,0.,0.));
#9945=IFCDIRECTION((0.,0.,1.));
#9946=IFCDIRECTION((1.,0.,0.));
#9947=IFCAXIS2PLACEMENT3D(#9944,#9945,#9946);
#9948=IFCEXTRUDEDAREASOLID(#9943,#9947,#9942,3200.4000000000001);
#9949=IFCSHAPEREPRESENTATION(#11,'Body','SweptSolid',(#9948));
#9950=IFCPRODUCTDEFINITIONSHAPE($,$,(#9949));
#9956=IFCCARTESIANPOINT((3048.,41757.600000000006,10668.));
#9957=IFCDIRECTION((0.,0.,1.));
#9958=IFCDIRECTION((1.,0.,0.));
#9959=IFCAXIS2PLACEMENT3D(#9956,#9957,#9958);
#9960=IFCLOCALPLACEMENT($,#9959);
#9961=IFCWALL('2BOXnL0$f41OgWgBiZQebh',$,'L4|TWOBR_A',$,$,#9982,#9972,$,$);
#9962=IFCCARTESIANPOINTLIST2D(((0.,0.),(0.,150.),(10363.200000000001,150.),(10363.200000000001,0.),(0.,0.)));
#9963=IFCINDEXEDPOLYCURVE(#9962,$,.F.);
#9964=IFCDIRECTION((0.,0.,1.));
#9965=IFCARBITRARYCLOSEDPROFILEDEF(.AREA.,$,#9963);
#9966=IFCCARTESIANPOINT((0.,0.,0.));
#9967=IFCDIRECTION((0.,0.,1.));
#9968=IFCDIRECTION((1.,0.,0.));
#9969=IFCAXIS2PLACEMENT3D(#9966,#9967,#9968);
#9970=IFCEXTRUDEDAREASOLID(#9965,#9969,#9964,3200.4000000000001);
#9971=IFCSHAPEREPRESENTATION(#11,'Body','SweptSolid',(#9970));
#9972=IFCPRODUCTDEFINITIONSHAPE($,$,(#9971));
#9978=IFCCARTESIANPOINT((3048.,31394.400000000001,10668.));
#9979=IFCDIRECTION((0.,0.,1.));
#9980=IFCDIRECTION((6.123233995736766E-17,1.,0.));
#9981=IFCAXIS2PLACEMENT3D(#9978,#9979,#9980);
#9982=IFCLOCALPLACEMENT($,#9981);
#9983=IFCWALL('01Na7sjkbDxffzmsUfFE$s',$,'L4|TWOBR_A',$,$,#10004,#9994,$,$);
#9984=IFCCARTESIANPOINTLIST2D(((0.,0.),(0.,150.),(10363.200000000001,150.),(10363.200000000001,0.),(0.,0.)));
#9985=IFCINDEXEDPOLYCURVE(#9984,$,.F.);
#9986=IFCDIRECTION((0.,0.,1.));
#9987=IFCARBITRARYCLOSEDPROFILEDEF(.AREA.,$,#9985);
#9988=IFCCARTESIANPOINT((0.,0.,0.));
#9989=IFCDIRECTION((0.,0.,1.));
#9990=IFCDIRECTION((1.,0.,0.));
#9991=IFCAXIS2PLACEMENT3D(#9988,#9989,#9990);
#9992=IFCEXTRUDEDAREASOLID(#9987,#9991,#9986,3200.4000000000001);
#9993=IFCSHAPEREPRESENTATION(#11,'Body','SweptSolid',(#9992));
#9994=IFCPRODUCTDEFINITIONSHAPE($,$,(#9993));
#10000=IFCCARTESIANPOINT((14020.800000000001,31394.400000000001,10668.));
#10001=IFCDIRECTION((0.,0.,1.));
#10002=IFCDIRECTION((6.123233995736766E-17,1.,0.));
#10003=IFCAXIS2PLACEMENT3D(#10000,#10001,#10002);
#10004=IFCLOCALPLACEMENT($,#10003);
#10005=IFCWALL('2fz3_1FUn5P8G1shD4NgM0',$,'L4|ONEBR_A',$,$,#10026,#10016,$,$);
#10006=IFCCARTESIANPOINTLIST2D(((0.,0.),(0.,150.),(10363.200000000001,150.),(10363.200000000001,0.),(0.,0.)));
#10007=IFCINDEXEDPOLYCURVE(#10006,$,.F.);
#10008=IFCDIRECTION((0.,0.,1.));
#10009=IFCARBITRARYCLOSEDPROFILEDEF(.AREA.,$,#10007);
#10010=IFCCARTESIANPOINT((0.,0.,0.));
#10011=IFCDIRECTION((0.,0.,1.));
#10012=IFCDIRECTION((1.,0.,0.));
#10013=IFCAXIS2PLACEMENT3D(#10010,#10011,#10012);
#10014=IFCEXTRUDEDAREASOLID(#10009,#10013,#10008,3200.4000000000001);
#10015=IFCSHAPEREPRESENTATION(#11,'Body','SweptSolid',(#10014));
#10016=IFCPRODUCTDEFINITIONSHAPE($,$,(#10015));
#10022=IFCCARTESIANPOINT((42672.,31394.400000000001,10668.));
#10023=IFCDIRECTION((0.,0.,1.));
#10024=IFCDIRECTION((1.,0.,0.));
#10025=IFCAXIS2PLACEMENT3D(#10022,#10023,#10024);
#10026=IFCLOCALPLACEMENT($,#10025);
#10027=IFCWALL('0lFYr3vbLASwPJNnfLmsJQ',$,'L4|ONEBR_A',$,$,#10048,#10038,$,$);
#10028=IFCCARTESIANPOINTLIST2D(((0.,0.),(0.,150.),(10363.200000000001,150.),(10363.200000000001,0.),(0.,0.)));
#10029=IFCINDEXEDPOLYCURVE(#10028,$,.F.);
#10030=IFCDIRECTION((0.,0.,1.));
#10031=IFCARBITRARYCLOSEDPROFILEDEF(.AREA.,$,#10029);
#10032=IFCCARTESIANPOINT((0.,0.,0.));
#10033=IFCDIRECTION((0.,0.,1.));
#10034=IFCDIRECTION((1.,0.,0.));
#10035=IFCAXIS2PLACEMENT3D(#10032,#10033,#10034);
#10036=IFCEXTRUDEDAREASOLID(#10031,#10035,#10030,3200.4000000000001);
#10037=IFCSHAPEREPRESENTATION(#11,'Body','SweptSolid',(#10036));
#10038=IFCPRODUCTDEFINITIONSHAPE($,$,(#10037));
#10044=IFCCARTESIANPOINT((42672.,40538.400000000001,10668.));
#10045=IFCDIRECTION((0.,0.,1.));
#10046=IFCDIRECTION((1.,0.,0.));
#10047=IFCAXIS2PLACEMENT3D(#10044,#10045,#10046);
#10048=IFCLOCALPLACEMENT($,#10047);
#10049=IFCWALL('2CF$XD94f4EBvps16CPXtr',$,'L4|ONEBR_A',$,$,#10070,#10060,$,$);
#10050=IFCCARTESIANPOINTLIST2D(((0.,0.),(0.,150.),(9144.,150.),(9144.,0.),(0.,0.)));
#10051=IFCINDEXEDPOLYCURVE(#10050,$,.F.);
#10052=IFCDIRECTION((0.,0.,1.));
#10053=IFCARBITRARYCLOSEDPROFILEDEF(.AREA.,$,#10051);
#10054=IFCCARTESIANPOINT((0.,0.,0.));
#10055=IFCDIRECTION((0.,0.,1.));
#10056=IFCDIRECTION((1.,0.,0.));
#10057=IFCAXIS2PLACEMENT3D(#10054,#10055,#10056);
#10058=IFCEXTRUDEDAREASOLID(#10053,#10057,#10052,3200.4000000000001);
#10059=IFCSHAPEREPRESENTATION(#11,'Body','SweptSolid',(#10058));
#10060=IFCPRODUCTDEFINITIONSHAPE($,$,(#10059));
#10066=IFCCARTESIANPOINT((42672.,31394.400000000001,10668.));
#10067=IFCDIRECTION((0.,0.,1.));
#10068=IFCDIRECTION((6.123233995736766E-17,1.,0.));
#10069=IFCAXIS2PLACEMENT3D(#10066,#10067,#10068);
#10070=IFCLOCALPLACEMENT($,#10069);
#10071=IFCWALL('2D6m6$J5b2fRDQ7BK6mTcW',$,'L4|ONEBR_A',$,$,#10092,#10082,$,$);
#10072=IFCCARTESIANPOINTLIST2D(((0.,0.),(0.,150.),(9144.,150.),(9144.,0.),(0.,0.)));
#10073=IFCINDEXEDPOLYCURVE(#10072,$,.F.);
#10074=IFCDIRECTION((0.,0.,1.));
#10075=IFCARBITRARYCLOSEDPROFILEDEF(.AREA.,$,#10073);
#10076=IFCCARTESIANPOINT((0.,0.,0.));
#10077=IFCDIRECTION((0.,0.,1.));
#10078=IFCDIRECTION((1.,0.,0.));
#10079=IFCAXIS2PLACEMENT3D(#10076,#10077,#10078);
#10080=IFCEXTRUDEDAREASOLID(#10075,#10079,#10074,3200.4000000000001);
#10081=IFCSHAPEREPRESENTATION(#11,'Body','SweptSolid',(#10080));
#10082=IFCPRODUCTDEFINITIONSHAPE($,$,(#10081));
#10088=IFCCARTESIANPOINT((53035.200000000004,31394.400000000001,10668.));
#10089=IFCDIRECTION((0.,0.,1.));
#10090=IFCDIRECTION((6.123233995736766E-17,1.,0.));
#10091=IFCAXIS2PLACEMENT3D(#10088,#10089,#10090);
#10092=IFCLOCALPLACEMENT($,#10091);
#10093=IFCWALL('37rX63xPH47Bl2PxVC4J7y',$,'L4|TWOBR_A',$,$,#10114,#10104,$,$);
#10094=IFCCARTESIANPOINTLIST2D(((0.,0.),(0.,150.),(10972.800000000001,150.),(10972.800000000001,0.),(0.,0.)));
#10095=IFCINDEXEDPOLYCURVE(#10094,$,.F.);
#10096=IFCDIRECTION((0.,0.,1.));
#10097=IFCARBITRARYCLOSEDPROFILEDEF(.AREA.,$,#10095);
#10098=IFCCARTESIANPOINT((0.,0.,0.));
#10099=IFCDIRECTION((0.,0.,1.));
#10100=IFCDIRECTION((1.,0.,0.));
#10101=IFCAXIS2PLACEMENT3D(#10098,#10099,#10100);
#10102=IFCEXTRUDEDAREASOLID(#10097,#10101,#10096,3200.4000000000001);
#10103=IFCSHAPEREPRESENTATION(#11,'Body','SweptSolid',(#10102));
#10104=IFCPRODUCTDEFINITIONSHAPE($,$,(#10103));
#10110=IFCCARTESIANPOINT((56692.800000000003,31394.400000000001,10668.));
#10111=IFCDIRECTION((0.,0.,1.));
#10112=IFCDIRECTION((1.,0.,0.));
#10113=IFCAXIS2PLACEMENT3D(#10110,#10111,#10112);
#10114=IFCLOCALPLACEMENT($,#10113);
#10115=IFCWALL('2av6_vjLH9tBUFrlRs0nHv',$,'L4|TWOBR_A',$,$,#10136,#10126,$,$);
#10116=IFCCARTESIANPOINTLIST2D(((0.,0.),(0.,150.),(10972.800000000001,150.),(10972.800000000001,0.),(0.,0.)));
#10117=IFCINDEXEDPOLYCURVE(#10116,$,.F.);
#10118=IFCDIRECTION((0.,0.,1.));
#10119=IFCARBITRARYCLOSEDPROFILEDEF(.AREA.,$,#10117);
#10120=IFCCARTESIANPOINT((0.,0.,0.));
#10121=IFCDIRECTION((0.,0.,1.));
#10122=IFCDIRECTION((1.,0.,0.));
#10123=IFCAXIS2PLACEMENT3D(#10120,#10121,#10122);
#10124=IFCEXTRUDEDAREASOLID(#10119,#10123,#10118,3200.4000000000001);
#10125=IFCSHAPEREPRESENTATION(#11,'Body','SweptSolid',(#10124));
#10126=IFCPRODUCTDEFINITIONSHAPE($,$,(#10125));
#10132=IFCCARTESIANPOINT((56692.800000000003,41757.600000000006,10668.));
#10133=IFCDIRECTION((0.,0.,1.));
#10134=IFCDIRECTION((1.,0.,0.));
#10135=IFCAXIS2PLACEMENT3D(#10132,#10133,#10134);
#10136=IFCLOCALPLACEMENT($,#10135);
#10137=IFCWALL('088lt78ST8fAjlS7HdZnMv',$,'L4|TWOBR_A',$,$,#10158,#10148,$,$);
#10138=IFCCARTESIANPOINTLIST2D(((0.,0.),(0.,150.),(10363.200000000001,150.),(10363.200000000001,0.),(0.,0.)));
#10139=IFCINDEXEDPOLYCURVE(#10138,$,.F.);
#10140=IFCDIRECTION((0.,0.,1.));
#10141=IFCARBITRARYCLOSEDPROFILEDEF(.AREA.,$,#10139);
#10142=IFCCARTESIANPOINT((0.,0.,0.));
#10143=IFCDIRECTION((0.,0.,1.));
#10144=IFCDIRECTION((1.,0.,0.));
#10145=IFCAXIS2PLACEMENT3D(#10142,#10143,#10144);
#10146=IFCEXTRUDEDAREASOLID(#10141,#10145,#10140,3200.4000000000001);
#10147=IFCSHAPEREPRESENTATION(#11,'Body','SweptSolid',(#10146));
#10148=IFCPRODUCTDEFINITIONSHAPE($,$,(#10147));
#10154=IFCCARTESIANPOINT((56692.800000000003,31394.400000000001,10668.));
#10155=IFCDIRECTION((0.,0.,1.));
#10156=IFCDIRECTION((6.123233995736766E-17,1.,0.));
#10157=IFCAXIS2PLACEMENT3D(#10154,#10155,#10156);
#10158=IFCLOCALPLACEMENT($,#10157);
#10159=IFCWALL('2gk2QlJMf8_viq8c431M$k',$,'L4|TWOBR_A',$,$,#10180,#10170,$,$);
#10160=IFCCARTESIANPOINTLIST2D(((0.,0.),(0.,150.),(10363.200000000001,150.),(10363.200000000001,0.),(0.,0.)));
#10161=IFCINDEXEDPOLYCURVE(#10160,$,.F.);
#10162=IFCDIRECTION((0.,0.,1.));
#10163=IFCARBITRARYCLOSEDPROFILEDEF(.AREA.,$,#10161);
#10164=IFCCARTESIANPOINT((0.,0.,0.));
#10165=IFCDIRECTION((0.,0.,1.));
#10166=IFCDIRECTION((1.,0.,0.));
#10167=IFCAXIS2PLACEMENT3D(#10164,#10165,#10166);
#10168=IFCEXTRUDEDAREASOLID(#10163,#10167,#10162,3200.4000000000001);
#10169=IFCSHAPEREPRESENTATION(#11,'Body','SweptSolid',(#10168));
#10170=IFCPRODUCTDEFINITIONSHAPE($,$,(#10169));
#10176=IFCCARTESIANPOINT((67665.599999999991,31394.400000000001,10668.));
#10177=IFCDIRECTION((0.,0.,1.));
#10178=IFCDIRECTION((6.123233995736766E-17,1.,0.));
#10179=IFCAXIS2PLACEMENT3D(#10176,#10177,#10178);
#10180=IFCLOCALPLACEMENT($,#10179);
#10181=IFCWALL('1uHT6XF7r1Fx4XI18Vkdi1',$,'L4|STUDIO_A',$,$,#10202,#10192,$,$);
#10182=IFCCARTESIANPOINTLIST2D(((0.,0.),(0.,150.),(9753.6000000000004,150.),(9753.6000000000004,0.),(0.,0.)));
#10183=IFCINDEXEDPOLYCURVE(#10182,$,.F.);
#10184=IFCDIRECTION((0.,0.,1.));
#10185=IFCARBITRARYCLOSEDPROFILEDEF(.AREA.,$,#10183);
#10186=IFCCARTESIANPOINT((0.,0.,0.));
#10187=IFCDIRECTION((0.,0.,1.));
#10188=IFCDIRECTION((1.,0.,0.));
#10189=IFCAXIS2PLACEMENT3D(#10186,#10187,#10188);
#10190=IFCEXTRUDEDAREASOLID(#10185,#10189,#10184,3200.4000000000001);
#10191=IFCSHAPEREPRESENTATION(#11,'Body','SweptSolid',(#10190));
#10192=IFCPRODUCTDEFINITIONSHAPE($,$,(#10191));
#10198=IFCCARTESIANPOINT((69494.399999999994,32613.599999999999,10668.));
#10199=IFCDIRECTION((0.,0.,1.));
#10200=IFCDIRECTION((1.,0.,0.));
#10201=IFCAXIS2PLACEMENT3D(#10198,#10199,#10200);
#10202=IFCLOCALPLACEMENT($,#10201);
#10203=IFCWALL('0akB5QBMX1WOx3f$rgs7j2',$,'L4|STUDIO_A',$,$,#10224,#10214,$,$);
#10204=IFCCARTESIANPOINTLIST2D(((0.,0.),(0.,150.),(9753.6000000000004,150.),(9753.6000000000004,0.),(0.,0.)));
#10205=IFCINDEXEDPOLYCURVE(#10204,$,.F.);
#10206=IFCDIRECTION((0.,0.,1.));
#10207=IFCARBITRARYCLOSEDPROFILEDEF(.AREA.,$,#10205);
#10208=IFCCARTESIANPOINT((0.,0.,0.));
#10209=IFCDIRECTION((0.,0.,1.));
#10210=IFCDIRECTION((1.,0.,0.));
#10211=IFCAXIS2PLACEMENT3D(#10208,#10209,#10210);
#10212=IFCEXTRUDEDAREASOLID(#10207,#10211,#10206,3200.4000000000001);
#10213=IFCSHAPEREPRESENTATION(#11,'Body','SweptSolid',(#10212));
#10214=IFCPRODUCTDEFINITIONSHAPE($,$,(#10213));
#10220=IFCCARTESIANPOINT((69494.399999999994,40538.400000000001,10668.));
#10221=IFCDIRECTION((0.,0.,1.));
#10222=IFCDIRECTION((1.,0.,0.));
#10223=IFCAXIS2PLACEMENT3D(#10220,#10221,#10222);
#10224=IFCLOCALPLACEMENT($,#10223);
#10225=IFCWALL('1r9XpYDKb4y827cQH_6Sp8',$,'L4|STUDIO_A',$,$,#10246,#10236,$,$);
#10226=IFCCARTESIANPOINTLIST2D(((0.,0.),(0.,150.),(7924.8000000000002,150.),(7924.8000000000002,0.),(0.,0.)));
#10227=IFCINDEXEDPOLYCURVE(#10226,$,.F.);
#10228=IFCDIRECTION((0.,0.,1.));
#10229=IFCARBITRARYCLOSEDPROFILEDEF(.AREA.,$,#10227);
#10230=IFCCARTESIANPOINT((0.,0.,0.));
#10231=IFCDIRECTION((0.,0.,1.));
#10232=IFCDIRECTION((1.,0.,0.));
#10233=IFCAXIS2PLACEMENT3D(#10230,#10231,#10232);
#10234=IFCEXTRUDEDAREASOLID(#10229,#10233,#10228,3200.4000000000001);
#10235=IFCSHAPEREPRESENTATION(#11,'Body','SweptSolid',(#10234));
#10236=IFCPRODUCTDEFINITIONSHAPE($,$,(#10235));
#10242=IFCCARTESIANPOINT((69494.399999999994,32613.599999999999,10668.));
#10243=IFCDIRECTION((0.,0.,1.));
#10244=IFCDIRECTION((6.123233995736766E-17,1.,0.));
#10245=IFCAXIS2PLACEMENT3D(#10242,#10243,#10244);
#10246=IFCLOCALPLACEMENT($,#10245);
#10247=IFCWALL('1cAtIUf256Rfe_VbzwHlOq',$,'L4|STUDIO_A',$,$,#10268,#10258,$,$);
#10248=IFCCARTESIANPOINTLIST2D(((0.,0.),(0.,150.),(7924.8000000000002,150.),(7924.8000000000002,0.),(0.,0.)));
#10249=IFCINDEXEDPOLYCURVE(#10248,$,.F.);
#10250=IFCDIRECTION((0.,0.,1.));
#10251=IFCARBITRARYCLOSEDPROFILEDEF(.AREA.,$,#10249);
#10252=IFCCARTESIANPOINT((0.,0.,0.));
#10253=IFCDIRECTION((0.,0.,1.));
#10254=IFCDIRECTION((1.,0.,0.));
#10255=IFCAXIS2PLACEMENT3D(#10252,#10253,#10254);
#10256=IFCEXTRUDEDAREASOLID(#10251,#10255,#10250,3200.4000000000001);
#10257=IFCSHAPEREPRESENTATION(#11,'Body','SweptSolid',(#10256));
#10258=IFCPRODUCTDEFINITIONSHAPE($,$,(#10257));
#10264=IFCCARTESIANPOINT((79248.,32613.599999999999,10668.));
#10265=IFCDIRECTION((0.,0.,1.));
#10266=IFCDIRECTION((6.123233995736766E-17,1.,0.));
#10267=IFCAXIS2PLACEMENT3D(#10264,#10265,#10266);
#10268=IFCLOCALPLACEMENT($,#10267);
#10269=IFCWALL('0ScPXtycP5o9q1g96DdwKt',$,'L4|ONEBR_A',$,$,#10290,#10280,$,$);
#10270=IFCCARTESIANPOINTLIST2D(((0.,0.),(0.,150.),(10363.200000000001,150.),(10363.200000000001,0.),(0.,0.)));
#10271=IFCINDEXEDPOLYCURVE(#10270,$,.F.);
#10272=IFCDIRECTION((0.,0.,1.));
#10273=IFCARBITRARYCLOSEDPROFILEDEF(.AREA.,$,#10271);
#10274=IFCCARTESIANPOINT((0.,0.,0.));
#10275=IFCDIRECTION((0.,0.,1.));
#10276=IFCDIRECTION((1.,0.,0.));
#10277=IFCAXIS2PLACEMENT3D(#10274,#10275,#10276);
#10278=IFCEXTRUDEDAREASOLID(#10273,#10277,#10272,3200.4000000000001);
#10279=IFCSHAPEREPRESENTATION(#11,'Body','SweptSolid',(#10278));
#10280=IFCPRODUCTDEFINITIONSHAPE($,$,(#10279));
#10286=IFCCARTESIANPOINT((15849.6,36880.800000000003,10668.));
#10287=IFCDIRECTION((0.,0.,1.));
#10288=IFCDIRECTION((1.,0.,0.));
#10289=IFCAXIS2PLACEMENT3D(#10286,#10287,#10288);
#10290=IFCLOCALPLACEMENT($,#10289);
#10291=IFCWALL('3P_Y$Pvgj9YP7jCrKnN3wJ',$,'L4|ONEBR_A',$,$,#10312,#10302,$,$);
#10292=IFCCARTESIANPOINTLIST2D(((0.,0.),(0.,150.),(10363.200000000001,150.),(10363.200000000001,0.),(0.,0.)));
#10293=IFCINDEXEDPOLYCURVE(#10292,$,.F.);
#10294=IFCDIRECTION((0.,0.,1.));
#10295=IFCARBITRARYCLOSEDPROFILEDEF(.AREA.,$,#10293);
#10296=IFCCARTESIANPOINT((0.,0.,0.));
#10297=IFCDIRECTION((0.,0.,1.));
#10298=IFCDIRECTION((1.,0.,0.));
#10299=IFCAXIS2PLACEMENT3D(#10296,#10297,#10298);
#10300=IFCEXTRUDEDAREASOLID(#10295,#10299,#10294,3200.4000000000001);
#10301=IFCSHAPEREPRESENTATION(#11,'Body','SweptSolid',(#10300));
#10302=IFCPRODUCTDEFINITIONSHAPE($,$,(#10301));
#10308=IFCCARTESIANPOINT((15849.6,46024.799999999996,10668.));
#10309=IFCDIRECTION((0.,0.,1.));
#10310=IFCDIRECTION((1.,0.,0.));
#10311=IFCAXIS2PLACEMENT3D(#10308,#10309,#10310);
#10312=IFCLOCALPLACEMENT($,#10311);
#10313=IFCWALL('16TCJ_W3943w57X9281ClH',$,'L4|ONEBR_A',$,$,#10334,#10324,$,$);
#10314=IFCCARTESIANPOINTLIST2D(((0.,0.),(0.,150.),(9144.,150.),(9144.,0.),(0.,0.)));
#10315=IFCINDEXEDPOLYCURVE(#10314,$,.F.);
#10316=IFCDIRECTION((0.,0.,1.));
#10317=IFCARBITRARYCLOSEDPROFILEDEF(.AREA.,$,#10315);
#10318=IFCCARTESIANPOINT((0.,0.,0.));
#10319=IFCDIRECTION((0.,0.,1.));
#10320=IFCDIRECTION((1.,0.,0.));
#10321=IFCAXIS2PLACEMENT3D(#10318,#10319,#10320);
#10322=IFCEXTRUDEDAREASOLID(#10317,#10321,#10316,3200.4000000000001);
#10323=IFCSHAPEREPRESENTATION(#11,'Body','SweptSolid',(#10322));
#10324=IFCPRODUCTDEFINITIONSHAPE($,$,(#10323));
#10330=IFCCARTESIANPOINT((15849.6,36880.800000000003,10668.));
#10331=IFCDIRECTION((0.,0.,1.));
#10332=IFCDIRECTION((6.123233995736766E-17,1.,0.));
#10333=IFCAXIS2PLACEMENT3D(#10330,#10331,#10332);
#10334=IFCLOCALPLACEMENT($,#10333);
#10335=IFCWALL('0vrrg0t$PEOPoaB$XwrAWJ',$,'L4|ONEBR_A',$,$,#10356,#10346,$,$);
#10336=IFCCARTESIANPOINTLIST2D(((0.,0.),(0.,150.),(9144.,150.),(9144.,0.),(0.,0.)));
#10337=IFCINDEXEDPOLYCURVE(#10336,$,.F.);
#10338=IFCDIRECTION((0.,0.,1.));
#10339=IFCARBITRARYCLOSEDPROFILEDEF(.AREA.,$,#10337);
#10340=IFCCARTESIANPOINT((0.,0.,0.));
#10341=IFCDIRECTION((0.,0.,1.));
#10342=IFCDIRECTION((1.,0.,0.));
#10343=IFCAXIS2PLACEMENT3D(#10340,#10341,#10342);
#10344=IFCEXTRUDEDAREASOLID(#10339,#10343,#10338,3200.4000000000001);
#10345=IFCSHAPEREPRESENTATION(#11,'Body','SweptSolid',(#10344));
#10346=IFCPRODUCTDEFINITIONSHAPE($,$,(#10345));
#10352=IFCCARTESIANPOINT((26212.799999999999,36880.800000000003,10668.));
#10353=IFCDIRECTION((0.,0.,1.));
#10354=IFCDIRECTION((6.123233995736766E-17,1.,0.));
#10355=IFCAXIS2PLACEMENT3D(#10352,#10353,#10354);
#10356=IFCLOCALPLACEMENT($,#10355);
#10357=IFCWALL('20QL9dwg59Wfdh0E6f4gpX',$,'L4|ONEBR_A',$,$,#10378,#10368,$,$);
#10358=IFCCARTESIANPOINTLIST2D(((0.,0.),(0.,150.),(10363.200000000001,150.),(10363.200000000001,0.),(0.,0.)));
#10359=IFCINDEXEDPOLYCURVE(#10358,$,.F.);
#10360=IFCDIRECTION((0.,0.,1.));
#10361=IFCARBITRARYCLOSEDPROFILEDEF(.AREA.,$,#10359);
#10362=IFCCARTESIANPOINT((0.,0.,0.));
#10363=IFCDIRECTION((0.,0.,1.));
#10364=IFCDIRECTION((1.,0.,0.));
#10365=IFCAXIS2PLACEMENT3D(#10362,#10363,#10364);
#10366=IFCEXTRUDEDAREASOLID(#10361,#10365,#10360,3200.4000000000001);
#10367=IFCSHAPEREPRESENTATION(#11,'Body','SweptSolid',(#10366));
#10368=IFCPRODUCTDEFINITIONSHAPE($,$,(#10367));
#10374=IFCCARTESIANPOINT((30480.,38100.,10668.));
#10375=IFCDIRECTION((0.,0.,1.));
#10376=IFCDIRECTION((1.,0.,0.));
#10377=IFCAXIS2PLACEMENT3D(#10374,#10375,#10376);
#10378=IFCLOCALPLACEMENT($,#10377);
#10379=IFCWALL('3iETv2FSb3nBRacIJ_qmx6',$,'L4|ONEBR_A',$,$,#10400,#10390,$,$);
#10380=IFCCARTESIANPOINTLIST2D(((0.,0.),(0.,150.),(10363.200000000001,150.),(10363.200000000001,0.),(0.,0.)));
#10381=IFCINDEXEDPOLYCURVE(#10380,$,.F.);
#10382=IFCDIRECTION((0.,0.,1.));
#10383=IFCARBITRARYCLOSEDPROFILEDEF(.AREA.,$,#10381);
#10384=IFCCARTESIANPOINT((0.,0.,0.));
#10385=IFCDIRECTION((0.,0.,1.));
#10386=IFCDIRECTION((1.,0.,0.));
#10387=IFCAXIS2PLACEMENT3D(#10384,#10385,#10386);
#10388=IFCEXTRUDEDAREASOLID(#10383,#10387,#10382,3200.4000000000001);
#10389=IFCSHAPEREPRESENTATION(#11,'Body','SweptSolid',(#10388));
#10390=IFCPRODUCTDEFINITIONSHAPE($,$,(#10389));
#10396=IFCCARTESIANPOINT((30480.,47244.,10668.));
#10397=IFCDIRECTION((0.,0.,1.));
#10398=IFCDIRECTION((1.,0.,0.));
#10399=IFCAXIS2PLACEMENT3D(#10396,#10397,#10398);
#10400=IFCLOCALPLACEMENT($,#10399);
#10401=IFCWALL('3jDdvWzdT67A84En1$BIDQ',$,'L4|ONEBR_A',$,$,#10422,#10412,$,$);
#10402=IFCCARTESIANPOINTLIST2D(((0.,0.),(0.,150.),(9144.,150.),(9144.,0.),(0.,0.)));
#10403=IFCINDEXEDPOLYCURVE(#10402,$,.F.);
#10404=IFCDIRECTION((0.,0.,1.));
#10405=IFCARBITRARYCLOSEDPROFILEDEF(.AREA.,$,#10403);
#10406=IFCCARTESIANPOINT((0.,0.,0.));
#10407=IFCDIRECTION((0.,0.,1.));
#10408=IFCDIRECTION((1.,0.,0.));
#10409=IFCAXIS2PLACEMENT3D(#10406,#10407,#10408);
#10410=IFCEXTRUDEDAREASOLID(#10405,#10409,#10404,3200.4000000000001);
#10411=IFCSHAPEREPRESENTATION(#11,'Body','SweptSolid',(#10410));
#10412=IFCPRODUCTDEFINITIONSHAPE($,$,(#10411));
#10418=IFCCARTESIANPOINT((30480.,38100.,10668.));
#10419=IFCDIRECTION((0.,0.,1.));
#10420=IFCDIRECTION((6.123233995736766E-17,1.,0.));
#10421=IFCAXIS2PLACEMENT3D(#10418,#10419,#10420);
#10422=IFCLOCALPLACEMENT($,#10421);
#10423=IFCWALL('0y5H0HCxf9SPvHpe9lt2wS',$,'L4|ONEBR_A',$,$,#10444,#10434,$,$);
#10424=IFCCARTESIANPOINTLIST2D(((0.,0.),(0.,150.),(9144.,150.),(9144.,0.),(0.,0.)));
#10425=IFCINDEXEDPOLYCURVE(#10424,$,.F.);
#10426=IFCDIRECTION((0.,0.,1.));
#10427=IFCARBITRARYCLOSEDPROFILEDEF(.AREA.,$,#10425);
#10428=IFCCARTESIANPOINT((0.,0.,0.));
#10429=IFCDIRECTION((0.,0.,1.));
#10430=IFCDIRECTION((1.,0.,0.));
#10431=IFCAXIS2PLACEMENT3D(#10428,#10429,#10430);
#10432=IFCEXTRUDEDAREASOLID(#10427,#10431,#10426,3200.4000000000001);
#10433=IFCSHAPEREPRESENTATION(#11,'Body','SweptSolid',(#10432));
#10434=IFCPRODUCTDEFINITIONSHAPE($,$,(#10433));
#10440=IFCCARTESIANPOINT((40843.200000000004,38100.,10668.));
#10441=IFCDIRECTION((0.,0.,1.));
#10442=IFCDIRECTION((6.123233995736766E-17,1.,0.));
#10443=IFCAXIS2PLACEMENT3D(#10440,#10441,#10442);
#10444=IFCLOCALPLACEMENT($,#10443);
#10445=IFCWALL('2sQW$p5797Bgc7AikHcqz9',$,'L4|TWOBR_A',$,$,#10466,#10456,$,$);
#10446=IFCCARTESIANPOINTLIST2D(((0.,0.),(0.,150.),(10972.800000000001,150.),(10972.800000000001,0.),(0.,0.)));
#10447=IFCINDEXEDPOLYCURVE(#10446,$,.F.);
#10448=IFCDIRECTION((0.,0.,1.));
#10449=IFCARBITRARYCLOSEDPROFILEDEF(.AREA.,$,#10447);
#10450=IFCCARTESIANPOINT((0.,0.,0.));
#10451=IFCDIRECTION((0.,0.,1.));
#10452=IFCDIRECTION((1.,0.,0.));
#10453=IFCAXIS2PLACEMENT3D(#10450,#10451,#10452);
#10454=IFCEXTRUDEDAREASOLID(#10449,#10453,#10448,3200.4000000000001);
#10455=IFCSHAPEREPRESENTATION(#11,'Body','SweptSolid',(#10454));
#10456=IFCPRODUCTDEFINITIONSHAPE($,$,(#10455));
#10462=IFCCARTESIANPOINT((42672.,40538.400000000001,10668.));
#10463=IFCDIRECTION((0.,0.,1.));
#10464=IFCDIRECTION((1.,0.,0.));
#10465=IFCAXIS2PLACEMENT3D(#10462,#10463,#10464);
#10466=IFCLOCALPLACEMENT($,#10465);
#10467=IFCWALL('0WIoC5mcb91uNvyy9Y1zZt',$,'L4|TWOBR_A',$,$,#10488,#10478,$,$);
#10468=IFCCARTESIANPOINTLIST2D(((0.,0.),(0.,150.),(10972.800000000001,150.),(10972.800000000001,0.),(0.,0.)));
#10469=IFCINDEXEDPOLYCURVE(#10468,$,.F.);
#10470=IFCDIRECTION((0.,0.,1.));
#10471=IFCARBITRARYCLOSEDPROFILEDEF(.AREA.,$,#10469);
#10472=IFCCARTESIANPOINT((0.,0.,0.));
#10473=IFCDIRECTION((0.,0.,1.));
#10474=IFCDIRECTION((1.,0.,0.));
#10475=IFCAXIS2PLACEMENT3D(#10472,#10473,#10474);
#10476=IFCEXTRUDEDAREASOLID(#10471,#10475,#10470,3200.4000000000001);
#10477=IFCSHAPEREPRESENTATION(#11,'Body','SweptSolid',(#10476));
#10478=IFCPRODUCTDEFINITIONSHAPE($,$,(#10477));
#10484=IFCCARTESIANPOINT((42672.,50901.599999999999,10668.));
#10485=IFCDIRECTION((0.,0.,1.));
#10486=IFCDIRECTION((1.,0.,0.));
#10487=IFCAXIS2PLACEMENT3D(#10484,#10485,#10486);
#10488=IFCLOCALPLACEMENT($,#10487);
#10489=IFCWALL('2YYMdHdFT3RwCZXp6zn3Q5',$,'L4|TWOBR_A',$,$,#10510,#10500,$,$);
#10490=IFCCARTESIANPOINTLIST2D(((0.,0.),(0.,150.),(10363.200000000001,150.),(10363.200000000001,0.),(0.,0.)));
#10491=IFCINDEXEDPOLYCURVE(#10490,$,.F.);
#10492=IFCDIRECTION((0.,0.,1.));
#10493=IFCARBITRARYCLOSEDPROFILEDEF(.AREA.,$,#10491);
#10494=IFCCARTESIANPOINT((0.,0.,0.));
#10495=IFCDIRECTION((0.,0.,1.));
#10496=IFCDIRECTION((1.,0.,0.));
#10497=IFCAXIS2PLACEMENT3D(#10494,#10495,#10496);
#10498=IFCEXTRUDEDAREASOLID(#10493,#10497,#10492,3200.4000000000001);
#10499=IFCSHAPEREPRESENTATION(#11,'Body','SweptSolid',(#10498));
#10500=IFCPRODUCTDEFINITIONSHAPE($,$,(#10499));
#10506=IFCCARTESIANPOINT((42672.,40538.400000000001,10668.));
#10507=IFCDIRECTION((0.,0.,1.));
#10508=IFCDIRECTION((6.123233995736766E-17,1.,0.));
#10509=IFCAXIS2PLACEMENT3D(#10506,#10507,#10508);
#10510=IFCLOCALPLACEMENT($,#10509);
#10511=IFCWALL('2yOTVUcF924w5w_fBkyWZY',$,'L4|TWOBR_A',$,$,#10532,#10522,$,$);
#10512=IFCCARTESIANPOINTLIST2D(((0.,0.),(0.,150.),(10363.200000000001,150.),(10363.200000000001,0.),(0.,0.)));
#10513=IFCINDEXEDPOLYCURVE(#10512,$,.F.);
#10514=IFCDIRECTION((0.,0.,1.));
#10515=IFCARBITRARYCLOSEDPROFILEDEF(.AREA.,$,#10513);
#10516=IFCCARTESIANPOINT((0.,0.,0.));
#10517=IFCDIRECTION((0.,0.,1.));
#10518=IFCDIRECTION((1.,0.,0.));
#10519=IFCAXIS2PLACEMENT3D(#10516,#10517,#10518);
#10520=IFCEXTRUDEDAREASOLID(#10515,#10519,#10514,3200.4000000000001);
#10521=IFCSHAPEREPRESENTATION(#11,'Body','SweptSolid',(#10520));
#10522=IFCPRODUCTDEFINITIONSHAPE($,$,(#10521));
#10528=IFCCARTESIANPOINT((53644.800000000003,40538.400000000001,10668.));
#10529=IFCDIRECTION((0.,0.,1.));
#10530=IFCDIRECTION((6.123233995736766E-17,1.,0.));
#10531=IFCAXIS2PLACEMENT3D(#10528,#10529,#10530);
#10532=IFCLOCALPLACEMENT($,#10531);
#10533=IFCWALL('3eFbW5gsD1zg$elYO5Zooc',$,'L4|STUDIO_A',$,$,#10554,#10544,$,$);
#10534=IFCCARTESIANPOINTLIST2D(((0.,0.),(0.,150.),(9753.6000000000004,150.),(9753.6000000000004,0.),(0.,0.)));
#10535=IFCINDEXEDPOLYCURVE(#10534,$,.F.);
#10536=IFCDIRECTION((0.,0.,1.));
#10537=IFCARBITRARYCLOSEDPROFILEDEF(.AREA.,$,#10535);
#10538=IFCCARTESIANPOINT((0.,0.,0.));
#10539=IFCDIRECTION((0.,0.,1.));
#10540=IFCDIRECTION((1.,0.,0.));
#10541=IFCAXIS2PLACEMENT3D(#10538,#10539,#10540);
#10542=IFCEXTRUDEDAREASOLID(#10537,#10541,#10536,3200.4000000000001);
#10543=IFCSHAPEREPRESENTATION(#11,'Body','SweptSolid',(#10542));
#10544=IFCPRODUCTDEFINITIONSHAPE($,$,(#10543));
#10550=IFCCARTESIANPOINT((69494.399999999994,40538.400000000001,10668.));
#10551=IFCDIRECTION((0.,0.,1.));
#10552=IFCDIRECTION((1.,0.,0.));
#10553=IFCAXIS2PLACEMENT3D(#10550,#10551,#10552);
#10554=IFCLOCALPLACEMENT($,#10553);
#10555=IFCWALL('3xg2ZHZmb2OQi$AyEEyzv6',$,'L4|STUDIO_A',$,$,#10576,#10566,$,$);
#10556=IFCCARTESIANPOINTLIST2D(((0.,0.),(0.,150.),(9753.6000000000004,150.),(9753.6000000000004,0.),(0.,0.)));
#10557=IFCINDEXEDPOLYCURVE(#10556,$,.F.);
#10558=IFCDIRECTION((0.,0.,1.));
#10559=IFCARBITRARYCLOSEDPROFILEDEF(.AREA.,$,#10557);
#10560=IFCCARTESIANPOINT((0.,0.,0.));
#10561=IFCDIRECTION((0.,0.,1.));
#10562=IFCDIRECTION((1.,0.,0.));
#10563=IFCAXIS2PLACEMENT3D(#10560,#10561,#10562);
#10564=IFCEXTRUDEDAREASOLID(#10559,#10563,#10558,3200.4000000000001);
#10565=IFCSHAPEREPRESENTATION(#11,'Body','SweptSolid',(#10564));
#10566=IFCPRODUCTDEFINITIONSHAPE($,$,(#10565));
#10572=IFCCARTESIANPOINT((69494.399999999994,48463.199999999997,10668.));
#10573=IFCDIRECTION((0.,0.,1.));
#10574=IFCDIRECTION((1.,0.,0.));
#10575=IFCAXIS2PLACEMENT3D(#10572,#10573,#10574);
#10576=IFCLOCALPLACEMENT($,#10575);
#10577=IFCWALL('1b6ZttDUL8mxlM7V5RP0o0',$,'L4|STUDIO_A',$,$,#10598,#10588,$,$);
#10578=IFCCARTESIANPOINTLIST2D(((0.,0.),(0.,150.),(7924.8000000000002,150.),(7924.8000000000002,0.),(0.,0.)));
#10579=IFCINDEXEDPOLYCURVE(#10578,$,.F.);
#10580=IFCDIRECTION((0.,0.,1.));
#10581=IFCARBITRARYCLOSEDPROFILEDEF(.AREA.,$,#10579);
#10582=IFCCARTESIANPOINT((0.,0.,0.));
#10583=IFCDIRECTION((0.,0.,1.));
#10584=IFCDIRECTION((1.,0.,0.));
#10585=IFCAXIS2PLACEMENT3D(#10582,#10583,#10584);
#10586=IFCEXTRUDEDAREASOLID(#10581,#10585,#10580,3200.4000000000001);
#10587=IFCSHAPEREPRESENTATION(#11,'Body','SweptSolid',(#10586));
#10588=IFCPRODUCTDEFINITIONSHAPE($,$,(#10587));
#10594=IFCCARTESIANPOINT((69494.399999999994,40538.400000000001,10668.));
#10595=IFCDIRECTION((0.,0.,1.));
#10596=IFCDIRECTION((6.123233995736766E-17,1.,0.));
#10597=IFCAXIS2PLACEMENT3D(#10594,#10595,#10596);
#10598=IFCLOCALPLACEMENT($,#10597);
#10599=IFCWALL('0wA3sJdFLFxQE944HOI2iJ',$,'L4|STUDIO_A',$,$,#10620,#10610,$,$);
#10600=IFCCARTESIANPOINTLIST2D(((0.,0.),(0.,150.),(7924.8000000000002,150.),(7924.8000000000002,0.),(0.,0.)));
#10601=IFCINDEXEDPOLYCURVE(#10600,$,.F.);
#10602=IFCDIRECTION((0.,0.,1.));
#10603=IFCARBITRARYCLOSEDPROFILEDEF(.AREA.,$,#10601);
#10604=IFCCARTESIANPOINT((0.,0.,0.));
#10605=IFCDIRECTION((0.,0.,1.));
#10606=IFCDIRECTION((1.,0.,0.));
#10607=IFCAXIS2PLACEMENT3D(#10604,#10605,#10606);
#10608=IFCEXTRUDEDAREASOLID(#10603,#10607,#10602,3200.4000000000001);
#10609=IFCSHAPEREPRESENTATION(#11,'Body','SweptSolid',(#10608));
#10610=IFCPRODUCTDEFINITIONSHAPE($,$,(#10609));
#10616=IFCCARTESIANPOINT((79248.,40538.400000000001,10668.));
#10617=IFCDIRECTION((0.,0.,1.));
#10618=IFCDIRECTION((6.123233995736766E-17,1.,0.));
#10619=IFCAXIS2PLACEMENT3D(#10616,#10617,#10618);
#10620=IFCLOCALPLACEMENT($,#10619);
#10621=IFCWALL('3oXLG7DRP5AeCyRPCqdSAj',$,'L4|ONEBR_A',$,$,#10642,#10632,$,$);
#10622=IFCCARTESIANPOINTLIST2D(((0.,0.),(0.,150.),(10363.200000000001,150.),(10363.200000000001,0.),(0.,0.)));
#10623=IFCINDEXEDPOLYCURVE(#10622,$,.F.);
#10624=IFCDIRECTION((0.,0.,1.));
#10625=IFCARBITRARYCLOSEDPROFILEDEF(.AREA.,$,#10623);
#10626=IFCCARTESIANPOINT((0.,0.,0.));
#10627=IFCDIRECTION((0.,0.,1.));
#10628=IFCDIRECTION((1.,0.,0.));
#10629=IFCAXIS2PLACEMENT3D(#10626,#10627,#10628);
#10630=IFCEXTRUDEDAREASOLID(#10625,#10629,#10624,3200.4000000000001);
#10631=IFCSHAPEREPRESENTATION(#11,'Body','SweptSolid',(#10630));
#10632=IFCPRODUCTDEFINITIONSHAPE($,$,(#10631));
#10638=IFCCARTESIANPOINT((3657.6000000000004,41757.600000000006,10668.));
#10639=IFCDIRECTION((0.,0.,1.));
#10640=IFCDIRECTION((1.,0.,0.));
#10641=IFCAXIS2PLACEMENT3D(#10638,#10639,#10640);
#10642=IFCLOCALPLACEMENT($,#10641);
#10643=IFCWALL('2Tb9pUFanCP9jwIWSZVg2h',$,'L4|ONEBR_A',$,$,#10664,#10654,$,$);
#10644=IFCCARTESIANPOINTLIST2D(((0.,0.),(0.,150.),(10363.200000000001,150.),(10363.200000000001,0.),(0.,0.)));
#10645=IFCINDEXEDPOLYCURVE(#10644,$,.F.);
#10646=IFCDIRECTION((0.,0.,1.));
#10647=IFCARBITRARYCLOSEDPROFILEDEF(.AREA.,$,#10645);
#10648=IFCCARTESIANPOINT((0.,0.,0.));
#10649=IFCDIRECTION((0.,0.,1.));
#10650=IFCDIRECTION((1.,0.,0.));
#10651=IFCAXIS2PLACEMENT3D(#10648,#10649,#10650);
#10652=IFCEXTRUDEDAREASOLID(#10647,#10651,#10646,3200.4000000000001);
#10653=IFCSHAPEREPRESENTATION(#11,'Body','SweptSolid',(#10652));
#10654=IFCPRODUCTDEFINITIONSHAPE($,$,(#10653));
#10660=IFCCARTESIANPOINT((3657.6000000000004,50901.599999999999,10668.));
#10661=IFCDIRECTION((0.,0.,1.));
#10662=IFCDIRECTION((1.,0.,0.));
#10663=IFCAXIS2PLACEMENT3D(#10660,#10661,#10662);
#10664=IFCLOCALPLACEMENT($,#10663);
#10665=IFCWALL('14HWkHMpL55vtYU4tIVkG$',$,'L4|ONEBR_A',$,$,#10686,#10676,$,$);
#10666=IFCCARTESIANPOINTLIST2D(((0.,0.),(0.,150.),(9144.,150.),(9144.,0.),(0.,0.)));
#10667=IFCINDEXEDPOLYCURVE(#10666,$,.F.);
#10668=IFCDIRECTION((0.,0.,1.));
#10669=IFCARBITRARYCLOSEDPROFILEDEF(.AREA.,$,#10667);
#10670=IFCCARTESIANPOINT((0.,0.,0.));
#10671=IFCDIRECTION((0.,0.,1.));
#10672=IFCDIRECTION((1.,0.,0.));
#10673=IFCAXIS2PLACEMENT3D(#10670,#10671,#10672);
#10674=IFCEXTRUDEDAREASOLID(#10669,#10673,#10668,3200.4000000000001);
#10675=IFCSHAPEREPRESENTATION(#11,'Body','SweptSolid',(#10674));
#10676=IFCPRODUCTDEFINITIONSHAPE($,$,(#10675));
#10682=IFCCARTESIANPOINT((3657.6000000000004,41757.600000000006,10668.));
#10683=IFCDIRECTION((0.,0.,1.));
#10684=IFCDIRECTION((6.123233995736766E-17,1.,0.));
#10685=IFCAXIS2PLACEMENT3D(#10682,#10683,#10684);
#10686=IFCLOCALPLACEMENT($,#10685);
#10687=IFCWALL('2NYHuWR9b4ffgyWFgomUe6',$,'L4|ONEBR_A',$,$,#10708,#10698,$,$);
#10688=IFCCARTESIANPOINTLIST2D(((0.,0.),(0.,150.),(9144.,150.),(9144.,0.),(0.,0.)));
#10689=IFCINDEXEDPOLYCURVE(#10688,$,.F.);
#10690=IFCDIRECTION((0.,0.,1.));
#10691=IFCARBITRARYCLOSEDPROFILEDEF(.AREA.,$,#10689);
#10692=IFCCARTESIANPOINT((0.,0.,0.));
#10693=IFCDIRECTION((0.,0.,1.));
#10694=IFCDIRECTION((1.,0.,0.));
#10695=IFCAXIS2PLACEMENT3D(#10692,#10693,#10694);
#10696=IFCEXTRUDEDAREASOLID(#10691,#10695,#10690,3200.4000000000001);
#10697=IFCSHAPEREPRESENTATION(#11,'Body','SweptSolid',(#10696));
#10698=IFCPRODUCTDEFINITIONSHAPE($,$,(#10697));
#10704=IFCCARTESIANPOINT((14020.800000000001,41757.600000000006,10668.));
#10705=IFCDIRECTION((0.,0.,1.));
#10706=IFCDIRECTION((6.123233995736766E-17,1.,0.));
#10707=IFCAXIS2PLACEMENT3D(#10704,#10705,#10706);
#10708=IFCLOCALPLACEMENT($,#10707);
#10709=IFCWALL('2xTKMh02910PBeLLH6CZvd',$,'L4|TWOBR_A',$,$,#10730,#10720,$,$);
#10710=IFCCARTESIANPOINTLIST2D(((0.,0.),(0.,150.),(10972.800000000001,150.),(10972.800000000001,0.),(0.,0.)));
#10711=IFCINDEXEDPOLYCURVE(#10710,$,.F.);
#10712=IFCDIRECTION((0.,0.,1.));
#10713=IFCARBITRARYCLOSEDPROFILEDEF(.AREA.,$,#10711);
#10714=IFCCARTESIANPOINT((0.,0.,0.));
#10715=IFCDIRECTION((0.,0.,1.));
#10716=IFCDIRECTION((1.,0.,0.));
#10717=IFCAXIS2PLACEMENT3D(#10714,#10715,#10716);
#10718=IFCEXTRUDEDAREASOLID(#10713,#10717,#10712,3200.4000000000001);
#10719=IFCSHAPEREPRESENTATION(#11,'Body','SweptSolid',(#10718));
#10720=IFCPRODUCTDEFINITIONSHAPE($,$,(#10719));
#10726=IFCCARTESIANPOINT((56692.800000000003,41757.600000000006,10668.));
#10727=IFCDIRECTION((0.,0.,1.));
#10728=IFCDIRECTION((1.,0.,0.));
#10729=IFCAXIS2PLACEMENT3D(#10726,#10727,#10728);
#10730=IFCLOCALPLACEMENT($,#10729);
#10731=IFCWALL('2fHlykrzv46hZBgj5Q2Gq$',$,'L4|TWOBR_A',$,$,#10752,#10742,$,$);
#10732=IFCCARTESIANPOINTLIST2D(((0.,0.),(0.,150.),(10972.800000000001,150.),(10972.800000000001,0.),(0.,0.)));
#10733=IFCINDEXEDPOLYCURVE(#10732,$,.F.);
#10734=IFCDIRECTION((0.,0.,1.));
#10735=IFCARBITRARYCLOSEDPROFILEDEF(.AREA.,$,#10733);
#10736=IFCCARTESIANPOINT((0.,0.,0.));
#10737=IFCDIRECTION((0.,0.,1.));
#10738=IFCDIRECTION((1.,0.,0.));
#10739=IFCAXIS2PLACEMENT3D(#10736,#10737,#10738);
#10740=IFCEXTRUDEDAREASOLID(#10735,#10739,#10734,3200.4000000000001);
#10741=IFCSHAPEREPRESENTATION(#11,'Body','SweptSolid',(#10740));
#10742=IFCPRODUCTDEFINITIONSHAPE($,$,(#10741));
#10748=IFCCARTESIANPOINT((56692.800000000003,52120.800000000003,10668.));
#10749=IFCDIRECTION((0.,0.,1.));
#10750=IFCDIRECTION((1.,0.,0.));
#10751=IFCAXIS2PLACEMENT3D(#10748,#10749,#10750);
#10752=IFCLOCALPLACEMENT($,#10751);
#10753=IFCWALL('2vtFgYVD16nfxZ8ODfzi$D',$,'L4|TWOBR_A',$,$,#10774,#10764,$,$);
#10754=IFCCARTESIANPOINTLIST2D(((0.,0.),(0.,150.),(10363.200000000001,150.),(10363.200000000001,0.),(0.,0.)));
#10755=IFCINDEXEDPOLYCURVE(#10754,$,.F.);
#10756=IFCDIRECTION((0.,0.,1.));
#10757=IFCARBITRARYCLOSEDPROFILEDEF(.AREA.,$,#10755);
#10758=IFCCARTESIANPOINT((0.,0.,0.));
#10759=IFCDIRECTION((0.,0.,1.));
#10760=IFCDIRECTION((1.,0.,0.));
#10761=IFCAXIS2PLACEMENT3D(#10758,#10759,#10760);
#10762=IFCEXTRUDEDAREASOLID(#10757,#10761,#10756,3200.4000000000001);
#10763=IFCSHAPEREPRESENTATION(#11,'Body','SweptSolid',(#10762));
#10764=IFCPRODUCTDEFINITIONSHAPE($,$,(#10763));
#10770=IFCCARTESIANPOINT((56692.800000000003,41757.600000000006,10668.));
#10771=IFCDIRECTION((0.,0.,1.));
#10772=IFCDIRECTION((6.123233995736766E-17,1.,0.));
#10773=IFCAXIS2PLACEMENT3D(#10770,#10771,#10772);
#10774=IFCLOCALPLACEMENT($,#10773);
#10775=IFCWALL('1Hs9WPBmvFAvMJ1Y61iRIQ',$,'L4|TWOBR_A',$,$,#10796,#10786,$,$);
#10776=IFCCARTESIANPOINTLIST2D(((0.,0.),(0.,150.),(10363.200000000001,150.),(10363.200000000001,0.),(0.,0.)));
#10777=IFCINDEXEDPOLYCURVE(#10776,$,.F.);
#10778=IFCDIRECTION((0.,0.,1.));
#10779=IFCARBITRARYCLOSEDPROFILEDEF(.AREA.,$,#10777);
#10780=IFCCARTESIANPOINT((0.,0.,0.));
#10781=IFCDIRECTION((0.,0.,1.));
#10782=IFCDIRECTION((1.,0.,0.));
#10783=IFCAXIS2PLACEMENT3D(#10780,#10781,#10782);
#10784=IFCEXTRUDEDAREASOLID(#10779,#10783,#10778,3200.4000000000001);
#10785=IFCSHAPEREPRESENTATION(#11,'Body','SweptSolid',(#10784));
#10786=IFCPRODUCTDEFINITIONSHAPE($,$,(#10785));
#10792=IFCCARTESIANPOINT((67665.599999999991,41757.600000000006,10668.));
#10793=IFCDIRECTION((0.,0.,1.));
#10794=IFCDIRECTION((6.123233995736766E-17,1.,0.));
#10795=IFCAXIS2PLACEMENT3D(#10792,#10793,#10794);
#10796=IFCLOCALPLACEMENT($,#10795);
#10797=IFCWALL('2iOvj_61n2A94gsom8KGjV',$,'L4|ONEBR_A',$,$,#10818,#10808,$,$);
#10798=IFCCARTESIANPOINTLIST2D(((0.,0.),(0.,150.),(10363.200000000001,150.),(10363.200000000001,0.),(0.,0.)));
#10799=IFCINDEXEDPOLYCURVE(#10798,$,.F.);
#10800=IFCDIRECTION((0.,0.,1.));
#10801=IFCARBITRARYCLOSEDPROFILEDEF(.AREA.,$,#10799);
#10802=IFCCARTESIANPOINT((0.,0.,0.));
#10803=IFCDIRECTION((0.,0.,1.));
#10804=IFCDIRECTION((1.,0.,0.));
#10805=IFCAXIS2PLACEMENT3D(#10802,#10803,#10804);
#10806=IFCEXTRUDEDAREASOLID(#10801,#10805,#10800,3200.4000000000001);
#10807=IFCSHAPEREPRESENTATION(#11,'Body','SweptSolid',(#10806));
#10808=IFCPRODUCTDEFINITIONSHAPE($,$,(#10807));
#10814=IFCCARTESIANPOINT((15849.6,46024.799999999996,10668.));
#10815=IFCDIRECTION((0.,0.,1.));
#10816=IFCDIRECTION((1.,0.,0.));
#10817=IFCAXIS2PLACEMENT3D(#10814,#10815,#10816);
#10818=IFCLOCALPLACEMENT($,#10817);
#10819=IFCWALL('2uIoYhIlf2ffoRdb3Ldt90',$,'L4|ONEBR_A',$,$,#10840,#10830,$,$);
#10820=IFCCARTESIANPOINTLIST2D(((0.,0.),(0.,150.),(10363.200000000001,150.),(10363.200000000001,0.),(0.,0.)));
#10821=IFCINDEXEDPOLYCURVE(#10820,$,.F.);
#10822=IFCDIRECTION((0.,0.,1.));
#10823=IFCARBITRARYCLOSEDPROFILEDEF(.AREA.,$,#10821);
#10824=IFCCARTESIANPOINT((0.,0.,0.));
#10825=IFCDIRECTION((0.,0.,1.));
#10826=IFCDIRECTION((1.,0.,0.));
#10827=IFCAXIS2PLACEMENT3D(#10824,#10825,#10826);
#10828=IFCEXTRUDEDAREASOLID(#10823,#10827,#10822,3200.4000000000001);
#10829=IFCSHAPEREPRESENTATION(#11,'Body','SweptSolid',(#10828));
#10830=IFCPRODUCTDEFINITIONSHAPE($,$,(#10829));
#10836=IFCCARTESIANPOINT((15849.6,55168.800000000003,10668.));
#10837=IFCDIRECTION((0.,0.,1.));
#10838=IFCDIRECTION((1.,0.,0.));
#10839=IFCAXIS2PLACEMENT3D(#10836,#10837,#10838);
#10840=IFCLOCALPLACEMENT($,#10839);
#10841=IFCWALL('3u4M7cDyr538ebLJB5Bmcm',$,'L4|ONEBR_A',$,$,#10862,#10852,$,$);
#10842=IFCCARTESIANPOINTLIST2D(((0.,0.),(0.,150.),(9144.,150.),(9144.,0.),(0.,0.)));
#10843=IFCINDEXEDPOLYCURVE(#10842,$,.F.);
#10844=IFCDIRECTION((0.,0.,1.));
#10845=IFCARBITRARYCLOSEDPROFILEDEF(.AREA.,$,#10843);
#10846=IFCCARTESIANPOINT((0.,0.,0.));
#10847=IFCDIRECTION((0.,0.,1.));
#10848=IFCDIRECTION((1.,0.,0.));
#10849=IFCAXIS2PLACEMENT3D(#10846,#10847,#10848);
#10850=IFCEXTRUDEDAREASOLID(#10845,#10849,#10844,3200.4000000000001);
#10851=IFCSHAPEREPRESENTATION(#11,'Body','SweptSolid',(#10850));
#10852=IFCPRODUCTDEFINITIONSHAPE($,$,(#10851));
#10858=IFCCARTESIANPOINT((15849.6,46024.799999999996,10668.));
#10859=IFCDIRECTION((0.,0.,1.));
#10860=IFCDIRECTION((6.123233995736766E-17,1.,0.));
#10861=IFCAXIS2PLACEMENT3D(#10858,#10859,#10860);
#10862=IFCLOCALPLACEMENT($,#10861);
#10863=IFCWALL('2C_3a6Pd54XAF2$Grb$jNd',$,'L4|ONEBR_A',$,$,#10884,#10874,$,$);
#10864=IFCCARTESIANPOINTLIST2D(((0.,0.),(0.,150.),(9144.,150.),(9144.,0.),(0.,0.)));
#10865=IFCINDEXEDPOLYCURVE(#10864,$,.F.);
#10866=IFCDIRECTION((0.,0.,1.));
#10867=IFCARBITRARYCLOSEDPROFILEDEF(.AREA.,$,#10865);
#10868=IFCCARTESIANPOINT((0.,0.,0.));
#10869=IFCDIRECTION((0.,0.,1.));
#10870=IFCDIRECTION((1.,0.,0.));
#10871=IFCAXIS2PLACEMENT3D(#10868,#10869,#10870);
#10872=IFCEXTRUDEDAREASOLID(#10867,#10871,#10866,3200.4000000000001);
#10873=IFCSHAPEREPRESENTATION(#11,'Body','SweptSolid',(#10872));
#10874=IFCPRODUCTDEFINITIONSHAPE($,$,(#10873));
#10880=IFCCARTESIANPOINT((26212.799999999999,46024.799999999996,10668.));
#10881=IFCDIRECTION((0.,0.,1.));
#10882=IFCDIRECTION((6.123233995736766E-17,1.,0.));
#10883=IFCAXIS2PLACEMENT3D(#10880,#10881,#10882);
#10884=IFCLOCALPLACEMENT($,#10883);
#10885=IFCWALL('0q40hFA6v4t91QclCPSKfV',$,'L4|TWOBR_A',$,$,#10906,#10896,$,$);
#10886=IFCCARTESIANPOINTLIST2D(((0.,0.),(0.,150.),(10972.800000000001,150.),(10972.800000000001,0.),(0.,0.)));
#10887=IFCINDEXEDPOLYCURVE(#10886,$,.F.);
#10888=IFCDIRECTION((0.,0.,1.));
#10889=IFCARBITRARYCLOSEDPROFILEDEF(.AREA.,$,#10887);
#10890=IFCCARTESIANPOINT((0.,0.,0.));
#10891=IFCDIRECTION((0.,0.,1.));
#10892=IFCDIRECTION((1.,0.,0.));
#10893=IFCAXIS2PLACEMENT3D(#10890,#10891,#10892);
#10894=IFCEXTRUDEDAREASOLID(#10889,#10893,#10888,3200.4000000000001);
#10895=IFCSHAPEREPRESENTATION(#11,'Body','SweptSolid',(#10894));
#10896=IFCPRODUCTDEFINITIONSHAPE($,$,(#10895));
#10902=IFCCARTESIANPOINT((29870.399999999998,47244.,10668.));
#10903=IFCDIRECTION((0.,0.,1.));
#10904=IFCDIRECTION((1.,0.,0.));
#10905=IFCAXIS2PLACEMENT3D(#10902,#10903,#10904);
#10906=IFCLOCALPLACEMENT($,#10905);
#10907=IFCWALL('32t$JGwHbCKRj6IN_ZuEgx',$,'L4|TWOBR_A',$,$,#10928,#10918,$,$);
#10908=IFCCARTESIANPOINTLIST2D(((0.,0.),(0.,150.),(10972.800000000001,150.),(10972.800000000001,0.),(0.,0.)));
#10909=IFCINDEXEDPOLYCURVE(#10908,$,.F.);
#10910=IFCDIRECTION((0.,0.,1.));
#10911=IFCARBITRARYCLOSEDPROFILEDEF(.AREA.,$,#10909);
#10912=IFCCARTESIANPOINT((0.,0.,0.));
#10913=IFCDIRECTION((0.,0.,1.));
#10914=IFCDIRECTION((1.,0.,0.));
#10915=IFCAXIS2PLACEMENT3D(#10912,#10913,#10914);
#10916=IFCEXTRUDEDAREASOLID(#10911,#10915,#10910,3200.4000000000001);
#10917=IFCSHAPEREPRESENTATION(#11,'Body','SweptSolid',(#10916));
#10918=IFCPRODUCTDEFINITIONSHAPE($,$,(#10917));
#10924=IFCCARTESIANPOINT((29870.399999999998,57607.200000000004,10668.));
#10925=IFCDIRECTION((0.,0.,1.));
#10926=IFCDIRECTION((1.,0.,0.));
#10927=IFCAXIS2PLACEMENT3D(#10924,#10925,#10926);
#10928=IFCLOCALPLACEMENT($,#10927);
#10929=IFCWALL('356CH85gn2Sh6hRrr3fSRd',$,'L4|TWOBR_A',$,$,#10950,#10940,$,$);
#10930=IFCCARTESIANPOINTLIST2D(((0.,0.),(0.,150.),(10363.200000000001,150.),(10363.200000000001,0.),(0.,0.)));
#10931=IFCINDEXEDPOLYCURVE(#10930,$,.F.);
#10932=IFCDIRECTION((0.,0.,1.));
#10933=IFCARBITRARYCLOSEDPROFILEDEF(.AREA.,$,#10931);
#10934=IFCCARTESIANPOINT((0.,0.,0.));
#10935=IFCDIRECTION((0.,0.,1.));
#10936=IFCDIRECTION((1.,0.,0.));
#10937=IFCAXIS2PLACEMENT3D(#10934,#10935,#10936);
#10938=IFCEXTRUDEDAREASOLID(#10933,#10937,#10932,3200.4000000000001);
#10939=IFCSHAPEREPRESENTATION(#11,'Body','SweptSolid',(#10938));
#10940=IFCPRODUCTDEFINITIONSHAPE($,$,(#10939));
#10946=IFCCARTESIANPOINT((29870.399999999998,47244.,10668.));
#10947=IFCDIRECTION((0.,0.,1.));
#10948=IFCDIRECTION((6.123233995736766E-17,1.,0.));
#10949=IFCAXIS2PLACEMENT3D(#10946,#10947,#10948);
#10950=IFCLOCALPLACEMENT($,#10949);
#10951=IFCWALL('27AqNAwOP2yvoxgec$UvB2',$,'L4|TWOBR_A',$,$,#10972,#10962,$,$);
#10952=IFCCARTESIANPOINTLIST2D(((0.,0.),(0.,150.),(10363.200000000001,150.),(10363.200000000001,0.),(0.,0.)));
#10953=IFCINDEXEDPOLYCURVE(#10952,$,.F.);
#10954=IFCDIRECTION((0.,0.,1.));
#10955=IFCARBITRARYCLOSEDPROFILEDEF(.AREA.,$,#10953);
#10956=IFCCARTESIANPOINT((0.,0.,0.));
#10957=IFCDIRECTION((0.,0.,1.));
#10958=IFCDIRECTION((1.,0.,0.));
#10959=IFCAXIS2PLACEMENT3D(#10956,#10957,#10958);
#10960=IFCEXTRUDEDAREASOLID(#10955,#10959,#10954,3200.4000000000001);
#10961=IFCSHAPEREPRESENTATION(#11,'Body','SweptSolid',(#10960));
#10962=IFCPRODUCTDEFINITIONSHAPE($,$,(#10961));
#10968=IFCCARTESIANPOINT((40843.200000000004,47244.,10668.));
#10969=IFCDIRECTION((0.,0.,1.));
#10970=IFCDIRECTION((6.123233995736766E-17,1.,0.));
#10971=IFCAXIS2PLACEMENT3D(#10968,#10969,#10970);
#10972=IFCLOCALPLACEMENT($,#10971);
#10973=IFCWALL('38DBI3xXnAuB4cnfqOvY_6',$,'L4|ONEBR_A',$,$,#10994,#10984,$,$);
#10974=IFCCARTESIANPOINTLIST2D(((0.,0.),(0.,150.),(10363.200000000001,150.),(10363.200000000001,0.),(0.,0.)));
#10975=IFCINDEXEDPOLYCURVE(#10974,$,.F.);
#10976=IFCDIRECTION((0.,0.,1.));
#10977=IFCARBITRARYCLOSEDPROFILEDEF(.AREA.,$,#10975);
#10978=IFCCARTESIANPOINT((0.,0.,0.));
#10979=IFCDIRECTION((0.,0.,1.));
#10980=IFCDIRECTION((1.,0.,0.));
#10981=IFCAXIS2PLACEMENT3D(#10978,#10979,#10980);
#10982=IFCEXTRUDEDAREASOLID(#10977,#10981,#10976,3200.4000000000001);
#10983=IFCSHAPEREPRESENTATION(#11,'Body','SweptSolid',(#10982));
#10984=IFCPRODUCTDEFINITIONSHAPE($,$,(#10983));
#10990=IFCCARTESIANPOINT((69494.399999999994,48463.199999999997,10668.));
#10991=IFCDIRECTION((0.,0.,1.));
#10992=IFCDIRECTION((1.,0.,0.));
#10993=IFCAXIS2PLACEMENT3D(#10990,#10991,#10992);
#10994=IFCLOCALPLACEMENT($,#10993);
#10995=IFCWALL('0Nu3r5Tjz8DeBYcwlZ1A3p',$,'L4|ONEBR_A',$,$,#11016,#11006,$,$);
#10996=IFCCARTESIANPOINTLIST2D(((0.,0.),(0.,150.),(10363.200000000001,150.),(10363.200000000001,0.),(0.,0.)));
#10997=IFCINDEXEDPOLYCURVE(#10996,$,.F.);
#10998=IFCDIRECTION((0.,0.,1.));
#10999=IFCARBITRARYCLOSEDPROFILEDEF(.AREA.,$,#10997);
#11000=IFCCARTESIANPOINT((0.,0.,0.));
#11001=IFCDIRECTION((0.,0.,1.));
#11002=IFCDIRECTION((1.,0.,0.));
#11003=IFCAXIS2PLACEMENT3D(#11000,#11001,#11002);
#11004=IFCEXTRUDEDAREASOLID(#10999,#11003,#10998,3200.4000000000001);
#11005=IFCSHAPEREPRESENTATION(#11,'Body','SweptSolid',(#11004));
#11006=IFCPRODUCTDEFINITIONSHAPE($,$,(#11005));
#11012=IFCCARTESIANPOINT((69494.399999999994,57607.200000000004,10668.));
#11013=IFCDIRECTION((0.,0.,1.));
#11014=IFCDIRECTION((1.,0.,0.));
#11015=IFCAXIS2PLACEMENT3D(#11012,#11013,#11014);
#11016=IFCLOCALPLACEMENT($,#11015);
#11017=IFCWALL('3cMrmpZm5A0gzA6jprQ7Np',$,'L4|ONEBR_A',$,$,#11038,#11028,$,$);
#11018=IFCCARTESIANPOINTLIST2D(((0.,0.),(0.,150.),(9144.,150.),(9144.,0.),(0.,0.)));
#11019=IFCINDEXEDPOLYCURVE(#11018,$,.F.);
#11020=IFCDIRECTION((0.,0.,1.));
#11021=IFCARBITRARYCLOSEDPROFILEDEF(.AREA.,$,#11019);
#11022=IFCCARTESIANPOINT((0.,0.,0.));
#11023=IFCDIRECTION((0.,0.,1.));
#11024=IFCDIRECTION((1.,0.,0.));
#11025=IFCAXIS2PLACEMENT3D(#11022,#11023,#11024);
#11026=IFCEXTRUDEDAREASOLID(#11021,#11025,#11020,3200.4000000000001);
#11027=IFCSHAPEREPRESENTATION(#11,'Body','SweptSolid',(#11026));
#11028=IFCPRODUCTDEFINITIONSHAPE($,$,(#11027));
#11034=IFCCARTESIANPOINT((69494.399999999994,48463.199999999997,10668.));
#11035=IFCDIRECTION((0.,0.,1.));
#11036=IFCDIRECTION((6.123233995736766E-17,1.,0.));
#11037=IFCAXIS2PLACEMENT3D(#11034,#11035,#11036);
#11038=IFCLOCALPLACEMENT($,#11037);
#11039=IFCWALL('08yBtQ3jz3Shwh9e5jh61F',$,'L4|ONEBR_A',$,$,#11060,#11050,$,$);
#11040=IFCCARTESIANPOINTLIST2D(((0.,0.),(0.,150.),(9144.,150.),(9144.,0.),(0.,0.)));
#11041=IFCINDEXEDPOLYCURVE(#11040,$,.F.);
#11042=IFCDIRECTION((0.,0.,1.));
#11043=IFCARBITRARYCLOSEDPROFILEDEF(.AREA.,$,#11041);
#11044=IFCCARTESIANPOINT((0.,0.,0.));
#11045=IFCDIRECTION((0.,0.,1.));
#11046=IFCDIRECTION((1.,0.,0.));
#11047=IFCAXIS2PLACEMENT3D(#11044,#11045,#11046);
#11048=IFCEXTRUDEDAREASOLID(#11043,#11047,#11042,3200.4000000000001);
#11049=IFCSHAPEREPRESENTATION(#11,'Body','SweptSolid',(#11048));
#11050=IFCPRODUCTDEFINITIONSHAPE($,$,(#11049));
#11056=IFCCARTESIANPOINT((79857.600000000006,48463.199999999997,10668.));
#11057=IFCDIRECTION((0.,0.,1.));
#11058=IFCDIRECTION((6.123233995736766E-17,1.,0.));
#11059=IFCAXIS2PLACEMENT3D(#11056,#11057,#11058);
#11060=IFCLOCALPLACEMENT($,#11059);
#11061=IFCWALL('3VB2bvImLDp8aO23pa63PN',$,'L4|STUDIO_A',$,$,#11082,#11072,$,$);
#11062=IFCCARTESIANPOINTLIST2D(((0.,0.),(0.,150.),(9753.6000000000004,150.),(9753.6000000000004,0.),(0.,0.)));
#11063=IFCINDEXEDPOLYCURVE(#11062,$,.F.);
#11064=IFCDIRECTION((0.,0.,1.));
#11065=IFCARBITRARYCLOSEDPROFILEDEF(.AREA.,$,#11063);
#11066=IFCCARTESIANPOINT((0.,0.,0.));
#11067=IFCDIRECTION((0.,0.,1.));
#11068=IFCDIRECTION((1.,0.,0.));
#11069=IFCAXIS2PLACEMENT3D(#11066,#11067,#11068);
#11070=IFCEXTRUDEDAREASOLID(#11065,#11069,#11064,3200.4000000000001);
#11071=IFCSHAPEREPRESENTATION(#11,'Body','SweptSolid',(#11070));
#11072=IFCPRODUCTDEFINITIONSHAPE($,$,(#11071));
#11078=IFCCARTESIANPOINT((4267.1999999999998,50901.599999999999,10668.));
#11079=IFCDIRECTION((0.,0.,1.));
#11080=IFCDIRECTION((1.,0.,0.));
#11081=IFCAXIS2PLACEMENT3D(#11078,#11079,#11080);
#11082=IFCLOCALPLACEMENT($,#11081);
#11083=IFCWALL('1zIAD8Z_95qOol_2ab$UfJ',$,'L4|STUDIO_A',$,$,#11104,#11094,$,$);
#11084=IFCCARTESIANPOINTLIST2D(((0.,0.),(0.,150.),(9753.6000000000004,150.),(9753.6000000000004,0.),(0.,0.)));
#11085=IFCINDEXEDPOLYCURVE(#11084,$,.F.);
#11086=IFCDIRECTION((0.,0.,1.));
#11087=IFCARBITRARYCLOSEDPROFILEDEF(.AREA.,$,#11085);
#11088=IFCCARTESIANPOINT((0.,0.,0.));
#11089=IFCDIRECTION((0.,0.,1.));
#11090=IFCDIRECTION((1.,0.,0.));
#11091=IFCAXIS2PLACEMENT3D(#11088,#11089,#11090);
#11092=IFCEXTRUDEDAREASOLID(#11087,#11091,#11086,3200.4000000000001);
#11093=IFCSHAPEREPRESENTATION(#11,'Body','SweptSolid',(#11092));
#11094=IFCPRODUCTDEFINITIONSHAPE($,$,(#11093));
#11100=IFCCARTESIANPOINT((4267.1999999999998,58826.400000000001,10668.));
#11101=IFCDIRECTION((0.,0.,1.));
#11102=IFCDIRECTION((1.,0.,0.));
#11103=IFCAXIS2PLACEMENT3D(#11100,#11101,#11102);
#11104=IFCLOCALPLACEMENT($,#11103);
#11105=IFCWALL('1QSJ0Dd4n3OREuMULhrKEN',$,'L4|STUDIO_A',$,$,#11126,#11116,$,$);
#11106=IFCCARTESIANPOINTLIST2D(((0.,0.),(0.,150.),(7924.8000000000002,150.),(7924.8000000000002,0.),(0.,0.)));
#11107=IFCINDEXEDPOLYCURVE(#11106,$,.F.);
#11108=IFCDIRECTION((0.,0.,1.));
#11109=IFCARBITRARYCLOSEDPROFILEDEF(.AREA.,$,#11107);
#11110=IFCCARTESIANPOINT((0.,0.,0.));
#11111=IFCDIRECTION((0.,0.,1.));
#11112=IFCDIRECTION((1.,0.,0.));
#11113=IFCAXIS2PLACEMENT3D(#11110,#11111,#11112);
#11114=IFCEXTRUDEDAREASOLID(#11109,#11113,#11108,3200.4000000000001);
#11115=IFCSHAPEREPRESENTATION(#11,'Body','SweptSolid',(#11114));
#11116=IFCPRODUCTDEFINITIONSHAPE($,$,(#11115));
#11122=IFCCARTESIANPOINT((4267.1999999999998,50901.599999999999,10668.));
#11123=IFCDIRECTION((0.,0.,1.));
#11124=IFCDIRECTION((6.123233995736766E-17,1.,0.));
#11125=IFCAXIS2PLACEMENT3D(#11122,#11123,#11124);
#11126=IFCLOCALPLACEMENT($,#11125);
#11127=IFCWALL('3mGk7n1wjCQQzCetOZLbxL',$,'L4|STUDIO_A',$,$,#11148,#11138,$,$);
#11128=IFCCARTESIANPOINTLIST2D(((0.,0.),(0.,150.),(7924.8000000000002,150.),(7924.8000000000002,0.),(0.,0.)));
#11129=IFCINDEXEDPOLYCURVE(#11128,$,.F.);
#11130=IFCDIRECTION((0.,0.,1.));
#11131=IFCARBITRARYCLOSEDPROFILEDEF(.AREA.,$,#11129);
#11132=IFCCARTESIANPOINT((0.,0.,0.));
#11133=IFCDIRECTION((0.,0.,1.));
#11134=IFCDIRECTION((1.,0.,0.));
#11135=IFCAXIS2PLACEMENT3D(#11132,#11133,#11134);
#11136=IFCEXTRUDEDAREASOLID(#11131,#11135,#11130,3200.4000000000001);
#11137=IFCSHAPEREPRESENTATION(#11,'Body','SweptSolid',(#11136));
#11138=IFCPRODUCTDEFINITIONSHAPE($,$,(#11137));
#11144=IFCCARTESIANPOINT((14020.800000000001,50901.599999999999,10668.));
#11145=IFCDIRECTION((0.,0.,1.));
#11146=IFCDIRECTION((6.123233995736766E-17,1.,0.));
#11147=IFCAXIS2PLACEMENT3D(#11144,#11145,#11146);
#11148=IFCLOCALPLACEMENT($,#11147);
#11149=IFCWALL('3KWpc1WXL69OXWGLCww1HD',$,'L4|TWOBR_A',$,$,#11170,#11160,$,$);
#11150=IFCCARTESIANPOINTLIST2D(((0.,0.),(0.,150.),(10972.800000000001,150.),(10972.800000000001,0.),(0.,0.)));
#11151=IFCINDEXEDPOLYCURVE(#11150,$,.F.);
#11152=IFCDIRECTION((0.,0.,1.));
#11153=IFCARBITRARYCLOSEDPROFILEDEF(.AREA.,$,#11151);
#11154=IFCCARTESIANPOINT((0.,0.,0.));
#11155=IFCDIRECTION((0.,0.,1.));
#11156=IFCDIRECTION((1.,0.,0.));
#11157=IFCAXIS2PLACEMENT3D(#11154,#11155,#11156);
#11158=IFCEXTRUDEDAREASOLID(#11153,#11157,#11152,3200.4000000000001);
#11159=IFCSHAPEREPRESENTATION(#11,'Body','SweptSolid',(#11158));
#11160=IFCPRODUCTDEFINITIONSHAPE($,$,(#11159));
#11166=IFCCARTESIANPOINT((42672.,50901.599999999999,10668.));
#11167=IFCDIRECTION((0.,0.,1.));
#11168=IFCDIRECTION((1.,0.,0.));
#11169=IFCAXIS2PLACEMENT3D(#11166,#11167,#11168);
#11170=IFCLOCALPLACEMENT($,#11169);
#11171=IFCWALL('1rcGNW0Az7ovZzV_XJ5_6J',$,'L4|TWOBR_A',$,$,#11192,#11182,$,$);
#11172=IFCCARTESIANPOINTLIST2D(((0.,0.),(0.,150.),(10972.800000000001,150.),(10972.800000000001,0.),(0.,0.)));
#11173=IFCINDEXEDPOLYCURVE(#11172,$,.F.);
#11174=IFCDIRECTION((0.,0.,1.));
#11175=IFCARBITRARYCLOSEDPROFILEDEF(.AREA.,$,#11173);
#11176=IFCCARTESIANPOINT((0.,0.,0.));
#11177=IFCDIRECTION((0.,0.,1.));
#11178=IFCDIRECTION((1.,0.,0.));
#11179=IFCAXIS2PLACEMENT3D(#11176,#11177,#11178);
#11180=IFCEXTRUDEDAREASOLID(#11175,#11179,#11174,3200.4000000000001);
#11181=IFCSHAPEREPRESENTATION(#11,'Body','SweptSolid',(#11180));
#11182=IFCPRODUCTDEFINITIONSHAPE($,$,(#11181));
#11188=IFCCARTESIANPOINT((42672.,61264.800000000003,10668.));
#11189=IFCDIRECTION((0.,0.,1.));
#11190=IFCDIRECTION((1.,0.,0.));
#11191=IFCAXIS2PLACEMENT3D(#11188,#11189,#11190);
#11192=IFCLOCALPLACEMENT($,#11191);
#11193=IFCWALL('1rCBijoADFwv5T0G3PMERI',$,'L4|TWOBR_A',$,$,#11214,#11204,$,$);
#11194=IFCCARTESIANPOINTLIST2D(((0.,0.),(0.,150.),(10363.200000000001,150.),(10363.200000000001,0.),(0.,0.)));
#11195=IFCINDEXEDPOLYCURVE(#11194,$,.F.);
#11196=IFCDIRECTION((0.,0.,1.));
#11197=IFCARBITRARYCLOSEDPROFILEDEF(.AREA.,$,#11195);
#11198=IFCCARTESIANPOINT((0.,0.,0.));
#11199=IFCDIRECTION((0.,0.,1.));
#11200=IFCDIRECTION((1.,0.,0.));
#11201=IFCAXIS2PLACEMENT3D(#11198,#11199,#11200);
#11202=IFCEXTRUDEDAREASOLID(#11197,#11201,#11196,3200.4000000000001);
#11203=IFCSHAPEREPRESENTATION(#11,'Body','SweptSolid',(#11202));
#11204=IFCPRODUCTDEFINITIONSHAPE($,$,(#11203));
#11210=IFCCARTESIANPOINT((42672.,50901.599999999999,10668.));
#11211=IFCDIRECTION((0.,0.,1.));
#11212=IFCDIRECTION((6.123233995736766E-17,1.,0.));
#11213=IFCAXIS2PLACEMENT3D(#11210,#11211,#11212);
#11214=IFCLOCALPLACEMENT($,#11213);
#11215=IFCWALL('2gUsRxmc534etTKf_K6xzk',$,'L4|TWOBR_A',$,$,#11236,#11226,$,$);
#11216=IFCCARTESIANPOINTLIST2D(((0.,0.),(0.,150.),(10363.200000000001,150.),(10363.200000000001,0.),(0.,0.)));
#11217=IFCINDEXEDPOLYCURVE(#11216,$,.F.);
#11218=IFCDIRECTION((0.,0.,1.));
#11219=IFCARBITRARYCLOSEDPROFILEDEF(.AREA.,$,#11217);
#11220=IFCCARTESIANPOINT((0.,0.,0.));
#11221=IFCDIRECTION((0.,0.,1.));
#11222=IFCDIRECTION((1.,0.,0.));
#11223=IFCAXIS2PLACEMENT3D(#11220,#11221,#11222);
#11224=IFCEXTRUDEDAREASOLID(#11219,#11223,#11218,3200.4000000000001);
#11225=IFCSHAPEREPRESENTATION(#11,'Body','SweptSolid',(#11224));
#11226=IFCPRODUCTDEFINITIONSHAPE($,$,(#11225));
#11232=IFCCARTESIANPOINT((53644.800000000003,50901.599999999999,10668.));
#11233=IFCDIRECTION((0.,0.,1.));
#11234=IFCDIRECTION((6.123233995736766E-17,1.,0.));
#11235=IFCAXIS2PLACEMENT3D(#11232,#11233,#11234);
#11236=IFCLOCALPLACEMENT($,#11235);
#11237=IFCWALL('1jNapRxzD7uO7zDiF0R0HV',$,'L4|ONEBR_A',$,$,#11258,#11248,$,$);
#11238=IFCCARTESIANPOINTLIST2D(((0.,0.),(0.,150.),(10363.200000000001,150.),(10363.200000000001,0.),(0.,0.)));
#11239=IFCINDEXEDPOLYCURVE(#11238,$,.F.);
#11240=IFCDIRECTION((0.,0.,1.));
#11241=IFCARBITRARYCLOSEDPROFILEDEF(.AREA.,$,#11239);
#11242=IFCCARTESIANPOINT((0.,0.,0.));
#11243=IFCDIRECTION((0.,0.,1.));
#11244=IFCDIRECTION((1.,0.,0.));
#11245=IFCAXIS2PLACEMENT3D(#11242,#11243,#11244);
#11246=IFCEXTRUDEDAREASOLID(#11241,#11245,#11240,3200.4000000000001);
#11247=IFCSHAPEREPRESENTATION(#11,'Body','SweptSolid',(#11246));
#11248=IFCPRODUCTDEFINITIONSHAPE($,$,(#11247));
#11254=IFCCARTESIANPOINT((57302.400000000001,52120.800000000003,10668.));
#11255=IFCDIRECTION((0.,0.,1.));
#11256=IFCDIRECTION((1.,0.,0.));
#11257=IFCAXIS2PLACEMENT3D(#11254,#11255,#11256);
#11258=IFCLOCALPLACEMENT($,#11257);
#11259=IFCWALL('1HhJBAfvz9muIO1w4oza8C',$,'L4|ONEBR_A',$,$,#11280,#11270,$,$);
#11260=IFCCARTESIANPOINTLIST2D(((0.,0.),(0.,150.),(10363.200000000001,150.),(10363.200000000001,0.),(0.,0.)));
#11261=IFCINDEXEDPOLYCURVE(#11260,$,.F.);
#11262=IFCDIRECTION((0.,0.,1.));
#11263=IFCARBITRARYCLOSEDPROFILEDEF(.AREA.,$,#11261);
#11264=IFCCARTESIANPOINT((0.,0.,0.));
#11265=IFCDIRECTION((0.,0.,1.));
#11266=IFCDIRECTION((1.,0.,0.));
#11267=IFCAXIS2PLACEMENT3D(#11264,#11265,#11266);
#11268=IFCEXTRUDEDAREASOLID(#11263,#11267,#11262,3200.4000000000001);
#11269=IFCSHAPEREPRESENTATION(#11,'Body','SweptSolid',(#11268));
#11270=IFCPRODUCTDEFINITIONSHAPE($,$,(#11269));
#11276=IFCCARTESIANPOINT((57302.400000000001,61264.800000000003,10668.));
#11277=IFCDIRECTION((0.,0.,1.));
#11278=IFCDIRECTION((1.,0.,0.));
#11279=IFCAXIS2PLACEMENT3D(#11276,#11277,#11278);
#11280=IFCLOCALPLACEMENT($,#11279);
#11281=IFCWALL('32B9oiw6v3jeNvMAwysgGB',$,'L4|ONEBR_A',$,$,#11302,#11292,$,$);
#11282=IFCCARTESIANPOINTLIST2D(((0.,0.),(0.,150.),(9144.,150.),(9144.,0.),(0.,0.)));
#11283=IFCINDEXEDPOLYCURVE(#11282,$,.F.);
#11284=IFCDIRECTION((0.,0.,1.));
#11285=IFCARBITRARYCLOSEDPROFILEDEF(.AREA.,$,#11283);
#11286=IFCCARTESIANPOINT((0.,0.,0.));
#11287=IFCDIRECTION((0.,0.,1.));
#11288=IFCDIRECTION((1.,0.,0.));
#11289=IFCAXIS2PLACEMENT3D(#11286,#11287,#11288);
#11290=IFCEXTRUDEDAREASOLID(#11285,#11289,#11284,3200.4000000000001);
#11291=IFCSHAPEREPRESENTATION(#11,'Body','SweptSolid',(#11290));
#11292=IFCPRODUCTDEFINITIONSHAPE($,$,(#11291));
#11298=IFCCARTESIANPOINT((57302.400000000001,52120.800000000003,10668.));
#11299=IFCDIRECTION((0.,0.,1.));
#11300=IFCDIRECTION((6.123233995736766E-17,1.,0.));
#11301=IFCAXIS2PLACEMENT3D(#11298,#11299,#11300);
#11302=IFCLOCALPLACEMENT($,#11301);
#11303=IFCWALL('3En4TdNF5DoQyoHWX1yO34',$,'L4|ONEBR_A',$,$,#11324,#11314,$,$);
#11304=IFCCARTESIANPOINTLIST2D(((0.,0.),(0.,150.),(9144.,150.),(9144.,0.),(0.,0.)));
#11305=IFCINDEXEDPOLYCURVE(#11304,$,.F.);
#11306=IFCDIRECTION((0.,0.,1.));
#11307=IFCARBITRARYCLOSEDPROFILEDEF(.AREA.,$,#11305);
#11308=IFCCARTESIANPOINT((0.,0.,0.));
#11309=IFCDIRECTION((0.,0.,1.));
#11310=IFCDIRECTION((1.,0.,0.));
#11311=IFCAXIS2PLACEMENT3D(#11308,#11309,#11310);
#11312=IFCEXTRUDEDAREASOLID(#11307,#11311,#11306,3200.4000000000001);
#11313=IFCSHAPEREPRESENTATION(#11,'Body','SweptSolid',(#11312));
#11314=IFCPRODUCTDEFINITIONSHAPE($,$,(#11313));
#11320=IFCCARTESIANPOINT((67665.599999999991,52120.800000000003,10668.));
#11321=IFCDIRECTION((0.,0.,1.));
#11322=IFCDIRECTION((6.123233995736766E-17,1.,0.));
#11323=IFCAXIS2PLACEMENT3D(#11320,#11321,#11322);
#11324=IFCLOCALPLACEMENT($,#11323);
#11325=IFCWALL('3yxGcZ_jP7Fw548MPB9IUw',$,'L1|CORE',$,$,#11346,#11336,$,$);
#11326=IFCCARTESIANPOINTLIST2D(((0.,0.),(0.,150.),(10363.200000000001,150.),(10363.200000000001,0.),(0.,0.)));
#11327=IFCINDEXEDPOLYCURVE(#11326,$,.F.);
#11328=IFCDIRECTION((0.,0.,1.));
#11329=IFCARBITRARYCLOSEDPROFILEDEF(.AREA.,$,#11327);
#11330=IFCCARTESIANPOINT((0.,0.,0.));
#11331=IFCDIRECTION((0.,0.,1.));
#11332=IFCDIRECTION((1.,0.,0.));
#11333=IFCAXIS2PLACEMENT3D(#11330,#11331,#11332);
#11334=IFCEXTRUDEDAREASOLID(#11329,#11333,#11328,4267.1999999999998);
#11335=IFCSHAPEREPRESENTATION(#11,'Body','SweptSolid',(#11334));
#11336=IFCPRODUCTDEFINITIONSHAPE($,$,(#11335));
#11342=IFCCARTESIANPOINT((9753.6000000000004,4572.,0.));
#11343=IFCDIRECTION((0.,0.,1.));
#11344=IFCDIRECTION((1.,0.,0.));
#11345=IFCAXIS2PLACEMENT3D(#11342,#11343,#11344);
#11346=IFCLOCALPLACEMENT($,#11345);
#11347=IFCWALL('3A9Z8cBhTER91GeM5y4Vma',$,'L1|CORE',$,$,#11368,#11358,$,$);
#11348=IFCCARTESIANPOINTLIST2D(((0.,0.),(0.,150.),(10363.200000000001,150.),(10363.200000000001,0.),(0.,0.)));
#11349=IFCINDEXEDPOLYCURVE(#11348,$,.F.);
#11350=IFCDIRECTION((0.,0.,1.));
#11351=IFCARBITRARYCLOSEDPROFILEDEF(.AREA.,$,#11349);
#11352=IFCCARTESIANPOINT((0.,0.,0.));
#11353=IFCDIRECTION((0.,0.,1.));
#11354=IFCDIRECTION((1.,0.,0.));
#11355=IFCAXIS2PLACEMENT3D(#11352,#11353,#11354);
#11356=IFCEXTRUDEDAREASOLID(#11351,#11355,#11350,4267.1999999999998);
#11357=IFCSHAPEREPRESENTATION(#11,'Body','SweptSolid',(#11356));
#11358=IFCPRODUCTDEFINITIONSHAPE($,$,(#11357));
#11364=IFCCARTESIANPOINT((9753.6000000000004,11887.199999999999,0.));
#11365=IFCDIRECTION((0.,0.,1.));
#11366=IFCDIRECTION((1.,0.,0.));
#11367=IFCAXIS2PLACEMENT3D(#11364,#11365,#11366);
#11368=IFCLOCALPLACEMENT($,#11367);
#11369=IFCWALL('2rzawvK2D9fBtP3NbH3uKW',$,'L1|CORE',$,$,#11390,#11380,$,$);
#11370=IFCCARTESIANPOINTLIST2D(((0.,0.),(0.,150.),(7315.2000000000007,150.),(7315.2000000000007,0.),(0.,0.)));
#11371=IFCINDEXEDPOLYCURVE(#11370,$,.F.);
#11372=IFCDIRECTION((0.,0.,1.));
#11373=IFCARBITRARYCLOSEDPROFILEDEF(.AREA.,$,#11371);
#11374=IFCCARTESIANPOINT((0.,0.,0.));
#11375=IFCDIRECTION((0.,0.,1.));
#11376=IFCDIRECTION((1.,0.,0.));
#11377=IFCAXIS2PLACEMENT3D(#11374,#11375,#11376);
#11378=IFCEXTRUDEDAREASOLID(#11373,#11377,#11372,4267.1999999999998);
#11379=IFCSHAPEREPRESENTATION(#11,'Body','SweptSolid',(#11378));
#11380=IFCPRODUCTDEFINITIONSHAPE($,$,(#11379));
#11386=IFCCARTESIANPOINT((9753.6000000000004,4572.,0.));
#11387=IFCDIRECTION((0.,0.,1.));
#11388=IFCDIRECTION((6.123233995736766E-17,1.,0.));
#11389=IFCAXIS2PLACEMENT3D(#11386,#11387,#11388);
#11390=IFCLOCALPLACEMENT($,#11389);
#11391=IFCWALL('3zj_Jch6j46xeH$oy6UFhw',$,'L1|CORE',$,$,#11412,#11402,$,$);
#11392=IFCCARTESIANPOINTLIST2D(((0.,0.),(0.,150.),(7315.2000000000007,150.),(7315.2000000000007,0.),(0.,0.)));
#11393=IFCINDEXEDPOLYCURVE(#11392,$,.F.);
#11394=IFCDIRECTION((0.,0.,1.));
#11395=IFCARBITRARYCLOSEDPROFILEDEF(.AREA.,$,#11393);
#11396=IFCCARTESIANPOINT((0.,0.,0.));
#11397=IFCDIRECTION((0.,0.,1.));
#11398=IFCDIRECTION((1.,0.,0.));
#11399=IFCAXIS2PLACEMENT3D(#11396,#11397,#11398);
#11400=IFCEXTRUDEDAREASOLID(#11395,#11399,#11394,4267.1999999999998);
#11401=IFCSHAPEREPRESENTATION(#11,'Body','SweptSolid',(#11400));
#11402=IFCPRODUCTDEFINITIONSHAPE($,$,(#11401));
#11408=IFCCARTESIANPOINT((20116.799999999999,4572.,0.));
#11409=IFCDIRECTION((0.,0.,1.));
#11410=IFCDIRECTION((6.123233995736766E-17,1.,0.));
#11411=IFCAXIS2PLACEMENT3D(#11408,#11409,#11410);
#11412=IFCLOCALPLACEMENT($,#11411);
#11413=IFCWALL('32uqnthxj4U8Wd0VP4hdYa',$,'L1|CORE',$,$,#11434,#11424,$,$);
#11414=IFCCARTESIANPOINTLIST2D(((0.,0.),(0.,150.),(10363.200000000001,150.),(10363.200000000001,0.),(0.,0.)));
#11415=IFCINDEXEDPOLYCURVE(#11414,$,.F.);
#11416=IFCDIRECTION((0.,0.,1.));
#11417=IFCARBITRARYCLOSEDPROFILEDEF(.AREA.,$,#11415);
#11418=IFCCARTESIANPOINT((0.,0.,0.));
#11419=IFCDIRECTION((0.,0.,1.));
#11420=IFCDIRECTION((1.,0.,0.));
#11421=IFCAXIS2PLACEMENT3D(#11418,#11419,#11420);
#11422=IFCEXTRUDEDAREASOLID(#11417,#11421,#11416,4267.1999999999998);
#11423=IFCSHAPEREPRESENTATION(#11,'Body','SweptSolid',(#11422));
#11424=IFCPRODUCTDEFINITIONSHAPE($,$,(#11423));
#11430=IFCCARTESIANPOINT((36576.,4572.,0.));
#11431=IFCDIRECTION((0.,0.,1.));
#11432=IFCDIRECTION((1.,0.,0.));
#11433=IFCAXIS2PLACEMENT3D(#11430,#11431,#11432);
#11434=IFCLOCALPLACEMENT($,#11433);
#11435=IFCWALL('2WNv0faqD6mPoeuHJ7QUs_',$,'L1|CORE',$,$,#11456,#11446,$,$);
#11436=IFCCARTESIANPOINTLIST2D(((0.,0.),(0.,150.),(10363.200000000001,150.),(10363.200000000001,0.),(0.,0.)));
#11437=IFCINDEXEDPOLYCURVE(#11436,$,.F.);
#11438=IFCDIRECTION((0.,0.,1.));
#11439=IFCARBITRARYCLOSEDPROFILEDEF(.AREA.,$,#11437);
#11440=IFCCARTESIANPOINT((0.,0.,0.));
#11441=IFCDIRECTION((0.,0.,1.));
#11442=IFCDIRECTION((1.,0.,0.));
#11443=IFCAXIS2PLACEMENT3D(#11440,#11441,#11442);
#11444=IFCEXTRUDEDAREASOLID(#11439,#11443,#11438,4267.1999999999998);
#11445=IFCSHAPEREPRESENTATION(#11,'Body','SweptSolid',(#11444));
#11446=IFCPRODUCTDEFINITIONSHAPE($,$,(#11445));
#11452=IFCCARTESIANPOINT((36576.,11887.199999999999,0.));
#11453=IFCDIRECTION((0.,0.,1.));
#11454=IFCDIRECTION((1.,0.,0.));
#11455=IFCAXIS2PLACEMENT3D(#11452,#11453,#11454);
#11456=IFCLOCALPLACEMENT($,#11455);
#11457=IFCWALL('2eP5rNa2XBsP9UEBdmfkg5',$,'L1|CORE',$,$,#11478,#11468,$,$);
#11458=IFCCARTESIANPOINTLIST2D(((0.,0.),(0.,150.),(7315.2000000000007,150.),(7315.2000000000007,0.),(0.,0.)));
#11459=IFCINDEXEDPOLYCURVE(#11458,$,.F.);
#11460=IFCDIRECTION((0.,0.,1.));
#11461=IFCARBITRARYCLOSEDPROFILEDEF(.AREA.,$,#11459);
#11462=IFCCARTESIANPOINT((0.,0.,0.));
#11463=IFCDIRECTION((0.,0.,1.));
#11464=IFCDIRECTION((1.,0.,0.));
#11465=IFCAXIS2PLACEMENT3D(#11462,#11463,#11464);
#11466=IFCEXTRUDEDAREASOLID(#11461,#11465,#11460,4267.1999999999998);
#11467=IFCSHAPEREPRESENTATION(#11,'Body','SweptSolid',(#11466));
#11468=IFCPRODUCTDEFINITIONSHAPE($,$,(#11467));
#11474=IFCCARTESIANPOINT((36576.,4572.,0.));
#11475=IFCDIRECTION((0.,0.,1.));
#11476=IFCDIRECTION((6.123233995736766E-17,1.,0.));
#11477=IFCAXIS2PLACEMENT3D(#11474,#11475,#11476);
#11478=IFCLOCALPLACEMENT($,#11477);
#11479=IFCWALL('1_Cu9FEU14FuZd6$tI16p3',$,'L1|CORE',$,$,#11500,#11490,$,$);
#11480=IFCCARTESIANPOINTLIST2D(((0.,0.),(0.,150.),(7315.2000000000007,150.),(7315.2000000000007,0.),(0.,0.)));
#11481=IFCINDEXEDPOLYCURVE(#11480,$,.F.);
#11482=IFCDIRECTION((0.,0.,1.));
#11483=IFCARBITRARYCLOSEDPROFILEDEF(.AREA.,$,#11481);
#11484=IFCCARTESIANPOINT((0.,0.,0.));
#11485=IFCDIRECTION((0.,0.,1.));
#11486=IFCDIRECTION((1.,0.,0.));
#11487=IFCAXIS2PLACEMENT3D(#11484,#11485,#11486);
#11488=IFCEXTRUDEDAREASOLID(#11483,#11487,#11482,4267.1999999999998);
#11489=IFCSHAPEREPRESENTATION(#11,'Body','SweptSolid',(#11488));
#11490=IFCPRODUCTDEFINITIONSHAPE($,$,(#11489));
#11496=IFCCARTESIANPOINT((46939.199999999997,4572.,0.));
#11497=IFCDIRECTION((0.,0.,1.));
#11498=IFCDIRECTION((6.123233995736766E-17,1.,0.));
#11499=IFCAXIS2PLACEMENT3D(#11496,#11497,#11498);
#11500=IFCLOCALPLACEMENT($,#11499);
#11501=IFCWALL('0GWWBZAmP6wvQPa8A4Xym0',$,'L1|CORE',$,$,#11522,#11512,$,$);
#11502=IFCCARTESIANPOINTLIST2D(((0.,0.),(0.,150.),(10363.200000000001,150.),(10363.200000000001,0.),(0.,0.)));
#11503=IFCINDEXEDPOLYCURVE(#11502,$,.F.);
#11504=IFCDIRECTION((0.,0.,1.));
#11505=IFCARBITRARYCLOSEDPROFILEDEF(.AREA.,$,#11503);
#11506=IFCCARTESIANPOINT((0.,0.,0.));
#11507=IFCDIRECTION((0.,0.,1.));
#11508=IFCDIRECTION((1.,0.,0.));
#11509=IFCAXIS2PLACEMENT3D(#11506,#11507,#11508);
#11510=IFCEXTRUDEDAREASOLID(#11505,#11509,#11504,4267.1999999999998);
#11511=IFCSHAPEREPRESENTATION(#11,'Body','SweptSolid',(#11510));
#11512=IFCPRODUCTDEFINITIONSHAPE($,$,(#11511));
#11518=IFCCARTESIANPOINT((63398.400000000001,4572.,0.));
#11519=IFCDIRECTION((0.,0.,1.));
#11520=IFCDIRECTION((1.,0.,0.));
#11521=IFCAXIS2PLACEMENT3D(#11518,#11519,#11520);
#11522=IFCLOCALPLACEMENT($,#11521);
#11523=IFCWALL('29rDkAzlnCLRG_G5Er9SRu',$,'L1|CORE',$,$,#11544,#11534,$,$);
#11524=IFCCARTESIANPOINTLIST2D(((0.,0.),(0.,150.),(10363.200000000001,150.),(10363.200000000001,0.),(0.,0.)));
#11525=IFCINDEXEDPOLYCURVE(#11524,$,.F.);
#11526=IFCDIRECTION((0.,0.,1.));
#11527=IFCARBITRARYCLOSEDPROFILEDEF(.AREA.,$,#11525);
#11528=IFCCARTESIANPOINT((0.,0.,0.));
#11529=IFCDIRECTION((0.,0.,1.));
#11530=IFCDIRECTION((1.,0.,0.));
#11531=IFCAXIS2PLACEMENT3D(#11528,#11529,#11530);
#11532=IFCEXTRUDEDAREASOLID(#11527,#11531,#11526,4267.1999999999998);
#11533=IFCSHAPEREPRESENTATION(#11,'Body','SweptSolid',(#11532));
#11534=IFCPRODUCTDEFINITIONSHAPE($,$,(#11533));
#11540=IFCCARTESIANPOINT((63398.400000000001,11887.199999999999,0.));
#11541=IFCDIRECTION((0.,0.,1.));
#11542=IFCDIRECTION((1.,0.,0.));
#11543=IFCAXIS2PLACEMENT3D(#11540,#11541,#11542);
#11544=IFCLOCALPLACEMENT($,#11543);
#11545=IFCWALL('3LRKxBcXDD7utPnYdcjttJ',$,'L1|CORE',$,$,#11566,#11556,$,$);
#11546=IFCCARTESIANPOINTLIST2D(((0.,0.),(0.,150.),(7315.2000000000007,150.),(7315.2000000000007,0.),(0.,0.)));
#11547=IFCINDEXEDPOLYCURVE(#11546,$,.F.);
#11548=IFCDIRECTION((0.,0.,1.));
#11549=IFCARBITRARYCLOSEDPROFILEDEF(.AREA.,$,#11547);
#11550=IFCCARTESIANPOINT((0.,0.,0.));
#11551=IFCDIRECTION((0.,0.,1.));
#11552=IFCDIRECTION((1.,0.,0.));
#11553=IFCAXIS2PLACEMENT3D(#11550,#11551,#11552);
#11554=IFCEXTRUDEDAREASOLID(#11549,#11553,#11548,4267.1999999999998);
#11555=IFCSHAPEREPRESENTATION(#11,'Body','SweptSolid',(#11554));
#11556=IFCPRODUCTDEFINITIONSHAPE($,$,(#11555));
#11562=IFCCARTESIANPOINT((63398.400000000001,4572.,0.));
#11563=IFCDIRECTION((0.,0.,1.));
#11564=IFCDIRECTION((6.123233995736766E-17,1.,0.));
#11565=IFCAXIS2PLACEMENT3D(#11562,#11563,#11564);
#11566=IFCLOCALPLACEMENT($,#11565);
#11567=IFCWALL('2YBbxlzd11xP6A857yX3kg',$,'L1|CORE',$,$,#11588,#11578,$,$);
#11568=IFCCARTESIANPOINTLIST2D(((0.,0.),(0.,150.),(7315.2000000000007,150.),(7315.2000000000007,0.),(0.,0.)));
#11569=IFCINDEXEDPOLYCURVE(#11568,$,.F.);
#11570=IFCDIRECTION((0.,0.,1.));
#11571=IFCARBITRARYCLOSEDPROFILEDEF(.AREA.,$,#11569);
#11572=IFCCARTESIANPOINT((0.,0.,0.));
#11573=IFCDIRECTION((0.,0.,1.));
#11574=IFCDIRECTION((1.,0.,0.));
#11575=IFCAXIS2PLACEMENT3D(#11572,#11573,#11574);
#11576=IFCEXTRUDEDAREASOLID(#11571,#11575,#11570,4267.1999999999998);
#11577=IFCSHAPEREPRESENTATION(#11,'Body','SweptSolid',(#11576));
#11578=IFCPRODUCTDEFINITIONSHAPE($,$,(#11577));
#11584=IFCCARTESIANPOINT((73761.600000000006,4572.,0.));
#11585=IFCDIRECTION((0.,0.,1.));
#11586=IFCDIRECTION((6.123233995736766E-17,1.,0.));
#11587=IFCAXIS2PLACEMENT3D(#11584,#11585,#11586);
#11588=IFCLOCALPLACEMENT($,#11587);
#11589=IFCWALL('1Kn7pdFjT8$8cZNLuBvpnP',$,'L2|CORE',$,$,#11610,#11600,$,$);
#11590=IFCCARTESIANPOINTLIST2D(((0.,0.),(0.,150.),(10363.200000000001,150.),(10363.200000000001,0.),(0.,0.)));
#11591=IFCINDEXEDPOLYCURVE(#11590,$,.F.);
#11592=IFCDIRECTION((0.,0.,1.));
#11593=IFCARBITRARYCLOSEDPROFILEDEF(.AREA.,$,#11591);
#11594=IFCCARTESIANPOINT((0.,0.,0.));
#11595=IFCDIRECTION((0.,0.,1.));
#11596=IFCDIRECTION((1.,0.,0.));
#11597=IFCAXIS2PLACEMENT3D(#11594,#11595,#11596);
#11598=IFCEXTRUDEDAREASOLID(#11593,#11597,#11592,3200.4000000000001);
#11599=IFCSHAPEREPRESENTATION(#11,'Body','SweptSolid',(#11598));
#11600=IFCPRODUCTDEFINITIONSHAPE($,$,(#11599));
#11606=IFCCARTESIANPOINT((9753.6000000000004,4572.,4267.1999999999998));
#11607=IFCDIRECTION((0.,0.,1.));
#11608=IFCDIRECTION((1.,0.,0.));
#11609=IFCAXIS2PLACEMENT3D(#11606,#11607,#11608);
#11610=IFCLOCALPLACEMENT($,#11609);
#11611=IFCWALL('3BqpwmEZn65fcQNEW5Ps5t',$,'L2|CORE',$,$,#11632,#11622,$,$);
#11612=IFCCARTESIANPOINTLIST2D(((0.,0.),(0.,150.),(10363.200000000001,150.),(10363.200000000001,0.),(0.,0.)));
#11613=IFCINDEXEDPOLYCURVE(#11612,$,.F.);
#11614=IFCDIRECTION((0.,0.,1.));
#11615=IFCARBITRARYCLOSEDPROFILEDEF(.AREA.,$,#11613);
#11616=IFCCARTESIANPOINT((0.,0.,0.));
#11617=IFCDIRECTION((0.,0.,1.));
#11618=IFCDIRECTION((1.,0.,0.));
#11619=IFCAXIS2PLACEMENT3D(#11616,#11617,#11618);
#11620=IFCEXTRUDEDAREASOLID(#11615,#11619,#11614,3200.4000000000001);
#11621=IFCSHAPEREPRESENTATION(#11,'Body','SweptSolid',(#11620));
#11622=IFCPRODUCTDEFINITIONSHAPE($,$,(#11621));
#11628=IFCCARTESIANPOINT((9753.6000000000004,11887.199999999999,4267.1999999999998));
#11629=IFCDIRECTION((0.,0.,1.));
#11630=IFCDIRECTION((1.,0.,0.));
#11631=IFCAXIS2PLACEMENT3D(#11628,#11629,#11630);
#11632=IFCLOCALPLACEMENT($,#11631);
#11633=IFCWALL('3dch$aZH15PBDBWe$t$x7_',$,'L2|CORE',$,$,#11654,#11644,$,$);
#11634=IFCCARTESIANPOINTLIST2D(((0.,0.),(0.,150.),(7315.2000000000007,150.),(7315.2000000000007,0.),(0.,0.)));
#11635=IFCINDEXEDPOLYCURVE(#11634,$,.F.);
#11636=IFCDIRECTION((0.,0.,1.));
#11637=IFCARBITRARYCLOSEDPROFILEDEF(.AREA.,$,#11635);
#11638=IFCCARTESIANPOINT((0.,0.,0.));
#11639=IFCDIRECTION((0.,0.,1.));
#11640=IFCDIRECTION((1.,0.,0.));
#11641=IFCAXIS2PLACEMENT3D(#11638,#11639,#11640);
#11642=IFCEXTRUDEDAREASOLID(#11637,#11641,#11636,3200.4000000000001);
#11643=IFCSHAPEREPRESENTATION(#11,'Body','SweptSolid',(#11642));
#11644=IFCPRODUCTDEFINITIONSHAPE($,$,(#11643));
#11650=IFCCARTESIANPOINT((9753.6000000000004,4572.,4267.1999999999998));
#11651=IFCDIRECTION((0.,0.,1.));
#11652=IFCDIRECTION((6.123233995736766E-17,1.,0.));
#11653=IFCAXIS2PLACEMENT3D(#11650,#11651,#11652);
#11654=IFCLOCALPLACEMENT($,#11653);
#11655=IFCWALL('1j4DSXSuLBsONRkJuVsjFj',$,'L2|CORE',$,$,#11676,#11666,$,$);
#11656=IFCCARTESIANPOINTLIST2D(((0.,0.),(0.,150.),(7315.2000000000007,150.),(7315.2000000000007,0.),(0.,0.)));
#11657=IFCINDEXEDPOLYCURVE(#11656,$,.F.);
#11658=IFCDIRECTION((0.,0.,1.));
#11659=IFCARBITRARYCLOSEDPROFILEDEF(.AREA.,$,#11657);
#11660=IFCCARTESIANPOINT((0.,0.,0.));
#11661=IFCDIRECTION((0.,0.,1.));
#11662=IFCDIRECTION((1.,0.,0.));
#11663=IFCAXIS2PLACEMENT3D(#11660,#11661,#11662);
#11664=IFCEXTRUDEDAREASOLID(#11659,#11663,#11658,3200.4000000000001);
#11665=IFCSHAPEREPRESENTATION(#11,'Body','SweptSolid',(#11664));
#11666=IFCPRODUCTDEFINITIONSHAPE($,$,(#11665));
#11672=IFCCARTESIANPOINT((20116.799999999999,4572.,4267.1999999999998));
#11673=IFCDIRECTION((0.,0.,1.));
#11674=IFCDIRECTION((6.123233995736766E-17,1.,0.));
#11675=IFCAXIS2PLACEMENT3D(#11672,#11673,#11674);
#11676=IFCLOCALPLACEMENT($,#11675);
#11677=IFCWALL('1j5MnS$GLEE9m_XdgY9rOz',$,'L2|CORE',$,$,#11698,#11688,$,$);
#11678=IFCCARTESIANPOINTLIST2D(((0.,0.),(0.,150.),(10363.200000000001,150.),(10363.200000000001,0.),(0.,0.)));
#11679=IFCINDEXEDPOLYCURVE(#11678,$,.F.);
#11680=IFCDIRECTION((0.,0.,1.));
#11681=IFCARBITRARYCLOSEDPROFILEDEF(.AREA.,$,#11679);
#11682=IFCCARTESIANPOINT((0.,0.,0.));
#11683=IFCDIRECTION((0.,0.,1.));
#11684=IFCDIRECTION((1.,0.,0.));
#11685=IFCAXIS2PLACEMENT3D(#11682,#11683,#11684);
#11686=IFCEXTRUDEDAREASOLID(#11681,#11685,#11680,3200.4000000000001);
#11687=IFCSHAPEREPRESENTATION(#11,'Body','SweptSolid',(#11686));
#11688=IFCPRODUCTDEFINITIONSHAPE($,$,(#11687));
#11694=IFCCARTESIANPOINT((36576.,4572.,4267.1999999999998));
#11695=IFCDIRECTION((0.,0.,1.));
#11696=IFCDIRECTION((1.,0.,0.));
#11697=IFCAXIS2PLACEMENT3D(#11694,#11695,#11696);
#11698=IFCLOCALPLACEMENT($,#11697);
#11699=IFCWALL('0HjORl4Ar9WwH8WRC6nUR2',$,'L2|CORE',$,$,#11720,#11710,$,$);
#11700=IFCCARTESIANPOINTLIST2D(((0.,0.),(0.,150.),(10363.200000000001,150.),(10363.200000000001,0.),(0.,0.)));
#11701=IFCINDEXEDPOLYCURVE(#11700,$,.F.);
#11702=IFCDIRECTION((0.,0.,1.));
#11703=IFCARBITRARYCLOSEDPROFILEDEF(.AREA.,$,#11701);
#11704=IFCCARTESIANPOINT((0.,0.,0.));
#11705=IFCDIRECTION((0.,0.,1.));
#11706=IFCDIRECTION((1.,0.,0.));
#11707=IFCAXIS2PLACEMENT3D(#11704,#11705,#11706);
#11708=IFCEXTRUDEDAREASOLID(#11703,#11707,#11702,3200.4000000000001);
#11709=IFCSHAPEREPRESENTATION(#11,'Body','SweptSolid',(#11708));
#11710=IFCPRODUCTDEFINITIONSHAPE($,$,(#11709));
#11716=IFCCARTESIANPOINT((36576.,11887.199999999999,4267.1999999999998));
#11717=IFCDIRECTION((0.,0.,1.));
#11718=IFCDIRECTION((1.,0.,0.));
#11719=IFCAXIS2PLACEMENT3D(#11716,#11717,#11718);
#11720=IFCLOCALPLACEMENT($,#11719);
#11721=IFCWALL('3heJ0rJ75Fi9X$x6zIMapL',$,'L2|CORE',$,$,#11742,#11732,$,$);
#11722=IFCCARTESIANPOINTLIST2D(((0.,0.),(0.,150.),(7315.2000000000007,150.),(7315.2000000000007,0.),(0.,0.)));
#11723=IFCINDEXEDPOLYCURVE(#11722,$,.F.);
#11724=IFCDIRECTION((0.,0.,1.));
#11725=IFCARBITRARYCLOSEDPROFILEDEF(.AREA.,$,#11723);
#11726=IFCCARTESIANPOINT((0.,0.,0.));
#11727=IFCDIRECTION((0.,0.,1.));
#11728=IFCDIRECTION((1.,0.,0.));
#11729=IFCAXIS2PLACEMENT3D(#11726,#11727,#11728);
#11730=IFCEXTRUDEDAREASOLID(#11725,#11729,#11724,3200.4000000000001);
#11731=IFCSHAPEREPRESENTATION(#11,'Body','SweptSolid',(#11730));
#11732=IFCPRODUCTDEFINITIONSHAPE($,$,(#11731));
#11738=IFCCARTESIANPOINT((36576.,4572.,4267.1999999999998));
#11739=IFCDIRECTION((0.,0.,1.));
#11740=IFCDIRECTION((6.123233995736766E-17,1.,0.));
#11741=IFCAXIS2PLACEMENT3D(#11738,#11739,#11740);
#11742=IFCLOCALPLACEMENT($,#11741);
#11743=IFCWALL('2c$f4rFaT9afLamG35L0no',$,'L2|CORE',$,$,#11764,#11754,$,$);
#11744=IFCCARTESIANPOINTLIST2D(((0.,0.),(0.,150.),(7315.2000000000007,150.),(7315.2000000000007,0.),(0.,0.)));
#11745=IFCINDEXEDPOLYCURVE(#11744,$,.F.);
#11746=IFCDIRECTION((0.,0.,1.));
#11747=IFCARBITRARYCLOSEDPROFILEDEF(.AREA.,$,#11745);
#11748=IFCCARTESIANPOINT((0.,0.,0.));
#11749=IFCDIRECTION((0.,0.,1.));
#11750=IFCDIRECTION((1.,0.,0.));
#11751=IFCAXIS2PLACEMENT3D(#11748,#11749,#11750);
#11752=IFCEXTRUDEDAREASOLID(#11747,#11751,#11746,3200.4000000000001);
#11753=IFCSHAPEREPRESENTATION(#11,'Body','SweptSolid',(#11752));
#11754=IFCPRODUCTDEFINITIONSHAPE($,$,(#11753));
#11760=IFCCARTESIANPOINT((46939.199999999997,4572.,4267.1999999999998));
#11761=IFCDIRECTION((0.,0.,1.));
#11762=IFCDIRECTION((6.123233995736766E-17,1.,0.));
#11763=IFCAXIS2PLACEMENT3D(#11760,#11761,#11762);
#11764=IFCLOCALPLACEMENT($,#11763);
#11765=IFCWALL('2EhohDpaD6ivLIfIhAVR66',$,'L2|CORE',$,$,#11786,#11776,$,$);
#11766=IFCCARTESIANPOINTLIST2D(((0.,0.),(0.,150.),(10363.200000000001,150.),(10363.200000000001,0.),(0.,0.)));
#11767=IFCINDEXEDPOLYCURVE(#11766,$,.F.);
#11768=IFCDIRECTION((0.,0.,1.));
#11769=IFCARBITRARYCLOSEDPROFILEDEF(.AREA.,$,#11767);
#11770=IFCCARTESIANPOINT((0.,0.,0.));
#11771=IFCDIRECTION((0.,0.,1.));
#11772=IFCDIRECTION((1.,0.,0.));
#11773=IFCAXIS2PLACEMENT3D(#11770,#11771,#11772);
#11774=IFCEXTRUDEDAREASOLID(#11769,#11773,#11768,3200.4000000000001);
#11775=IFCSHAPEREPRESENTATION(#11,'Body','SweptSolid',(#11774));
#11776=IFCPRODUCTDEFINITIONSHAPE($,$,(#11775));
#11782=IFCCARTESIANPOINT((63398.400000000001,4572.,4267.1999999999998));
#11783=IFCDIRECTION((0.,0.,1.));
#11784=IFCDIRECTION((1.,0.,0.));
#11785=IFCAXIS2PLACEMENT3D(#11782,#11783,#11784);
#11786=IFCLOCALPLACEMENT($,#11785);
#11787=IFCWALL('2u4SYAxk99_ua47HNILtUT',$,'L2|CORE',$,$,#11808,#11798,$,$);
#11788=IFCCARTESIANPOINTLIST2D(((0.,0.),(0.,150.),(10363.200000000001,150.),(10363.200000000001,0.),(0.,0.)));
#11789=IFCINDEXEDPOLYCURVE(#11788,$,.F.);
#11790=IFCDIRECTION((0.,0.,1.));
#11791=IFCARBITRARYCLOSEDPROFILEDEF(.AREA.,$,#11789);
#11792=IFCCARTESIANPOINT((0.,0.,0.));
#11793=IFCDIRECTION((0.,0.,1.));
#11794=IFCDIRECTION((1.,0.,0.));
#11795=IFCAXIS2PLACEMENT3D(#11792,#11793,#11794);
#11796=IFCEXTRUDEDAREASOLID(#11791,#11795,#11790,3200.4000000000001);
#11797=IFCSHAPEREPRESENTATION(#11,'Body','SweptSolid',(#11796));
#11798=IFCPRODUCTDEFINITIONSHAPE($,$,(#11797));
#11804=IFCCARTESIANPOINT((63398.400000000001,11887.199999999999,4267.1999999999998));
#11805=IFCDIRECTION((0.,0.,1.));
#11806=IFCDIRECTION((1.,0.,0.));
#11807=IFCAXIS2PLACEMENT3D(#11804,#11805,#11806);
#11808=IFCLOCALPLACEMENT($,#11807);
#11809=IFCWALL('2A005C6NvCUBWD5G2fSS7o',$,'L2|CORE',$,$,#11830,#11820,$,$);
#11810=IFCCARTESIANPOINTLIST2D(((0.,0.),(0.,150.),(7315.2000000000007,150.),(7315.2000000000007,0.),(0.,0.)));
#11811=IFCINDEXEDPOLYCURVE(#11810,$,.F.);
#11812=IFCDIRECTION((0.,0.,1.));
#11813=IFCARBITRARYCLOSEDPROFILEDEF(.AREA.,$,#11811);
#11814=IFCCARTESIANPOINT((0.,0.,0.));
#11815=IFCDIRECTION((0.,0.,1.));
#11816=IFCDIRECTION((1.,0.,0.));
#11817=IFCAXIS2PLACEMENT3D(#11814,#11815,#11816);
#11818=IFCEXTRUDEDAREASOLID(#11813,#11817,#11812,3200.4000000000001);
#11819=IFCSHAPEREPRESENTATION(#11,'Body','SweptSolid',(#11818));
#11820=IFCPRODUCTDEFINITIONSHAPE($,$,(#11819));
#11826=IFCCARTESIANPOINT((63398.400000000001,4572.,4267.1999999999998));
#11827=IFCDIRECTION((0.,0.,1.));
#11828=IFCDIRECTION((6.123233995736766E-17,1.,0.));
#11829=IFCAXIS2PLACEMENT3D(#11826,#11827,#11828);
#11830=IFCLOCALPLACEMENT($,#11829);
#11831=IFCWALL('22JHluWdn2lespFxlvHKxW',$,'L2|CORE',$,$,#11852,#11842,$,$);
#11832=IFCCARTESIANPOINTLIST2D(((0.,0.),(0.,150.),(7315.2000000000007,150.),(7315.2000000000007,0.),(0.,0.)));
#11833=IFCINDEXEDPOLYCURVE(#11832,$,.F.);
#11834=IFCDIRECTION((0.,0.,1.));
#11835=IFCARBITRARYCLOSEDPROFILEDEF(.AREA.,$,#11833);
#11836=IFCCARTESIANPOINT((0.,0.,0.));
#11837=IFCDIRECTION((0.,0.,1.));
#11838=IFCDIRECTION((1.,0.,0.));
#11839=IFCAXIS2PLACEMENT3D(#11836,#11837,#11838);
#11840=IFCEXTRUDEDAREASOLID(#11835,#11839,#11834,3200.4000000000001);
#11841=IFCSHAPEREPRESENTATION(#11,'Body','SweptSolid',(#11840));
#11842=IFCPRODUCTDEFINITIONSHAPE($,$,(#11841));
#11848=IFCCARTESIANPOINT((73761.600000000006,4572.,4267.1999999999998));
#11849=IFCDIRECTION((0.,0.,1.));
#11850=IFCDIRECTION((6.123233995736766E-17,1.,0.));
#11851=IFCAXIS2PLACEMENT3D(#11848,#11849,#11850);
#11852=IFCLOCALPLACEMENT($,#11851);
#11853=IFCWALL('2i_nCMs_f3kve9bAfHpNYH',$,'L3|CORE',$,$,#11874,#11864,$,$);
#11854=IFCCARTESIANPOINTLIST2D(((0.,0.),(0.,150.),(10363.200000000001,150.),(10363.200000000001,0.),(0.,0.)));
#11855=IFCINDEXEDPOLYCURVE(#11854,$,.F.);
#11856=IFCDIRECTION((0.,0.,1.));
#11857=IFCARBITRARYCLOSEDPROFILEDEF(.AREA.,$,#11855);
#11858=IFCCARTESIANPOINT((0.,0.,0.));
#11859=IFCDIRECTION((0.,0.,1.));
#11860=IFCDIRECTION((1.,0.,0.));
#11861=IFCAXIS2PLACEMENT3D(#11858,#11859,#11860);
#11862=IFCEXTRUDEDAREASOLID(#11857,#11861,#11856,3200.4000000000001);
#11863=IFCSHAPEREPRESENTATION(#11,'Body','SweptSolid',(#11862));
#11864=IFCPRODUCTDEFINITIONSHAPE($,$,(#11863));
#11870=IFCCARTESIANPOINT((9753.6000000000004,4572.,7467.5999999999995));
#11871=IFCDIRECTION((0.,0.,1.));
#11872=IFCDIRECTION((1.,0.,0.));
#11873=IFCAXIS2PLACEMENT3D(#11870,#11871,#11872);
#11874=IFCLOCALPLACEMENT($,#11873);
#11875=IFCWALL('1S0BjXHbDCEgqwM$SsY2oc',$,'L3|CORE',$,$,#11896,#11886,$,$);
#11876=IFCCARTESIANPOINTLIST2D(((0.,0.),(0.,150.),(10363.200000000001,150.),(10363.200000000001,0.),(0.,0.)));
#11877=IFCINDEXEDPOLYCURVE(#11876,$,.F.);
#11878=IFCDIRECTION((0.,0.,1.));
#11879=IFCARBITRARYCLOSEDPROFILEDEF(.AREA.,$,#11877);
#11880=IFCCARTESIANPOINT((0.,0.,0.));
#11881=IFCDIRECTION((0.,0.,1.));
#11882=IFCDIRECTION((1.,0.,0.));
#11883=IFCAXIS2PLACEMENT3D(#11880,#11881,#11882);
#11884=IFCEXTRUDEDAREASOLID(#11879,#11883,#11878,3200.4000000000001);
#11885=IFCSHAPEREPRESENTATION(#11,'Body','SweptSolid',(#11884));
#11886=IFCPRODUCTDEFINITIONSHAPE($,$,(#11885));
#11892=IFCCARTESIANPOINT((9753.6000000000004,11887.199999999999,7467.5999999999995));
#11893=IFCDIRECTION((0.,0.,1.));
#11894=IFCDIRECTION((1.,0.,0.));
#11895=IFCAXIS2PLACEMENT3D(#11892,#11893,#11894);
#11896=IFCLOCALPLACEMENT($,#11895);
#11897=IFCWALL('12CvZXYpb46xm5TvD8zWg4',$,'L3|CORE',$,$,#11918,#11908,$,$);
#11898=IFCCARTESIANPOINTLIST2D(((0.,0.),(0.,150.),(7315.2000000000007,150.),(7315.2000000000007,0.),(0.,0.)));
#11899=IFCINDEXEDPOLYCURVE(#11898,$,.F.);
#11900=IFCDIRECTION((0.,0.,1.));
#11901=IFCARBITRARYCLOSEDPROFILEDEF(.AREA.,$,#11899);
#11902=IFCCARTESIANPOINT((0.,0.,0.));
#11903=IFCDIRECTION((0.,0.,1.));
#11904=IFCDIRECTION((1.,0.,0.));
#11905=IFCAXIS2PLACEMENT3D(#11902,#11903,#11904);
#11906=IFCEXTRUDEDAREASOLID(#11901,#11905,#11900,3200.4000000000001);
#11907=IFCSHAPEREPRESENTATION(#11,'Body','SweptSolid',(#11906));
#11908=IFCPRODUCTDEFINITIONSHAPE($,$,(#11907));
#11914=IFCCARTESIANPOINT((9753.6000000000004,4572.,7467.5999999999995));
#11915=IFCDIRECTION((0.,0.,1.));
#11916=IFCDIRECTION((6.123233995736766E-17,1.,0.));
#11917=IFCAXIS2PLACEMENT3D(#11914,#11915,#11916);
#11918=IFCLOCALPLACEMENT($,#11917);
#11919=IFCWALL('2ktmTjYp56ROchWnNBe_Y2',$,'L3|CORE',$,$,#11940,#11930,$,$);
#11920=IFCCARTESIANPOINTLIST2D(((0.,0.),(0.,150.),(7315.2000000000007,150.),(7315.2000000000007,0.),(0.,0.)));
#11921=IFCINDEXEDPOLYCURVE(#11920,$,.F.);
#11922=IFCDIRECTION((0.,0.,1.));
#11923=IFCARBITRARYCLOSEDPROFILEDEF(.AREA.,$,#11921);
#11924=IFCCARTESIANPOINT((0.,0.,0.));
#11925=IFCDIRECTION((0.,0.,1.));
#11926=IFCDIRECTION((1.,0.,0.));
#11927=IFCAXIS2PLACEMENT3D(#11924,#11925,#11926);
#11928=IFCEXTRUDEDAREASOLID(#11923,#11927,#11922,3200.4000000000001);
#11929=IFCSHAPEREPRESENTATION(#11,'Body','SweptSolid',(#11928));
#11930=IFCPRODUCTDEFINITIONSHAPE($,$,(#11929));
#11936=IFCCARTESIANPOINT((20116.799999999999,4572.,7467.5999999999995));
#11937=IFCDIRECTION((0.,0.,1.));
#11938=IFCDIRECTION((6.123233995736766E-17,1.,0.));
#11939=IFCAXIS2PLACEMENT3D(#11936,#11937,#11938);
#11940=IFCLOCALPLACEMENT($,#11939);
#11941=IFCWALL('3ctvi9nfv58u7sGgMtdmTc',$,'L3|CORE',$,$,#11962,#11952,$,$);
#11942=IFCCARTESIANPOINTLIST2D(((0.,0.),(0.,150.),(10363.200000000001,150.),(10363.200000000001,0.),(0.,0.)));
#11943=IFCINDEXEDPOLYCURVE(#11942,$,.F.);
#11944=IFCDIRECTION((0.,0.,1.));
#11945=IFCARBITRARYCLOSEDPROFILEDEF(.AREA.,$,#11943);
#11946=IFCCARTESIANPOINT((0.,0.,0.));
#11947=IFCDIRECTION((0.,0.,1.));
#11948=IFCDIRECTION((1.,0.,0.));
#11949=IFCAXIS2PLACEMENT3D(#11946,#11947,#11948);
#11950=IFCEXTRUDEDAREASOLID(#11945,#11949,#11944,3200.4000000000001);
#11951=IFCSHAPEREPRESENTATION(#11,'Body','SweptSolid',(#11950));
#11952=IFCPRODUCTDEFINITIONSHAPE($,$,(#11951));
#11958=IFCCARTESIANPOINT((36576.,4572.,7467.5999999999995));
#11959=IFCDIRECTION((0.,0.,1.));
#11960=IFCDIRECTION((1.,0.,0.));
#11961=IFCAXIS2PLACEMENT3D(#11958,#11959,#11960);
#11962=IFCLOCALPLACEMENT($,#11961);
#11963=IFCWALL('1EKDscX9X3TfcoSYo99z0m',$,'L3|CORE',$,$,#11984,#11974,$,$);
#11964=IFCCARTESIANPOINTLIST2D(((0.,0.),(0.,150.),(10363.200000000001,150.),(10363.200000000001,0.),(0.,0.)));
#11965=IFCINDEXEDPOLYCURVE(#11964,$,.F.);
#11966=IFCDIRECTION((0.,0.,1.));
#11967=IFCARBITRARYCLOSEDPROFILEDEF(.AREA.,$,#11965);
#11968=IFCCARTESIANPOINT((0.,0.,0.));
#11969=IFCDIRECTION((0.,0.,1.));
#11970=IFCDIRECTION((1.,0.,0.));
#11971=IFCAXIS2PLACEMENT3D(#11968,#11969,#11970);
#11972=IFCEXTRUDEDAREASOLID(#11967,#11971,#11966,3200.4000000000001);
#11973=IFCSHAPEREPRESENTATION(#11,'Body','SweptSolid',(#11972));
#11974=IFCPRODUCTDEFINITIONSHAPE($,$,(#11973));
#11980=IFCCARTESIANPOINT((36576.,11887.199999999999,7467.5999999999995));
#11981=IFCDIRECTION((0.,0.,1.));
#11982=IFCDIRECTION((1.,0.,0.));
#11983=IFCAXIS2PLACEMENT3D(#11980,#11981,#11982);
#11984=IFCLOCALPLACEMENT($,#11983);
#11985=IFCWALL('14OVVpnovFF9J_sVkqt1tC',$,'L3|CORE',$,$,#12006,#11996,$,$);
#11986=IFCCARTESIANPOINTLIST2D(((0.,0.),(0.,150.),(7315.2000000000007,150.),(7315.2000000000007,0.),(0.,0.)));
#11987=IFCINDEXEDPOLYCURVE(#11986,$,.F.);
#11988=IFCDIRECTION((0.,0.,1.));
#11989=IFCARBITRARYCLOSEDPROFILEDEF(.AREA.,$,#11987);
#11990=IFCCARTESIANPOINT((0.,0.,0.));
#11991=IFCDIRECTION((0.,0.,1.));
#11992=IFCDIRECTION((1.,0.,0.));
#11993=IFCAXIS2PLACEMENT3D(#11990,#11991,#11992);
#11994=IFCEXTRUDEDAREASOLID(#11989,#11993,#11988,3200.4000000000001);
#11995=IFCSHAPEREPRESENTATION(#11,'Body','SweptSolid',(#11994));
#11996=IFCPRODUCTDEFINITIONSHAPE($,$,(#11995));
#12002=IFCCARTESIANPOINT((36576.,4572.,7467.5999999999995));
#12003=IFCDIRECTION((0.,0.,1.));
#12004=IFCDIRECTION((6.123233995736766E-17,1.,0.));
#12005=IFCAXIS2PLACEMENT3D(#12002,#12003,#12004);
#12006=IFCLOCALPLACEMENT($,#12005);
#12007=IFCWALL('3Ql$Pz3dH85v7G2LmSFCmV',$,'L3|CORE',$,$,#12028,#12018,$,$);
#12008=IFCCARTESIANPOINTLIST2D(((0.,0.),(0.,150.),(7315.2000000000007,150.),(7315.2000000000007,0.),(0.,0.)));
#12009=IFCINDEXEDPOLYCURVE(#12008,$,.F.);
#12010=IFCDIRECTION((0.,0.,1.));
#12011=IFCARBITRARYCLOSEDPROFILEDEF(.AREA.,$,#12009);
#12012=IFCCARTESIANPOINT((0.,0.,0.));
#12013=IFCDIRECTION((0.,0.,1.));
#12014=IFCDIRECTION((1.,0.,0.));
#12015=IFCAXIS2PLACEMENT3D(#12012,#12013,#12014);
#12016=IFCEXTRUDEDAREASOLID(#12011,#12015,#12010,3200.4000000000001);
#12017=IFCSHAPEREPRESENTATION(#11,'Body','SweptSolid',(#12016));
#12018=IFCPRODUCTDEFINITIONSHAPE($,$,(#12017));
#12024=IFCCARTESIANPOINT((46939.199999999997,4572.,7467.5999999999995));
#12025=IFCDIRECTION((0.,0.,1.));
#12026=IFCDIRECTION((6.123233995736766E-17,1.,0.));
#12027=IFCAXIS2PLACEMENT3D(#12024,#12025,#12026);
#12028=IFCLOCALPLACEMENT($,#12027);
#12029=IFCWALL('0jPL1rATH699k7UXcu6xpH',$,'L3|CORE',$,$,#12050,#12040,$,$);
#12030=IFCCARTESIANPOINTLIST2D(((0.,0.),(0.,150.),(10363.200000000001,150.),(10363.200000000001,0.),(0.,0.)));
#12031=IFCINDEXEDPOLYCURVE(#12030,$,.F.);
#12032=IFCDIRECTION((0.,0.,1.));
#12033=IFCARBITRARYCLOSEDPROFILEDEF(.AREA.,$,#12031);
#12034=IFCCARTESIANPOINT((0.,0.,0.));
#12035=IFCDIRECTION((0.,0.,1.));
#12036=IFCDIRECTION((1.,0.,0.));
#12037=IFCAXIS2PLACEMENT3D(#12034,#12035,#12036);
#12038=IFCEXTRUDEDAREASOLID(#12033,#12037,#12032,3200.4000000000001);
#12039=IFCSHAPEREPRESENTATION(#11,'Body','SweptSolid',(#12038));
#12040=IFCPRODUCTDEFINITIONSHAPE($,$,(#12039));
#12046=IFCCARTESIANPOINT((63398.400000000001,4572.,7467.5999999999995));
#12047=IFCDIRECTION((0.,0.,1.));
#12048=IFCDIRECTION((1.,0.,0.));
#12049=IFCAXIS2PLACEMENT3D(#12046,#12047,#12048);
#12050=IFCLOCALPLACEMENT($,#12049);
#12051=IFCWALL('1q1Wyl3IL0iApyw20nHULM',$,'L3|CORE',$,$,#12072,#12062,$,$);
#12052=IFCCARTESIANPOINTLIST2D(((0.,0.),(0.,150.),(10363.200000000001,150.),(10363.200000000001,0.),(0.,0.)));
#12053=IFCINDEXEDPOLYCURVE(#12052,$,.F.);
#12054=IFCDIRECTION((0.,0.,1.));
#12055=IFCARBITRARYCLOSEDPROFILEDEF(.AREA.,$,#12053);
#12056=IFCCARTESIANPOINT((0.,0.,0.));
#12057=IFCDIRECTION((0.,0.,1.));
#12058=IFCDIRECTION((1.,0.,0.));
#12059=IFCAXIS2PLACEMENT3D(#12056,#12057,#12058);
#12060=IFCEXTRUDEDAREASOLID(#12055,#12059,#12054,3200.4000000000001);
#12061=IFCSHAPEREPRESENTATION(#11,'Body','SweptSolid',(#12060));
#12062=IFCPRODUCTDEFINITIONSHAPE($,$,(#12061));
#12068=IFCCARTESIANPOINT((63398.400000000001,11887.199999999999,7467.5999999999995));
#12069=IFCDIRECTION((0.,0.,1.));
#12070=IFCDIRECTION((1.,0.,0.));
#12071=IFCAXIS2PLACEMENT3D(#12068,#12069,#12070);
#12072=IFCLOCALPLACEMENT($,#12071);
#12073=IFCWALL('2UCtC12cD5fu4cNV7WGEnA',$,'L3|CORE',$,$,#12094,#12084,$,$);
#12074=IFCCARTESIANPOINTLIST2D(((0.,0.),(0.,150.),(7315.2000000000007,150.),(7315.2000000000007,0.),(0.,0.)));
#12075=IFCINDEXEDPOLYCURVE(#12074,$,.F.);
#12076=IFCDIRECTION((0.,0.,1.));
#12077=IFCARBITRARYCLOSEDPROFILEDEF(.AREA.,$,#12075);
#12078=IFCCARTESIANPOINT((0.,0.,0.));
#12079=IFCDIRECTION((0.,0.,1.));
#12080=IFCDIRECTION((1.,0.,0.));
#12081=IFCAXIS2PLACEMENT3D(#12078,#12079,#12080);
#12082=IFCEXTRUDEDAREASOLID(#12077,#12081,#12076,3200.4000000000001);
#12083=IFCSHAPEREPRESENTATION(#11,'Body','SweptSolid',(#12082));
#12084=IFCPRODUCTDEFINITIONSHAPE($,$,(#12083));
#12090=IFCCARTESIANPOINT((63398.400000000001,4572.,7467.5999999999995));
#12091=IFCDIRECTION((0.,0.,1.));
#12092=IFCDIRECTION((6.123233995736766E-17,1.,0.));
#12093=IFCAXIS2PLACEMENT3D(#12090,#12091,#12092);
#12094=IFCLOCALPLACEMENT($,#12093);
#12095=IFCWALL('2qEdk4aV11wOGx1vN4Sj8t',$,'L3|CORE',$,$,#12116,#12106,$,$);
#12096=IFCCARTESIANPOINTLIST2D(((0.,0.),(0.,150.),(7315.2000000000007,150.),(7315.2000000000007,0.),(0.,0.)));
#12097=IFCINDEXEDPOLYCURVE(#12096,$,.F.);
#12098=IFCDIRECTION((0.,0.,1.));
#12099=IFCARBITRARYCLOSEDPROFILEDEF(.AREA.,$,#12097);
#12100=IFCCARTESIANPOINT((0.,0.,0.));
#12101=IFCDIRECTION((0.,0.,1.));
#12102=IFCDIRECTION((1.,0.,0.));
#12103=IFCAXIS2PLACEMENT3D(#12100,#12101,#12102);
#12104=IFCEXTRUDEDAREASOLID(#12099,#12103,#12098,3200.4000000000001);
#12105=IFCSHAPEREPRESENTATION(#11,'Body','SweptSolid',(#12104));
#12106=IFCPRODUCTDEFINITIONSHAPE($,$,(#12105));
#12112=IFCCARTESIANPOINT((73761.600000000006,4572.,7467.5999999999995));
#12113=IFCDIRECTION((0.,0.,1.));
#12114=IFCDIRECTION((6.123233995736766E-17,1.,0.));
#12115=IFCAXIS2PLACEMENT3D(#12112,#12113,#12114);
#12116=IFCLOCALPLACEMENT($,#12115);
#12117=IFCWALL('2B9uc0D9j3IfE2ioOYlcQn',$,'L4|CORE',$,$,#12138,#12128,$,$);
#12118=IFCCARTESIANPOINTLIST2D(((0.,0.),(0.,150.),(10363.200000000001,150.),(10363.200000000001,0.),(0.,0.)));
#12119=IFCINDEXEDPOLYCURVE(#12118,$,.F.);
#12120=IFCDIRECTION((0.,0.,1.));
#12121=IFCARBITRARYCLOSEDPROFILEDEF(.AREA.,$,#12119);
#12122=IFCCARTESIANPOINT((0.,0.,0.));
#12123=IFCDIRECTION((0.,0.,1.));
#12124=IFCDIRECTION((1.,0.,0.));
#12125=IFCAXIS2PLACEMENT3D(#12122,#12123,#12124);
#12126=IFCEXTRUDEDAREASOLID(#12121,#12125,#12120,3200.4000000000001);
#12127=IFCSHAPEREPRESENTATION(#11,'Body','SweptSolid',(#12126));
#12128=IFCPRODUCTDEFINITIONSHAPE($,$,(#12127));
#12134=IFCCARTESIANPOINT((9753.6000000000004,4572.,10668.));
#12135=IFCDIRECTION((0.,0.,1.));
#12136=IFCDIRECTION((1.,0.,0.));
#12137=IFCAXIS2PLACEMENT3D(#12134,#12135,#12136);
#12138=IFCLOCALPLACEMENT($,#12137);
#12139=IFCWALL('3Yd8TyW517aRMVGzZU_oey',$,'L4|CORE',$,$,#12160,#12150,$,$);
#12140=IFCCARTESIANPOINTLIST2D(((0.,0.),(0.,150.),(10363.200000000001,150.),(10363.200000000001,0.),(0.,0.)));
#12141=IFCINDEXEDPOLYCURVE(#12140,$,.F.);
#12142=IFCDIRECTION((0.,0.,1.));
#12143=IFCARBITRARYCLOSEDPROFILEDEF(.AREA.,$,#12141);
#12144=IFCCARTESIANPOINT((0.,0.,0.));
#12145=IFCDIRECTION((0.,0.,1.));
#12146=IFCDIRECTION((1.,0.,0.));
#12147=IFCAXIS2PLACEMENT3D(#12144,#12145,#12146);
#12148=IFCEXTRUDEDAREASOLID(#12143,#12147,#12142,3200.4000000000001);
#12149=IFCSHAPEREPRESENTATION(#11,'Body','SweptSolid',(#12148));
#12150=IFCPRODUCTDEFINITIONSHAPE($,$,(#12149));
#12156=IFCCARTESIANPOINT((9753.6000000000004,11887.199999999999,10668.));
#12157=IFCDIRECTION((0.,0.,1.));
#12158=IFCDIRECTION((1.,0.,0.));
#12159=IFCAXIS2PLACEMENT3D(#12156,#12157,#12158);
#12160=IFCLOCALPLACEMENT($,#12159);
#12161=IFCWALL('1$RcPz8THDsw4W055grC7Z',$,'L4|CORE',$,$,#12182,#12172,$,$);
#12162=IFCCARTESIANPOINTLIST2D(((0.,0.),(0.,150.),(7315.2000000000007,150.),(7315.2000000000007,0.),(0.,0.)));
#12163=IFCINDEXEDPOLYCURVE(#12162,$,.F.);
#12164=IFCDIRECTION((0.,0.,1.));
#12165=IFCARBITRARYCLOSEDPROFILEDEF(.AREA.,$,#12163);
#12166=IFCCARTESIANPOINT((0.,0.,0.));
#12167=IFCDIRECTION((0.,0.,1.));
#12168=IFCDIRECTION((1.,0.,0.));
#12169=IFCAXIS2PLACEMENT3D(#12166,#12167,#12168);
#12170=IFCEXTRUDEDAREASOLID(#12165,#12169,#12164,3200.4000000000001);
#12171=IFCSHAPEREPRESENTATION(#11,'Body','SweptSolid',(#12170));
#12172=IFCPRODUCTDEFINITIONSHAPE($,$,(#12171));
#12178=IFCCARTESIANPOINT((9753.6000000000004,4572.,10668.));
#12179=IFCDIRECTION((0.,0.,1.));
#12180=IFCDIRECTION((6.123233995736766E-17,1.,0.));
#12181=IFCAXIS2PLACEMENT3D(#12178,#12179,#12180);
#12182=IFCLOCALPLACEMENT($,#12181);
#12183=IFCWALL('2y5DI4Bp1AHQebR6ctA64T',$,'L4|CORE',$,$,#12204,#12194,$,$);
#12184=IFCCARTESIANPOINTLIST2D(((0.,0.),(0.,150.),(7315.2000000000007,150.),(7315.2000000000007,0.),(0.,0.)));
#12185=IFCINDEXEDPOLYCURVE(#12184,$,.F.);
#12186=IFCDIRECTION((0.,0.,1.));
#12187=IFCARBITRARYCLOSEDPROFILEDEF(.AREA.,$,#12185);
#12188=IFCCARTESIANPOINT((0.,0.,0.));
#12189=IFCDIRECTION((0.,0.,1.));
#12190=IFCDIRECTION((1.,0.,0.));
#12191=IFCAXIS2PLACEMENT3D(#12188,#12189,#12190);
#12192=IFCEXTRUDEDAREASOLID(#12187,#12191,#12186,3200.4000000000001);
#12193=IFCSHAPEREPRESENTATION(#11,'Body','SweptSolid',(#12192));
#12194=IFCPRODUCTDEFINITIONSHAPE($,$,(#12193));
#12200=IFCCARTESIANPOINT((20116.799999999999,4572.,10668.));
#12201=IFCDIRECTION((0.,0.,1.));
#12202=IFCDIRECTION((6.123233995736766E-17,1.,0.));
#12203=IFCAXIS2PLACEMENT3D(#12200,#12201,#12202);
#12204=IFCLOCALPLACEMENT($,#12203);
#12205=IFCWALL('0YXZX26m90aA4wZH_rLkE1',$,'L4|CORE',$,$,#12226,#12216,$,$);
#12206=IFCCARTESIANPOINTLIST2D(((0.,0.),(0.,150.),(10363.200000000001,150.),(10363.200000000001,0.),(0.,0.)));
#12207=IFCINDEXEDPOLYCURVE(#12206,$,.F.);
#12208=IFCDIRECTION((0.,0.,1.));
#12209=IFCARBITRARYCLOSEDPROFILEDEF(.AREA.,$,#12207);
#12210=IFCCARTESIANPOINT((0.,0.,0.));
#12211=IFCDIRECTION((0.,0.,1.));
#12212=IFCDIRECTION((1.,0.,0.));
#12213=IFCAXIS2PLACEMENT3D(#12210,#12211,#12212);
#12214=IFCEXTRUDEDAREASOLID(#12209,#12213,#12208,3200.4000000000001);
#12215=IFCSHAPEREPRESENTATION(#11,'Body','SweptSolid',(#12214));
#12216=IFCPRODUCTDEFINITIONSHAPE($,$,(#12215));
#12222=IFCCARTESIANPOINT((36576.,4572.,10668.));
#12223=IFCDIRECTION((0.,0.,1.));
#12224=IFCDIRECTION((1.,0.,0.));
#12225=IFCAXIS2PLACEMENT3D(#12222,#12223,#12224);
#12226=IFCLOCALPLACEMENT($,#12225);
#12227=IFCWALL('22FxK50aH0OvBcSf0Itywx',$,'L4|CORE',$,$,#12248,#12238,$,$);
#12228=IFCCARTESIANPOINTLIST2D(((0.,0.),(0.,150.),(10363.200000000001,150.),(10363.200000000001,0.),(0.,0.)));
#12229=IFCINDEXEDPOLYCURVE(#12228,$,.F.);
#12230=IFCDIRECTION((0.,0.,1.));
#12231=IFCARBITRARYCLOSEDPROFILEDEF(.AREA.,$,#12229);
#12232=IFCCARTESIANPOINT((0.,0.,0.));
#12233=IFCDIRECTION((0.,0.,1.));
#12234=IFCDIRECTION((1.,0.,0.));
#12235=IFCAXIS2PLACEMENT3D(#12232,#12233,#12234);
#12236=IFCEXTRUDEDAREASOLID(#12231,#12235,#12230,3200.4000000000001);
#12237=IFCSHAPEREPRESENTATION(#11,'Body','SweptSolid',(#12236));
#12238=IFCPRODUCTDEFINITIONSHAPE($,$,(#12237));
#12244=IFCCARTESIANPOINT((36576.,11887.199999999999,10668.));
#12245=IFCDIRECTION((0.,0.,1.));
#12246=IFCDIRECTION((1.,0.,0.));
#12247=IFCAXIS2PLACEMENT3D(#12244,#12245,#12246);
#12248=IFCLOCALPLACEMENT($,#12247);
#12249=IFCWALL('3BU6HG5Z5DauNFyoqsOeVO',$,'L4|CORE',$,$,#12270,#12260,$,$);
#12250=IFCCARTESIANPOINTLIST2D(((0.,0.),(0.,150.),(7315.2000000000007,150.),(7315.2000000000007,0.),(0.,0.)));
#12251=IFCINDEXEDPOLYCURVE(#12250,$,.F.);
#12252=IFCDIRECTION((0.,0.,1.));
#12253=IFCARBITRARYCLOSEDPROFILEDEF(.AREA.,$,#12251);
#12254=IFCCARTESIANPOINT((0.,0.,0.));
#12255=IFCDIRECTION((0.,0.,1.));
#12256=IFCDIRECTION((1.,0.,0.));
#12257=IFCAXIS2PLACEMENT3D(#12254,#12255,#12256);
#12258=IFCEXTRUDEDAREASOLID(#12253,#12257,#12252,3200.4000000000001);
#12259=IFCSHAPEREPRESENTATION(#11,'Body','SweptSolid',(#12258));
#12260=IFCPRODUCTDEFINITIONSHAPE($,$,(#12259));
#12266=IFCCARTESIANPOINT((36576.,4572.,10668.));
#12267=IFCDIRECTION((0.,0.,1.));
#12268=IFCDIRECTION((6.123233995736766E-17,1.,0.));
#12269=IFCAXIS2PLACEMENT3D(#12266,#12267,#12268);
#12270=IFCLOCALPLACEMENT($,#12269);
#12271=IFCWALL('2O4zKQbAz8gw1EOSLF78YR',$,'L4|CORE',$,$,#12292,#12282,$,$);
#12272=IFCCARTESIANPOINTLIST2D(((0.,0.),(0.,150.),(7315.2000000000007,150.),(7315.2000000000007,0.),(0.,0.)));
#12273=IFCINDEXEDPOLYCURVE(#12272,$,.F.);
#12274=IFCDIRECTION((0.,0.,1.));
#12275=IFCARBITRARYCLOSEDPROFILEDEF(.AREA.,$,#12273);
#12276=IFCCARTESIANPOINT((0.,0.,0.));
#12277=IFCDIRECTION((0.,0.,1.));
#12278=IFCDIRECTION((1.,0.,0.));
#12279=IFCAXIS2PLACEMENT3D(#12276,#12277,#12278);
#12280=IFCEXTRUDEDAREASOLID(#12275,#12279,#12274,3200.4000000000001);
#12281=IFCSHAPEREPRESENTATION(#11,'Body','SweptSolid',(#12280));
#12282=IFCPRODUCTDEFINITIONSHAPE($,$,(#12281));
#12288=IFCCARTESIANPOINT((46939.199999999997,4572.,10668.));
#12289=IFCDIRECTION((0.,0.,1.));
#12290=IFCDIRECTION((6.123233995736766E-17,1.,0.));
#12291=IFCAXIS2PLACEMENT3D(#12288,#12289,#12290);
#12292=IFCLOCALPLACEMENT($,#12291);
#12293=IFCWALL('3_mWjwcGjFs8QVmWyAisyq',$,'L4|CORE',$,$,#12314,#12304,$,$);
#12294=IFCCARTESIANPOINTLIST2D(((0.,0.),(0.,150.),(10363.200000000001,150.),(10363.200000000001,0.),(0.,0.)));
#12295=IFCINDEXEDPOLYCURVE(#12294,$,.F.);
#12296=IFCDIRECTION((0.,0.,1.));
#12297=IFCARBITRARYCLOSEDPROFILEDEF(.AREA.,$,#12295);
#12298=IFCCARTESIANPOINT((0.,0.,0.));
#12299=IFCDIRECTION((0.,0.,1.));
#12300=IFCDIRECTION((1.,0.,0.));
#12301=IFCAXIS2PLACEMENT3D(#12298,#12299,#12300);
#12302=IFCEXTRUDEDAREASOLID(#12297,#12301,#12296,3200.4000000000001);
#12303=IFCSHAPEREPRESENTATION(#11,'Body','SweptSolid',(#12302));
#12304=IFCPRODUCTDEFINITIONSHAPE($,$,(#12303));
#12310=IFCCARTESIANPOINT((63398.400000000001,4572.,10668.));
#12311=IFCDIRECTION((0.,0.,1.));
#12312=IFCDIRECTION((1.,0.,0.));
#12313=IFCAXIS2PLACEMENT3D(#12310,#12311,#12312);
#12314=IFCLOCALPLACEMENT($,#12313);
#12315=IFCWALL('2ngXW8fzzCvAWvXYSfm2Rg',$,'L4|CORE',$,$,#12336,#12326,$,$);
#12316=IFCCARTESIANPOINTLIST2D(((0.,0.),(0.,150.),(10363.200000000001,150.),(10363.200000000001,0.),(0.,0.)));
#12317=IFCINDEXEDPOLYCURVE(#12316,$,.F.);
#12318=IFCDIRECTION((0.,0.,1.));
#12319=IFCARBITRARYCLOSEDPROFILEDEF(.AREA.,$,#12317);
#12320=IFCCARTESIANPOINT((0.,0.,0.));
#12321=IFCDIRECTION((0.,0.,1.));
#12322=IFCDIRECTION((1.,0.,0.));
#12323=IFCAXIS2PLACEMENT3D(#12320,#12321,#12322);
#12324=IFCEXTRUDEDAREASOLID(#12319,#12323,#12318,3200.4000000000001);
#12325=IFCSHAPEREPRESENTATION(#11,'Body','SweptSolid',(#12324));
#12326=IFCPRODUCTDEFINITIONSHAPE($,$,(#12325));
#12332=IFCCARTESIANPOINT((63398.400000000001,11887.199999999999,10668.));
#12333=IFCDIRECTION((0.,0.,1.));
#12334=IFCDIRECTION((1.,0.,0.));
#12335=IFCAXIS2PLACEMENT3D(#12332,#12333,#12334);
#12336=IFCLOCALPLACEMENT($,#12335);
#12337=IFCWALL('0_ZhDp2WP3IxKiirEFLSAU',$,'L4|CORE',$,$,#12358,#12348,$,$);
#12338=IFCCARTESIANPOINTLIST2D(((0.,0.),(0.,150.),(7315.2000000000007,150.),(7315.2000000000007,0.),(0.,0.)));
#12339=IFCINDEXEDPOLYCURVE(#12338,$,.F.);
#12340=IFCDIRECTION((0.,0.,1.));
#12341=IFCARBITRARYCLOSEDPROFILEDEF(.AREA.,$,#12339);
#12342=IFCCARTESIANPOINT((0.,0.,0.));
#12343=IFCDIRECTION((0.,0.,1.));
#12344=IFCDIRECTION((1.,0.,0.));
#12345=IFCAXIS2PLACEMENT3D(#12342,#12343,#12344);
#12346=IFCEXTRUDEDAREASOLID(#12341,#12345,#12340,3200.4000000000001);
#12347=IFCSHAPEREPRESENTATION(#11,'Body','SweptSolid',(#12346));
#12348=IFCPRODUCTDEFINITIONSHAPE($,$,(#12347));
#12354=IFCCARTESIANPOINT((63398.400000000001,4572.,10668.));
#12355=IFCDIRECTION((0.,0.,1.));
#12356=IFCDIRECTION((6.123233995736766E-17,1.,0.));
#12357=IFCAXIS2PLACEMENT3D(#12354,#12355,#12356);
#12358=IFCLOCALPLACEMENT($,#12357);
#12359=IFCWALL('2jFKhmKn5AMAR3D0nKCcam',$,'L4|CORE',$,$,#12380,#12370,$,$);
#12360=IFCCARTESIANPOINTLIST2D(((0.,0.),(0.,150.),(7315.2000000000007,150.),(7315.2000000000007,0.),(0.,0.)));
#12361=IFCINDEXEDPOLYCURVE(#12360,$,.F.);
#12362=IFCDIRECTION((0.,0.,1.));
#12363=IFCARBITRARYCLOSEDPROFILEDEF(.AREA.,$,#12361);
#12364=IFCCARTESIANPOINT((0.,0.,0.));
#12365=IFCDIRECTION((0.,0.,1.));
#12366=IFCDIRECTION((1.,0.,0.));
#12367=IFCAXIS2PLACEMENT3D(#12364,#12365,#12366);
#12368=IFCEXTRUDEDAREASOLID(#12363,#12367,#12362,3200.4000000000001);
#12369=IFCSHAPEREPRESENTATION(#11,'Body','SweptSolid',(#12368));
#12370=IFCPRODUCTDEFINITIONSHAPE($,$,(#12369));
#12376=IFCCARTESIANPOINT((73761.600000000006,4572.,10668.));
#12377=IFCDIRECTION((0.,0.,1.));
#12378=IFCDIRECTION((6.123233995736766E-17,1.,0.));
#12379=IFCAXIS2PLACEMENT3D(#12376,#12377,#12378);
#12380=IFCLOCALPLACEMENT($,#12379);
#12381=IFCWALL('3Ku3UIUQHFMxzKinTNBiSH',$,'L1|AMENITY_LOBBY',$,$,#12402,#12392,$,$);
#12382=IFCCARTESIANPOINTLIST2D(((0.,0.),(0.,150.),(7315.2000000000007,150.),(7315.2000000000007,0.),(0.,0.)));
#12383=IFCINDEXEDPOLYCURVE(#12382,$,.F.);
#12384=IFCDIRECTION((0.,0.,1.));
#12385=IFCARBITRARYCLOSEDPROFILEDEF(.AREA.,$,#12383);
#12386=IFCCARTESIANPOINT((0.,0.,0.));
#12387=IFCDIRECTION((0.,0.,1.));
#12388=IFCDIRECTION((1.,0.,0.));
#12389=IFCAXIS2PLACEMENT3D(#12386,#12387,#12388);
#12390=IFCEXTRUDEDAREASOLID(#12385,#12389,#12384,4267.1999999999998);
#12391=IFCSHAPEREPRESENTATION(#11,'Body','SweptSolid',(#12390));
#12392=IFCPRODUCTDEFINITIONSHAPE($,$,(#12391));
#12398=IFCCARTESIANPOINT((6705.6000000000004,11887.199999999999,0.));
#12399=IFCDIRECTION((0.,0.,1.));
#12400=IFCDIRECTION((1.,0.,0.));
#12401=IFCAXIS2PLACEMENT3D(#12398,#12399,#12400);
#12402=IFCLOCALPLACEMENT($,#12401);
#12403=IFCWALL('1pdj6vy3j0oupiF4q9DbOn',$,'L1|AMENITY_LOBBY',$,$,#12424,#12414,$,$);
#12404=IFCCARTESIANPOINTLIST2D(((0.,0.),(0.,150.),(7315.2000000000007,150.),(7315.2000000000007,0.),(0.,0.)));
#12405=IFCINDEXEDPOLYCURVE(#12404,$,.F.);
#12406=IFCDIRECTION((0.,0.,1.));
#12407=IFCARBITRARYCLOSEDPROFILEDEF(.AREA.,$,#12405);
#12408=IFCCARTESIANPOINT((0.,0.,0.));
#12409=IFCDIRECTION((0.,0.,1.));
#12410=IFCDIRECTION((1.,0.,0.));
#12411=IFCAXIS2PLACEMENT3D(#12408,#12409,#12410);
#12412=IFCEXTRUDEDAREASOLID(#12407,#12411,#12406,4267.1999999999998);
#12413=IFCSHAPEREPRESENTATION(#11,'Body','SweptSolid',(#12412));
#12414=IFCPRODUCTDEFINITIONSHAPE($,$,(#12413));
#12420=IFCCARTESIANPOINT((6705.6000000000004,27127.200000000001,0.));
#12421=IFCDIRECTION((0.,0.,1.));
#12422=IFCDIRECTION((1.,0.,0.));
#12423=IFCAXIS2PLACEMENT3D(#12420,#12421,#12422);
#12424=IFCLOCALPLACEMENT($,#12423);
#12425=IFCWALL('1X0Le1XrzC1PH7IMQZzbcN',$,'L1|AMENITY_LOBBY',$,$,#12446,#12436,$,$);
#12426=IFCCARTESIANPOINTLIST2D(((0.,0.),(0.,150.),(15240.,150.),(15240.,0.),(0.,0.)));
#12427=IFCINDEXEDPOLYCURVE(#12426,$,.F.);
#12428=IFCDIRECTION((0.,0.,1.));
#12429=IFCARBITRARYCLOSEDPROFILEDEF(.AREA.,$,#12427);
#12430=IFCCARTESIANPOINT((0.,0.,0.));
#12431=IFCDIRECTION((0.,0.,1.));
#12432=IFCDIRECTION((1.,0.,0.));
#12433=IFCAXIS2PLACEMENT3D(#12430,#12431,#12432);
#12434=IFCEXTRUDEDAREASOLID(#12429,#12433,#12428,4267.1999999999998);
#12435=IFCSHAPEREPRESENTATION(#11,'Body','SweptSolid',(#12434));
#12436=IFCPRODUCTDEFINITIONSHAPE($,$,(#12435));
#12442=IFCCARTESIANPOINT((6705.6000000000004,11887.199999999999,0.));
#12443=IFCDIRECTION((0.,0.,1.));
#12444=IFCDIRECTION((6.123233995736766E-17,1.,0.));
#12445=IFCAXIS2PLACEMENT3D(#12442,#12443,#12444);
#12446=IFCLOCALPLACEMENT($,#12445);
#12447=IFCWALL('2d6rY8BKb0wRN7ErZdZR75',$,'L1|AMENITY_LOBBY',$,$,#12468,#12458,$,$);
#12448=IFCCARTESIANPOINTLIST2D(((0.,0.),(0.,150.),(15240.,150.),(15240.,0.),(0.,0.)));
#12449=IFCINDEXEDPOLYCURVE(#12448,$,.F.);
#12450=IFCDIRECTION((0.,0.,1.));
#12451=IFCARBITRARYCLOSEDPROFILEDEF(.AREA.,$,#12449);
#12452=IFCCARTESIANPOINT((0.,0.,0.));
#12453=IFCDIRECTION((0.,0.,1.));
#12454=IFCDIRECTION((1.,0.,0.));
#12455=IFCAXIS2PLACEMENT3D(#12452,#12453,#12454);
#12456=IFCEXTRUDEDAREASOLID(#12451,#12455,#12450,4267.1999999999998);
#12457=IFCSHAPEREPRESENTATION(#11,'Body','SweptSolid',(#12456));
#12458=IFCPRODUCTDEFINITIONSHAPE($,$,(#12457));
#12464=IFCCARTESIANPOINT((14020.800000000001,11887.199999999999,0.));
#12465=IFCDIRECTION((0.,0.,1.));
#12466=IFCDIRECTION((6.123233995736766E-17,1.,0.));
#12467=IFCAXIS2PLACEMENT3D(#12464,#12465,#12466);
#12468=IFCLOCALPLACEMENT($,#12467);
#12469=IFCWALL('0Hodm8VuXCFxs6PoV2W1OM',$,'L1|AMENITY_FIT',$,$,#12490,#12480,$,$);
#12470=IFCCARTESIANPOINTLIST2D(((0.,0.),(0.,150.),(7315.2000000000007,150.),(7315.2000000000007,0.),(0.,0.)));
#12471=IFCINDEXEDPOLYCURVE(#12470,$,.F.);
#12472=IFCDIRECTION((0.,0.,1.));
#12473=IFCARBITRARYCLOSEDPROFILEDEF(.AREA.,$,#12471);
#12474=IFCCARTESIANPOINT((0.,0.,0.));
#12475=IFCDIRECTION((0.,0.,1.));
#12476=IFCDIRECTION((1.,0.,0.));
#12477=IFCAXIS2PLACEMENT3D(#12474,#12475,#12476);
#12478=IFCEXTRUDEDAREASOLID(#12473,#12477,#12472,4267.1999999999998);
#12479=IFCSHAPEREPRESENTATION(#11,'Body','SweptSolid',(#12478));
#12480=IFCPRODUCTDEFINITIONSHAPE($,$,(#12479));
#12486=IFCCARTESIANPOINT((6705.6000000000004,27127.200000000001,0.));
#12487=IFCDIRECTION((0.,0.,1.));
#12488=IFCDIRECTION((1.,0.,0.));
#12489=IFCAXIS2PLACEMENT3D(#12486,#12487,#12488);
#12490=IFCLOCALPLACEMENT($,#12489);
#12491=IFCWALL('0KBBMZka155fD$zFD2Q5Q2',$,'L1|AMENITY_FIT',$,$,#12512,#12502,$,$);
#12492=IFCCARTESIANPOINTLIST2D(((0.,0.),(0.,150.),(7315.2000000000007,150.),(7315.2000000000007,0.),(0.,0.)));
#12493=IFCINDEXEDPOLYCURVE(#12492,$,.F.);
#12494=IFCDIRECTION((0.,0.,1.));
#12495=IFCARBITRARYCLOSEDPROFILEDEF(.AREA.,$,#12493);
#12496=IFCCARTESIANPOINT((0.,0.,0.));
#12497=IFCDIRECTION((0.,0.,1.));
#12498=IFCDIRECTION((1.,0.,0.));
#12499=IFCAXIS2PLACEMENT3D(#12496,#12497,#12498);
#12500=IFCEXTRUDEDAREASOLID(#12495,#12499,#12494,4267.1999999999998);
#12501=IFCSHAPEREPRESENTATION(#11,'Body','SweptSolid',(#12500));
#12502=IFCPRODUCTDEFINITIONSHAPE($,$,(#12501));
#12508=IFCCARTESIANPOINT((6705.6000000000004,38557.200000000004,0.));
#12509=IFCDIRECTION((0.,0.,1.));
#12510=IFCDIRECTION((1.,0.,0.));
#12511=IFCAXIS2PLACEMENT3D(#12508,#12509,#12510);
#12512=IFCLOCALPLACEMENT($,#12511);
#12513=IFCWALL('03C$VMWbX4KxKDDQjwJyFP',$,'L1|AMENITY_FIT',$,$,#12534,#12524,$,$);
#12514=IFCCARTESIANPOINTLIST2D(((0.,0.),(0.,150.),(11430.,150.),(11430.,0.),(0.,0.)));
#12515=IFCINDEXEDPOLYCURVE(#12514,$,.F.);
#12516=IFCDIRECTION((0.,0.,1.));
#12517=IFCARBITRARYCLOSEDPROFILEDEF(.AREA.,$,#12515);
#12518=IFCCARTESIANPOINT((0.,0.,0.));
#12519=IFCDIRECTION((0.,0.,1.));
#12520=IFCDIRECTION((1.,0.,0.));
#12521=IFCAXIS2PLACEMENT3D(#12518,#12519,#12520);
#12522=IFCEXTRUDEDAREASOLID(#12517,#12521,#12516,4267.1999999999998);
#12523=IFCSHAPEREPRESENTATION(#11,'Body','SweptSolid',(#12522));
#12524=IFCPRODUCTDEFINITIONSHAPE($,$,(#12523));
#12530=IFCCARTESIANPOINT((6705.6000000000004,27127.200000000001,0.));
#12531=IFCDIRECTION((0.,0.,1.));
#12532=IFCDIRECTION((6.123233995736766E-17,1.,0.));
#12533=IFCAXIS2PLACEMENT3D(#12530,#12531,#12532);
#12534=IFCLOCALPLACEMENT($,#12533);
#12535=IFCWALL('2T0Mg8lUj7QxuVEwQpy3fC',$,'L1|AMENITY_FIT',$,$,#12556,#12546,$,$);
#12536=IFCCARTESIANPOINTLIST2D(((0.,0.),(0.,150.),(11430.,150.),(11430.,0.),(0.,0.)));
#12537=IFCINDEXEDPOLYCURVE(#12536,$,.F.);
#12538=IFCDIRECTION((0.,0.,1.));
#12539=IFCARBITRARYCLOSEDPROFILEDEF(.AREA.,$,#12537);
#12540=IFCCARTESIANPOINT((0.,0.,0.));
#12541=IFCDIRECTION((0.,0.,1.));
#12542=IFCDIRECTION((1.,0.,0.));
#12543=IFCAXIS2PLACEMENT3D(#12540,#12541,#12542);
#12544=IFCEXTRUDEDAREASOLID(#12539,#12543,#12538,4267.1999999999998);
#12545=IFCSHAPEREPRESENTATION(#11,'Body','SweptSolid',(#12544));
#12546=IFCPRODUCTDEFINITIONSHAPE($,$,(#12545));
#12552=IFCCARTESIANPOINT((14020.800000000001,27127.200000000001,0.));
#12553=IFCDIRECTION((0.,0.,1.));
#12554=IFCDIRECTION((6.123233995736766E-17,1.,0.));
#12555=IFCAXIS2PLACEMENT3D(#12552,#12553,#12554);
#12556=IFCLOCALPLACEMENT($,#12555);
#12557=IFCWALL('07P7bmFDfAWAOau6Cs4k3q',$,'L1|BOH_LOADING',$,$,#12578,#12568,$,$);
#12558=IFCCARTESIANPOINTLIST2D(((0.,0.),(0.,150.),(7315.2000000000007,150.),(7315.2000000000007,0.),(0.,0.)));
#12559=IFCINDEXEDPOLYCURVE(#12558,$,.F.);
#12560=IFCDIRECTION((0.,0.,1.));
#12561=IFCARBITRARYCLOSEDPROFILEDEF(.AREA.,$,#12559);
#12562=IFCCARTESIANPOINT((0.,0.,0.));
#12563=IFCDIRECTION((0.,0.,1.));
#12564=IFCDIRECTION((1.,0.,0.));
#12565=IFCAXIS2PLACEMENT3D(#12562,#12563,#12564);
#12566=IFCEXTRUDEDAREASOLID(#12561,#12565,#12560,4267.1999999999998);
#12567=IFCSHAPEREPRESENTATION(#11,'Body','SweptSolid',(#12566));
#12568=IFCPRODUCTDEFINITIONSHAPE($,$,(#12567));
#12574=IFCCARTESIANPOINT((6705.6000000000004,38557.200000000004,0.));
#12575=IFCDIRECTION((0.,0.,1.));
#12576=IFCDIRECTION((1.,0.,0.));
#12577=IFCAXIS2PLACEMENT3D(#12574,#12575,#12576);
#12578=IFCLOCALPLACEMENT($,#12577);
#12579=IFCWALL('0FLRtqejjB5AhYQXUsCEnm',$,'L1|BOH_LOADING',$,$,#12600,#12590,$,$);
#12580=IFCCARTESIANPOINTLIST2D(((0.,0.),(0.,150.),(7315.2000000000007,150.),(7315.2000000000007,0.),(0.,0.)));
#12581=IFCINDEXEDPOLYCURVE(#12580,$,.F.);
#12582=IFCDIRECTION((0.,0.,1.));
#12583=IFCARBITRARYCLOSEDPROFILEDEF(.AREA.,$,#12581);
#12584=IFCCARTESIANPOINT((0.,0.,0.));
#12585=IFCDIRECTION((0.,0.,1.));
#12586=IFCDIRECTION((1.,0.,0.));
#12587=IFCAXIS2PLACEMENT3D(#12584,#12585,#12586);
#12588=IFCEXTRUDEDAREASOLID(#12583,#12587,#12582,4267.1999999999998);
#12589=IFCSHAPEREPRESENTATION(#11,'Body','SweptSolid',(#12588));
#12590=IFCPRODUCTDEFINITIONSHAPE($,$,(#12589));
#12596=IFCCARTESIANPOINT((6705.6000000000004,46177.199999999997,0.));
#12597=IFCDIRECTION((0.,0.,1.));
#12598=IFCDIRECTION((1.,0.,0.));
#12599=IFCAXIS2PLACEMENT3D(#12596,#12597,#12598);
#12600=IFCLOCALPLACEMENT($,#12599);
#12601=IFCWALL('3HCmKp3hD3l9FBG1AY7GdU',$,'L1|BOH_LOADING',$,$,#12622,#12612,$,$);
#12602=IFCCARTESIANPOINTLIST2D(((0.,0.),(0.,150.),(7620.,150.),(7620.,0.),(0.,0.)));
#12603=IFCINDEXEDPOLYCURVE(#12602,$,.F.);
#12604=IFCDIRECTION((0.,0.,1.));
#12605=IFCARBITRARYCLOSEDPROFILEDEF(.AREA.,$,#12603);
#12606=IFCCARTESIANPOINT((0.,0.,0.));
#12607=IFCDIRECTION((0.,0.,1.));
#12608=IFCDIRECTION((1.,0.,0.));
#12609=IFCAXIS2PLACEMENT3D(#12606,#12607,#12608);
#12610=IFCEXTRUDEDAREASOLID(#12605,#12609,#12604,4267.1999999999998);
#12611=IFCSHAPEREPRESENTATION(#11,'Body','SweptSolid',(#12610));
#12612=IFCPRODUCTDEFINITIONSHAPE($,$,(#12611));
#12618=IFCCARTESIANPOINT((6705.6000000000004,38557.200000000004,0.));
#12619=IFCDIRECTION((0.,0.,1.));
#12620=IFCDIRECTION((6.123233995736766E-17,1.,0.));
#12621=IFCAXIS2PLACEMENT3D(#12618,#12619,#12620);
#12622=IFCLOCALPLACEMENT($,#12621);
#12623=IFCWALL('3L95s22Vf7RxjT_G0q3eCY',$,'L1|BOH_LOADING',$,$,#12644,#12634,$,$);
#12624=IFCCARTESIANPOINTLIST2D(((0.,0.),(0.,150.),(7620.,150.),(7620.,0.),(0.,0.)));
#12625=IFCINDEXEDPOLYCURVE(#12624,$,.F.);
#12626=IFCDIRECTION((0.,0.,1.));
#12627=IFCARBITRARYCLOSEDPROFILEDEF(.AREA.,$,#12625);
#12628=IFCCARTESIANPOINT((0.,0.,0.));
#12629=IFCDIRECTION((0.,0.,1.));
#12630=IFCDIRECTION((1.,0.,0.));
#12631=IFCAXIS2PLACEMENT3D(#12628,#12629,#12630);
#12632=IFCEXTRUDEDAREASOLID(#12627,#12631,#12626,4267.1999999999998);
#12633=IFCSHAPEREPRESENTATION(#11,'Body','SweptSolid',(#12632));
#12634=IFCPRODUCTDEFINITIONSHAPE($,$,(#12633));
#12640=IFCCARTESIANPOINT((14020.800000000001,38557.200000000004,0.));
#12641=IFCDIRECTION((0.,0.,1.));
#12642=IFCDIRECTION((6.123233995736766E-17,1.,0.));
#12643=IFCAXIS2PLACEMENT3D(#12640,#12641,#12642);
#12644=IFCLOCALPLACEMENT($,#12643);
ENDSEC;
END-ISO-10303-21;
