ISO-10303-21;
HEADER;
FILE_DESCRIPTION(('ViewDefinition[DesignTransferView]'),'2;1');
FILE_NAME('/dev/null','2026-09-24T14:05:03-05:00',(''),(''),'IfcOpenShell 0.8.5','IfcOpenShell 0.8.5','Nobody');
FILE_SCHEMA(('IFC4'));
ENDSEC;
DATA;
#1=IFCPROJECT('2oKnp_7Jv9ihNCWdf1crPg',$,'RNGD parametric design',$,$,$,$,(#10),#5);
#2=IFCSIUNIT(*,.LENGTHUNIT.,.MILLI.,.METRE.);
#3=IFCSIUNIT(*,.AREAUNIT.,$,.SQUARE_METRE.);
#4=IFCSIUNIT(*,.VOLUMEUNIT.,$,.CUBIC_METRE.);
#5=IFCUNITASSIGNMENT((#4,#2,#3));
#6=IFCCARTESIANPOINT((0.,0.,0.));
#7=IFCDIRECTION((0.,0.,1.));
#8=IFCDIRECTION((1.,0.,0.));
#9=IFCAXIS2PLACEMENT3D(#6,#7,#8);
#10=IFCGEOMETRICREPRESENTATIONCONTEXT($,'Model',3,1.0000000000000001E-05,#9,$);
#11=IFCGEOMETRICREPRESENTATIONSUBCONTEXT('Body','Model',*,*,*,*,#10,$,.MODEL_VIEW.,$);
#12=IFCSITE('1QhKJyvUz9HudvCCsaXkac',$,'Site',$,$,$,$,$,$,$,$,$,$,$);
#13=IFCBUILDING('3vRia_l$b3Xet2x9VQPK24',$,'Residential building',$,$,$,$,$,$,$,$,$);
#14=IFCRELAGGREGATES('1x67_$4sT8VQ0gC1cOVX6X',$,$,$,#1,(#12));
#15=IFCRELAGGREGATES('3NYZL_GG9BYP5SUtH_LFKj',$,$,$,#12,(#13));
#16=IFCBUILDINGSTOREY('2lsK6_BbzEnAp_6gUl3L8M',$,'Podium parking',$,$,$,$,$,$,0.);
#17=IFCRELAGGREGATES('3lTxhPc5bEbBLxtP$iJKvQ',$,$,$,#13,(#25,#21,#16,#23,#18,#24,#19,#20,#22));
#18=IFCBUILDINGSTOREY('09uf5ioeL3HAERhjin0NPW',$,'Level 1',$,$,$,$,$,$,4.2671999999999999);
#19=IFCBUILDINGSTOREY('38KS_yvEj7QR1sxrFJ8bA_',$,'Level 2',$,$,$,$,$,$,7.4676);
#20=IFCBUILDINGSTOREY('1g1YyD9lH3zwiymYykbxL2',$,'Level 3',$,$,$,$,$,$,10.668000000000001);
#21=IFCBUILDINGSTOREY('1MBlelBSb64PCn0oYrWl9X',$,'Level 4',$,$,$,$,$,$,13.868400000000001);
#22=IFCBUILDINGSTOREY('2pcQT$J5LE4fic5LNQ1gv8',$,'Level 5',$,$,$,$,$,$,17.0688);
#23=IFCBUILDINGSTOREY('3PaQZ3tFD4neDSlSwyFGPs',$,'Level 6',$,$,$,$,$,$,20.269200000000001);
#24=IFCBUILDINGSTOREY('2QQVlNPc57eAnJbWslTSU$',$,'Level 7',$,$,$,$,$,$,23.4696);
#25=IFCBUILDINGSTOREY('1iqkNDUT56D83PcbqXUlu5',$,'Roof',$,$,$,$,$,$,26.670000000000002);
#26=IFCSLAB('2a36zOo6v7kxGcT0Q6sQH1',$,'SITE|ground',$,$,#44,#33,$,$);
#27=IFCCARTESIANPOINTLIST2D(((0.,0.),(60960.,0.),(60960.,91440.),(0.,91440.),(0.,0.)));
#28=IFCINDEXEDPOLYCURVE(#27,$,$);
#29=IFCDIRECTION((0.,0.,1.));
#30=IFCARBITRARYCLOSEDPROFILEDEF(.AREA.,$,#28);
#31=IFCEXTRUDEDAREASOLID(#30,$,#29,150.);
#32=IFCSHAPEREPRESENTATION(#11,'Body','SweptSolid',(#31));
#33=IFCPRODUCTDEFINITIONSHAPE($,$,(#32));
#39=IFCRELCONTAINEDINSPATIALSTRUCTURE('37LaDVk1PB8fycA4BDFGy_',$,$,$,(#279,#225,#171,#261,#117,#207,#63,#592,#153,#99,#45,#189,#243,#297,#574,#26,#135,#81),#16);
#40=IFCCARTESIANPOINT((0.,0.,-45.720000000000006));
#41=IFCDIRECTION((0.,0.,1.));
#42=IFCDIRECTION((1.,0.,0.));
#43=IFCAXIS2PLACEMENT3D(#40,#41,#42);
#44=IFCLOCALPLACEMENT($,#43);
#45=IFCSLAB('2nbBfddh1Bvg8Ce556kout',$,'SITE|easement',$,$,#62,#52,$,$);
#46=IFCCARTESIANPOINTLIST2D(((0.,0.),(6096.,0.),(6096.,91440.),(0.,91440.),(0.,0.)));
#47=IFCINDEXEDPOLYCURVE(#46,$,$);
#48=IFCDIRECTION((0.,0.,1.));
#49=IFCARBITRARYCLOSEDPROFILEDEF(.AREA.,$,#47);
#50=IFCEXTRUDEDAREASOLID(#49,$,#48,20.);
#51=IFCSHAPEREPRESENTATION(#11,'Body','SweptSolid',(#50));
#52=IFCPRODUCTDEFINITIONSHAPE($,$,(#51));
#58=IFCCARTESIANPOINT((54864.,0.,0.));
#59=IFCDIRECTION((0.,0.,1.));
#60=IFCDIRECTION((1.,0.,0.));
#61=IFCAXIS2PLACEMENT3D(#58,#59,#60);
#62=IFCLOCALPLACEMENT($,#61);
#63=IFCSLAB('01MMKmgSr7P8hqHfa1jJ3A',$,'SITE|drive',$,$,#80,#70,$,$);
#64=IFCCARTESIANPOINTLIST2D(((0.,0.),(53340.,0.),(53340.,7315.2000000000007),(0.,7315.2000000000007),(0.,0.)));
#65=IFCINDEXEDPOLYCURVE(#64,$,$);
#66=IFCDIRECTION((0.,0.,1.));
#67=IFCARBITRARYCLOSEDPROFILEDEF(.AREA.,$,#65);
#68=IFCEXTRUDEDAREASOLID(#67,$,#66,30.);
#69=IFCSHAPEREPRESENTATION(#11,'Body','SweptSolid',(#68));
#70=IFCPRODUCTDEFINITIONSHAPE($,$,(#69));
#76=IFCCARTESIANPOINT((1524.,79552.800000000003,0.));
#77=IFCDIRECTION((0.,0.,1.));
#78=IFCDIRECTION((1.,0.,0.));
#79=IFCAXIS2PLACEMENT3D(#76,#77,#78);
#80=IFCLOCALPLACEMENT($,#79);
#81=IFCSLAB('3RhpcGQU54NBy$9yQUS82u',$,'SITE|stall',$,$,#98,#88,$,$);
#82=IFCCARTESIANPOINTLIST2D(((0.,0.),(2743.2000000000003,0.),(2743.2000000000003,5486.4000000000005),(0.,5486.4000000000005),(0.,0.)));
#83=IFCINDEXEDPOLYCURVE(#82,$,$);
#84=IFCDIRECTION((0.,0.,1.));
#85=IFCARBITRARYCLOSEDPROFILEDEF(.AREA.,$,#83);
#86=IFCEXTRUDEDAREASOLID(#85,$,#84,40.);
#87=IFCSHAPEREPRESENTATION(#11,'Body','SweptSolid',(#86));
#88=IFCPRODUCTDEFINITIONSHAPE($,$,(#87));
#94=IFCCARTESIANPOINT((25298.400000000001,3048.,0.));
#95=IFCDIRECTION((0.,0.,1.));
#96=IFCDIRECTION((1.,0.,0.));
#97=IFCAXIS2PLACEMENT3D(#94,#95,#96);
#98=IFCLOCALPLACEMENT($,#97);
#99=IFCSLAB('16LiKwhtr7MATN0hk7CHgk',$,'SITE|stall',$,$,#116,#106,$,$);
#100=IFCCARTESIANPOINTLIST2D(((0.,0.),(2743.2000000000003,0.),(2743.2000000000003,5486.4000000000005),(0.,5486.4000000000005),(0.,0.)));
#101=IFCINDEXEDPOLYCURVE(#100,$,$);
#102=IFCDIRECTION((0.,0.,1.));
#103=IFCARBITRARYCLOSEDPROFILEDEF(.AREA.,$,#101);
#104=IFCEXTRUDEDAREASOLID(#103,$,#102,40.);
#105=IFCSHAPEREPRESENTATION(#11,'Body','SweptSolid',(#104));
#106=IFCPRODUCTDEFINITIONSHAPE($,$,(#105));
#112=IFCCARTESIANPOINT((52120.800000000003,3048.,0.));
#113=IFCDIRECTION((0.,0.,1.));
#114=IFCDIRECTION((1.,0.,0.));
#115=IFCAXIS2PLACEMENT3D(#112,#113,#114);
#116=IFCLOCALPLACEMENT($,#115);
#117=IFCSLAB('3RfqbxUC94s9pPJz9InoQI',$,'SITE|stall',$,$,#134,#124,$,$);
#118=IFCCARTESIANPOINTLIST2D(((0.,0.),(2743.2000000000003,0.),(2743.2000000000003,5486.4000000000005),(0.,5486.4000000000005),(0.,0.)));
#119=IFCINDEXEDPOLYCURVE(#118,$,$);
#120=IFCDIRECTION((0.,0.,1.));
#121=IFCARBITRARYCLOSEDPROFILEDEF(.AREA.,$,#119);
#122=IFCEXTRUDEDAREASOLID(#121,$,#120,40.);
#123=IFCSHAPEREPRESENTATION(#11,'Body','SweptSolid',(#122));
#124=IFCPRODUCTDEFINITIONSHAPE($,$,(#123));
#130=IFCCARTESIANPOINT((25298.400000000001,15849.6,0.));
#131=IFCDIRECTION((0.,0.,1.));
#132=IFCDIRECTION((1.,0.,0.));
#133=IFCAXIS2PLACEMENT3D(#130,#131,#132);
#134=IFCLOCALPLACEMENT($,#133);
#135=IFCSLAB('1kvXZn4dH3KOWeWhNKhaHI',$,'SITE|stall',$,$,#152,#142,$,$);
#136=IFCCARTESIANPOINTLIST2D(((0.,0.),(2743.2000000000003,0.),(2743.2000000000003,5486.4000000000005),(0.,5486.4000000000005),(0.,0.)));
#137=IFCINDEXEDPOLYCURVE(#136,$,$);
#138=IFCDIRECTION((0.,0.,1.));
#139=IFCARBITRARYCLOSEDPROFILEDEF(.AREA.,$,#137);
#140=IFCEXTRUDEDAREASOLID(#139,$,#138,40.);
#141=IFCSHAPEREPRESENTATION(#11,'Body','SweptSolid',(#140));
#142=IFCPRODUCTDEFINITIONSHAPE($,$,(#141));
#148=IFCCARTESIANPOINT((52120.800000000003,15849.6,0.));
#149=IFCDIRECTION((0.,0.,1.));
#150=IFCDIRECTION((1.,0.,0.));
#151=IFCAXIS2PLACEMENT3D(#148,#149,#150);
#152=IFCLOCALPLACEMENT($,#151);
#153=IFCSLAB('0EKzgHWonEgv5PAFJqxHwU',$,'SITE|stall',$,$,#170,#160,$,$);
#154=IFCCARTESIANPOINTLIST2D(((0.,0.),(2743.2000000000003,0.),(2743.2000000000003,5486.4000000000005),(0.,5486.4000000000005),(0.,0.)));
#155=IFCINDEXEDPOLYCURVE(#154,$,$);
#156=IFCDIRECTION((0.,0.,1.));
#157=IFCARBITRARYCLOSEDPROFILEDEF(.AREA.,$,#155);
#158=IFCEXTRUDEDAREASOLID(#157,$,#156,40.);
#159=IFCSHAPEREPRESENTATION(#11,'Body','SweptSolid',(#158));
#160=IFCPRODUCTDEFINITIONSHAPE($,$,(#159));
#166=IFCCARTESIANPOINT((25298.400000000001,28651.200000000001,0.));
#167=IFCDIRECTION((0.,0.,1.));
#168=IFCDIRECTION((1.,0.,0.));
#169=IFCAXIS2PLACEMENT3D(#166,#167,#168);
#170=IFCLOCALPLACEMENT($,#169);
#171=IFCSLAB('3$c8OO9qn6qv67c5IiKR2p',$,'SITE|stall',$,$,#188,#178,$,$);
#172=IFCCARTESIANPOINTLIST2D(((0.,0.),(2743.2000000000003,0.),(2743.2000000000003,5486.4000000000005),(0.,5486.4000000000005),(0.,0.)));
#173=IFCINDEXEDPOLYCURVE(#172,$,$);
#174=IFCDIRECTION((0.,0.,1.));
#175=IFCARBITRARYCLOSEDPROFILEDEF(.AREA.,$,#173);
#176=IFCEXTRUDEDAREASOLID(#175,$,#174,40.);
#177=IFCSHAPEREPRESENTATION(#11,'Body','SweptSolid',(#176));
#178=IFCPRODUCTDEFINITIONSHAPE($,$,(#177));
#184=IFCCARTESIANPOINT((52120.800000000003,28651.200000000001,0.));
#185=IFCDIRECTION((0.,0.,1.));
#186=IFCDIRECTION((1.,0.,0.));
#187=IFCAXIS2PLACEMENT3D(#184,#185,#186);
#188=IFCLOCALPLACEMENT($,#187);
#189=IFCSLAB('3OajFHCan8mBKa7V6y_dFm',$,'SITE|stall',$,$,#206,#196,$,$);
#190=IFCCARTESIANPOINTLIST2D(((0.,0.),(2743.2000000000003,0.),(2743.2000000000003,5486.4000000000005),(0.,5486.4000000000005),(0.,0.)));
#191=IFCINDEXEDPOLYCURVE(#190,$,$);
#192=IFCDIRECTION((0.,0.,1.));
#193=IFCARBITRARYCLOSEDPROFILEDEF(.AREA.,$,#191);
#194=IFCEXTRUDEDAREASOLID(#193,$,#192,40.);
#195=IFCSHAPEREPRESENTATION(#11,'Body','SweptSolid',(#194));
#196=IFCPRODUCTDEFINITIONSHAPE($,$,(#195));
#202=IFCCARTESIANPOINT((25298.400000000001,41452.800000000003,0.));
#203=IFCDIRECTION((0.,0.,1.));
#204=IFCDIRECTION((1.,0.,0.));
#205=IFCAXIS2PLACEMENT3D(#202,#203,#204);
#206=IFCLOCALPLACEMENT($,#205);
#207=IFCSLAB('0yHxGf14DCjPmDSvCzlMfU',$,'SITE|stall',$,$,#224,#214,$,$);
#208=IFCCARTESIANPOINTLIST2D(((0.,0.),(2743.2000000000003,0.),(2743.2000000000003,5486.4000000000005),(0.,5486.4000000000005),(0.,0.)));
#209=IFCINDEXEDPOLYCURVE(#208,$,$);
#210=IFCDIRECTION((0.,0.,1.));
#211=IFCARBITRARYCLOSEDPROFILEDEF(.AREA.,$,#209);
#212=IFCEXTRUDEDAREASOLID(#211,$,#210,40.);
#213=IFCSHAPEREPRESENTATION(#11,'Body','SweptSolid',(#212));
#214=IFCPRODUCTDEFINITIONSHAPE($,$,(#213));
#220=IFCCARTESIANPOINT((52120.800000000003,41452.800000000003,0.));
#221=IFCDIRECTION((0.,0.,1.));
#222=IFCDIRECTION((1.,0.,0.));
#223=IFCAXIS2PLACEMENT3D(#220,#221,#222);
#224=IFCLOCALPLACEMENT($,#223);
#225=IFCSLAB('3YH68m9an6X8P8oOqOExGw',$,'SITE|stall',$,$,#242,#232,$,$);
#226=IFCCARTESIANPOINTLIST2D(((0.,0.),(2743.2000000000003,0.),(2743.2000000000003,5486.4000000000005),(0.,5486.4000000000005),(0.,0.)));
#227=IFCINDEXEDPOLYCURVE(#226,$,$);
#228=IFCDIRECTION((0.,0.,1.));
#229=IFCARBITRARYCLOSEDPROFILEDEF(.AREA.,$,#227);
#230=IFCEXTRUDEDAREASOLID(#229,$,#228,40.);
#231=IFCSHAPEREPRESENTATION(#11,'Body','SweptSolid',(#230));
#232=IFCPRODUCTDEFINITIONSHAPE($,$,(#231));
#238=IFCCARTESIANPOINT((25298.400000000001,54254.400000000001,0.));
#239=IFCDIRECTION((0.,0.,1.));
#240=IFCDIRECTION((1.,0.,0.));
#241=IFCAXIS2PLACEMENT3D(#238,#239,#240);
#242=IFCLOCALPLACEMENT($,#241);
#243=IFCSLAB('0CI2c5LxjCQvvQ9o6TiVF7',$,'SITE|stall',$,$,#260,#250,$,$);
#244=IFCCARTESIANPOINTLIST2D(((0.,0.),(2743.2000000000003,0.),(2743.2000000000003,5486.4000000000005),(0.,5486.4000000000005),(0.,0.)));
#245=IFCINDEXEDPOLYCURVE(#244,$,$);
#246=IFCDIRECTION((0.,0.,1.));
#247=IFCARBITRARYCLOSEDPROFILEDEF(.AREA.,$,#245);
#248=IFCEXTRUDEDAREASOLID(#247,$,#246,40.);
#249=IFCSHAPEREPRESENTATION(#11,'Body','SweptSolid',(#248));
#250=IFCPRODUCTDEFINITIONSHAPE($,$,(#249));
#256=IFCCARTESIANPOINT((52120.800000000003,54254.400000000001,0.));
#257=IFCDIRECTION((0.,0.,1.));
#258=IFCDIRECTION((1.,0.,0.));
#259=IFCAXIS2PLACEMENT3D(#256,#257,#258);
#260=IFCLOCALPLACEMENT($,#259);
#261=IFCSLAB('19yCczoW96zOfbcb0C_NG3',$,'SITE|stall',$,$,#278,#268,$,$);
#262=IFCCARTESIANPOINTLIST2D(((0.,0.),(2743.2000000000003,0.),(2743.2000000000003,5486.4000000000005),(0.,5486.4000000000005),(0.,0.)));
#263=IFCINDEXEDPOLYCURVE(#262,$,$);
#264=IFCDIRECTION((0.,0.,1.));
#265=IFCARBITRARYCLOSEDPROFILEDEF(.AREA.,$,#263);
#266=IFCEXTRUDEDAREASOLID(#265,$,#264,40.);
#267=IFCSHAPEREPRESENTATION(#11,'Body','SweptSolid',(#266));
#268=IFCPRODUCTDEFINITIONSHAPE($,$,(#267));
#274=IFCCARTESIANPOINT((1524.,67056.,0.));
#275=IFCDIRECTION((0.,0.,1.));
#276=IFCDIRECTION((1.,0.,0.));
#277=IFCAXIS2PLACEMENT3D(#274,#275,#276);
#278=IFCLOCALPLACEMENT($,#277);
#279=IFCSLAB('3xOrVHHa169hDt2ALmFHW2',$,'SITE|stall',$,$,#296,#286,$,$);
#280=IFCCARTESIANPOINTLIST2D(((0.,0.),(2743.2000000000003,0.),(2743.2000000000003,5486.4000000000005),(0.,5486.4000000000005),(0.,0.)));
#281=IFCINDEXEDPOLYCURVE(#280,$,$);
#282=IFCDIRECTION((0.,0.,1.));
#283=IFCARBITRARYCLOSEDPROFILEDEF(.AREA.,$,#281);
#284=IFCEXTRUDEDAREASOLID(#283,$,#282,40.);
#285=IFCSHAPEREPRESENTATION(#11,'Body','SweptSolid',(#284));
#286=IFCPRODUCTDEFINITIONSHAPE($,$,(#285));
#292=IFCCARTESIANPOINT((4267.1999999999998,67056.,0.));
#293=IFCDIRECTION((0.,0.,1.));
#294=IFCDIRECTION((1.,0.,0.));
#295=IFCAXIS2PLACEMENT3D(#292,#293,#294);
#296=IFCLOCALPLACEMENT($,#295);
#297=IFCSLAB('3NefGsn7H3N8$YAYbFuEgG',$,'SITE|stall',$,$,#314,#304,$,$);
#298=IFCCARTESIANPOINTLIST2D(((0.,0.),(2743.2000000000003,0.),(2743.2000000000003,5486.4000000000005),(0.,5486.4000000000005),(0.,0.)));
#299=IFCINDEXEDPOLYCURVE(#298,$,$);
#300=IFCDIRECTION((0.,0.,1.));
#301=IFCARBITRARYCLOSEDPROFILEDEF(.AREA.,$,#299);
#302=IFCEXTRUDEDAREASOLID(#301,$,#300,40.);
#303=IFCSHAPEREPRESENTATION(#11,'Body','SweptSolid',(#302));
#304=IFCPRODUCTDEFINITIONSHAPE($,$,(#303));
#310=IFCCARTESIANPOINT((7010.4000000000005,67056.,0.));
#311=IFCDIRECTION((0.,0.,1.));
#312=IFCDIRECTION((1.,0.,0.));
#313=IFCAXIS2PLACEMENT3D(#310,#311,#312);
#314=IFCLOCALPLACEMENT($,#313);
#315=IFCSLAB('31uC4JZSH7Rg53YSb2lRTQ',$,'L1|SLAB',$,$,#333,#322,$,$);
#316=IFCCARTESIANPOINTLIST2D(((0.,0.),(23774.399999999998,0.),(23774.399999999998,62179.199999999997),(0.,62179.199999999997),(0.,0.)));
#317=IFCINDEXEDPOLYCURVE(#316,$,$);
#318=IFCDIRECTION((0.,0.,1.));
#319=IFCARBITRARYCLOSEDPROFILEDEF(.AREA.,$,#317);
#320=IFCEXTRUDEDAREASOLID(#319,$,#318,250.);
#321=IFCSHAPEREPRESENTATION(#11,'Body','SweptSolid',(#320));
#322=IFCPRODUCTDEFINITIONSHAPE($,$,(#321));
#328=IFCRELCONTAINEDINSPATIALSTRUCTURE('3K_o1Ng_b5fO6Q3qKMKtjB',$,$,$,(#1901,#315,#11251,#11273,#11339,#757,#735,#801,#779,#867,#1329,#933,#823,#999,#977,#11207,#1505,#845,#889,#1351,#955,#1417,#11229,#11295,#1153,#1615,#1637,#1219,#1703,#2165,#1769,#1307,#1835,#1813,#1681,#12505,#2143,#12549,#1747,#12615,#1791,#1857,#12461,#12527,#12593,#12637,#12659,#12681,#2055,#669,#1021,#1043,#1087,#691,#1131,#647,#11361,#1659,#1263,#1197,#1109,#713,#1571,#1175,#1725,#1241,#12483,#12571,#11317,#911,#1373,#1395,#1439,#1461,#1065,#1923,#1527,#1989,#2033,#1593,#2099,#1967,#1879,#2187,#1483,#1549,#12439,#2077,#2121,#448,#2209,#1285,#1945,#2011),#18);
#329=IFCCARTESIANPOINT((1524.,3048.,4267.1999999999998));
#330=IFCDIRECTION((0.,0.,1.));
#331=IFCDIRECTION((1.,0.,0.));
#332=IFCAXIS2PLACEMENT3D(#329,#330,#331);
#333=IFCLOCALPLACEMENT($,#332);
#334=IFCSLAB('1uCpdiyyn0tO3$jhC82R2S',$,'L2|SLAB',$,$,#352,#341,$,$);
#335=IFCCARTESIANPOINTLIST2D(((0.,0.),(23774.399999999998,0.),(23774.399999999998,62179.199999999997),(0.,62179.199999999997),(0.,0.)));
#336=IFCINDEXEDPOLYCURVE(#335,$,$);
#337=IFCDIRECTION((0.,0.,1.));
#338=IFCARBITRARYCLOSEDPROFILEDEF(.AREA.,$,#336);
#339=IFCEXTRUDEDAREASOLID(#338,$,#337,250.);
#340=IFCSHAPEREPRESENTATION(#11,'Body','SweptSolid',(#339));
#341=IFCPRODUCTDEFINITIONSHAPE($,$,(#340));
#347=IFCRELCONTAINEDINSPATIALSTRUCTURE('2OZa31$_r1r89qXTewofK3',$,$,$,(#11427,#3045,#2231,#2253,#2275,#334,#2341,#2803,#2319,#2517,#2539,#2583,#2605,#3067,#2671,#3133,#3573,#2737,#3639,#3111,#2715,#3705,#3177,#3243,#2693,#3155,#3221,#3265,#3353,#3441,#3507,#3529,#3595,#3617,#3023,#2627,#11383,#11405,#11449,#11471,#11493,#11515,#11537,#3089,#2407,#466,#2429,#2495,#2473,#2561,#2649,#2451,#3551,#2297,#2759,#2363,#2825,#2781,#2869,#2891,#3331,#2935,#3397,#3001,#3463,#2385,#2847,#3309,#3375,#2979,#2957,#3419,#3485,#2913,#3199,#3661,#3683,#3287),#19);
#348=IFCCARTESIANPOINT((1524.,3048.,7467.5999999999995));
#349=IFCDIRECTION((0.,0.,1.));
#350=IFCDIRECTION((1.,0.,0.));
#351=IFCAXIS2PLACEMENT3D(#348,#349,#350);
#352=IFCLOCALPLACEMENT($,#351);
#353=IFCSLAB('0gt7anyDz4lRgm7Ts9qhDE',$,'L3|SLAB',$,$,#371,#360,$,$);
#354=IFCCARTESIANPOINTLIST2D(((0.,0.),(23774.399999999998,0.),(23774.399999999998,62179.199999999997),(0.,62179.199999999997),(0.,0.)));
#355=IFCINDEXEDPOLYCURVE(#354,$,$);
#356=IFCDIRECTION((0.,0.,1.));
#357=IFCARBITRARYCLOSEDPROFILEDEF(.AREA.,$,#355);
#358=IFCEXTRUDEDAREASOLID(#357,$,#356,250.);
#359=IFCSHAPEREPRESENTATION(#11,'Body','SweptSolid',(#358));
#360=IFCPRODUCTDEFINITIONSHAPE($,$,(#359));
#366=IFCRELCONTAINEDINSPATIALSTRUCTURE('3gqxo1dGT2UfOcMFKR8BlH',$,$,$,(#3815,#4255,#3859,#4321,#4717,#4387,#4783,#4277,#4233,#3837,#4299,#4365,#4409,#4937,#4497,#4519,#4585,#5047,#4189,#4651,#5091,#5113,#5157,#5179,#5025,#5069,#4673,#5135,#4739,#5201,#484,#11603,#11625,#11647,#11669,#11691,#11713,#3793,#3881,#3903,#3925,#3969,#3947,#4013,#4035,#4079,#4475,#4541,#4145,#4607,#3991,#4453,#4057,#4101,#4123,#4563,#4629,#4343,#4805,#4761,#4849,#4871,#4915,#4827,#4981,#4431,#4893,#4959,#5003,#11581,#11559,#4695,#3749,#4211,#353,#3727,#4167,#3771),#20);
#367=IFCCARTESIANPOINT((1524.,3048.,10668.));
#368=IFCDIRECTION((0.,0.,1.));
#369=IFCDIRECTION((1.,0.,0.));
#370=IFCAXIS2PLACEMENT3D(#367,#368,#369);
#371=IFCLOCALPLACEMENT($,#370);
#372=IFCSLAB('1XIPs6TsX4z93rWQZYO2QP',$,'L4|SLAB',$,$,#390,#379,$,$);
#373=IFCCARTESIANPOINTLIST2D(((0.,0.),(23774.399999999998,0.),(23774.399999999998,62179.199999999997),(0.,62179.199999999997),(0.,0.)));
#374=IFCINDEXEDPOLYCURVE(#373,$,$);
#375=IFCDIRECTION((0.,0.,1.));
#376=IFCARBITRARYCLOSEDPROFILEDEF(.AREA.,$,#374);
#377=IFCEXTRUDEDAREASOLID(#376,$,#375,250.);
#378=IFCSHAPEREPRESENTATION(#11,'Body','SweptSolid',(#377));
#379=IFCPRODUCTDEFINITIONSHAPE($,$,(#378));
#385=IFCRELCONTAINEDINSPATIALSTRUCTURE('12mjcKNJHC3P7frw3bc$SO',$,$,$,(#5553,#5597,#5619,#5223,#5685,#5267,#5245,#5707,#5773,#5421,#372,#5487,#5949,#5905,#5993,#6015,#6455,#6059,#6125,#6521,#6587,#5971,#6433,#11779,#6037,#6499,#6103,#6147,#6543,#6609,#6675,#11757,#11801,#6191,#6323,#6477,#6257,#5575,#5729,#502,#5289,#5311,#5355,#5377,#5839,#5443,#5399,#5509,#5861,#5465,#5927,#5531,#6081,#5795,#5641,#5663,#6169,#5751,#6213,#5817,#6279,#5883,#6345,#11867,#6411,#6389,#5333,#6235,#6697,#6301,#6367,#11845,#6565,#6631,#6653,#11735,#11823,#11889),#21);
#386=IFCCARTESIANPOINT((1524.,3048.,13868.400000000001));
#387=IFCDIRECTION((0.,0.,1.));
#388=IFCDIRECTION((1.,0.,0.));
#389=IFCAXIS2PLACEMENT3D(#386,#387,#388);
#390=IFCLOCALPLACEMENT($,#389);
#391=IFCSLAB('0zz20Bhsf4fR_BN68Bmj6D',$,'L5|SLAB',$,$,#409,#398,$,$);
#392=IFCCARTESIANPOINTLIST2D(((0.,0.),(23774.399999999998,0.),(23774.399999999998,62179.199999999997),(0.,62179.199999999997),(0.,0.)));
#393=IFCINDEXEDPOLYCURVE(#392,$,$);
#394=IFCDIRECTION((0.,0.,1.));
#395=IFCARBITRARYCLOSEDPROFILEDEF(.AREA.,$,#393);
#396=IFCEXTRUDEDAREASOLID(#395,$,#394,250.);
#397=IFCSHAPEREPRESENTATION(#11,'Body','SweptSolid',(#396));
#398=IFCPRODUCTDEFINITIONSHAPE($,$,(#397));
#404=IFCRELCONTAINEDINSPATIALSTRUCTURE('2DLbGvh_P1gP35YsDic0xN',$,$,$,(#7379,#7137,#6983,#7005,#7071,#7599,#7907,#6785,#6807,#7291,#11977,#7313,#6895,#6961,#7357,#12043,#7423,#7533,#7995,#7489,#8061,#7401,#7841,#7445,#7511,#7973,#7665,#7709,#8171,#8193,#7797,#6873,#7863,#7775,#7885,#7335,#6939,#520,#7159,#12065,#6741,#6763,#6829,#6851,#11933,#6917,#11999,#11911,#11955,#12021,#7027,#7049,#7093,#7115,#6719,#7577,#7643,#7225,#7247,#8149,#7687,#7753,#391,#7819,#7181,#7203,#7269,#7731,#7467,#7929,#7951,#7555,#8017,#7621,#8083,#8039,#8127,#8105),#22);
#405=IFCCARTESIANPOINT((1524.,3048.,17068.799999999999));
#406=IFCDIRECTION((0.,0.,1.));
#407=IFCDIRECTION((1.,0.,0.));
#408=IFCAXIS2PLACEMENT3D(#405,#406,#407);
#409=IFCLOCALPLACEMENT($,#408);
#410=IFCSLAB('1mmarekDHCqhdUuVxmWwBc',$,'L6|SLAB',$,$,#428,#417,$,$);
#411=IFCCARTESIANPOINTLIST2D(((0.,0.),(23774.399999999998,0.),(23774.399999999998,62179.199999999997),(0.,62179.199999999997),(0.,0.)));
#412=IFCINDEXEDPOLYCURVE(#411,$,$);
#413=IFCDIRECTION((0.,0.,1.));
#414=IFCARBITRARYCLOSEDPROFILEDEF(.AREA.,$,#412);
#415=IFCEXTRUDEDAREASOLID(#414,$,#413,250.);
#416=IFCSHAPEREPRESENTATION(#11,'Body','SweptSolid',(#415));
#417=IFCPRODUCTDEFINITIONSHAPE($,$,(#416));
#423=IFCRELCONTAINEDINSPATIALSTRUCTURE('2SRzhoA79EAuGbnYGi$e7m',$,$,$,(#8457,#9337,#8941,#9403,#9007,#9469,#8919,#9513,#9535,#9315,#9381,#9425,#9029,#9491,#9557,#8281,#9689,#8809,#12109,#12153,#12175,#12241,#12131,#8237,#8259,#8721,#8325,#8303,#8391,#8831,#8369,#8897,#9293,#8963,#9447,#8743,#8347,#8413,#8875,#8611,#9073,#9095,#8699,#9161,#9623,#9227,#9667,#9271,#9579,#9183,#9645,#9249,#9601,#12087,#12197,#12219,#9359,#8215,#8435,#8479,#8501,#8523,#8985,#8589,#9051,#8655,#9117,#538,#8545,#8567,#8633,#8677,#9139,#9205,#410,#8765,#8787,#8853),#23);
#424=IFCCARTESIANPOINT((1524.,3048.,20269.200000000001));
#425=IFCDIRECTION((0.,0.,1.));
#426=IFCDIRECTION((1.,0.,0.));
#427=IFCAXIS2PLACEMENT3D(#424,#425,#426);
#428=IFCLOCALPLACEMENT($,#427);
#429=IFCSLAB('0NwPAlcwv50QeUGDWrCrbu',$,'L7|SLAB',$,$,#447,#436,$,$);
#430=IFCCARTESIANPOINTLIST2D(((0.,0.),(23774.399999999998,0.),(23774.399999999998,62179.199999999997),(0.,62179.199999999997),(0.,0.)));
#431=IFCINDEXEDPOLYCURVE(#430,$,$);
#432=IFCDIRECTION((0.,0.,1.));
#433=IFCARBITRARYCLOSEDPROFILEDEF(.AREA.,$,#431);
#434=IFCEXTRUDEDAREASOLID(#433,$,#432,250.);
#435=IFCSHAPEREPRESENTATION(#11,'Body','SweptSolid',(#434));
#436=IFCPRODUCTDEFINITIONSHAPE($,$,(#435));
#442=IFCRELCONTAINEDINSPATIALSTRUCTURE('0z161J0TPEWO$gHo3yk_Xp',$,$,$,(#9865,#9887,#9953,#9975,#10437,#10041,#10019,#10173,#9755,#10239,#9843,#10305,#10767,#10371,#10811,#10415,#10877,#10217,#10943,#10261,#10723,#10327,#10789,#10393,#10855,#10965,#10591,#11053,#11075,#11141,#10745,#11163,#12263,#12329,#10107,#10129,#9733,#10195,#9799,#9711,#9777,#9821,#10283,#10349,#9909,#9931,#9997,#10459,#10063,#10503,#10525,#10569,#11031,#10635,#11097,#10701,#10481,#10085,#10547,#10151,#11009,#10613,#10657,#10679,#11119,#11185,#10833,#10899,#10921,#429,#10987,#12417,#12285,#12307,#12351,#12373,#12395,#556),#24);
#443=IFCCARTESIANPOINT((1524.,3048.,23469.599999999999));
#444=IFCDIRECTION((0.,0.,1.));
#445=IFCDIRECTION((1.,0.,0.));
#446=IFCAXIS2PLACEMENT3D(#443,#444,#445);
#447=IFCLOCALPLACEMENT($,#446);
#448=IFCSLAB('3$owr58gnA1RuIZ1PILDtx',$,'L1|SLAB',$,$,#465,#455,$,$);
#449=IFCCARTESIANPOINTLIST2D(((0.,0.),(23774.399999999998,0.),(23774.399999999998,55473.600000000006),(0.,55473.600000000006),(0.,0.)));
#450=IFCINDEXEDPOLYCURVE(#449,$,$);
#451=IFCDIRECTION((0.,0.,1.));
#452=IFCARBITRARYCLOSEDPROFILEDEF(.AREA.,$,#450);
#453=IFCEXTRUDEDAREASOLID(#452,$,#451,250.);
#454=IFCSHAPEREPRESENTATION(#11,'Body','SweptSolid',(#453));
#455=IFCPRODUCTDEFINITIONSHAPE($,$,(#454));
#461=IFCCARTESIANPOINT((28346.400000000001,3048.,4267.1999999999998));
#462=IFCDIRECTION((0.,0.,1.));
#463=IFCDIRECTION((1.,0.,0.));
#464=IFCAXIS2PLACEMENT3D(#461,#462,#463);
#465=IFCLOCALPLACEMENT($,#464);
#466=IFCSLAB('2Vakfo14PC6fkvvIoTwcOx',$,'L2|SLAB',$,$,#483,#473,$,$);
#467=IFCCARTESIANPOINTLIST2D(((0.,0.),(23774.399999999998,0.),(23774.399999999998,55473.600000000006),(0.,55473.600000000006),(0.,0.)));
#468=IFCINDEXEDPOLYCURVE(#467,$,$);
#469=IFCDIRECTION((0.,0.,1.));
#470=IFCARBITRARYCLOSEDPROFILEDEF(.AREA.,$,#468);
#471=IFCEXTRUDEDAREASOLID(#470,$,#469,250.);
#472=IFCSHAPEREPRESENTATION(#11,'Body','SweptSolid',(#471));
#473=IFCPRODUCTDEFINITIONSHAPE($,$,(#472));
#479=IFCCARTESIANPOINT((28346.400000000001,3048.,7467.5999999999995));
#480=IFCDIRECTION((0.,0.,1.));
#481=IFCDIRECTION((1.,0.,0.));
#482=IFCAXIS2PLACEMENT3D(#479,#480,#481);
#483=IFCLOCALPLACEMENT($,#482);
#484=IFCSLAB('0CTbv1vKr6efG3fw7yoqd5',$,'L3|SLAB',$,$,#501,#491,$,$);
#485=IFCCARTESIANPOINTLIST2D(((0.,0.),(23774.399999999998,0.),(23774.399999999998,55473.600000000006),(0.,55473.600000000006),(0.,0.)));
#486=IFCINDEXEDPOLYCURVE(#485,$,$);
#487=IFCDIRECTION((0.,0.,1.));
#488=IFCARBITRARYCLOSEDPROFILEDEF(.AREA.,$,#486);
#489=IFCEXTRUDEDAREASOLID(#488,$,#487,250.);
#490=IFCSHAPEREPRESENTATION(#11,'Body','SweptSolid',(#489));
#491=IFCPRODUCTDEFINITIONSHAPE($,$,(#490));
#497=IFCCARTESIANPOINT((28346.400000000001,3048.,10668.));
#498=IFCDIRECTION((0.,0.,1.));
#499=IFCDIRECTION((1.,0.,0.));
#500=IFCAXIS2PLACEMENT3D(#497,#498,#499);
#501=IFCLOCALPLACEMENT($,#500);
#502=IFCSLAB('3YhZioSjn7l8WnoDpXamjk',$,'L4|SLAB',$,$,#519,#509,$,$);
#503=IFCCARTESIANPOINTLIST2D(((0.,0.),(23774.399999999998,0.),(23774.399999999998,55473.600000000006),(0.,55473.600000000006),(0.,0.)));
#504=IFCINDEXEDPOLYCURVE(#503,$,$);
#505=IFCDIRECTION((0.,0.,1.));
#506=IFCARBITRARYCLOSEDPROFILEDEF(.AREA.,$,#504);
#507=IFCEXTRUDEDAREASOLID(#506,$,#505,250.);
#508=IFCSHAPEREPRESENTATION(#11,'Body','SweptSolid',(#507));
#509=IFCPRODUCTDEFINITIONSHAPE($,$,(#508));
#515=IFCCARTESIANPOINT((28346.400000000001,3048.,13868.400000000001));
#516=IFCDIRECTION((0.,0.,1.));
#517=IFCDIRECTION((1.,0.,0.));
#518=IFCAXIS2PLACEMENT3D(#515,#516,#517);
#519=IFCLOCALPLACEMENT($,#518);
#520=IFCSLAB('0RwZl4eOzEng9pamkhLSai',$,'L5|SLAB',$,$,#537,#527,$,$);
#521=IFCCARTESIANPOINTLIST2D(((0.,0.),(23774.399999999998,0.),(23774.399999999998,55473.600000000006),(0.,55473.600000000006),(0.,0.)));
#522=IFCINDEXEDPOLYCURVE(#521,$,$);
#523=IFCDIRECTION((0.,0.,1.));
#524=IFCARBITRARYCLOSEDPROFILEDEF(.AREA.,$,#522);
#525=IFCEXTRUDEDAREASOLID(#524,$,#523,250.);
#526=IFCSHAPEREPRESENTATION(#11,'Body','SweptSolid',(#525));
#527=IFCPRODUCTDEFINITIONSHAPE($,$,(#526));
#533=IFCCARTESIANPOINT((28346.400000000001,3048.,17068.799999999999));
#534=IFCDIRECTION((0.,0.,1.));
#535=IFCDIRECTION((1.,0.,0.));
#536=IFCAXIS2PLACEMENT3D(#533,#534,#535);
#537=IFCLOCALPLACEMENT($,#536);
#538=IFCSLAB('2DaO7Djo14Tg5xmC3sSoQ$',$,'L6|SLAB',$,$,#555,#545,$,$);
#539=IFCCARTESIANPOINTLIST2D(((0.,0.),(23774.399999999998,0.),(23774.399999999998,55473.600000000006),(0.,55473.600000000006),(0.,0.)));
#540=IFCINDEXEDPOLYCURVE(#539,$,$);
#541=IFCDIRECTION((0.,0.,1.));
#542=IFCARBITRARYCLOSEDPROFILEDEF(.AREA.,$,#540);
#543=IFCEXTRUDEDAREASOLID(#542,$,#541,250.);
#544=IFCSHAPEREPRESENTATION(#11,'Body','SweptSolid',(#543));
#545=IFCPRODUCTDEFINITIONSHAPE($,$,(#544));
#551=IFCCARTESIANPOINT((28346.400000000001,3048.,20269.200000000001));
#552=IFCDIRECTION((0.,0.,1.));
#553=IFCDIRECTION((1.,0.,0.));
#554=IFCAXIS2PLACEMENT3D(#551,#552,#553);
#555=IFCLOCALPLACEMENT($,#554);
#556=IFCSLAB('0vfqmEV0jDx8sC4wyo0dXO',$,'L7|SLAB',$,$,#573,#563,$,$);
#557=IFCCARTESIANPOINTLIST2D(((0.,0.),(23774.399999999998,0.),(23774.399999999998,55473.600000000006),(0.,55473.600000000006),(0.,0.)));
#558=IFCINDEXEDPOLYCURVE(#557,$,$);
#559=IFCDIRECTION((0.,0.,1.));
#560=IFCARBITRARYCLOSEDPROFILEDEF(.AREA.,$,#558);
#561=IFCEXTRUDEDAREASOLID(#560,$,#559,250.);
#562=IFCSHAPEREPRESENTATION(#11,'Body','SweptSolid',(#561));
#563=IFCPRODUCTDEFINITIONSHAPE($,$,(#562));
#569=IFCCARTESIANPOINT((28346.400000000001,3048.,23469.599999999999));
#570=IFCDIRECTION((0.,0.,1.));
#571=IFCDIRECTION((1.,0.,0.));
#572=IFCAXIS2PLACEMENT3D(#569,#570,#571);
#573=IFCLOCALPLACEMENT($,#572);
#574=IFCSLAB('3bJJkGR5b44ejk8MfFKZeN',$,'P|PODIUM_SLAB',$,$,#591,#581,$,$);
#575=IFCCARTESIANPOINTLIST2D(((0.,0.),(23774.399999999998,0.),(23774.399999999998,62179.199999999997),(0.,62179.199999999997),(0.,0.)));
#576=IFCINDEXEDPOLYCURVE(#575,$,$);
#577=IFCDIRECTION((0.,0.,1.));
#578=IFCARBITRARYCLOSEDPROFILEDEF(.AREA.,$,#576);
#579=IFCEXTRUDEDAREASOLID(#578,$,#577,250.);
#580=IFCSHAPEREPRESENTATION(#11,'Body','SweptSolid',(#579));
#581=IFCPRODUCTDEFINITIONSHAPE($,$,(#580));
#587=IFCCARTESIANPOINT((1524.,3048.,0.));
#588=IFCDIRECTION((0.,0.,1.));
#589=IFCDIRECTION((1.,0.,0.));
#590=IFCAXIS2PLACEMENT3D(#587,#588,#589);
#591=IFCLOCALPLACEMENT($,#590);
#592=IFCSLAB('29Vw7YWe57yuEGyRWQrpzy',$,'P|PODIUM_SLAB',$,$,#609,#599,$,$);
#593=IFCCARTESIANPOINTLIST2D(((0.,0.),(23774.399999999998,0.),(23774.399999999998,55473.600000000006),(0.,55473.600000000006),(0.,0.)));
#594=IFCINDEXEDPOLYCURVE(#593,$,$);
#595=IFCDIRECTION((0.,0.,1.));
#596=IFCARBITRARYCLOSEDPROFILEDEF(.AREA.,$,#594);
#597=IFCEXTRUDEDAREASOLID(#596,$,#595,250.);
#598=IFCSHAPEREPRESENTATION(#11,'Body','SweptSolid',(#597));
#599=IFCPRODUCTDEFINITIONSHAPE($,$,(#598));
#605=IFCCARTESIANPOINT((28346.400000000001,3048.,0.));
#606=IFCDIRECTION((0.,0.,1.));
#607=IFCDIRECTION((1.,0.,0.));
#608=IFCAXIS2PLACEMENT3D(#605,#606,#607);
#609=IFCLOCALPLACEMENT($,#608);
#610=IFCROOF('1vDdLRXIX8hwEfdTQm8TGh',$,'ROOF|SLAB',$,$,#628,#617,$,$);
#611=IFCCARTESIANPOINTLIST2D(((0.,0.),(23774.399999999998,0.),(23774.399999999998,62179.199999999997),(0.,62179.199999999997),(0.,0.)));
#612=IFCINDEXEDPOLYCURVE(#611,$,$);
#613=IFCDIRECTION((0.,0.,1.));
#614=IFCARBITRARYCLOSEDPROFILEDEF(.AREA.,$,#612);
#615=IFCEXTRUDEDAREASOLID(#614,$,#613,300.);
#616=IFCSHAPEREPRESENTATION(#11,'Body','SweptSolid',(#615));
#617=IFCPRODUCTDEFINITIONSHAPE($,$,(#616));
#623=IFCRELCONTAINEDINSPATIALSTRUCTURE('3alEUt6FX9LxeFXfhdOKK2',$,$,$,(#629,#610),#25);
#624=IFCCARTESIANPOINT((1524.,3048.,26670.));
#625=IFCDIRECTION((0.,0.,1.));
#626=IFCDIRECTION((1.,0.,0.));
#627=IFCAXIS2PLACEMENT3D(#624,#625,#626);
#628=IFCLOCALPLACEMENT($,#627);
#629=IFCROOF('3TYfFpcBD11BSAuJ$OaQpq',$,'ROOF|SLAB',$,$,#646,#636,$,$);
#630=IFCCARTESIANPOINTLIST2D(((0.,0.),(23774.399999999998,0.),(23774.399999999998,55473.600000000006),(0.,55473.600000000006),(0.,0.)));
#631=IFCINDEXEDPOLYCURVE(#630,$,$);
#632=IFCDIRECTION((0.,0.,1.));
#633=IFCARBITRARYCLOSEDPROFILEDEF(.AREA.,$,#631);
#634=IFCEXTRUDEDAREASOLID(#633,$,#632,300.);
#635=IFCSHAPEREPRESENTATION(#11,'Body','SweptSolid',(#634));
#636=IFCPRODUCTDEFINITIONSHAPE($,$,(#635));
#642=IFCCARTESIANPOINT((28346.400000000001,3048.,26670.));
#643=IFCDIRECTION((0.,0.,1.));
#644=IFCDIRECTION((1.,0.,0.));
#645=IFCAXIS2PLACEMENT3D(#642,#643,#644);
#646=IFCLOCALPLACEMENT($,#645);
#647=IFCWALL('1qvoI2zzn7yufWp0UcMFcH',$,'L1|ACCESSIBLE_1BR',$,$,#668,#658,$,$);
#648=IFCCARTESIANPOINTLIST2D(((0.,0.),(0.,150.),(10363.200000000001,150.),(10363.200000000001,0.),(0.,0.)));
#649=IFCINDEXEDPOLYCURVE(#648,$,.F.);
#650=IFCDIRECTION((0.,0.,1.));
#651=IFCARBITRARYCLOSEDPROFILEDEF(.AREA.,$,#649);
#652=IFCCARTESIANPOINT((0.,0.,0.));
#653=IFCDIRECTION((0.,0.,1.));
#654=IFCDIRECTION((1.,0.,0.));
#655=IFCAXIS2PLACEMENT3D(#652,#653,#654);
#656=IFCEXTRUDEDAREASOLID(#651,#655,#650,3200.4000000000001);
#657=IFCSHAPEREPRESENTATION(#11,'Body','SweptSolid',(#656));
#658=IFCPRODUCTDEFINITIONSHAPE($,$,(#657));
#664=IFCCARTESIANPOINT((14325.6,10363.200000000001,4267.1999999999998));
#665=IFCDIRECTION((0.,0.,1.));
#666=IFCDIRECTION((1.,0.,0.));
#667=IFCAXIS2PLACEMENT3D(#664,#665,#666);
#668=IFCLOCALPLACEMENT($,#667);
#669=IFCWALL('2GkXTt6n5AvQPcQrY4VGLz',$,'L1|ACCESSIBLE_1BR',$,$,#690,#680,$,$);
#670=IFCCARTESIANPOINTLIST2D(((0.,0.),(0.,150.),(10363.200000000001,150.),(10363.200000000001,0.),(0.,0.)));
#671=IFCINDEXEDPOLYCURVE(#670,$,.F.);
#672=IFCDIRECTION((0.,0.,1.));
#673=IFCARBITRARYCLOSEDPROFILEDEF(.AREA.,$,#671);
#674=IFCCARTESIANPOINT((0.,0.,0.));
#675=IFCDIRECTION((0.,0.,1.));
#676=IFCDIRECTION((1.,0.,0.));
#677=IFCAXIS2PLACEMENT3D(#674,#675,#676);
#678=IFCEXTRUDEDAREASOLID(#673,#677,#672,3200.4000000000001);
#679=IFCSHAPEREPRESENTATION(#11,'Body','SweptSolid',(#678));
#680=IFCPRODUCTDEFINITIONSHAPE($,$,(#679));
#686=IFCCARTESIANPOINT((14325.6,19507.200000000001,4267.1999999999998));
#687=IFCDIRECTION((0.,0.,1.));
#688=IFCDIRECTION((1.,0.,0.));
#689=IFCAXIS2PLACEMENT3D(#686,#687,#688);
#690=IFCLOCALPLACEMENT($,#689);
#691=IFCWALL('2OW9BeTaT4rPdtYBJ38Rs_',$,'L1|ACCESSIBLE_1BR',$,$,#712,#702,$,$);
#692=IFCCARTESIANPOINTLIST2D(((0.,0.),(0.,150.),(9144.,150.),(9144.,0.),(0.,0.)));
#693=IFCINDEXEDPOLYCURVE(#692,$,.F.);
#694=IFCDIRECTION((0.,0.,1.));
#695=IFCARBITRARYCLOSEDPROFILEDEF(.AREA.,$,#693);
#696=IFCCARTESIANPOINT((0.,0.,0.));
#697=IFCDIRECTION((0.,0.,1.));
#698=IFCDIRECTION((1.,0.,0.));
#699=IFCAXIS2PLACEMENT3D(#696,#697,#698);
#700=IFCEXTRUDEDAREASOLID(#695,#699,#694,3200.4000000000001);
#701=IFCSHAPEREPRESENTATION(#11,'Body','SweptSolid',(#700));
#702=IFCPRODUCTDEFINITIONSHAPE($,$,(#701));
#708=IFCCARTESIANPOINT((14325.6,10363.200000000001,4267.1999999999998));
#709=IFCDIRECTION((0.,0.,1.));
#710=IFCDIRECTION((6.123233995736766E-17,1.,0.));
#711=IFCAXIS2PLACEMENT3D(#708,#709,#710);
#712=IFCLOCALPLACEMENT($,#711);
#713=IFCWALL('3UHDCRjJT9RgJpA3S82nxY',$,'L1|ACCESSIBLE_1BR',$,$,#734,#724,$,$);
#714=IFCCARTESIANPOINTLIST2D(((0.,0.),(0.,150.),(9144.,150.),(9144.,0.),(0.,0.)));
#715=IFCINDEXEDPOLYCURVE(#714,$,.F.);
#716=IFCDIRECTION((0.,0.,1.));
#717=IFCARBITRARYCLOSEDPROFILEDEF(.AREA.,$,#715);
#718=IFCCARTESIANPOINT((0.,0.,0.));
#719=IFCDIRECTION((0.,0.,1.));
#720=IFCDIRECTION((1.,0.,0.));
#721=IFCAXIS2PLACEMENT3D(#718,#719,#720);
#722=IFCEXTRUDEDAREASOLID(#717,#721,#716,3200.4000000000001);
#723=IFCSHAPEREPRESENTATION(#11,'Body','SweptSolid',(#722));
#724=IFCPRODUCTDEFINITIONSHAPE($,$,(#723));
#730=IFCCARTESIANPOINT((24688.799999999999,10363.200000000001,4267.1999999999998));
#731=IFCDIRECTION((0.,0.,1.));
#732=IFCDIRECTION((6.123233995736766E-17,1.,0.));
#733=IFCAXIS2PLACEMENT3D(#730,#731,#732);
#734=IFCLOCALPLACEMENT($,#733);
#735=IFCWALL('2EjQENgcr0Bu1ovBFbU1g5',$,'L1|TWOBR_A',$,$,#756,#746,$,$);
#736=IFCCARTESIANPOINTLIST2D(((0.,0.),(0.,150.),(10972.800000000001,150.),(10972.800000000001,0.),(0.,0.)));
#737=IFCINDEXEDPOLYCURVE(#736,$,.F.);
#738=IFCDIRECTION((0.,0.,1.));
#739=IFCARBITRARYCLOSEDPROFILEDEF(.AREA.,$,#737);
#740=IFCCARTESIANPOINT((0.,0.,0.));
#741=IFCDIRECTION((0.,0.,1.));
#742=IFCDIRECTION((1.,0.,0.));
#743=IFCAXIS2PLACEMENT3D(#740,#741,#742);
#744=IFCEXTRUDEDAREASOLID(#739,#743,#738,3200.4000000000001);
#745=IFCSHAPEREPRESENTATION(#11,'Body','SweptSolid',(#744));
#746=IFCPRODUCTDEFINITIONSHAPE($,$,(#745));
#752=IFCCARTESIANPOINT((28346.400000000001,10363.200000000001,4267.1999999999998));
#753=IFCDIRECTION((0.,0.,1.));
#754=IFCDIRECTION((1.,0.,0.));
#755=IFCAXIS2PLACEMENT3D(#752,#753,#754);
#756=IFCLOCALPLACEMENT($,#755);
#757=IFCWALL('1j09Ws_QjECgxqAvGpjfrK',$,'L1|TWOBR_A',$,$,#778,#768,$,$);
#758=IFCCARTESIANPOINTLIST2D(((0.,0.),(0.,150.),(10972.800000000001,150.),(10972.800000000001,0.),(0.,0.)));
#759=IFCINDEXEDPOLYCURVE(#758,$,.F.);
#760=IFCDIRECTION((0.,0.,1.));
#761=IFCARBITRARYCLOSEDPROFILEDEF(.AREA.,$,#759);
#762=IFCCARTESIANPOINT((0.,0.,0.));
#763=IFCDIRECTION((0.,0.,1.));
#764=IFCDIRECTION((1.,0.,0.));
#765=IFCAXIS2PLACEMENT3D(#762,#763,#764);
#766=IFCEXTRUDEDAREASOLID(#761,#765,#760,3200.4000000000001);
#767=IFCSHAPEREPRESENTATION(#11,'Body','SweptSolid',(#766));
#768=IFCPRODUCTDEFINITIONSHAPE($,$,(#767));
#774=IFCCARTESIANPOINT((28346.400000000001,20726.400000000001,4267.1999999999998));
#775=IFCDIRECTION((0.,0.,1.));
#776=IFCDIRECTION((1.,0.,0.));
#777=IFCAXIS2PLACEMENT3D(#774,#775,#776);
#778=IFCLOCALPLACEMENT($,#777);
#779=IFCWALL('3Zqns1zjn8kvhIJ3PsjEzh',$,'L1|TWOBR_A',$,$,#800,#790,$,$);
#780=IFCCARTESIANPOINTLIST2D(((0.,0.),(0.,150.),(10363.200000000001,150.),(10363.200000000001,0.),(0.,0.)));
#781=IFCINDEXEDPOLYCURVE(#780,$,.F.);
#782=IFCDIRECTION((0.,0.,1.));
#783=IFCARBITRARYCLOSEDPROFILEDEF(.AREA.,$,#781);
#784=IFCCARTESIANPOINT((0.,0.,0.));
#785=IFCDIRECTION((0.,0.,1.));
#786=IFCDIRECTION((1.,0.,0.));
#787=IFCAXIS2PLACEMENT3D(#784,#785,#786);
#788=IFCEXTRUDEDAREASOLID(#783,#787,#782,3200.4000000000001);
#789=IFCSHAPEREPRESENTATION(#11,'Body','SweptSolid',(#788));
#790=IFCPRODUCTDEFINITIONSHAPE($,$,(#789));
#796=IFCCARTESIANPOINT((28346.400000000001,10363.200000000001,4267.1999999999998));
#797=IFCDIRECTION((0.,0.,1.));
#798=IFCDIRECTION((6.123233995736766E-17,1.,0.));
#799=IFCAXIS2PLACEMENT3D(#796,#797,#798);
#800=IFCLOCALPLACEMENT($,#799);
#801=IFCWALL('2d7M30wAz1j9cTq5MozHfT',$,'L1|TWOBR_A',$,$,#822,#812,$,$);
#802=IFCCARTESIANPOINTLIST2D(((0.,0.),(0.,150.),(10363.200000000001,150.),(10363.200000000001,0.),(0.,0.)));
#803=IFCINDEXEDPOLYCURVE(#802,$,.F.);
#804=IFCDIRECTION((0.,0.,1.));
#805=IFCARBITRARYCLOSEDPROFILEDEF(.AREA.,$,#803);
#806=IFCCARTESIANPOINT((0.,0.,0.));
#807=IFCDIRECTION((0.,0.,1.));
#808=IFCDIRECTION((1.,0.,0.));
#809=IFCAXIS2PLACEMENT3D(#806,#807,#808);
#810=IFCEXTRUDEDAREASOLID(#805,#809,#804,3200.4000000000001);
#811=IFCSHAPEREPRESENTATION(#11,'Body','SweptSolid',(#810));
#812=IFCPRODUCTDEFINITIONSHAPE($,$,(#811));
#818=IFCCARTESIANPOINT((39319.200000000004,10363.200000000001,4267.1999999999998));
#819=IFCDIRECTION((0.,0.,1.));
#820=IFCDIRECTION((6.123233995736766E-17,1.,0.));
#821=IFCAXIS2PLACEMENT3D(#818,#819,#820);
#822=IFCLOCALPLACEMENT($,#821);
#823=IFCWALL('31ySognN91Re61JbLneYnp',$,'L1|STUDIO_A',$,$,#844,#834,$,$);
#824=IFCCARTESIANPOINTLIST2D(((0.,0.),(0.,150.),(9753.6000000000004,150.),(9753.6000000000004,0.),(0.,0.)));
#825=IFCINDEXEDPOLYCURVE(#824,$,.F.);
#826=IFCDIRECTION((0.,0.,1.));
#827=IFCARBITRARYCLOSEDPROFILEDEF(.AREA.,$,#825);
#828=IFCCARTESIANPOINT((0.,0.,0.));
#829=IFCDIRECTION((0.,0.,1.));
#830=IFCDIRECTION((1.,0.,0.));
#831=IFCAXIS2PLACEMENT3D(#828,#829,#830);
#832=IFCEXTRUDEDAREASOLID(#827,#831,#826,3200.4000000000001);
#833=IFCSHAPEREPRESENTATION(#11,'Body','SweptSolid',(#832));
#834=IFCPRODUCTDEFINITIONSHAPE($,$,(#833));
#840=IFCCARTESIANPOINT((41148.,10363.200000000001,4267.1999999999998));
#841=IFCDIRECTION((0.,0.,1.));
#842=IFCDIRECTION((1.,0.,0.));
#843=IFCAXIS2PLACEMENT3D(#840,#841,#842);
#844=IFCLOCALPLACEMENT($,#843);
#845=IFCWALL('04Cd_MUAr0AhU76$OBNgbM',$,'L1|STUDIO_A',$,$,#866,#856,$,$);
#846=IFCCARTESIANPOINTLIST2D(((0.,0.),(0.,150.),(9753.6000000000004,150.),(9753.6000000000004,0.),(0.,0.)));
#847=IFCINDEXEDPOLYCURVE(#846,$,.F.);
#848=IFCDIRECTION((0.,0.,1.));
#849=IFCARBITRARYCLOSEDPROFILEDEF(.AREA.,$,#847);
#850=IFCCARTESIANPOINT((0.,0.,0.));
#851=IFCDIRECTION((0.,0.,1.));
#852=IFCDIRECTION((1.,0.,0.));
#853=IFCAXIS2PLACEMENT3D(#850,#851,#852);
#854=IFCEXTRUDEDAREASOLID(#849,#853,#848,3200.4000000000001);
#855=IFCSHAPEREPRESENTATION(#11,'Body','SweptSolid',(#854));
#856=IFCPRODUCTDEFINITIONSHAPE($,$,(#855));
#862=IFCCARTESIANPOINT((41148.,18288.,4267.1999999999998));
#863=IFCDIRECTION((0.,0.,1.));
#864=IFCDIRECTION((1.,0.,0.));
#865=IFCAXIS2PLACEMENT3D(#862,#863,#864);
#866=IFCLOCALPLACEMENT($,#865);
#867=IFCWALL('0uYJfSUTn14gUp2Y0ryniz',$,'L1|STUDIO_A',$,$,#888,#878,$,$);
#868=IFCCARTESIANPOINTLIST2D(((0.,0.),(0.,150.),(7924.8000000000002,150.),(7924.8000000000002,0.),(0.,0.)));
#869=IFCINDEXEDPOLYCURVE(#868,$,.F.);
#870=IFCDIRECTION((0.,0.,1.));
#871=IFCARBITRARYCLOSEDPROFILEDEF(.AREA.,$,#869);
#872=IFCCARTESIANPOINT((0.,0.,0.));
#873=IFCDIRECTION((0.,0.,1.));
#874=IFCDIRECTION((1.,0.,0.));
#875=IFCAXIS2PLACEMENT3D(#872,#873,#874);
#876=IFCEXTRUDEDAREASOLID(#871,#875,#870,3200.4000000000001);
#877=IFCSHAPEREPRESENTATION(#11,'Body','SweptSolid',(#876));
#878=IFCPRODUCTDEFINITIONSHAPE($,$,(#877));
#884=IFCCARTESIANPOINT((41148.,10363.200000000001,4267.1999999999998));
#885=IFCDIRECTION((0.,0.,1.));
#886=IFCDIRECTION((6.123233995736766E-17,1.,0.));
#887=IFCAXIS2PLACEMENT3D(#884,#885,#886);
#888=IFCLOCALPLACEMENT($,#887);
#889=IFCWALL('3kNIl889b3hflzIi_3XPr8',$,'L1|STUDIO_A',$,$,#910,#900,$,$);
#890=IFCCARTESIANPOINTLIST2D(((0.,0.),(0.,150.),(7924.8000000000002,150.),(7924.8000000000002,0.),(0.,0.)));
#891=IFCINDEXEDPOLYCURVE(#890,$,.F.);
#892=IFCDIRECTION((0.,0.,1.));
#893=IFCARBITRARYCLOSEDPROFILEDEF(.AREA.,$,#891);
#894=IFCCARTESIANPOINT((0.,0.,0.));
#895=IFCDIRECTION((0.,0.,1.));
#896=IFCDIRECTION((1.,0.,0.));
#897=IFCAXIS2PLACEMENT3D(#894,#895,#896);
#898=IFCEXTRUDEDAREASOLID(#893,#897,#892,3200.4000000000001);
#899=IFCSHAPEREPRESENTATION(#11,'Body','SweptSolid',(#898));
#900=IFCPRODUCTDEFINITIONSHAPE($,$,(#899));
#906=IFCCARTESIANPOINT((50901.599999999999,10363.200000000001,4267.1999999999998));
#907=IFCDIRECTION((0.,0.,1.));
#908=IFCDIRECTION((6.123233995736766E-17,1.,0.));
#909=IFCAXIS2PLACEMENT3D(#906,#907,#908);
#910=IFCLOCALPLACEMENT($,#909);
#911=IFCWALL('2bDn9SpP58FhJWhuTdOcsR',$,'L1|ACCESSIBLE_1BR',$,$,#932,#922,$,$);
#912=IFCCARTESIANPOINTLIST2D(((0.,0.),(0.,150.),(10363.200000000001,150.),(10363.200000000001,0.),(0.,0.)));
#913=IFCINDEXEDPOLYCURVE(#912,$,.F.);
#914=IFCDIRECTION((0.,0.,1.));
#915=IFCARBITRARYCLOSEDPROFILEDEF(.AREA.,$,#913);
#916=IFCCARTESIANPOINT((0.,0.,0.));
#917=IFCDIRECTION((0.,0.,1.));
#918=IFCDIRECTION((1.,0.,0.));
#919=IFCAXIS2PLACEMENT3D(#916,#917,#918);
#920=IFCEXTRUDEDAREASOLID(#915,#919,#914,3200.4000000000001);
#921=IFCSHAPEREPRESENTATION(#11,'Body','SweptSolid',(#920));
#922=IFCPRODUCTDEFINITIONSHAPE($,$,(#921));
#928=IFCCARTESIANPOINT((41148.,18288.,4267.1999999999998));
#929=IFCDIRECTION((0.,0.,1.));
#930=IFCDIRECTION((1.,0.,0.));
#931=IFCAXIS2PLACEMENT3D(#928,#929,#930);
#932=IFCLOCALPLACEMENT($,#931);
#933=IFCWALL('3Kr0ySNbT6Av6RxB_Xwrvn',$,'L1|ACCESSIBLE_1BR',$,$,#954,#944,$,$);
#934=IFCCARTESIANPOINTLIST2D(((0.,0.),(0.,150.),(10363.200000000001,150.),(10363.200000000001,0.),(0.,0.)));
#935=IFCINDEXEDPOLYCURVE(#934,$,.F.);
#936=IFCDIRECTION((0.,0.,1.));
#937=IFCARBITRARYCLOSEDPROFILEDEF(.AREA.,$,#935);
#938=IFCCARTESIANPOINT((0.,0.,0.));
#939=IFCDIRECTION((0.,0.,1.));
#940=IFCDIRECTION((1.,0.,0.));
#941=IFCAXIS2PLACEMENT3D(#938,#939,#940);
#942=IFCEXTRUDEDAREASOLID(#937,#941,#936,3200.4000000000001);
#943=IFCSHAPEREPRESENTATION(#11,'Body','SweptSolid',(#942));
#944=IFCPRODUCTDEFINITIONSHAPE($,$,(#943));
#950=IFCCARTESIANPOINT((41148.,27432.,4267.1999999999998));
#951=IFCDIRECTION((0.,0.,1.));
#952=IFCDIRECTION((1.,0.,0.));
#953=IFCAXIS2PLACEMENT3D(#950,#951,#952);
#954=IFCLOCALPLACEMENT($,#953);
#955=IFCWALL('1fBpGC_5HBShldMxHigdYc',$,'L1|ACCESSIBLE_1BR',$,$,#976,#966,$,$);
#956=IFCCARTESIANPOINTLIST2D(((0.,0.),(0.,150.),(9144.,150.),(9144.,0.),(0.,0.)));
#957=IFCINDEXEDPOLYCURVE(#956,$,.F.);
#958=IFCDIRECTION((0.,0.,1.));
#959=IFCARBITRARYCLOSEDPROFILEDEF(.AREA.,$,#957);
#960=IFCCARTESIANPOINT((0.,0.,0.));
#961=IFCDIRECTION((0.,0.,1.));
#962=IFCDIRECTION((1.,0.,0.));
#963=IFCAXIS2PLACEMENT3D(#960,#961,#962);
#964=IFCEXTRUDEDAREASOLID(#959,#963,#958,3200.4000000000001);
#965=IFCSHAPEREPRESENTATION(#11,'Body','SweptSolid',(#964));
#966=IFCPRODUCTDEFINITIONSHAPE($,$,(#965));
#972=IFCCARTESIANPOINT((41148.,18288.,4267.1999999999998));
#973=IFCDIRECTION((0.,0.,1.));
#974=IFCDIRECTION((6.123233995736766E-17,1.,0.));
#975=IFCAXIS2PLACEMENT3D(#972,#973,#974);
#976=IFCLOCALPLACEMENT($,#975);
#977=IFCWALL('1R1t3pnOzAG8ctWZJgZdEm',$,'L1|ACCESSIBLE_1BR',$,$,#998,#988,$,$);
#978=IFCCARTESIANPOINTLIST2D(((0.,0.),(0.,150.),(9144.,150.),(9144.,0.),(0.,0.)));
#979=IFCINDEXEDPOLYCURVE(#978,$,.F.);
#980=IFCDIRECTION((0.,0.,1.));
#981=IFCARBITRARYCLOSEDPROFILEDEF(.AREA.,$,#979);
#982=IFCCARTESIANPOINT((0.,0.,0.));
#983=IFCDIRECTION((0.,0.,1.));
#984=IFCDIRECTION((1.,0.,0.));
#985=IFCAXIS2PLACEMENT3D(#982,#983,#984);
#986=IFCEXTRUDEDAREASOLID(#981,#985,#980,3200.4000000000001);
#987=IFCSHAPEREPRESENTATION(#11,'Body','SweptSolid',(#986));
#988=IFCPRODUCTDEFINITIONSHAPE($,$,(#987));
#994=IFCCARTESIANPOINT((51511.200000000004,18288.,4267.1999999999998));
#995=IFCDIRECTION((0.,0.,1.));
#996=IFCDIRECTION((6.123233995736766E-17,1.,0.));
#997=IFCAXIS2PLACEMENT3D(#994,#995,#996);
#998=IFCLOCALPLACEMENT($,#997);
#999=IFCWALL('32zyurwunD2hAUjnkbjQwu',$,'L1|TWOBR_A',$,$,#1020,#1010,$,$);
#1000=IFCCARTESIANPOINTLIST2D(((0.,0.),(0.,150.),(10972.800000000001,150.),(10972.800000000001,0.),(0.,0.)));
#1001=IFCINDEXEDPOLYCURVE(#1000,$,.F.);
#1002=IFCDIRECTION((0.,0.,1.));
#1003=IFCARBITRARYCLOSEDPROFILEDEF(.AREA.,$,#1001);
#1004=IFCCARTESIANPOINT((0.,0.,0.));
#1005=IFCDIRECTION((0.,0.,1.));
#1006=IFCDIRECTION((1.,0.,0.));
#1007=IFCAXIS2PLACEMENT3D(#1004,#1005,#1006);
#1008=IFCEXTRUDEDAREASOLID(#1003,#1007,#1002,3200.4000000000001);
#1009=IFCSHAPEREPRESENTATION(#11,'Body','SweptSolid',(#1008));
#1010=IFCPRODUCTDEFINITIONSHAPE($,$,(#1009));
#1016=IFCCARTESIANPOINT((14325.6,19507.200000000001,4267.1999999999998));
#1017=IFCDIRECTION((0.,0.,1.));
#1018=IFCDIRECTION((1.,0.,0.));
#1019=IFCAXIS2PLACEMENT3D(#1016,#1017,#1018);
#1020=IFCLOCALPLACEMENT($,#1019);
#1021=IFCWALL('1JqS5O8XL1z8nwWKLBMkZX',$,'L1|TWOBR_A',$,$,#1042,#1032,$,$);
#1022=IFCCARTESIANPOINTLIST2D(((0.,0.),(0.,150.),(10972.800000000001,150.),(10972.800000000001,0.),(0.,0.)));
#1023=IFCINDEXEDPOLYCURVE(#1022,$,.F.);
#1024=IFCDIRECTION((0.,0.,1.));
#1025=IFCARBITRARYCLOSEDPROFILEDEF(.AREA.,$,#1023);
#1026=IFCCARTESIANPOINT((0.,0.,0.));
#1027=IFCDIRECTION((0.,0.,1.));
#1028=IFCDIRECTION((1.,0.,0.));
#1029=IFCAXIS2PLACEMENT3D(#1026,#1027,#1028);
#1030=IFCEXTRUDEDAREASOLID(#1025,#1029,#1024,3200.4000000000001);
#1031=IFCSHAPEREPRESENTATION(#11,'Body','SweptSolid',(#1030));
#1032=IFCPRODUCTDEFINITIONSHAPE($,$,(#1031));
#1038=IFCCARTESIANPOINT((14325.6,29870.399999999998,4267.1999999999998));
#1039=IFCDIRECTION((0.,0.,1.));
#1040=IFCDIRECTION((1.,0.,0.));
#1041=IFCAXIS2PLACEMENT3D(#1038,#1039,#1040);
#1042=IFCLOCALPLACEMENT($,#1041);
#1043=IFCWALL('0XtTKh37P6QBz9YosbJPDt',$,'L1|TWOBR_A',$,$,#1064,#1054,$,$);
#1044=IFCCARTESIANPOINTLIST2D(((0.,0.),(0.,150.),(10363.200000000001,150.),(10363.200000000001,0.),(0.,0.)));
#1045=IFCINDEXEDPOLYCURVE(#1044,$,.F.);
#1046=IFCDIRECTION((0.,0.,1.));
#1047=IFCARBITRARYCLOSEDPROFILEDEF(.AREA.,$,#1045);
#1048=IFCCARTESIANPOINT((0.,0.,0.));
#1049=IFCDIRECTION((0.,0.,1.));
#1050=IFCDIRECTION((1.,0.,0.));
#1051=IFCAXIS2PLACEMENT3D(#1048,#1049,#1050);
#1052=IFCEXTRUDEDAREASOLID(#1047,#1051,#1046,3200.4000000000001);
#1053=IFCSHAPEREPRESENTATION(#11,'Body','SweptSolid',(#1052));
#1054=IFCPRODUCTDEFINITIONSHAPE($,$,(#1053));
#1060=IFCCARTESIANPOINT((14325.6,19507.200000000001,4267.1999999999998));
#1061=IFCDIRECTION((0.,0.,1.));
#1062=IFCDIRECTION((6.123233995736766E-17,1.,0.));
#1063=IFCAXIS2PLACEMENT3D(#1060,#1061,#1062);
#1064=IFCLOCALPLACEMENT($,#1063);
#1065=IFCWALL('2QRPd0jZb4RwRBYuywED$O',$,'L1|TWOBR_A',$,$,#1086,#1076,$,$);
#1066=IFCCARTESIANPOINTLIST2D(((0.,0.),(0.,150.),(10363.200000000001,150.),(10363.200000000001,0.),(0.,0.)));
#1067=IFCINDEXEDPOLYCURVE(#1066,$,.F.);
#1068=IFCDIRECTION((0.,0.,1.));
#1069=IFCARBITRARYCLOSEDPROFILEDEF(.AREA.,$,#1067);
#1070=IFCCARTESIANPOINT((0.,0.,0.));
#1071=IFCDIRECTION((0.,0.,1.));
#1072=IFCDIRECTION((1.,0.,0.));
#1073=IFCAXIS2PLACEMENT3D(#1070,#1071,#1072);
#1074=IFCEXTRUDEDAREASOLID(#1069,#1073,#1068,3200.4000000000001);
#1075=IFCSHAPEREPRESENTATION(#11,'Body','SweptSolid',(#1074));
#1076=IFCPRODUCTDEFINITIONSHAPE($,$,(#1075));
#1082=IFCCARTESIANPOINT((25298.400000000001,19507.200000000001,4267.1999999999998));
#1083=IFCDIRECTION((0.,0.,1.));
#1084=IFCDIRECTION((6.123233995736766E-17,1.,0.));
#1085=IFCAXIS2PLACEMENT3D(#1082,#1083,#1084);
#1086=IFCLOCALPLACEMENT($,#1085);
#1087=IFCWALL('36Ya$LedDCzvov5V5IoKJC',$,'L1|ACCESSIBLE_1BR',$,$,#1108,#1098,$,$);
#1088=IFCCARTESIANPOINTLIST2D(((0.,0.),(0.,150.),(10363.200000000001,150.),(10363.200000000001,0.),(0.,0.)));
#1089=IFCINDEXEDPOLYCURVE(#1088,$,.F.);
#1090=IFCDIRECTION((0.,0.,1.));
#1091=IFCARBITRARYCLOSEDPROFILEDEF(.AREA.,$,#1089);
#1092=IFCCARTESIANPOINT((0.,0.,0.));
#1093=IFCDIRECTION((0.,0.,1.));
#1094=IFCDIRECTION((1.,0.,0.));
#1095=IFCAXIS2PLACEMENT3D(#1092,#1093,#1094);
#1096=IFCEXTRUDEDAREASOLID(#1091,#1095,#1090,3200.4000000000001);
#1097=IFCSHAPEREPRESENTATION(#11,'Body','SweptSolid',(#1096));
#1098=IFCPRODUCTDEFINITIONSHAPE($,$,(#1097));
#1104=IFCCARTESIANPOINT((28956.000000000004,20726.400000000001,4267.1999999999998));
#1105=IFCDIRECTION((0.,0.,1.));
#1106=IFCDIRECTION((1.,0.,0.));
#1107=IFCAXIS2PLACEMENT3D(#1104,#1105,#1106);
#1108=IFCLOCALPLACEMENT($,#1107);
#1109=IFCWALL('34GY4TJen0IOHWSrFp4zZO',$,'L1|ACCESSIBLE_1BR',$,$,#1130,#1120,$,$);
#1110=IFCCARTESIANPOINTLIST2D(((0.,0.),(0.,150.),(10363.200000000001,150.),(10363.200000000001,0.),(0.,0.)));
#1111=IFCINDEXEDPOLYCURVE(#1110,$,.F.);
#1112=IFCDIRECTION((0.,0.,1.));
#1113=IFCARBITRARYCLOSEDPROFILEDEF(.AREA.,$,#1111);
#1114=IFCCARTESIANPOINT((0.,0.,0.));
#1115=IFCDIRECTION((0.,0.,1.));
#1116=IFCDIRECTION((1.,0.,0.));
#1117=IFCAXIS2PLACEMENT3D(#1114,#1115,#1116);
#1118=IFCEXTRUDEDAREASOLID(#1113,#1117,#1112,3200.4000000000001);
#1119=IFCSHAPEREPRESENTATION(#11,'Body','SweptSolid',(#1118));
#1120=IFCPRODUCTDEFINITIONSHAPE($,$,(#1119));
#1126=IFCCARTESIANPOINT((28956.000000000004,29870.399999999998,4267.1999999999998));
#1127=IFCDIRECTION((0.,0.,1.));
#1128=IFCDIRECTION((1.,0.,0.));
#1129=IFCAXIS2PLACEMENT3D(#1126,#1127,#1128);
#1130=IFCLOCALPLACEMENT($,#1129);
#1131=IFCWALL('1ttlsaRqT0Wh5HoEKLYxvU',$,'L1|ACCESSIBLE_1BR',$,$,#1152,#1142,$,$);
#1132=IFCCARTESIANPOINTLIST2D(((0.,0.),(0.,150.),(9144.,150.),(9144.,0.),(0.,0.)));
#1133=IFCINDEXEDPOLYCURVE(#1132,$,.F.);
#1134=IFCDIRECTION((0.,0.,1.));
#1135=IFCARBITRARYCLOSEDPROFILEDEF(.AREA.,$,#1133);
#1136=IFCCARTESIANPOINT((0.,0.,0.));
#1137=IFCDIRECTION((0.,0.,1.));
#1138=IFCDIRECTION((1.,0.,0.));
#1139=IFCAXIS2PLACEMENT3D(#1136,#1137,#1138);
#1140=IFCEXTRUDEDAREASOLID(#1135,#1139,#1134,3200.4000000000001);
#1141=IFCSHAPEREPRESENTATION(#11,'Body','SweptSolid',(#1140));
#1142=IFCPRODUCTDEFINITIONSHAPE($,$,(#1141));
#1148=IFCCARTESIANPOINT((28956.000000000004,20726.400000000001,4267.1999999999998));
#1149=IFCDIRECTION((0.,0.,1.));
#1150=IFCDIRECTION((6.123233995736766E-17,1.,0.));
#1151=IFCAXIS2PLACEMENT3D(#1148,#1149,#1150);
#1152=IFCLOCALPLACEMENT($,#1151);
#1153=IFCWALL('0WYJsAn$574ukNMDNSk5zM',$,'L1|ACCESSIBLE_1BR',$,$,#1174,#1164,$,$);
#1154=IFCCARTESIANPOINTLIST2D(((0.,0.),(0.,150.),(9144.,150.),(9144.,0.),(0.,0.)));
#1155=IFCINDEXEDPOLYCURVE(#1154,$,.F.);
#1156=IFCDIRECTION((0.,0.,1.));
#1157=IFCARBITRARYCLOSEDPROFILEDEF(.AREA.,$,#1155);
#1158=IFCCARTESIANPOINT((0.,0.,0.));
#1159=IFCDIRECTION((0.,0.,1.));
#1160=IFCDIRECTION((1.,0.,0.));
#1161=IFCAXIS2PLACEMENT3D(#1158,#1159,#1160);
#1162=IFCEXTRUDEDAREASOLID(#1157,#1161,#1156,3200.4000000000001);
#1163=IFCSHAPEREPRESENTATION(#11,'Body','SweptSolid',(#1162));
#1164=IFCPRODUCTDEFINITIONSHAPE($,$,(#1163));
#1170=IFCCARTESIANPOINT((39319.200000000004,20726.400000000001,4267.1999999999998));
#1171=IFCDIRECTION((0.,0.,1.));
#1172=IFCDIRECTION((6.123233995736766E-17,1.,0.));
#1173=IFCAXIS2PLACEMENT3D(#1170,#1171,#1172);
#1174=IFCLOCALPLACEMENT($,#1173);
#1175=IFCWALL('2VzsvtinjCCgJpYpxaqitB',$,'L1|TWOBR_A',$,$,#1196,#1186,$,$);
#1176=IFCCARTESIANPOINTLIST2D(((0.,0.),(0.,150.),(10972.800000000001,150.),(10972.800000000001,0.),(0.,0.)));
#1177=IFCINDEXEDPOLYCURVE(#1176,$,.F.);
#1178=IFCDIRECTION((0.,0.,1.));
#1179=IFCARBITRARYCLOSEDPROFILEDEF(.AREA.,$,#1177);
#1180=IFCCARTESIANPOINT((0.,0.,0.));
#1181=IFCDIRECTION((0.,0.,1.));
#1182=IFCDIRECTION((1.,0.,0.));
#1183=IFCAXIS2PLACEMENT3D(#1180,#1181,#1182);
#1184=IFCEXTRUDEDAREASOLID(#1179,#1183,#1178,3200.4000000000001);
#1185=IFCSHAPEREPRESENTATION(#11,'Body','SweptSolid',(#1184));
#1186=IFCPRODUCTDEFINITIONSHAPE($,$,(#1185));
#1192=IFCCARTESIANPOINT((41148.,27432.,4267.1999999999998));
#1193=IFCDIRECTION((0.,0.,1.));
#1194=IFCDIRECTION((1.,0.,0.));
#1195=IFCAXIS2PLACEMENT3D(#1192,#1193,#1194);
#1196=IFCLOCALPLACEMENT($,#1195);
#1197=IFCWALL('0gPJijpfPBKx5OUa7HdSgT',$,'L1|TWOBR_A',$,$,#1218,#1208,$,$);
#1198=IFCCARTESIANPOINTLIST2D(((0.,0.),(0.,150.),(10972.800000000001,150.),(10972.800000000001,0.),(0.,0.)));
#1199=IFCINDEXEDPOLYCURVE(#1198,$,.F.);
#1200=IFCDIRECTION((0.,0.,1.));
#1201=IFCARBITRARYCLOSEDPROFILEDEF(.AREA.,$,#1199);
#1202=IFCCARTESIANPOINT((0.,0.,0.));
#1203=IFCDIRECTION((0.,0.,1.));
#1204=IFCDIRECTION((1.,0.,0.));
#1205=IFCAXIS2PLACEMENT3D(#1202,#1203,#1204);
#1206=IFCEXTRUDEDAREASOLID(#1201,#1205,#1200,3200.4000000000001);
#1207=IFCSHAPEREPRESENTATION(#11,'Body','SweptSolid',(#1206));
#1208=IFCPRODUCTDEFINITIONSHAPE($,$,(#1207));
#1214=IFCCARTESIANPOINT((41148.,37795.199999999997,4267.1999999999998));
#1215=IFCDIRECTION((0.,0.,1.));
#1216=IFCDIRECTION((1.,0.,0.));
#1217=IFCAXIS2PLACEMENT3D(#1214,#1215,#1216);
#1218=IFCLOCALPLACEMENT($,#1217);
#1219=IFCWALL('0JNIeMdrDCbBemJrgw67mI',$,'L1|TWOBR_A',$,$,#1240,#1230,$,$);
#1220=IFCCARTESIANPOINTLIST2D(((0.,0.),(0.,150.),(10363.200000000001,150.),(10363.200000000001,0.),(0.,0.)));
#1221=IFCINDEXEDPOLYCURVE(#1220,$,.F.);
#1222=IFCDIRECTION((0.,0.,1.));
#1223=IFCARBITRARYCLOSEDPROFILEDEF(.AREA.,$,#1221);
#1224=IFCCARTESIANPOINT((0.,0.,0.));
#1225=IFCDIRECTION((0.,0.,1.));
#1226=IFCDIRECTION((1.,0.,0.));
#1227=IFCAXIS2PLACEMENT3D(#1224,#1225,#1226);
#1228=IFCEXTRUDEDAREASOLID(#1223,#1227,#1222,3200.4000000000001);
#1229=IFCSHAPEREPRESENTATION(#11,'Body','SweptSolid',(#1228));
#1230=IFCPRODUCTDEFINITIONSHAPE($,$,(#1229));
#1236=IFCCARTESIANPOINT((41148.,27432.,4267.1999999999998));
#1237=IFCDIRECTION((0.,0.,1.));
#1238=IFCDIRECTION((6.123233995736766E-17,1.,0.));
#1239=IFCAXIS2PLACEMENT3D(#1236,#1237,#1238);
#1240=IFCLOCALPLACEMENT($,#1239);
#1241=IFCWALL('1siB5lTSr4NhF19Vzrvk53',$,'L1|TWOBR_A',$,$,#1262,#1252,$,$);
#1242=IFCCARTESIANPOINTLIST2D(((0.,0.),(0.,150.),(10363.200000000001,150.),(10363.200000000001,0.),(0.,0.)));
#1243=IFCINDEXEDPOLYCURVE(#1242,$,.F.);
#1244=IFCDIRECTION((0.,0.,1.));
#1245=IFCARBITRARYCLOSEDPROFILEDEF(.AREA.,$,#1243);
#1246=IFCCARTESIANPOINT((0.,0.,0.));
#1247=IFCDIRECTION((0.,0.,1.));
#1248=IFCDIRECTION((1.,0.,0.));
#1249=IFCAXIS2PLACEMENT3D(#1246,#1247,#1248);
#1250=IFCEXTRUDEDAREASOLID(#1245,#1249,#1244,3200.4000000000001);
#1251=IFCSHAPEREPRESENTATION(#11,'Body','SweptSolid',(#1250));
#1252=IFCPRODUCTDEFINITIONSHAPE($,$,(#1251));
#1258=IFCCARTESIANPOINT((52120.800000000003,27432.,4267.1999999999998));
#1259=IFCDIRECTION((0.,0.,1.));
#1260=IFCDIRECTION((6.123233995736766E-17,1.,0.));
#1261=IFCAXIS2PLACEMENT3D(#1258,#1259,#1260);
#1262=IFCLOCALPLACEMENT($,#1261);
#1263=IFCWALL('3JDTpp$pb46hzNZYGjlC$J',$,'L1|STUDIO_A',$,$,#1284,#1274,$,$);
#1264=IFCCARTESIANPOINTLIST2D(((0.,0.),(0.,150.),(9753.6000000000004,150.),(9753.6000000000004,0.),(0.,0.)));
#1265=IFCINDEXEDPOLYCURVE(#1264,$,.F.);
#1266=IFCDIRECTION((0.,0.,1.));
#1267=IFCARBITRARYCLOSEDPROFILEDEF(.AREA.,$,#1265);
#1268=IFCCARTESIANPOINT((0.,0.,0.));
#1269=IFCDIRECTION((0.,0.,1.));
#1270=IFCDIRECTION((1.,0.,0.));
#1271=IFCAXIS2PLACEMENT3D(#1268,#1269,#1270);
#1272=IFCEXTRUDEDAREASOLID(#1267,#1271,#1266,3200.4000000000001);
#1273=IFCSHAPEREPRESENTATION(#11,'Body','SweptSolid',(#1272));
#1274=IFCPRODUCTDEFINITIONSHAPE($,$,(#1273));
#1280=IFCCARTESIANPOINT((14325.6,29870.399999999998,4267.1999999999998));
#1281=IFCDIRECTION((0.,0.,1.));
#1282=IFCDIRECTION((1.,0.,0.));
#1283=IFCAXIS2PLACEMENT3D(#1280,#1281,#1282);
#1284=IFCLOCALPLACEMENT($,#1283);
#1285=IFCWALL('148dqyos5F7xs5x1psOb$z',$,'L1|STUDIO_A',$,$,#1306,#1296,$,$);
#1286=IFCCARTESIANPOINTLIST2D(((0.,0.),(0.,150.),(9753.6000000000004,150.),(9753.6000000000004,0.),(0.,0.)));
#1287=IFCINDEXEDPOLYCURVE(#1286,$,.F.);
#1288=IFCDIRECTION((0.,0.,1.));
#1289=IFCARBITRARYCLOSEDPROFILEDEF(.AREA.,$,#1287);
#1290=IFCCARTESIANPOINT((0.,0.,0.));
#1291=IFCDIRECTION((0.,0.,1.));
#1292=IFCDIRECTION((1.,0.,0.));
#1293=IFCAXIS2PLACEMENT3D(#1290,#1291,#1292);
#1294=IFCEXTRUDEDAREASOLID(#1289,#1293,#1288,3200.4000000000001);
#1295=IFCSHAPEREPRESENTATION(#11,'Body','SweptSolid',(#1294));
#1296=IFCPRODUCTDEFINITIONSHAPE($,$,(#1295));
#1302=IFCCARTESIANPOINT((14325.6,37795.199999999997,4267.1999999999998));
#1303=IFCDIRECTION((0.,0.,1.));
#1304=IFCDIRECTION((1.,0.,0.));
#1305=IFCAXIS2PLACEMENT3D(#1302,#1303,#1304);
#1306=IFCLOCALPLACEMENT($,#1305);
#1307=IFCWALL('1VivC13QrCsOoFvU2hPNWI',$,'L1|STUDIO_A',$,$,#1328,#1318,$,$);
#1308=IFCCARTESIANPOINTLIST2D(((0.,0.),(0.,150.),(7924.8000000000002,150.),(7924.8000000000002,0.),(0.,0.)));
#1309=IFCINDEXEDPOLYCURVE(#1308,$,.F.);
#1310=IFCDIRECTION((0.,0.,1.));
#1311=IFCARBITRARYCLOSEDPROFILEDEF(.AREA.,$,#1309);
#1312=IFCCARTESIANPOINT((0.,0.,0.));
#1313=IFCDIRECTION((0.,0.,1.));
#1314=IFCDIRECTION((1.,0.,0.));
#1315=IFCAXIS2PLACEMENT3D(#1312,#1313,#1314);
#1316=IFCEXTRUDEDAREASOLID(#1311,#1315,#1310,3200.4000000000001);
#1317=IFCSHAPEREPRESENTATION(#11,'Body','SweptSolid',(#1316));
#1318=IFCPRODUCTDEFINITIONSHAPE($,$,(#1317));
#1324=IFCCARTESIANPOINT((14325.6,29870.399999999998,4267.1999999999998));
#1325=IFCDIRECTION((0.,0.,1.));
#1326=IFCDIRECTION((6.123233995736766E-17,1.,0.));
#1327=IFCAXIS2PLACEMENT3D(#1324,#1325,#1326);
#1328=IFCLOCALPLACEMENT($,#1327);
#1329=IFCWALL('2E0vM7htb8XAahHzJsesVV',$,'L1|STUDIO_A',$,$,#1350,#1340,$,$);
#1330=IFCCARTESIANPOINTLIST2D(((0.,0.),(0.,150.),(7924.8000000000002,150.),(7924.8000000000002,0.),(0.,0.)));
#1331=IFCINDEXEDPOLYCURVE(#1330,$,.F.);
#1332=IFCDIRECTION((0.,0.,1.));
#1333=IFCARBITRARYCLOSEDPROFILEDEF(.AREA.,$,#1331);
#1334=IFCCARTESIANPOINT((0.,0.,0.));
#1335=IFCDIRECTION((0.,0.,1.));
#1336=IFCDIRECTION((1.,0.,0.));
#1337=IFCAXIS2PLACEMENT3D(#1334,#1335,#1336);
#1338=IFCEXTRUDEDAREASOLID(#1333,#1337,#1332,3200.4000000000001);
#1339=IFCSHAPEREPRESENTATION(#11,'Body','SweptSolid',(#1338));
#1340=IFCPRODUCTDEFINITIONSHAPE($,$,(#1339));
#1346=IFCCARTESIANPOINT((24079.200000000001,29870.399999999998,4267.1999999999998));
#1347=IFCDIRECTION((0.,0.,1.));
#1348=IFCDIRECTION((6.123233995736766E-17,1.,0.));
#1349=IFCAXIS2PLACEMENT3D(#1346,#1347,#1348);
#1350=IFCLOCALPLACEMENT($,#1349);
#1351=IFCWALL('1$SQZUY3f7XhwxrjlRLwDs',$,'L1|ONEBR_A',$,$,#1372,#1362,$,$);
#1352=IFCCARTESIANPOINTLIST2D(((0.,0.),(0.,150.),(10363.200000000001,150.),(10363.200000000001,0.),(0.,0.)));
#1353=IFCINDEXEDPOLYCURVE(#1352,$,.F.);
#1354=IFCDIRECTION((0.,0.,1.));
#1355=IFCARBITRARYCLOSEDPROFILEDEF(.AREA.,$,#1353);
#1356=IFCCARTESIANPOINT((0.,0.,0.));
#1357=IFCDIRECTION((0.,0.,1.));
#1358=IFCDIRECTION((1.,0.,0.));
#1359=IFCAXIS2PLACEMENT3D(#1356,#1357,#1358);
#1360=IFCEXTRUDEDAREASOLID(#1355,#1359,#1354,3200.4000000000001);
#1361=IFCSHAPEREPRESENTATION(#11,'Body','SweptSolid',(#1360));
#1362=IFCPRODUCTDEFINITIONSHAPE($,$,(#1361));
#1368=IFCCARTESIANPOINT((28956.000000000004,29870.399999999998,4267.1999999999998));
#1369=IFCDIRECTION((0.,0.,1.));
#1370=IFCDIRECTION((1.,0.,0.));
#1371=IFCAXIS2PLACEMENT3D(#1368,#1369,#1370);
#1372=IFCLOCALPLACEMENT($,#1371);
#1373=IFCWALL('2UI6lS7Ab4qB5Zf4r0bPhC',$,'L1|ONEBR_A',$,$,#1394,#1384,$,$);
#1374=IFCCARTESIANPOINTLIST2D(((0.,0.),(0.,150.),(10363.200000000001,150.),(10363.200000000001,0.),(0.,0.)));
#1375=IFCINDEXEDPOLYCURVE(#1374,$,.F.);
#1376=IFCDIRECTION((0.,0.,1.));
#1377=IFCARBITRARYCLOSEDPROFILEDEF(.AREA.,$,#1375);
#1378=IFCCARTESIANPOINT((0.,0.,0.));
#1379=IFCDIRECTION((0.,0.,1.));
#1380=IFCDIRECTION((1.,0.,0.));
#1381=IFCAXIS2PLACEMENT3D(#1378,#1379,#1380);
#1382=IFCEXTRUDEDAREASOLID(#1377,#1381,#1376,3200.4000000000001);
#1383=IFCSHAPEREPRESENTATION(#11,'Body','SweptSolid',(#1382));
#1384=IFCPRODUCTDEFINITIONSHAPE($,$,(#1383));
#1390=IFCCARTESIANPOINT((28956.000000000004,39014.400000000001,4267.1999999999998));
#1391=IFCDIRECTION((0.,0.,1.));
#1392=IFCDIRECTION((1.,0.,0.));
#1393=IFCAXIS2PLACEMENT3D(#1390,#1391,#1392);
#1394=IFCLOCALPLACEMENT($,#1393);
#1395=IFCWALL('3ydKrdNYr61xy09pSiuHnH',$,'L1|ONEBR_A',$,$,#1416,#1406,$,$);
#1396=IFCCARTESIANPOINTLIST2D(((0.,0.),(0.,150.),(9144.,150.),(9144.,0.),(0.,0.)));
#1397=IFCINDEXEDPOLYCURVE(#1396,$,.F.);
#1398=IFCDIRECTION((0.,0.,1.));
#1399=IFCARBITRARYCLOSEDPROFILEDEF(.AREA.,$,#1397);
#1400=IFCCARTESIANPOINT((0.,0.,0.));
#1401=IFCDIRECTION((0.,0.,1.));
#1402=IFCDIRECTION((1.,0.,0.));
#1403=IFCAXIS2PLACEMENT3D(#1400,#1401,#1402);
#1404=IFCEXTRUDEDAREASOLID(#1399,#1403,#1398,3200.4000000000001);
#1405=IFCSHAPEREPRESENTATION(#11,'Body','SweptSolid',(#1404));
#1406=IFCPRODUCTDEFINITIONSHAPE($,$,(#1405));
#1412=IFCCARTESIANPOINT((28956.000000000004,29870.399999999998,4267.1999999999998));
#1413=IFCDIRECTION((0.,0.,1.));
#1414=IFCDIRECTION((6.123233995736766E-17,1.,0.));
#1415=IFCAXIS2PLACEMENT3D(#1412,#1413,#1414);
#1416=IFCLOCALPLACEMENT($,#1415);
#1417=IFCWALL('0SJnClXnbB4xtEIHr2Iro$',$,'L1|ONEBR_A',$,$,#1438,#1428,$,$);
#1418=IFCCARTESIANPOINTLIST2D(((0.,0.),(0.,150.),(9144.,150.),(9144.,0.),(0.,0.)));
#1419=IFCINDEXEDPOLYCURVE(#1418,$,.F.);
#1420=IFCDIRECTION((0.,0.,1.));
#1421=IFCARBITRARYCLOSEDPROFILEDEF(.AREA.,$,#1419);
#1422=IFCCARTESIANPOINT((0.,0.,0.));
#1423=IFCDIRECTION((0.,0.,1.));
#1424=IFCDIRECTION((1.,0.,0.));
#1425=IFCAXIS2PLACEMENT3D(#1422,#1423,#1424);
#1426=IFCEXTRUDEDAREASOLID(#1421,#1425,#1420,3200.4000000000001);
#1427=IFCSHAPEREPRESENTATION(#11,'Body','SweptSolid',(#1426));
#1428=IFCPRODUCTDEFINITIONSHAPE($,$,(#1427));
#1434=IFCCARTESIANPOINT((39319.200000000004,29870.399999999998,4267.1999999999998));
#1435=IFCDIRECTION((0.,0.,1.));
#1436=IFCDIRECTION((6.123233995736766E-17,1.,0.));
#1437=IFCAXIS2PLACEMENT3D(#1434,#1435,#1436);
#1438=IFCLOCALPLACEMENT($,#1437);
#1439=IFCWALL('2goykFsiD8DufdkCm3zNZD',$,'L1|ONEBR_A',$,$,#1460,#1450,$,$);
#1440=IFCCARTESIANPOINTLIST2D(((0.,0.),(0.,150.),(10363.200000000001,150.),(10363.200000000001,0.),(0.,0.)));
#1441=IFCINDEXEDPOLYCURVE(#1440,$,.F.);
#1442=IFCDIRECTION((0.,0.,1.));
#1443=IFCARBITRARYCLOSEDPROFILEDEF(.AREA.,$,#1441);
#1444=IFCCARTESIANPOINT((0.,0.,0.));
#1445=IFCDIRECTION((0.,0.,1.));
#1446=IFCDIRECTION((1.,0.,0.));
#1447=IFCAXIS2PLACEMENT3D(#1444,#1445,#1446);
#1448=IFCEXTRUDEDAREASOLID(#1443,#1447,#1442,3200.4000000000001);
#1449=IFCSHAPEREPRESENTATION(#11,'Body','SweptSolid',(#1448));
#1450=IFCPRODUCTDEFINITIONSHAPE($,$,(#1449));
#1456=IFCCARTESIANPOINT((14325.6,37795.199999999997,4267.1999999999998));
#1457=IFCDIRECTION((0.,0.,1.));
#1458=IFCDIRECTION((1.,0.,0.));
#1459=IFCAXIS2PLACEMENT3D(#1456,#1457,#1458);
#1460=IFCLOCALPLACEMENT($,#1459);
#1461=IFCWALL('20j$qPP298xuVfr5UsN6rM',$,'L1|ONEBR_A',$,$,#1482,#1472,$,$);
#1462=IFCCARTESIANPOINTLIST2D(((0.,0.),(0.,150.),(10363.200000000001,150.),(10363.200000000001,0.),(0.,0.)));
#1463=IFCINDEXEDPOLYCURVE(#1462,$,.F.);
#1464=IFCDIRECTION((0.,0.,1.));
#1465=IFCARBITRARYCLOSEDPROFILEDEF(.AREA.,$,#1463);
#1466=IFCCARTESIANPOINT((0.,0.,0.));
#1467=IFCDIRECTION((0.,0.,1.));
#1468=IFCDIRECTION((1.,0.,0.));
#1469=IFCAXIS2PLACEMENT3D(#1466,#1467,#1468);
#1470=IFCEXTRUDEDAREASOLID(#1465,#1469,#1464,3200.4000000000001);
#1471=IFCSHAPEREPRESENTATION(#11,'Body','SweptSolid',(#1470));
#1472=IFCPRODUCTDEFINITIONSHAPE($,$,(#1471));
#1478=IFCCARTESIANPOINT((14325.6,46939.199999999997,4267.1999999999998));
#1479=IFCDIRECTION((0.,0.,1.));
#1480=IFCDIRECTION((1.,0.,0.));
#1481=IFCAXIS2PLACEMENT3D(#1478,#1479,#1480);
#1482=IFCLOCALPLACEMENT($,#1481);
#1483=IFCWALL('2LOCZ2AX5B2x8PqdoxLmJx',$,'L1|ONEBR_A',$,$,#1504,#1494,$,$);
#1484=IFCCARTESIANPOINTLIST2D(((0.,0.),(0.,150.),(9144.,150.),(9144.,0.),(0.,0.)));
#1485=IFCINDEXEDPOLYCURVE(#1484,$,.F.);
#1486=IFCDIRECTION((0.,0.,1.));
#1487=IFCARBITRARYCLOSEDPROFILEDEF(.AREA.,$,#1485);
#1488=IFCCARTESIANPOINT((0.,0.,0.));
#1489=IFCDIRECTION((0.,0.,1.));
#1490=IFCDIRECTION((1.,0.,0.));
#1491=IFCAXIS2PLACEMENT3D(#1488,#1489,#1490);
#1492=IFCEXTRUDEDAREASOLID(#1487,#1491,#1486,3200.4000000000001);
#1493=IFCSHAPEREPRESENTATION(#11,'Body','SweptSolid',(#1492));
#1494=IFCPRODUCTDEFINITIONSHAPE($,$,(#1493));
#1500=IFCCARTESIANPOINT((14325.6,37795.199999999997,4267.1999999999998));
#1501=IFCDIRECTION((0.,0.,1.));
#1502=IFCDIRECTION((6.123233995736766E-17,1.,0.));
#1503=IFCAXIS2PLACEMENT3D(#1500,#1501,#1502);
#1504=IFCLOCALPLACEMENT($,#1503);
#1505=IFCWALL('3oDv_gyPrESRe$4vWUhI_t',$,'L1|ONEBR_A',$,$,#1526,#1516,$,$);
#1506=IFCCARTESIANPOINTLIST2D(((0.,0.),(0.,150.),(9144.,150.),(9144.,0.),(0.,0.)));
#1507=IFCINDEXEDPOLYCURVE(#1506,$,.F.);
#1508=IFCDIRECTION((0.,0.,1.));
#1509=IFCARBITRARYCLOSEDPROFILEDEF(.AREA.,$,#1507);
#1510=IFCCARTESIANPOINT((0.,0.,0.));
#1511=IFCDIRECTION((0.,0.,1.));
#1512=IFCDIRECTION((1.,0.,0.));
#1513=IFCAXIS2PLACEMENT3D(#1510,#1511,#1512);
#1514=IFCEXTRUDEDAREASOLID(#1509,#1513,#1508,3200.4000000000001);
#1515=IFCSHAPEREPRESENTATION(#11,'Body','SweptSolid',(#1514));
#1516=IFCPRODUCTDEFINITIONSHAPE($,$,(#1515));
#1522=IFCCARTESIANPOINT((24688.799999999999,37795.199999999997,4267.1999999999998));
#1523=IFCDIRECTION((0.,0.,1.));
#1524=IFCDIRECTION((6.123233995736766E-17,1.,0.));
#1525=IFCAXIS2PLACEMENT3D(#1522,#1523,#1524);
#1526=IFCLOCALPLACEMENT($,#1525);
#1527=IFCWALL('3uLJv6gbL2$PsIghYmNDnU',$,'L1|TWOBR_A',$,$,#1548,#1538,$,$);
#1528=IFCCARTESIANPOINTLIST2D(((0.,0.),(0.,150.),(10972.800000000001,150.),(10972.800000000001,0.),(0.,0.)));
#1529=IFCINDEXEDPOLYCURVE(#1528,$,.F.);
#1530=IFCDIRECTION((0.,0.,1.));
#1531=IFCARBITRARYCLOSEDPROFILEDEF(.AREA.,$,#1529);
#1532=IFCCARTESIANPOINT((0.,0.,0.));
#1533=IFCDIRECTION((0.,0.,1.));
#1534=IFCDIRECTION((1.,0.,0.));
#1535=IFCAXIS2PLACEMENT3D(#1532,#1533,#1534);
#1536=IFCEXTRUDEDAREASOLID(#1531,#1535,#1530,3200.4000000000001);
#1537=IFCSHAPEREPRESENTATION(#11,'Body','SweptSolid',(#1536));
#1538=IFCPRODUCTDEFINITIONSHAPE($,$,(#1537));
#1544=IFCCARTESIANPOINT((41148.,37795.199999999997,4267.1999999999998));
#1545=IFCDIRECTION((0.,0.,1.));
#1546=IFCDIRECTION((1.,0.,0.));
#1547=IFCAXIS2PLACEMENT3D(#1544,#1545,#1546);
#1548=IFCLOCALPLACEMENT($,#1547);
#1549=IFCWALL('39teE5$AH6e8l96eBkkrpx',$,'L1|TWOBR_A',$,$,#1570,#1560,$,$);
#1550=IFCCARTESIANPOINTLIST2D(((0.,0.),(0.,150.),(10972.800000000001,150.),(10972.800000000001,0.),(0.,0.)));
#1551=IFCINDEXEDPOLYCURVE(#1550,$,.F.);
#1552=IFCDIRECTION((0.,0.,1.));
#1553=IFCARBITRARYCLOSEDPROFILEDEF(.AREA.,$,#1551);
#1554=IFCCARTESIANPOINT((0.,0.,0.));
#1555=IFCDIRECTION((0.,0.,1.));
#1556=IFCDIRECTION((1.,0.,0.));
#1557=IFCAXIS2PLACEMENT3D(#1554,#1555,#1556);
#1558=IFCEXTRUDEDAREASOLID(#1553,#1557,#1552,3200.4000000000001);
#1559=IFCSHAPEREPRESENTATION(#11,'Body','SweptSolid',(#1558));
#1560=IFCPRODUCTDEFINITIONSHAPE($,$,(#1559));
#1566=IFCCARTESIANPOINT((41148.,48158.400000000001,4267.1999999999998));
#1567=IFCDIRECTION((0.,0.,1.));
#1568=IFCDIRECTION((1.,0.,0.));
#1569=IFCAXIS2PLACEMENT3D(#1566,#1567,#1568);
#1570=IFCLOCALPLACEMENT($,#1569);
#1571=IFCWALL('34j4JnWhf8XvEh4UvJ9$Nb',$,'L1|TWOBR_A',$,$,#1592,#1582,$,$);
#1572=IFCCARTESIANPOINTLIST2D(((0.,0.),(0.,150.),(10363.200000000001,150.),(10363.200000000001,0.),(0.,0.)));
#1573=IFCINDEXEDPOLYCURVE(#1572,$,.F.);
#1574=IFCDIRECTION((0.,0.,1.));
#1575=IFCARBITRARYCLOSEDPROFILEDEF(.AREA.,$,#1573);
#1576=IFCCARTESIANPOINT((0.,0.,0.));
#1577=IFCDIRECTION((0.,0.,1.));
#1578=IFCDIRECTION((1.,0.,0.));
#1579=IFCAXIS2PLACEMENT3D(#1576,#1577,#1578);
#1580=IFCEXTRUDEDAREASOLID(#1575,#1579,#1574,3200.4000000000001);
#1581=IFCSHAPEREPRESENTATION(#11,'Body','SweptSolid',(#1580));
#1582=IFCPRODUCTDEFINITIONSHAPE($,$,(#1581));
#1588=IFCCARTESIANPOINT((41148.,37795.199999999997,4267.1999999999998));
#1589=IFCDIRECTION((0.,0.,1.));
#1590=IFCDIRECTION((6.123233995736766E-17,1.,0.));
#1591=IFCAXIS2PLACEMENT3D(#1588,#1589,#1590);
#1592=IFCLOCALPLACEMENT($,#1591);
#1593=IFCWALL('00CHsOJJHBU8cQO68lZsiM',$,'L1|TWOBR_A',$,$,#1614,#1604,$,$);
#1594=IFCCARTESIANPOINTLIST2D(((0.,0.),(0.,150.),(10363.200000000001,150.),(10363.200000000001,0.),(0.,0.)));
#1595=IFCINDEXEDPOLYCURVE(#1594,$,.F.);
#1596=IFCDIRECTION((0.,0.,1.));
#1597=IFCARBITRARYCLOSEDPROFILEDEF(.AREA.,$,#1595);
#1598=IFCCARTESIANPOINT((0.,0.,0.));
#1599=IFCDIRECTION((0.,0.,1.));
#1600=IFCDIRECTION((1.,0.,0.));
#1601=IFCAXIS2PLACEMENT3D(#1598,#1599,#1600);
#1602=IFCEXTRUDEDAREASOLID(#1597,#1601,#1596,3200.4000000000001);
#1603=IFCSHAPEREPRESENTATION(#11,'Body','SweptSolid',(#1602));
#1604=IFCPRODUCTDEFINITIONSHAPE($,$,(#1603));
#1610=IFCCARTESIANPOINT((52120.800000000003,37795.199999999997,4267.1999999999998));
#1611=IFCDIRECTION((0.,0.,1.));
#1612=IFCDIRECTION((6.123233995736766E-17,1.,0.));
#1613=IFCAXIS2PLACEMENT3D(#1610,#1611,#1612);
#1614=IFCLOCALPLACEMENT($,#1613);
#1615=IFCWALL('0iGlL38KLCl9h5GZVUFIzz',$,'L1|ONEBR_A',$,$,#1636,#1626,$,$);
#1616=IFCCARTESIANPOINTLIST2D(((0.,0.),(0.,150.),(10363.200000000001,150.),(10363.200000000001,0.),(0.,0.)));
#1617=IFCINDEXEDPOLYCURVE(#1616,$,.F.);
#1618=IFCDIRECTION((0.,0.,1.));
#1619=IFCARBITRARYCLOSEDPROFILEDEF(.AREA.,$,#1617);
#1620=IFCCARTESIANPOINT((0.,0.,0.));
#1621=IFCDIRECTION((0.,0.,1.));
#1622=IFCDIRECTION((1.,0.,0.));
#1623=IFCAXIS2PLACEMENT3D(#1620,#1621,#1622);
#1624=IFCEXTRUDEDAREASOLID(#1619,#1623,#1618,3200.4000000000001);
#1625=IFCSHAPEREPRESENTATION(#11,'Body','SweptSolid',(#1624));
#1626=IFCPRODUCTDEFINITIONSHAPE($,$,(#1625));
#1632=IFCCARTESIANPOINT((28956.000000000004,39014.400000000001,4267.1999999999998));
#1633=IFCDIRECTION((0.,0.,1.));
#1634=IFCDIRECTION((1.,0.,0.));
#1635=IFCAXIS2PLACEMENT3D(#1632,#1633,#1634);
#1636=IFCLOCALPLACEMENT($,#1635);
#1637=IFCWALL('00lsR1YEvEDeOcNKQMmhWi',$,'L1|ONEBR_A',$,$,#1658,#1648,$,$);
#1638=IFCCARTESIANPOINTLIST2D(((0.,0.),(0.,150.),(10363.200000000001,150.),(10363.200000000001,0.),(0.,0.)));
#1639=IFCINDEXEDPOLYCURVE(#1638,$,.F.);
#1640=IFCDIRECTION((0.,0.,1.));
#1641=IFCARBITRARYCLOSEDPROFILEDEF(.AREA.,$,#1639);
#1642=IFCCARTESIANPOINT((0.,0.,0.));
#1643=IFCDIRECTION((0.,0.,1.));
#1644=IFCDIRECTION((1.,0.,0.));
#1645=IFCAXIS2PLACEMENT3D(#1642,#1643,#1644);
#1646=IFCEXTRUDEDAREASOLID(#1641,#1645,#1640,3200.4000000000001);
#1647=IFCSHAPEREPRESENTATION(#11,'Body','SweptSolid',(#1646));
#1648=IFCPRODUCTDEFINITIONSHAPE($,$,(#1647));
#1654=IFCCARTESIANPOINT((28956.000000000004,48158.400000000001,4267.1999999999998));
#1655=IFCDIRECTION((0.,0.,1.));
#1656=IFCDIRECTION((1.,0.,0.));
#1657=IFCAXIS2PLACEMENT3D(#1654,#1655,#1656);
#1658=IFCLOCALPLACEMENT($,#1657);
#1659=IFCWALL('213eCAYZ9B0wsmoFvxdVqS',$,'L1|ONEBR_A',$,$,#1680,#1670,$,$);
#1660=IFCCARTESIANPOINTLIST2D(((0.,0.),(0.,150.),(9144.,150.),(9144.,0.),(0.,0.)));
#1661=IFCINDEXEDPOLYCURVE(#1660,$,.F.);
#1662=IFCDIRECTION((0.,0.,1.));
#1663=IFCARBITRARYCLOSEDPROFILEDEF(.AREA.,$,#1661);
#1664=IFCCARTESIANPOINT((0.,0.,0.));
#1665=IFCDIRECTION((0.,0.,1.));
#1666=IFCDIRECTION((1.,0.,0.));
#1667=IFCAXIS2PLACEMENT3D(#1664,#1665,#1666);
#1668=IFCEXTRUDEDAREASOLID(#1663,#1667,#1662,3200.4000000000001);
#1669=IFCSHAPEREPRESENTATION(#11,'Body','SweptSolid',(#1668));
#1670=IFCPRODUCTDEFINITIONSHAPE($,$,(#1669));
#1676=IFCCARTESIANPOINT((28956.000000000004,39014.400000000001,4267.1999999999998));
#1677=IFCDIRECTION((0.,0.,1.));
#1678=IFCDIRECTION((6.123233995736766E-17,1.,0.));
#1679=IFCAXIS2PLACEMENT3D(#1676,#1677,#1678);
#1680=IFCLOCALPLACEMENT($,#1679);
#1681=IFCWALL('034cpSp_LBsOeicwRGq97q',$,'L1|ONEBR_A',$,$,#1702,#1692,$,$);
#1682=IFCCARTESIANPOINTLIST2D(((0.,0.),(0.,150.),(9144.,150.),(9144.,0.),(0.,0.)));
#1683=IFCINDEXEDPOLYCURVE(#1682,$,.F.);
#1684=IFCDIRECTION((0.,0.,1.));
#1685=IFCARBITRARYCLOSEDPROFILEDEF(.AREA.,$,#1683);
#1686=IFCCARTESIANPOINT((0.,0.,0.));
#1687=IFCDIRECTION((0.,0.,1.));
#1688=IFCDIRECTION((1.,0.,0.));
#1689=IFCAXIS2PLACEMENT3D(#1686,#1687,#1688);
#1690=IFCEXTRUDEDAREASOLID(#1685,#1689,#1684,3200.4000000000001);
#1691=IFCSHAPEREPRESENTATION(#11,'Body','SweptSolid',(#1690));
#1692=IFCPRODUCTDEFINITIONSHAPE($,$,(#1691));
#1698=IFCCARTESIANPOINT((39319.200000000004,39014.400000000001,4267.1999999999998));
#1699=IFCDIRECTION((0.,0.,1.));
#1700=IFCDIRECTION((6.123233995736766E-17,1.,0.));
#1701=IFCAXIS2PLACEMENT3D(#1698,#1699,#1700);
#1702=IFCLOCALPLACEMENT($,#1701);
#1703=IFCWALL('0lF6S8ZpzCsOhKqyF02VkK',$,'L1|STUDIO_A',$,$,#1724,#1714,$,$);
#1704=IFCCARTESIANPOINTLIST2D(((0.,0.),(0.,150.),(9753.6000000000004,150.),(9753.6000000000004,0.),(0.,0.)));
#1705=IFCINDEXEDPOLYCURVE(#1704,$,.F.);
#1706=IFCDIRECTION((0.,0.,1.));
#1707=IFCARBITRARYCLOSEDPROFILEDEF(.AREA.,$,#1705);
#1708=IFCCARTESIANPOINT((0.,0.,0.));
#1709=IFCDIRECTION((0.,0.,1.));
#1710=IFCDIRECTION((1.,0.,0.));
#1711=IFCAXIS2PLACEMENT3D(#1708,#1709,#1710);
#1712=IFCEXTRUDEDAREASOLID(#1707,#1711,#1706,3200.4000000000001);
#1713=IFCSHAPEREPRESENTATION(#11,'Body','SweptSolid',(#1712));
#1714=IFCPRODUCTDEFINITIONSHAPE($,$,(#1713));
#1720=IFCCARTESIANPOINT((2743.2000000000003,44653.200000000004,4267.1999999999998));
#1721=IFCDIRECTION((0.,0.,1.));
#1722=IFCDIRECTION((1.,0.,0.));
#1723=IFCAXIS2PLACEMENT3D(#1720,#1721,#1722);
#1724=IFCLOCALPLACEMENT($,#1723);
#1725=IFCWALL('0ChPJ_O9nEKg4kHsVF7gkl',$,'L1|STUDIO_A',$,$,#1746,#1736,$,$);
#1726=IFCCARTESIANPOINTLIST2D(((0.,0.),(0.,150.),(9753.6000000000004,150.),(9753.6000000000004,0.),(0.,0.)));
#1727=IFCINDEXEDPOLYCURVE(#1726,$,.F.);
#1728=IFCDIRECTION((0.,0.,1.));
#1729=IFCARBITRARYCLOSEDPROFILEDEF(.AREA.,$,#1727);
#1730=IFCCARTESIANPOINT((0.,0.,0.));
#1731=IFCDIRECTION((0.,0.,1.));
#1732=IFCDIRECTION((1.,0.,0.));
#1733=IFCAXIS2PLACEMENT3D(#1730,#1731,#1732);
#1734=IFCEXTRUDEDAREASOLID(#1729,#1733,#1728,3200.4000000000001);
#1735=IFCSHAPEREPRESENTATION(#11,'Body','SweptSolid',(#1734));
#1736=IFCPRODUCTDEFINITIONSHAPE($,$,(#1735));
#1742=IFCCARTESIANPOINT((2743.2000000000003,52578.,4267.1999999999998));
#1743=IFCDIRECTION((0.,0.,1.));
#1744=IFCDIRECTION((1.,0.,0.));
#1745=IFCAXIS2PLACEMENT3D(#1742,#1743,#1744);
#1746=IFCLOCALPLACEMENT($,#1745);
#1747=IFCWALL('1CCfEypyr5KhkVNWtHvhXz',$,'L1|STUDIO_A',$,$,#1768,#1758,$,$);
#1748=IFCCARTESIANPOINTLIST2D(((0.,0.),(0.,150.),(7924.8000000000002,150.),(7924.8000000000002,0.),(0.,0.)));
#1749=IFCINDEXEDPOLYCURVE(#1748,$,.F.);
#1750=IFCDIRECTION((0.,0.,1.));
#1751=IFCARBITRARYCLOSEDPROFILEDEF(.AREA.,$,#1749);
#1752=IFCCARTESIANPOINT((0.,0.,0.));
#1753=IFCDIRECTION((0.,0.,1.));
#1754=IFCDIRECTION((1.,0.,0.));
#1755=IFCAXIS2PLACEMENT3D(#1752,#1753,#1754);
#1756=IFCEXTRUDEDAREASOLID(#1751,#1755,#1750,3200.4000000000001);
#1757=IFCSHAPEREPRESENTATION(#11,'Body','SweptSolid',(#1756));
#1758=IFCPRODUCTDEFINITIONSHAPE($,$,(#1757));
#1764=IFCCARTESIANPOINT((2743.2000000000003,44653.200000000004,4267.1999999999998));
#1765=IFCDIRECTION((0.,0.,1.));
#1766=IFCDIRECTION((6.123233995736766E-17,1.,0.));
#1767=IFCAXIS2PLACEMENT3D(#1764,#1765,#1766);
#1768=IFCLOCALPLACEMENT($,#1767);
#1769=IFCWALL('2ieQavZhr1eBfkJfcrluXi',$,'L1|STUDIO_A',$,$,#1790,#1780,$,$);
#1770=IFCCARTESIANPOINTLIST2D(((0.,0.),(0.,150.),(7924.8000000000002,150.),(7924.8000000000002,0.),(0.,0.)));
#1771=IFCINDEXEDPOLYCURVE(#1770,$,.F.);
#1772=IFCDIRECTION((0.,0.,1.));
#1773=IFCARBITRARYCLOSEDPROFILEDEF(.AREA.,$,#1771);
#1774=IFCCARTESIANPOINT((0.,0.,0.));
#1775=IFCDIRECTION((0.,0.,1.));
#1776=IFCDIRECTION((1.,0.,0.));
#1777=IFCAXIS2PLACEMENT3D(#1774,#1775,#1776);
#1778=IFCEXTRUDEDAREASOLID(#1773,#1777,#1772,3200.4000000000001);
#1779=IFCSHAPEREPRESENTATION(#11,'Body','SweptSolid',(#1778));
#1780=IFCPRODUCTDEFINITIONSHAPE($,$,(#1779));
#1786=IFCCARTESIANPOINT((12496.799999999999,44653.200000000004,4267.1999999999998));
#1787=IFCDIRECTION((0.,0.,1.));
#1788=IFCDIRECTION((6.123233995736766E-17,1.,0.));
#1789=IFCAXIS2PLACEMENT3D(#1786,#1787,#1788);
#1790=IFCLOCALPLACEMENT($,#1789);
#1791=IFCWALL('0HZumfQZDFOxh0vk9MH9qL',$,'L1|TWOBR_A',$,$,#1812,#1802,$,$);
#1792=IFCCARTESIANPOINTLIST2D(((0.,0.),(0.,150.),(10972.800000000001,150.),(10972.800000000001,0.),(0.,0.)));
#1793=IFCINDEXEDPOLYCURVE(#1792,$,.F.);
#1794=IFCDIRECTION((0.,0.,1.));
#1795=IFCARBITRARYCLOSEDPROFILEDEF(.AREA.,$,#1793);
#1796=IFCCARTESIANPOINT((0.,0.,0.));
#1797=IFCDIRECTION((0.,0.,1.));
#1798=IFCDIRECTION((1.,0.,0.));
#1799=IFCAXIS2PLACEMENT3D(#1796,#1797,#1798);
#1800=IFCEXTRUDEDAREASOLID(#1795,#1799,#1794,3200.4000000000001);
#1801=IFCSHAPEREPRESENTATION(#11,'Body','SweptSolid',(#1800));
#1802=IFCPRODUCTDEFINITIONSHAPE($,$,(#1801));
#1808=IFCCARTESIANPOINT((14325.6,46939.199999999997,4267.1999999999998));
#1809=IFCDIRECTION((0.,0.,1.));
#1810=IFCDIRECTION((1.,0.,0.));
#1811=IFCAXIS2PLACEMENT3D(#1808,#1809,#1810);
#1812=IFCLOCALPLACEMENT($,#1811);
#1813=IFCWALL('0XidPfwnH67e4ar7FfOd2v',$,'L1|TWOBR_A',$,$,#1834,#1824,$,$);
#1814=IFCCARTESIANPOINTLIST2D(((0.,0.),(0.,150.),(10972.800000000001,150.),(10972.800000000001,0.),(0.,0.)));
#1815=IFCINDEXEDPOLYCURVE(#1814,$,.F.);
#1816=IFCDIRECTION((0.,0.,1.));
#1817=IFCARBITRARYCLOSEDPROFILEDEF(.AREA.,$,#1815);
#1818=IFCCARTESIANPOINT((0.,0.,0.));
#1819=IFCDIRECTION((0.,0.,1.));
#1820=IFCDIRECTION((1.,0.,0.));
#1821=IFCAXIS2PLACEMENT3D(#1818,#1819,#1820);
#1822=IFCEXTRUDEDAREASOLID(#1817,#1821,#1816,3200.4000000000001);
#1823=IFCSHAPEREPRESENTATION(#11,'Body','SweptSolid',(#1822));
#1824=IFCPRODUCTDEFINITIONSHAPE($,$,(#1823));
#1830=IFCCARTESIANPOINT((14325.6,57302.400000000001,4267.1999999999998));
#1831=IFCDIRECTION((0.,0.,1.));
#1832=IFCDIRECTION((1.,0.,0.));
#1833=IFCAXIS2PLACEMENT3D(#1830,#1831,#1832);
#1834=IFCLOCALPLACEMENT($,#1833);
#1835=IFCWALL('3NT1ZUMhj0ofASUQSRNIoJ',$,'L1|TWOBR_A',$,$,#1856,#1846,$,$);
#1836=IFCCARTESIANPOINTLIST2D(((0.,0.),(0.,150.),(10363.200000000001,150.),(10363.200000000001,0.),(0.,0.)));
#1837=IFCINDEXEDPOLYCURVE(#1836,$,.F.);
#1838=IFCDIRECTION((0.,0.,1.));
#1839=IFCARBITRARYCLOSEDPROFILEDEF(.AREA.,$,#1837);
#1840=IFCCARTESIANPOINT((0.,0.,0.));
#1841=IFCDIRECTION((0.,0.,1.));
#1842=IFCDIRECTION((1.,0.,0.));
#1843=IFCAXIS2PLACEMENT3D(#1840,#1841,#1842);
#1844=IFCEXTRUDEDAREASOLID(#1839,#1843,#1838,3200.4000000000001);
#1845=IFCSHAPEREPRESENTATION(#11,'Body','SweptSolid',(#1844));
#1846=IFCPRODUCTDEFINITIONSHAPE($,$,(#1845));
#1852=IFCCARTESIANPOINT((14325.6,46939.199999999997,4267.1999999999998));
#1853=IFCDIRECTION((0.,0.,1.));
#1854=IFCDIRECTION((6.123233995736766E-17,1.,0.));
#1855=IFCAXIS2PLACEMENT3D(#1852,#1853,#1854);
#1856=IFCLOCALPLACEMENT($,#1855);
#1857=IFCWALL('2QWlaJLMPDc97bCWqJZZ3q',$,'L1|TWOBR_A',$,$,#1878,#1868,$,$);
#1858=IFCCARTESIANPOINTLIST2D(((0.,0.),(0.,150.),(10363.200000000001,150.),(10363.200000000001,0.),(0.,0.)));
#1859=IFCINDEXEDPOLYCURVE(#1858,$,.F.);
#1860=IFCDIRECTION((0.,0.,1.));
#1861=IFCARBITRARYCLOSEDPROFILEDEF(.AREA.,$,#1859);
#1862=IFCCARTESIANPOINT((0.,0.,0.));
#1863=IFCDIRECTION((0.,0.,1.));
#1864=IFCDIRECTION((1.,0.,0.));
#1865=IFCAXIS2PLACEMENT3D(#1862,#1863,#1864);
#1866=IFCEXTRUDEDAREASOLID(#1861,#1865,#1860,3200.4000000000001);
#1867=IFCSHAPEREPRESENTATION(#11,'Body','SweptSolid',(#1866));
#1868=IFCPRODUCTDEFINITIONSHAPE($,$,(#1867));
#1874=IFCCARTESIANPOINT((25298.400000000001,46939.199999999997,4267.1999999999998));
#1875=IFCDIRECTION((0.,0.,1.));
#1876=IFCDIRECTION((6.123233995736766E-17,1.,0.));
#1877=IFCAXIS2PLACEMENT3D(#1874,#1875,#1876);
#1878=IFCLOCALPLACEMENT($,#1877);
#1879=IFCWALL('2z6slBtILD8P6MteQXuKgA',$,'L1|ONEBR_A',$,$,#1900,#1890,$,$);
#1880=IFCCARTESIANPOINTLIST2D(((0.,0.),(0.,150.),(10363.200000000001,150.),(10363.200000000001,0.),(0.,0.)));
#1881=IFCINDEXEDPOLYCURVE(#1880,$,.F.);
#1882=IFCDIRECTION((0.,0.,1.));
#1883=IFCARBITRARYCLOSEDPROFILEDEF(.AREA.,$,#1881);
#1884=IFCCARTESIANPOINT((0.,0.,0.));
#1885=IFCDIRECTION((0.,0.,1.));
#1886=IFCDIRECTION((1.,0.,0.));
#1887=IFCAXIS2PLACEMENT3D(#1884,#1885,#1886);
#1888=IFCEXTRUDEDAREASOLID(#1883,#1887,#1882,3200.4000000000001);
#1889=IFCSHAPEREPRESENTATION(#11,'Body','SweptSolid',(#1888));
#1890=IFCPRODUCTDEFINITIONSHAPE($,$,(#1889));
#1896=IFCCARTESIANPOINT((28956.000000000004,48158.400000000001,4267.1999999999998));
#1897=IFCDIRECTION((0.,0.,1.));
#1898=IFCDIRECTION((1.,0.,0.));
#1899=IFCAXIS2PLACEMENT3D(#1896,#1897,#1898);
#1900=IFCLOCALPLACEMENT($,#1899);
#1901=IFCWALL('2Yg3XEGELCmA8j3ObWMcWG',$,'L1|ONEBR_A',$,$,#1922,#1912,$,$);
#1902=IFCCARTESIANPOINTLIST2D(((0.,0.),(0.,150.),(10363.200000000001,150.),(10363.200000000001,0.),(0.,0.)));
#1903=IFCINDEXEDPOLYCURVE(#1902,$,.F.);
#1904=IFCDIRECTION((0.,0.,1.));
#1905=IFCARBITRARYCLOSEDPROFILEDEF(.AREA.,$,#1903);
#1906=IFCCARTESIANPOINT((0.,0.,0.));
#1907=IFCDIRECTION((0.,0.,1.));
#1908=IFCDIRECTION((1.,0.,0.));
#1909=IFCAXIS2PLACEMENT3D(#1906,#1907,#1908);
#1910=IFCEXTRUDEDAREASOLID(#1905,#1909,#1904,3200.4000000000001);
#1911=IFCSHAPEREPRESENTATION(#11,'Body','SweptSolid',(#1910));
#1912=IFCPRODUCTDEFINITIONSHAPE($,$,(#1911));
#1918=IFCCARTESIANPOINT((28956.000000000004,57302.400000000001,4267.1999999999998));
#1919=IFCDIRECTION((0.,0.,1.));
#1920=IFCDIRECTION((1.,0.,0.));
#1921=IFCAXIS2PLACEMENT3D(#1918,#1919,#1920);
#1922=IFCLOCALPLACEMENT($,#1921);
#1923=IFCWALL('3wgHcffVT2dxK48TadwP_2',$,'L1|ONEBR_A',$,$,#1944,#1934,$,$);
#1924=IFCCARTESIANPOINTLIST2D(((0.,0.),(0.,150.),(9144.,150.),(9144.,0.),(0.,0.)));
#1925=IFCINDEXEDPOLYCURVE(#1924,$,.F.);
#1926=IFCDIRECTION((0.,0.,1.));
#1927=IFCARBITRARYCLOSEDPROFILEDEF(.AREA.,$,#1925);
#1928=IFCCARTESIANPOINT((0.,0.,0.));
#1929=IFCDIRECTION((0.,0.,1.));
#1930=IFCDIRECTION((1.,0.,0.));
#1931=IFCAXIS2PLACEMENT3D(#1928,#1929,#1930);
#1932=IFCEXTRUDEDAREASOLID(#1927,#1931,#1926,3200.4000000000001);
#1933=IFCSHAPEREPRESENTATION(#11,'Body','SweptSolid',(#1932));
#1934=IFCPRODUCTDEFINITIONSHAPE($,$,(#1933));
#1940=IFCCARTESIANPOINT((28956.000000000004,48158.400000000001,4267.1999999999998));
#1941=IFCDIRECTION((0.,0.,1.));
#1942=IFCDIRECTION((6.123233995736766E-17,1.,0.));
#1943=IFCAXIS2PLACEMENT3D(#1940,#1941,#1942);
#1944=IFCLOCALPLACEMENT($,#1943);
#1945=IFCWALL('3TvQQmRmH8RxN0dYnpOD9R',$,'L1|ONEBR_A',$,$,#1966,#1956,$,$);
#1946=IFCCARTESIANPOINTLIST2D(((0.,0.),(0.,150.),(9144.,150.),(9144.,0.),(0.,0.)));
#1947=IFCINDEXEDPOLYCURVE(#1946,$,.F.);
#1948=IFCDIRECTION((0.,0.,1.));
#1949=IFCARBITRARYCLOSEDPROFILEDEF(.AREA.,$,#1947);
#1950=IFCCARTESIANPOINT((0.,0.,0.));
#1951=IFCDIRECTION((0.,0.,1.));
#1952=IFCDIRECTION((1.,0.,0.));
#1953=IFCAXIS2PLACEMENT3D(#1950,#1951,#1952);
#1954=IFCEXTRUDEDAREASOLID(#1949,#1953,#1948,3200.4000000000001);
#1955=IFCSHAPEREPRESENTATION(#11,'Body','SweptSolid',(#1954));
#1956=IFCPRODUCTDEFINITIONSHAPE($,$,(#1955));
#1962=IFCCARTESIANPOINT((39319.200000000004,48158.400000000001,4267.1999999999998));
#1963=IFCDIRECTION((0.,0.,1.));
#1964=IFCDIRECTION((6.123233995736766E-17,1.,0.));
#1965=IFCAXIS2PLACEMENT3D(#1962,#1963,#1964);
#1966=IFCLOCALPLACEMENT($,#1965);
#1967=IFCWALL('1sFFYdRgz2NBbIlBF0HA5Y',$,'L1|TWOBR_A',$,$,#1988,#1978,$,$);
#1968=IFCCARTESIANPOINTLIST2D(((0.,0.),(0.,150.),(10972.800000000001,150.),(10972.800000000001,0.),(0.,0.)));
#1969=IFCINDEXEDPOLYCURVE(#1968,$,.F.);
#1970=IFCDIRECTION((0.,0.,1.));
#1971=IFCARBITRARYCLOSEDPROFILEDEF(.AREA.,$,#1969);
#1972=IFCCARTESIANPOINT((0.,0.,0.));
#1973=IFCDIRECTION((0.,0.,1.));
#1974=IFCDIRECTION((1.,0.,0.));
#1975=IFCAXIS2PLACEMENT3D(#1972,#1973,#1974);
#1976=IFCEXTRUDEDAREASOLID(#1971,#1975,#1970,3200.4000000000001);
#1977=IFCSHAPEREPRESENTATION(#11,'Body','SweptSolid',(#1976));
#1978=IFCPRODUCTDEFINITIONSHAPE($,$,(#1977));
#1984=IFCCARTESIANPOINT((41148.,48158.400000000001,4267.1999999999998));
#1985=IFCDIRECTION((0.,0.,1.));
#1986=IFCDIRECTION((1.,0.,0.));
#1987=IFCAXIS2PLACEMENT3D(#1984,#1985,#1986);
#1988=IFCLOCALPLACEMENT($,#1987);
#1989=IFCWALL('3UPEwZxkD65uNj_e5WU3rD',$,'L1|TWOBR_A',$,$,#2010,#2000,$,$);
#1990=IFCCARTESIANPOINTLIST2D(((0.,0.),(0.,150.),(10972.800000000001,150.),(10972.800000000001,0.),(0.,0.)));
#1991=IFCINDEXEDPOLYCURVE(#1990,$,.F.);
#1992=IFCDIRECTION((0.,0.,1.));
#1993=IFCARBITRARYCLOSEDPROFILEDEF(.AREA.,$,#1991);
#1994=IFCCARTESIANPOINT((0.,0.,0.));
#1995=IFCDIRECTION((0.,0.,1.));
#1996=IFCDIRECTION((1.,0.,0.));
#1997=IFCAXIS2PLACEMENT3D(#1994,#1995,#1996);
#1998=IFCEXTRUDEDAREASOLID(#1993,#1997,#1992,3200.4000000000001);
#1999=IFCSHAPEREPRESENTATION(#11,'Body','SweptSolid',(#1998));
#2000=IFCPRODUCTDEFINITIONSHAPE($,$,(#1999));
#2006=IFCCARTESIANPOINT((41148.,58521.600000000006,4267.1999999999998));
#2007=IFCDIRECTION((0.,0.,1.));
#2008=IFCDIRECTION((1.,0.,0.));
#2009=IFCAXIS2PLACEMENT3D(#2006,#2007,#2008);
#2010=IFCLOCALPLACEMENT($,#2009);
#2011=IFCWALL('3r3q_UChTEzu3C2_nNB6pw',$,'L1|TWOBR_A',$,$,#2032,#2022,$,$);
#2012=IFCCARTESIANPOINTLIST2D(((0.,0.),(0.,150.),(10363.200000000001,150.),(10363.200000000001,0.),(0.,0.)));
#2013=IFCINDEXEDPOLYCURVE(#2012,$,.F.);
#2014=IFCDIRECTION((0.,0.,1.));
#2015=IFCARBITRARYCLOSEDPROFILEDEF(.AREA.,$,#2013);
#2016=IFCCARTESIANPOINT((0.,0.,0.));
#2017=IFCDIRECTION((0.,0.,1.));
#2018=IFCDIRECTION((1.,0.,0.));
#2019=IFCAXIS2PLACEMENT3D(#2016,#2017,#2018);
#2020=IFCEXTRUDEDAREASOLID(#2015,#2019,#2014,3200.4000000000001);
#2021=IFCSHAPEREPRESENTATION(#11,'Body','SweptSolid',(#2020));
#2022=IFCPRODUCTDEFINITIONSHAPE($,$,(#2021));
#2028=IFCCARTESIANPOINT((41148.,48158.400000000001,4267.1999999999998));
#2029=IFCDIRECTION((0.,0.,1.));
#2030=IFCDIRECTION((6.123233995736766E-17,1.,0.));
#2031=IFCAXIS2PLACEMENT3D(#2028,#2029,#2030);
#2032=IFCLOCALPLACEMENT($,#2031);
#2033=IFCWALL('2ONpHmVy12sfvOw_j5YgBW',$,'L1|TWOBR_A',$,$,#2054,#2044,$,$);
#2034=IFCCARTESIANPOINTLIST2D(((0.,0.),(0.,150.),(10363.200000000001,150.),(10363.200000000001,0.),(0.,0.)));
#2035=IFCINDEXEDPOLYCURVE(#2034,$,.F.);
#2036=IFCDIRECTION((0.,0.,1.));
#2037=IFCARBITRARYCLOSEDPROFILEDEF(.AREA.,$,#2035);
#2038=IFCCARTESIANPOINT((0.,0.,0.));
#2039=IFCDIRECTION((0.,0.,1.));
#2040=IFCDIRECTION((1.,0.,0.));
#2041=IFCAXIS2PLACEMENT3D(#2038,#2039,#2040);
#2042=IFCEXTRUDEDAREASOLID(#2037,#2041,#2036,3200.4000000000001);
#2043=IFCSHAPEREPRESENTATION(#11,'Body','SweptSolid',(#2042));
#2044=IFCPRODUCTDEFINITIONSHAPE($,$,(#2043));
#2050=IFCCARTESIANPOINT((52120.800000000003,48158.400000000001,4267.1999999999998));
#2051=IFCDIRECTION((0.,0.,1.));
#2052=IFCDIRECTION((6.123233995736766E-17,1.,0.));
#2053=IFCAXIS2PLACEMENT3D(#2050,#2051,#2052);
#2054=IFCLOCALPLACEMENT($,#2053);
#2055=IFCWALL('2yfvqMpO52h8v8VaI4ZozS',$,'L1|ONEBR_A',$,$,#2076,#2066,$,$);
#2056=IFCCARTESIANPOINTLIST2D(((0.,0.),(0.,150.),(10363.200000000001,150.),(10363.200000000001,0.),(0.,0.)));
#2057=IFCINDEXEDPOLYCURVE(#2056,$,.F.);
#2058=IFCDIRECTION((0.,0.,1.));
#2059=IFCARBITRARYCLOSEDPROFILEDEF(.AREA.,$,#2057);
#2060=IFCCARTESIANPOINT((0.,0.,0.));
#2061=IFCDIRECTION((0.,0.,1.));
#2062=IFCDIRECTION((1.,0.,0.));
#2063=IFCAXIS2PLACEMENT3D(#2060,#2061,#2062);
#2064=IFCEXTRUDEDAREASOLID(#2059,#2063,#2058,3200.4000000000001);
#2065=IFCSHAPEREPRESENTATION(#11,'Body','SweptSolid',(#2064));
#2066=IFCPRODUCTDEFINITIONSHAPE($,$,(#2065));
#2072=IFCCARTESIANPOINT((2133.5999999999999,52578.,4267.1999999999998));
#2073=IFCDIRECTION((0.,0.,1.));
#2074=IFCDIRECTION((1.,0.,0.));
#2075=IFCAXIS2PLACEMENT3D(#2072,#2073,#2074);
#2076=IFCLOCALPLACEMENT($,#2075);
#2077=IFCWALL('03sHM$f2T65R_C0pi7zKyW',$,'L1|ONEBR_A',$,$,#2098,#2088,$,$);
#2078=IFCCARTESIANPOINTLIST2D(((0.,0.),(0.,150.),(10363.200000000001,150.),(10363.200000000001,0.),(0.,0.)));
#2079=IFCINDEXEDPOLYCURVE(#2078,$,.F.);
#2080=IFCDIRECTION((0.,0.,1.));
#2081=IFCARBITRARYCLOSEDPROFILEDEF(.AREA.,$,#2079);
#2082=IFCCARTESIANPOINT((0.,0.,0.));
#2083=IFCDIRECTION((0.,0.,1.));
#2084=IFCDIRECTION((1.,0.,0.));
#2085=IFCAXIS2PLACEMENT3D(#2082,#2083,#2084);
#2086=IFCEXTRUDEDAREASOLID(#2081,#2085,#2080,3200.4000000000001);
#2087=IFCSHAPEREPRESENTATION(#11,'Body','SweptSolid',(#2086));
#2088=IFCPRODUCTDEFINITIONSHAPE($,$,(#2087));
#2094=IFCCARTESIANPOINT((2133.5999999999999,61722.,4267.1999999999998));
#2095=IFCDIRECTION((0.,0.,1.));
#2096=IFCDIRECTION((1.,0.,0.));
#2097=IFCAXIS2PLACEMENT3D(#2094,#2095,#2096);
#2098=IFCLOCALPLACEMENT($,#2097);
#2099=IFCWALL('2R3Ban2NT32QatCZ_SPtFC',$,'L1|ONEBR_A',$,$,#2120,#2110,$,$);
#2100=IFCCARTESIANPOINTLIST2D(((0.,0.),(0.,150.),(9144.,150.),(9144.,0.),(0.,0.)));
#2101=IFCINDEXEDPOLYCURVE(#2100,$,.F.);
#2102=IFCDIRECTION((0.,0.,1.));
#2103=IFCARBITRARYCLOSEDPROFILEDEF(.AREA.,$,#2101);
#2104=IFCCARTESIANPOINT((0.,0.,0.));
#2105=IFCDIRECTION((0.,0.,1.));
#2106=IFCDIRECTION((1.,0.,0.));
#2107=IFCAXIS2PLACEMENT3D(#2104,#2105,#2106);
#2108=IFCEXTRUDEDAREASOLID(#2103,#2107,#2102,3200.4000000000001);
#2109=IFCSHAPEREPRESENTATION(#11,'Body','SweptSolid',(#2108));
#2110=IFCPRODUCTDEFINITIONSHAPE($,$,(#2109));
#2116=IFCCARTESIANPOINT((2133.5999999999999,52578.,4267.1999999999998));
#2117=IFCDIRECTION((0.,0.,1.));
#2118=IFCDIRECTION((6.123233995736766E-17,1.,0.));
#2119=IFCAXIS2PLACEMENT3D(#2116,#2117,#2118);
#2120=IFCLOCALPLACEMENT($,#2119);
#2121=IFCWALL('3K$oK__T9FjvXZP9ngZ415',$,'L1|ONEBR_A',$,$,#2142,#2132,$,$);
#2122=IFCCARTESIANPOINTLIST2D(((0.,0.),(0.,150.),(9144.,150.),(9144.,0.),(0.,0.)));
#2123=IFCINDEXEDPOLYCURVE(#2122,$,.F.);
#2124=IFCDIRECTION((0.,0.,1.));
#2125=IFCARBITRARYCLOSEDPROFILEDEF(.AREA.,$,#2123);
#2126=IFCCARTESIANPOINT((0.,0.,0.));
#2127=IFCDIRECTION((0.,0.,1.));
#2128=IFCDIRECTION((1.,0.,0.));
#2129=IFCAXIS2PLACEMENT3D(#2126,#2127,#2128);
#2130=IFCEXTRUDEDAREASOLID(#2125,#2129,#2124,3200.4000000000001);
#2131=IFCSHAPEREPRESENTATION(#11,'Body','SweptSolid',(#2130));
#2132=IFCPRODUCTDEFINITIONSHAPE($,$,(#2131));
#2138=IFCCARTESIANPOINT((12496.799999999999,52578.,4267.1999999999998));
#2139=IFCDIRECTION((0.,0.,1.));
#2140=IFCDIRECTION((6.123233995736766E-17,1.,0.));
#2141=IFCAXIS2PLACEMENT3D(#2138,#2139,#2140);
#2142=IFCLOCALPLACEMENT($,#2141);
#2143=IFCWALL('1haqvIK6bA1OMm9220GIp4',$,'L1|STUDIO_A',$,$,#2164,#2154,$,$);
#2144=IFCCARTESIANPOINTLIST2D(((0.,0.),(0.,150.),(9753.6000000000004,150.),(9753.6000000000004,0.),(0.,0.)));
#2145=IFCINDEXEDPOLYCURVE(#2144,$,.F.);
#2146=IFCDIRECTION((0.,0.,1.));
#2147=IFCARBITRARYCLOSEDPROFILEDEF(.AREA.,$,#2145);
#2148=IFCCARTESIANPOINT((0.,0.,0.));
#2149=IFCDIRECTION((0.,0.,1.));
#2150=IFCDIRECTION((1.,0.,0.));
#2151=IFCAXIS2PLACEMENT3D(#2148,#2149,#2150);
#2152=IFCEXTRUDEDAREASOLID(#2147,#2151,#2146,3200.4000000000001);
#2153=IFCSHAPEREPRESENTATION(#11,'Body','SweptSolid',(#2152));
#2154=IFCPRODUCTDEFINITIONSHAPE($,$,(#2153));
#2160=IFCCARTESIANPOINT((14325.6,57302.400000000001,4267.1999999999998));
#2161=IFCDIRECTION((0.,0.,1.));
#2162=IFCDIRECTION((1.,0.,0.));
#2163=IFCAXIS2PLACEMENT3D(#2160,#2161,#2162);
#2164=IFCLOCALPLACEMENT($,#2163);
#2165=IFCWALL('2uV7SYP2j7KOVcGqotkavF',$,'L1|STUDIO_A',$,$,#2186,#2176,$,$);
#2166=IFCCARTESIANPOINTLIST2D(((0.,0.),(0.,150.),(9753.6000000000004,150.),(9753.6000000000004,0.),(0.,0.)));
#2167=IFCINDEXEDPOLYCURVE(#2166,$,.F.);
#2168=IFCDIRECTION((0.,0.,1.));
#2169=IFCARBITRARYCLOSEDPROFILEDEF(.AREA.,$,#2167);
#2170=IFCCARTESIANPOINT((0.,0.,0.));
#2171=IFCDIRECTION((0.,0.,1.));
#2172=IFCDIRECTION((1.,0.,0.));
#2173=IFCAXIS2PLACEMENT3D(#2170,#2171,#2172);
#2174=IFCEXTRUDEDAREASOLID(#2169,#2173,#2168,3200.4000000000001);
#2175=IFCSHAPEREPRESENTATION(#11,'Body','SweptSolid',(#2174));
#2176=IFCPRODUCTDEFINITIONSHAPE($,$,(#2175));
#2182=IFCCARTESIANPOINT((14325.6,65227.199999999997,4267.1999999999998));
#2183=IFCDIRECTION((0.,0.,1.));
#2184=IFCDIRECTION((1.,0.,0.));
#2185=IFCAXIS2PLACEMENT3D(#2182,#2183,#2184);
#2186=IFCLOCALPLACEMENT($,#2185);
#2187=IFCWALL('3jUwVXcDjD5v_L77SXkfGm',$,'L1|STUDIO_A',$,$,#2208,#2198,$,$);
#2188=IFCCARTESIANPOINTLIST2D(((0.,0.),(0.,150.),(7924.8000000000002,150.),(7924.8000000000002,0.),(0.,0.)));
#2189=IFCINDEXEDPOLYCURVE(#2188,$,.F.);
#2190=IFCDIRECTION((0.,0.,1.));
#2191=IFCARBITRARYCLOSEDPROFILEDEF(.AREA.,$,#2189);
#2192=IFCCARTESIANPOINT((0.,0.,0.));
#2193=IFCDIRECTION((0.,0.,1.));
#2194=IFCDIRECTION((1.,0.,0.));
#2195=IFCAXIS2PLACEMENT3D(#2192,#2193,#2194);
#2196=IFCEXTRUDEDAREASOLID(#2191,#2195,#2190,3200.4000000000001);
#2197=IFCSHAPEREPRESENTATION(#11,'Body','SweptSolid',(#2196));
#2198=IFCPRODUCTDEFINITIONSHAPE($,$,(#2197));
#2204=IFCCARTESIANPOINT((14325.6,57302.400000000001,4267.1999999999998));
#2205=IFCDIRECTION((0.,0.,1.));
#2206=IFCDIRECTION((6.123233995736766E-17,1.,0.));
#2207=IFCAXIS2PLACEMENT3D(#2204,#2205,#2206);
#2208=IFCLOCALPLACEMENT($,#2207);
#2209=IFCWALL('1Wdn33Py52CBjlmP_MquMc',$,'L1|STUDIO_A',$,$,#2230,#2220,$,$);
#2210=IFCCARTESIANPOINTLIST2D(((0.,0.),(0.,150.),(7924.8000000000002,150.),(7924.8000000000002,0.),(0.,0.)));
#2211=IFCINDEXEDPOLYCURVE(#2210,$,.F.);
#2212=IFCDIRECTION((0.,0.,1.));
#2213=IFCARBITRARYCLOSEDPROFILEDEF(.AREA.,$,#2211);
#2214=IFCCARTESIANPOINT((0.,0.,0.));
#2215=IFCDIRECTION((0.,0.,1.));
#2216=IFCDIRECTION((1.,0.,0.));
#2217=IFCAXIS2PLACEMENT3D(#2214,#2215,#2216);
#2218=IFCEXTRUDEDAREASOLID(#2213,#2217,#2212,3200.4000000000001);
#2219=IFCSHAPEREPRESENTATION(#11,'Body','SweptSolid',(#2218));
#2220=IFCPRODUCTDEFINITIONSHAPE($,$,(#2219));
#2226=IFCCARTESIANPOINT((24079.200000000001,57302.400000000001,4267.1999999999998));
#2227=IFCDIRECTION((0.,0.,1.));
#2228=IFCDIRECTION((6.123233995736766E-17,1.,0.));
#2229=IFCAXIS2PLACEMENT3D(#2226,#2227,#2228);
#2230=IFCLOCALPLACEMENT($,#2229);
#2231=IFCWALL('3SBqu_vk9FsuM0H3BLFmcZ',$,'L2|TWOBR_A',$,$,#2252,#2242,$,$);
#2232=IFCCARTESIANPOINTLIST2D(((0.,0.),(0.,150.),(10972.800000000001,150.),(10972.800000000001,0.),(0.,0.)));
#2233=IFCINDEXEDPOLYCURVE(#2232,$,.F.);
#2234=IFCDIRECTION((0.,0.,1.));
#2235=IFCARBITRARYCLOSEDPROFILEDEF(.AREA.,$,#2233);
#2236=IFCCARTESIANPOINT((0.,0.,0.));
#2237=IFCDIRECTION((0.,0.,1.));
#2238=IFCDIRECTION((1.,0.,0.));
#2239=IFCAXIS2PLACEMENT3D(#2236,#2237,#2238);
#2240=IFCEXTRUDEDAREASOLID(#2235,#2239,#2234,3200.4000000000001);
#2241=IFCSHAPEREPRESENTATION(#11,'Body','SweptSolid',(#2240));
#2242=IFCPRODUCTDEFINITIONSHAPE($,$,(#2241));
#2248=IFCCARTESIANPOINT((1524.,10363.200000000001,7467.5999999999995));
#2249=IFCDIRECTION((0.,0.,1.));
#2250=IFCDIRECTION((1.,0.,0.));
#2251=IFCAXIS2PLACEMENT3D(#2248,#2249,#2250);
#2252=IFCLOCALPLACEMENT($,#2251);
#2253=IFCWALL('0NGWSUMkr5QhIHdlnc$FtD',$,'L2|TWOBR_A',$,$,#2274,#2264,$,$);
#2254=IFCCARTESIANPOINTLIST2D(((0.,0.),(0.,150.),(10972.800000000001,150.),(10972.800000000001,0.),(0.,0.)));
#2255=IFCINDEXEDPOLYCURVE(#2254,$,.F.);
#2256=IFCDIRECTION((0.,0.,1.));
#2257=IFCARBITRARYCLOSEDPROFILEDEF(.AREA.,$,#2255);
#2258=IFCCARTESIANPOINT((0.,0.,0.));
#2259=IFCDIRECTION((0.,0.,1.));
#2260=IFCDIRECTION((1.,0.,0.));
#2261=IFCAXIS2PLACEMENT3D(#2258,#2259,#2260);
#2262=IFCEXTRUDEDAREASOLID(#2257,#2261,#2256,3200.4000000000001);
#2263=IFCSHAPEREPRESENTATION(#11,'Body','SweptSolid',(#2262));
#2264=IFCPRODUCTDEFINITIONSHAPE($,$,(#2263));
#2270=IFCCARTESIANPOINT((1524.,20726.400000000001,7467.5999999999995));
#2271=IFCDIRECTION((0.,0.,1.));
#2272=IFCDIRECTION((1.,0.,0.));
#2273=IFCAXIS2PLACEMENT3D(#2270,#2271,#2272);
#2274=IFCLOCALPLACEMENT($,#2273);
#2275=IFCWALL('3YdVJQRbz4yxGnO9f7QZ0y',$,'L2|TWOBR_A',$,$,#2296,#2286,$,$);
#2276=IFCCARTESIANPOINTLIST2D(((0.,0.),(0.,150.),(10363.200000000001,150.),(10363.200000000001,0.),(0.,0.)));
#2277=IFCINDEXEDPOLYCURVE(#2276,$,.F.);
#2278=IFCDIRECTION((0.,0.,1.));
#2279=IFCARBITRARYCLOSEDPROFILEDEF(.AREA.,$,#2277);
#2280=IFCCARTESIANPOINT((0.,0.,0.));
#2281=IFCDIRECTION((0.,0.,1.));
#2282=IFCDIRECTION((1.,0.,0.));
#2283=IFCAXIS2PLACEMENT3D(#2280,#2281,#2282);
#2284=IFCEXTRUDEDAREASOLID(#2279,#2283,#2278,3200.4000000000001);
#2285=IFCSHAPEREPRESENTATION(#11,'Body','SweptSolid',(#2284));
#2286=IFCPRODUCTDEFINITIONSHAPE($,$,(#2285));
#2292=IFCCARTESIANPOINT((1524.,10363.200000000001,7467.5999999999995));
#2293=IFCDIRECTION((0.,0.,1.));
#2294=IFCDIRECTION((6.123233995736766E-17,1.,0.));
#2295=IFCAXIS2PLACEMENT3D(#2292,#2293,#2294);
#2296=IFCLOCALPLACEMENT($,#2295);
#2297=IFCWALL('2yUMenOeL2jxmA12oibRXY',$,'L2|TWOBR_A',$,$,#2318,#2308,$,$);
#2298=IFCCARTESIANPOINTLIST2D(((0.,0.),(0.,150.),(10363.200000000001,150.),(10363.200000000001,0.),(0.,0.)));
#2299=IFCINDEXEDPOLYCURVE(#2298,$,.F.);
#2300=IFCDIRECTION((0.,0.,1.));
#2301=IFCARBITRARYCLOSEDPROFILEDEF(.AREA.,$,#2299);
#2302=IFCCARTESIANPOINT((0.,0.,0.));
#2303=IFCDIRECTION((0.,0.,1.));
#2304=IFCDIRECTION((1.,0.,0.));
#2305=IFCAXIS2PLACEMENT3D(#2302,#2303,#2304);
#2306=IFCEXTRUDEDAREASOLID(#2301,#2305,#2300,3200.4000000000001);
#2307=IFCSHAPEREPRESENTATION(#11,'Body','SweptSolid',(#2306));
#2308=IFCPRODUCTDEFINITIONSHAPE($,$,(#2307));
#2314=IFCCARTESIANPOINT((12496.799999999999,10363.200000000001,7467.5999999999995));
#2315=IFCDIRECTION((0.,0.,1.));
#2316=IFCDIRECTION((6.123233995736766E-17,1.,0.));
#2317=IFCAXIS2PLACEMENT3D(#2314,#2315,#2316);
#2318=IFCLOCALPLACEMENT($,#2317);
#2319=IFCWALL('1ZJ9CJkDXD_xW0AMo2snQg',$,'L2|ONEBR_A',$,$,#2340,#2330,$,$);
#2320=IFCCARTESIANPOINTLIST2D(((0.,0.),(0.,150.),(10363.200000000001,150.),(10363.200000000001,0.),(0.,0.)));
#2321=IFCINDEXEDPOLYCURVE(#2320,$,.F.);
#2322=IFCDIRECTION((0.,0.,1.));
#2323=IFCARBITRARYCLOSEDPROFILEDEF(.AREA.,$,#2321);
#2324=IFCCARTESIANPOINT((0.,0.,0.));
#2325=IFCDIRECTION((0.,0.,1.));
#2326=IFCDIRECTION((1.,0.,0.));
#2327=IFCAXIS2PLACEMENT3D(#2324,#2325,#2326);
#2328=IFCEXTRUDEDAREASOLID(#2323,#2327,#2322,3200.4000000000001);
#2329=IFCSHAPEREPRESENTATION(#11,'Body','SweptSolid',(#2328));
#2330=IFCPRODUCTDEFINITIONSHAPE($,$,(#2329));
#2336=IFCCARTESIANPOINT((14325.6,10363.200000000001,7467.5999999999995));
#2337=IFCDIRECTION((0.,0.,1.));
#2338=IFCDIRECTION((1.,0.,0.));
#2339=IFCAXIS2PLACEMENT3D(#2336,#2337,#2338);
#2340=IFCLOCALPLACEMENT($,#2339);
#2341=IFCWALL('3AFZPCMFfFPuDtR5$MAT4O',$,'L2|ONEBR_A',$,$,#2362,#2352,$,$);
#2342=IFCCARTESIANPOINTLIST2D(((0.,0.),(0.,150.),(10363.200000000001,150.),(10363.200000000001,0.),(0.,0.)));
#2343=IFCINDEXEDPOLYCURVE(#2342,$,.F.);
#2344=IFCDIRECTION((0.,0.,1.));
#2345=IFCARBITRARYCLOSEDPROFILEDEF(.AREA.,$,#2343);
#2346=IFCCARTESIANPOINT((0.,0.,0.));
#2347=IFCDIRECTION((0.,0.,1.));
#2348=IFCDIRECTION((1.,0.,0.));
#2349=IFCAXIS2PLACEMENT3D(#2346,#2347,#2348);
#2350=IFCEXTRUDEDAREASOLID(#2345,#2349,#2344,3200.4000000000001);
#2351=IFCSHAPEREPRESENTATION(#11,'Body','SweptSolid',(#2350));
#2352=IFCPRODUCTDEFINITIONSHAPE($,$,(#2351));
#2358=IFCCARTESIANPOINT((14325.6,19507.200000000001,7467.5999999999995));
#2359=IFCDIRECTION((0.,0.,1.));
#2360=IFCDIRECTION((1.,0.,0.));
#2361=IFCAXIS2PLACEMENT3D(#2358,#2359,#2360);
#2362=IFCLOCALPLACEMENT($,#2361);
#2363=IFCWALL('3q7gaYLXDCV9cOx0dFiQIT',$,'L2|ONEBR_A',$,$,#2384,#2374,$,$);
#2364=IFCCARTESIANPOINTLIST2D(((0.,0.),(0.,150.),(9144.,150.),(9144.,0.),(0.,0.)));
#2365=IFCINDEXEDPOLYCURVE(#2364,$,.F.);
#2366=IFCDIRECTION((0.,0.,1.));
#2367=IFCARBITRARYCLOSEDPROFILEDEF(.AREA.,$,#2365);
#2368=IFCCARTESIANPOINT((0.,0.,0.));
#2369=IFCDIRECTION((0.,0.,1.));
#2370=IFCDIRECTION((1.,0.,0.));
#2371=IFCAXIS2PLACEMENT3D(#2368,#2369,#2370);
#2372=IFCEXTRUDEDAREASOLID(#2367,#2371,#2366,3200.4000000000001);
#2373=IFCSHAPEREPRESENTATION(#11,'Body','SweptSolid',(#2372));
#2374=IFCPRODUCTDEFINITIONSHAPE($,$,(#2373));
#2380=IFCCARTESIANPOINT((14325.6,10363.200000000001,7467.5999999999995));
#2381=IFCDIRECTION((0.,0.,1.));
#2382=IFCDIRECTION((6.123233995736766E-17,1.,0.));
#2383=IFCAXIS2PLACEMENT3D(#2380,#2381,#2382);
#2384=IFCLOCALPLACEMENT($,#2383);
#2385=IFCWALL('098zcDuyT8yv_o7hJ2f89M',$,'L2|ONEBR_A',$,$,#2406,#2396,$,$);
#2386=IFCCARTESIANPOINTLIST2D(((0.,0.),(0.,150.),(9144.,150.),(9144.,0.),(0.,0.)));
#2387=IFCINDEXEDPOLYCURVE(#2386,$,.F.);
#2388=IFCDIRECTION((0.,0.,1.));
#2389=IFCARBITRARYCLOSEDPROFILEDEF(.AREA.,$,#2387);
#2390=IFCCARTESIANPOINT((0.,0.,0.));
#2391=IFCDIRECTION((0.,0.,1.));
#2392=IFCDIRECTION((1.,0.,0.));
#2393=IFCAXIS2PLACEMENT3D(#2390,#2391,#2392);
#2394=IFCEXTRUDEDAREASOLID(#2389,#2393,#2388,3200.4000000000001);
#2395=IFCSHAPEREPRESENTATION(#11,'Body','SweptSolid',(#2394));
#2396=IFCPRODUCTDEFINITIONSHAPE($,$,(#2395));
#2402=IFCCARTESIANPOINT((24688.799999999999,10363.200000000001,7467.5999999999995));
#2403=IFCDIRECTION((0.,0.,1.));
#2404=IFCDIRECTION((6.123233995736766E-17,1.,0.));
#2405=IFCAXIS2PLACEMENT3D(#2402,#2403,#2404);
#2406=IFCLOCALPLACEMENT($,#2405);
#2407=IFCWALL('0p1IaIqEzAQwDW6dK59ar2',$,'L2|ONEBR_A',$,$,#2428,#2418,$,$);
#2408=IFCCARTESIANPOINTLIST2D(((0.,0.),(0.,150.),(10363.200000000001,150.),(10363.200000000001,0.),(0.,0.)));
#2409=IFCINDEXEDPOLYCURVE(#2408,$,.F.);
#2410=IFCDIRECTION((0.,0.,1.));
#2411=IFCARBITRARYCLOSEDPROFILEDEF(.AREA.,$,#2409);
#2412=IFCCARTESIANPOINT((0.,0.,0.));
#2413=IFCDIRECTION((0.,0.,1.));
#2414=IFCDIRECTION((1.,0.,0.));
#2415=IFCAXIS2PLACEMENT3D(#2412,#2413,#2414);
#2416=IFCEXTRUDEDAREASOLID(#2411,#2415,#2410,3200.4000000000001);
#2417=IFCSHAPEREPRESENTATION(#11,'Body','SweptSolid',(#2416));
#2418=IFCPRODUCTDEFINITIONSHAPE($,$,(#2417));
#2424=IFCCARTESIANPOINT((28956.000000000004,10363.200000000001,7467.5999999999995));
#2425=IFCDIRECTION((0.,0.,1.));
#2426=IFCDIRECTION((1.,0.,0.));
#2427=IFCAXIS2PLACEMENT3D(#2424,#2425,#2426);
#2428=IFCLOCALPLACEMENT($,#2427);
#2429=IFCWALL('2LWFSaP$XCIP0Ms2Cs1MeK',$,'L2|ONEBR_A',$,$,#2450,#2440,$,$);
#2430=IFCCARTESIANPOINTLIST2D(((0.,0.),(0.,150.),(10363.200000000001,150.),(10363.200000000001,0.),(0.,0.)));
#2431=IFCINDEXEDPOLYCURVE(#2430,$,.F.);
#2432=IFCDIRECTION((0.,0.,1.));
#2433=IFCARBITRARYCLOSEDPROFILEDEF(.AREA.,$,#2431);
#2434=IFCCARTESIANPOINT((0.,0.,0.));
#2435=IFCDIRECTION((0.,0.,1.));
#2436=IFCDIRECTION((1.,0.,0.));
#2437=IFCAXIS2PLACEMENT3D(#2434,#2435,#2436);
#2438=IFCEXTRUDEDAREASOLID(#2433,#2437,#2432,3200.4000000000001);
#2439=IFCSHAPEREPRESENTATION(#11,'Body','SweptSolid',(#2438));
#2440=IFCPRODUCTDEFINITIONSHAPE($,$,(#2439));
#2446=IFCCARTESIANPOINT((28956.000000000004,19507.200000000001,7467.5999999999995));
#2447=IFCDIRECTION((0.,0.,1.));
#2448=IFCDIRECTION((1.,0.,0.));
#2449=IFCAXIS2PLACEMENT3D(#2446,#2447,#2448);
#2450=IFCLOCALPLACEMENT($,#2449);
#2451=IFCWALL('37x3xSOZ5D9AwRw3nQxyCb',$,'L2|ONEBR_A',$,$,#2472,#2462,$,$);
#2452=IFCCARTESIANPOINTLIST2D(((0.,0.),(0.,150.),(9144.,150.),(9144.,0.),(0.,0.)));
#2453=IFCINDEXEDPOLYCURVE(#2452,$,.F.);
#2454=IFCDIRECTION((0.,0.,1.));
#2455=IFCARBITRARYCLOSEDPROFILEDEF(.AREA.,$,#2453);
#2456=IFCCARTESIANPOINT((0.,0.,0.));
#2457=IFCDIRECTION((0.,0.,1.));
#2458=IFCDIRECTION((1.,0.,0.));
#2459=IFCAXIS2PLACEMENT3D(#2456,#2457,#2458);
#2460=IFCEXTRUDEDAREASOLID(#2455,#2459,#2454,3200.4000000000001);
#2461=IFCSHAPEREPRESENTATION(#11,'Body','SweptSolid',(#2460));
#2462=IFCPRODUCTDEFINITIONSHAPE($,$,(#2461));
#2468=IFCCARTESIANPOINT((28956.000000000004,10363.200000000001,7467.5999999999995));
#2469=IFCDIRECTION((0.,0.,1.));
#2470=IFCDIRECTION((6.123233995736766E-17,1.,0.));
#2471=IFCAXIS2PLACEMENT3D(#2468,#2469,#2470);
#2472=IFCLOCALPLACEMENT($,#2471);
#2473=IFCWALL('2G_WfpkUH3cgbl2jXu51Zk',$,'L2|ONEBR_A',$,$,#2494,#2484,$,$);
#2474=IFCCARTESIANPOINTLIST2D(((0.,0.),(0.,150.),(9144.,150.),(9144.,0.),(0.,0.)));
#2475=IFCINDEXEDPOLYCURVE(#2474,$,.F.);
#2476=IFCDIRECTION((0.,0.,1.));
#2477=IFCARBITRARYCLOSEDPROFILEDEF(.AREA.,$,#2475);
#2478=IFCCARTESIANPOINT((0.,0.,0.));
#2479=IFCDIRECTION((0.,0.,1.));
#2480=IFCDIRECTION((1.,0.,0.));
#2481=IFCAXIS2PLACEMENT3D(#2478,#2479,#2480);
#2482=IFCEXTRUDEDAREASOLID(#2477,#2481,#2476,3200.4000000000001);
#2483=IFCSHAPEREPRESENTATION(#11,'Body','SweptSolid',(#2482));
#2484=IFCPRODUCTDEFINITIONSHAPE($,$,(#2483));
#2490=IFCCARTESIANPOINT((39319.200000000004,10363.200000000001,7467.5999999999995));
#2491=IFCDIRECTION((0.,0.,1.));
#2492=IFCDIRECTION((6.123233995736766E-17,1.,0.));
#2493=IFCAXIS2PLACEMENT3D(#2490,#2491,#2492);
#2494=IFCLOCALPLACEMENT($,#2493);
#2495=IFCWALL('2FCi2EE_9FnQVHbyKMVRBP',$,'L2|TWOBR_A',$,$,#2516,#2506,$,$);
#2496=IFCCARTESIANPOINTLIST2D(((0.,0.),(0.,150.),(10972.800000000001,150.),(10972.800000000001,0.),(0.,0.)));
#2497=IFCINDEXEDPOLYCURVE(#2496,$,.F.);
#2498=IFCDIRECTION((0.,0.,1.));
#2499=IFCARBITRARYCLOSEDPROFILEDEF(.AREA.,$,#2497);
#2500=IFCCARTESIANPOINT((0.,0.,0.));
#2501=IFCDIRECTION((0.,0.,1.));
#2502=IFCDIRECTION((1.,0.,0.));
#2503=IFCAXIS2PLACEMENT3D(#2500,#2501,#2502);
#2504=IFCEXTRUDEDAREASOLID(#2499,#2503,#2498,3200.4000000000001);
#2505=IFCSHAPEREPRESENTATION(#11,'Body','SweptSolid',(#2504));
#2506=IFCPRODUCTDEFINITIONSHAPE($,$,(#2505));
#2512=IFCCARTESIANPOINT((41148.,10363.200000000001,7467.5999999999995));
#2513=IFCDIRECTION((0.,0.,1.));
#2514=IFCDIRECTION((1.,0.,0.));
#2515=IFCAXIS2PLACEMENT3D(#2512,#2513,#2514);
#2516=IFCLOCALPLACEMENT($,#2515);
#2517=IFCWALL('0LEEYBCxT8nR4Al8bJgj_b',$,'L2|TWOBR_A',$,$,#2538,#2528,$,$);
#2518=IFCCARTESIANPOINTLIST2D(((0.,0.),(0.,150.),(10972.800000000001,150.),(10972.800000000001,0.),(0.,0.)));
#2519=IFCINDEXEDPOLYCURVE(#2518,$,.F.);
#2520=IFCDIRECTION((0.,0.,1.));
#2521=IFCARBITRARYCLOSEDPROFILEDEF(.AREA.,$,#2519);
#2522=IFCCARTESIANPOINT((0.,0.,0.));
#2523=IFCDIRECTION((0.,0.,1.));
#2524=IFCDIRECTION((1.,0.,0.));
#2525=IFCAXIS2PLACEMENT3D(#2522,#2523,#2524);
#2526=IFCEXTRUDEDAREASOLID(#2521,#2525,#2520,3200.4000000000001);
#2527=IFCSHAPEREPRESENTATION(#11,'Body','SweptSolid',(#2526));
#2528=IFCPRODUCTDEFINITIONSHAPE($,$,(#2527));
#2534=IFCCARTESIANPOINT((41148.,20726.400000000001,7467.5999999999995));
#2535=IFCDIRECTION((0.,0.,1.));
#2536=IFCDIRECTION((1.,0.,0.));
#2537=IFCAXIS2PLACEMENT3D(#2534,#2535,#2536);
#2538=IFCLOCALPLACEMENT($,#2537);
#2539=IFCWALL('3YT35aW_P4I8DLQPC5lvc2',$,'L2|TWOBR_A',$,$,#2560,#2550,$,$);
#2540=IFCCARTESIANPOINTLIST2D(((0.,0.),(0.,150.),(10363.200000000001,150.),(10363.200000000001,0.),(0.,0.)));
#2541=IFCINDEXEDPOLYCURVE(#2540,$,.F.);
#2542=IFCDIRECTION((0.,0.,1.));
#2543=IFCARBITRARYCLOSEDPROFILEDEF(.AREA.,$,#2541);
#2544=IFCCARTESIANPOINT((0.,0.,0.));
#2545=IFCDIRECTION((0.,0.,1.));
#2546=IFCDIRECTION((1.,0.,0.));
#2547=IFCAXIS2PLACEMENT3D(#2544,#2545,#2546);
#2548=IFCEXTRUDEDAREASOLID(#2543,#2547,#2542,3200.4000000000001);
#2549=IFCSHAPEREPRESENTATION(#11,'Body','SweptSolid',(#2548));
#2550=IFCPRODUCTDEFINITIONSHAPE($,$,(#2549));
#2556=IFCCARTESIANPOINT((41148.,10363.200000000001,7467.5999999999995));
#2557=IFCDIRECTION((0.,0.,1.));
#2558=IFCDIRECTION((6.123233995736766E-17,1.,0.));
#2559=IFCAXIS2PLACEMENT3D(#2556,#2557,#2558);
#2560=IFCLOCALPLACEMENT($,#2559);
#2561=IFCWALL('2TA6G$g31FNepdgTDkEL1N',$,'L2|TWOBR_A',$,$,#2582,#2572,$,$);
#2562=IFCCARTESIANPOINTLIST2D(((0.,0.),(0.,150.),(10363.200000000001,150.),(10363.200000000001,0.),(0.,0.)));
#2563=IFCINDEXEDPOLYCURVE(#2562,$,.F.);
#2564=IFCDIRECTION((0.,0.,1.));
#2565=IFCARBITRARYCLOSEDPROFILEDEF(.AREA.,$,#2563);
#2566=IFCCARTESIANPOINT((0.,0.,0.));
#2567=IFCDIRECTION((0.,0.,1.));
#2568=IFCDIRECTION((1.,0.,0.));
#2569=IFCAXIS2PLACEMENT3D(#2566,#2567,#2568);
#2570=IFCEXTRUDEDAREASOLID(#2565,#2569,#2564,3200.4000000000001);
#2571=IFCSHAPEREPRESENTATION(#11,'Body','SweptSolid',(#2570));
#2572=IFCPRODUCTDEFINITIONSHAPE($,$,(#2571));
#2578=IFCCARTESIANPOINT((52120.800000000003,10363.200000000001,7467.5999999999995));
#2579=IFCDIRECTION((0.,0.,1.));
#2580=IFCDIRECTION((6.123233995736766E-17,1.,0.));
#2581=IFCAXIS2PLACEMENT3D(#2578,#2579,#2580);
#2582=IFCLOCALPLACEMENT($,#2581);
#2583=IFCWALL('0ZULp0M8H6SROMd6BBEHkG',$,'L2|STUDIO_A',$,$,#2604,#2594,$,$);
#2584=IFCCARTESIANPOINTLIST2D(((0.,0.),(0.,150.),(9753.6000000000004,150.),(9753.6000000000004,0.),(0.,0.)));
#2585=IFCINDEXEDPOLYCURVE(#2584,$,.F.);
#2586=IFCDIRECTION((0.,0.,1.));
#2587=IFCARBITRARYCLOSEDPROFILEDEF(.AREA.,$,#2585);
#2588=IFCCARTESIANPOINT((0.,0.,0.));
#2589=IFCDIRECTION((0.,0.,1.));
#2590=IFCDIRECTION((1.,0.,0.));
#2591=IFCAXIS2PLACEMENT3D(#2588,#2589,#2590);
#2592=IFCEXTRUDEDAREASOLID(#2587,#2591,#2586,3200.4000000000001);
#2593=IFCSHAPEREPRESENTATION(#11,'Body','SweptSolid',(#2592));
#2594=IFCPRODUCTDEFINITIONSHAPE($,$,(#2593));
#2600=IFCCARTESIANPOINT((14325.6,19507.200000000001,7467.5999999999995));
#2601=IFCDIRECTION((0.,0.,1.));
#2602=IFCDIRECTION((1.,0.,0.));
#2603=IFCAXIS2PLACEMENT3D(#2600,#2601,#2602);
#2604=IFCLOCALPLACEMENT($,#2603);
#2605=IFCWALL('3Xoqo5wev1F8mUoVn$JJiq',$,'L2|STUDIO_A',$,$,#2626,#2616,$,$);
#2606=IFCCARTESIANPOINTLIST2D(((0.,0.),(0.,150.),(9753.6000000000004,150.),(9753.6000000000004,0.),(0.,0.)));
#2607=IFCINDEXEDPOLYCURVE(#2606,$,.F.);
#2608=IFCDIRECTION((0.,0.,1.));
#2609=IFCARBITRARYCLOSEDPROFILEDEF(.AREA.,$,#2607);
#2610=IFCCARTESIANPOINT((0.,0.,0.));
#2611=IFCDIRECTION((0.,0.,1.));
#2612=IFCDIRECTION((1.,0.,0.));
#2613=IFCAXIS2PLACEMENT3D(#2610,#2611,#2612);
#2614=IFCEXTRUDEDAREASOLID(#2609,#2613,#2608,3200.4000000000001);
#2615=IFCSHAPEREPRESENTATION(#11,'Body','SweptSolid',(#2614));
#2616=IFCPRODUCTDEFINITIONSHAPE($,$,(#2615));
#2622=IFCCARTESIANPOINT((14325.6,27432.,7467.5999999999995));
#2623=IFCDIRECTION((0.,0.,1.));
#2624=IFCDIRECTION((1.,0.,0.));
#2625=IFCAXIS2PLACEMENT3D(#2622,#2623,#2624);
#2626=IFCLOCALPLACEMENT($,#2625);
#2627=IFCWALL('1cEICBcGj2AfyT6j9w4xE9',$,'L2|STUDIO_A',$,$,#2648,#2638,$,$);
#2628=IFCCARTESIANPOINTLIST2D(((0.,0.),(0.,150.),(7924.8000000000002,150.),(7924.8000000000002,0.),(0.,0.)));
#2629=IFCINDEXEDPOLYCURVE(#2628,$,.F.);
#2630=IFCDIRECTION((0.,0.,1.));
#2631=IFCARBITRARYCLOSEDPROFILEDEF(.AREA.,$,#2629);
#2632=IFCCARTESIANPOINT((0.,0.,0.));
#2633=IFCDIRECTION((0.,0.,1.));
#2634=IFCDIRECTION((1.,0.,0.));
#2635=IFCAXIS2PLACEMENT3D(#2632,#2633,#2634);
#2636=IFCEXTRUDEDAREASOLID(#2631,#2635,#2630,3200.4000000000001);
#2637=IFCSHAPEREPRESENTATION(#11,'Body','SweptSolid',(#2636));
#2638=IFCPRODUCTDEFINITIONSHAPE($,$,(#2637));
#2644=IFCCARTESIANPOINT((14325.6,19507.200000000001,7467.5999999999995));
#2645=IFCDIRECTION((0.,0.,1.));
#2646=IFCDIRECTION((6.123233995736766E-17,1.,0.));
#2647=IFCAXIS2PLACEMENT3D(#2644,#2645,#2646);
#2648=IFCLOCALPLACEMENT($,#2647);
#2649=IFCWALL('1GAGUrWuT4NR_iKSNgtDp2',$,'L2|STUDIO_A',$,$,#2670,#2660,$,$);
#2650=IFCCARTESIANPOINTLIST2D(((0.,0.),(0.,150.),(7924.8000000000002,150.),(7924.8000000000002,0.),(0.,0.)));
#2651=IFCINDEXEDPOLYCURVE(#2650,$,.F.);
#2652=IFCDIRECTION((0.,0.,1.));
#2653=IFCARBITRARYCLOSEDPROFILEDEF(.AREA.,$,#2651);
#2654=IFCCARTESIANPOINT((0.,0.,0.));
#2655=IFCDIRECTION((0.,0.,1.));
#2656=IFCDIRECTION((1.,0.,0.));
#2657=IFCAXIS2PLACEMENT3D(#2654,#2655,#2656);
#2658=IFCEXTRUDEDAREASOLID(#2653,#2657,#2652,3200.4000000000001);
#2659=IFCSHAPEREPRESENTATION(#11,'Body','SweptSolid',(#2658));
#2660=IFCPRODUCTDEFINITIONSHAPE($,$,(#2659));
#2666=IFCCARTESIANPOINT((24079.200000000001,19507.200000000001,7467.5999999999995));
#2667=IFCDIRECTION((0.,0.,1.));
#2668=IFCDIRECTION((6.123233995736766E-17,1.,0.));
#2669=IFCAXIS2PLACEMENT3D(#2666,#2667,#2668);
#2670=IFCLOCALPLACEMENT($,#2669);
#2671=IFCWALL('1nnGVfKBr44wPijt4_FXpq',$,'L2|ONEBR_A',$,$,#2692,#2682,$,$);
#2672=IFCCARTESIANPOINTLIST2D(((0.,0.),(0.,150.),(10363.200000000001,150.),(10363.200000000001,0.),(0.,0.)));
#2673=IFCINDEXEDPOLYCURVE(#2672,$,.F.);
#2674=IFCDIRECTION((0.,0.,1.));
#2675=IFCARBITRARYCLOSEDPROFILEDEF(.AREA.,$,#2673);
#2676=IFCCARTESIANPOINT((0.,0.,0.));
#2677=IFCDIRECTION((0.,0.,1.));
#2678=IFCDIRECTION((1.,0.,0.));
#2679=IFCAXIS2PLACEMENT3D(#2676,#2677,#2678);
#2680=IFCEXTRUDEDAREASOLID(#2675,#2679,#2674,3200.4000000000001);
#2681=IFCSHAPEREPRESENTATION(#11,'Body','SweptSolid',(#2680));
#2682=IFCPRODUCTDEFINITIONSHAPE($,$,(#2681));
#2688=IFCCARTESIANPOINT((28956.000000000004,19507.200000000001,7467.5999999999995));
#2689=IFCDIRECTION((0.,0.,1.));
#2690=IFCDIRECTION((1.,0.,0.));
#2691=IFCAXIS2PLACEMENT3D(#2688,#2689,#2690);
#2692=IFCLOCALPLACEMENT($,#2691);
#2693=IFCWALL('2C0YgHtSP4kx5Yw$jSryds',$,'L2|ONEBR_A',$,$,#2714,#2704,$,$);
#2694=IFCCARTESIANPOINTLIST2D(((0.,0.),(0.,150.),(10363.200000000001,150.),(10363.200000000001,0.),(0.,0.)));
#2695=IFCINDEXEDPOLYCURVE(#2694,$,.F.);
#2696=IFCDIRECTION((0.,0.,1.));
#2697=IFCARBITRARYCLOSEDPROFILEDEF(.AREA.,$,#2695);
#2698=IFCCARTESIANPOINT((0.,0.,0.));
#2699=IFCDIRECTION((0.,0.,1.));
#2700=IFCDIRECTION((1.,0.,0.));
#2701=IFCAXIS2PLACEMENT3D(#2698,#2699,#2700);
#2702=IFCEXTRUDEDAREASOLID(#2697,#2701,#2696,3200.4000000000001);
#2703=IFCSHAPEREPRESENTATION(#11,'Body','SweptSolid',(#2702));
#2704=IFCPRODUCTDEFINITIONSHAPE($,$,(#2703));
#2710=IFCCARTESIANPOINT((28956.000000000004,28651.200000000001,7467.5999999999995));
#2711=IFCDIRECTION((0.,0.,1.));
#2712=IFCDIRECTION((1.,0.,0.));
#2713=IFCAXIS2PLACEMENT3D(#2710,#2711,#2712);
#2714=IFCLOCALPLACEMENT($,#2713);
#2715=IFCWALL('25gS9uRob0n896xPxf9Oo6',$,'L2|ONEBR_A',$,$,#2736,#2726,$,$);
#2716=IFCCARTESIANPOINTLIST2D(((0.,0.),(0.,150.),(9144.,150.),(9144.,0.),(0.,0.)));
#2717=IFCINDEXEDPOLYCURVE(#2716,$,.F.);
#2718=IFCDIRECTION((0.,0.,1.));
#2719=IFCARBITRARYCLOSEDPROFILEDEF(.AREA.,$,#2717);
#2720=IFCCARTESIANPOINT((0.,0.,0.));
#2721=IFCDIRECTION((0.,0.,1.));
#2722=IFCDIRECTION((1.,0.,0.));
#2723=IFCAXIS2PLACEMENT3D(#2720,#2721,#2722);
#2724=IFCEXTRUDEDAREASOLID(#2719,#2723,#2718,3200.4000000000001);
#2725=IFCSHAPEREPRESENTATION(#11,'Body','SweptSolid',(#2724));
#2726=IFCPRODUCTDEFINITIONSHAPE($,$,(#2725));
#2732=IFCCARTESIANPOINT((28956.000000000004,19507.200000000001,7467.5999999999995));
#2733=IFCDIRECTION((0.,0.,1.));
#2734=IFCDIRECTION((6.123233995736766E-17,1.,0.));
#2735=IFCAXIS2PLACEMENT3D(#2732,#2733,#2734);
#2736=IFCLOCALPLACEMENT($,#2735);
#2737=IFCWALL('3$wyRvuJb1Eg4XdhQZUsQ8',$,'L2|ONEBR_A',$,$,#2758,#2748,$,$);
#2738=IFCCARTESIANPOINTLIST2D(((0.,0.),(0.,150.),(9144.,150.),(9144.,0.),(0.,0.)));
#2739=IFCINDEXEDPOLYCURVE(#2738,$,.F.);
#2740=IFCDIRECTION((0.,0.,1.));
#2741=IFCARBITRARYCLOSEDPROFILEDEF(.AREA.,$,#2739);
#2742=IFCCARTESIANPOINT((0.,0.,0.));
#2743=IFCDIRECTION((0.,0.,1.));
#2744=IFCDIRECTION((1.,0.,0.));
#2745=IFCAXIS2PLACEMENT3D(#2742,#2743,#2744);
#2746=IFCEXTRUDEDAREASOLID(#2741,#2745,#2740,3200.4000000000001);
#2747=IFCSHAPEREPRESENTATION(#11,'Body','SweptSolid',(#2746));
#2748=IFCPRODUCTDEFINITIONSHAPE($,$,(#2747));
#2754=IFCCARTESIANPOINT((39319.200000000004,19507.200000000001,7467.5999999999995));
#2755=IFCDIRECTION((0.,0.,1.));
#2756=IFCDIRECTION((6.123233995736766E-17,1.,0.));
#2757=IFCAXIS2PLACEMENT3D(#2754,#2755,#2756);
#2758=IFCLOCALPLACEMENT($,#2757);
#2759=IFCWALL('2wu9CzhGz3WxjT3u_EZANR',$,'L2|TWOBR_A',$,$,#2780,#2770,$,$);
#2760=IFCCARTESIANPOINTLIST2D(((0.,0.),(0.,150.),(10972.800000000001,150.),(10972.800000000001,0.),(0.,0.)));
#2761=IFCINDEXEDPOLYCURVE(#2760,$,.F.);
#2762=IFCDIRECTION((0.,0.,1.));
#2763=IFCARBITRARYCLOSEDPROFILEDEF(.AREA.,$,#2761);
#2764=IFCCARTESIANPOINT((0.,0.,0.));
#2765=IFCDIRECTION((0.,0.,1.));
#2766=IFCDIRECTION((1.,0.,0.));
#2767=IFCAXIS2PLACEMENT3D(#2764,#2765,#2766);
#2768=IFCEXTRUDEDAREASOLID(#2763,#2767,#2762,3200.4000000000001);
#2769=IFCSHAPEREPRESENTATION(#11,'Body','SweptSolid',(#2768));
#2770=IFCPRODUCTDEFINITIONSHAPE($,$,(#2769));
#2776=IFCCARTESIANPOINT((1524.,20726.400000000001,7467.5999999999995));
#2777=IFCDIRECTION((0.,0.,1.));
#2778=IFCDIRECTION((1.,0.,0.));
#2779=IFCAXIS2PLACEMENT3D(#2776,#2777,#2778);
#2780=IFCLOCALPLACEMENT($,#2779);
#2781=IFCWALL('2kruGeCID6twaENGQTQAsE',$,'L2|TWOBR_A',$,$,#2802,#2792,$,$);
#2782=IFCCARTESIANPOINTLIST2D(((0.,0.),(0.,150.),(10972.800000000001,150.),(10972.800000000001,0.),(0.,0.)));
#2783=IFCINDEXEDPOLYCURVE(#2782,$,.F.);
#2784=IFCDIRECTION((0.,0.,1.));
#2785=IFCARBITRARYCLOSEDPROFILEDEF(.AREA.,$,#2783);
#2786=IFCCARTESIANPOINT((0.,0.,0.));
#2787=IFCDIRECTION((0.,0.,1.));
#2788=IFCDIRECTION((1.,0.,0.));
#2789=IFCAXIS2PLACEMENT3D(#2786,#2787,#2788);
#2790=IFCEXTRUDEDAREASOLID(#2785,#2789,#2784,3200.4000000000001);
#2791=IFCSHAPEREPRESENTATION(#11,'Body','SweptSolid',(#2790));
#2792=IFCPRODUCTDEFINITIONSHAPE($,$,(#2791));
#2798=IFCCARTESIANPOINT((1524.,31089.599999999999,7467.5999999999995));
#2799=IFCDIRECTION((0.,0.,1.));
#2800=IFCDIRECTION((1.,0.,0.));
#2801=IFCAXIS2PLACEMENT3D(#2798,#2799,#2800);
#2802=IFCLOCALPLACEMENT($,#2801);
#2803=IFCWALL('3TiWwvoXz9wg3Mc7Em9XLb',$,'L2|TWOBR_A',$,$,#2824,#2814,$,$);
#2804=IFCCARTESIANPOINTLIST2D(((0.,0.),(0.,150.),(10363.200000000001,150.),(10363.200000000001,0.),(0.,0.)));
#2805=IFCINDEXEDPOLYCURVE(#2804,$,.F.);
#2806=IFCDIRECTION((0.,0.,1.));
#2807=IFCARBITRARYCLOSEDPROFILEDEF(.AREA.,$,#2805);
#2808=IFCCARTESIANPOINT((0.,0.,0.));
#2809=IFCDIRECTION((0.,0.,1.));
#2810=IFCDIRECTION((1.,0.,0.));
#2811=IFCAXIS2PLACEMENT3D(#2808,#2809,#2810);
#2812=IFCEXTRUDEDAREASOLID(#2807,#2811,#2806,3200.4000000000001);
#2813=IFCSHAPEREPRESENTATION(#11,'Body','SweptSolid',(#2812));
#2814=IFCPRODUCTDEFINITIONSHAPE($,$,(#2813));
#2820=IFCCARTESIANPOINT((1524.,20726.400000000001,7467.5999999999995));
#2821=IFCDIRECTION((0.,0.,1.));
#2822=IFCDIRECTION((6.123233995736766E-17,1.,0.));
#2823=IFCAXIS2PLACEMENT3D(#2820,#2821,#2822);
#2824=IFCLOCALPLACEMENT($,#2823);
#2825=IFCWALL('1jID3FTdn6eBwQsjMK7i3M',$,'L2|TWOBR_A',$,$,#2846,#2836,$,$);
#2826=IFCCARTESIANPOINTLIST2D(((0.,0.),(0.,150.),(10363.200000000001,150.),(10363.200000000001,0.),(0.,0.)));
#2827=IFCINDEXEDPOLYCURVE(#2826,$,.F.);
#2828=IFCDIRECTION((0.,0.,1.));
#2829=IFCARBITRARYCLOSEDPROFILEDEF(.AREA.,$,#2827);
#2830=IFCCARTESIANPOINT((0.,0.,0.));
#2831=IFCDIRECTION((0.,0.,1.));
#2832=IFCDIRECTION((1.,0.,0.));
#2833=IFCAXIS2PLACEMENT3D(#2830,#2831,#2832);
#2834=IFCEXTRUDEDAREASOLID(#2829,#2833,#2828,3200.4000000000001);
#2835=IFCSHAPEREPRESENTATION(#11,'Body','SweptSolid',(#2834));
#2836=IFCPRODUCTDEFINITIONSHAPE($,$,(#2835));
#2842=IFCCARTESIANPOINT((12496.799999999999,20726.400000000001,7467.5999999999995));
#2843=IFCDIRECTION((0.,0.,1.));
#2844=IFCDIRECTION((6.123233995736766E-17,1.,0.));
#2845=IFCAXIS2PLACEMENT3D(#2842,#2843,#2844);
#2846=IFCLOCALPLACEMENT($,#2845);
#2847=IFCWALL('14G9qjibD1JxS2WavSDFIq',$,'L2|ONEBR_A',$,$,#2868,#2858,$,$);
#2848=IFCCARTESIANPOINTLIST2D(((0.,0.),(0.,150.),(10363.200000000001,150.),(10363.200000000001,0.),(0.,0.)));
#2849=IFCINDEXEDPOLYCURVE(#2848,$,.F.);
#2850=IFCDIRECTION((0.,0.,1.));
#2851=IFCARBITRARYCLOSEDPROFILEDEF(.AREA.,$,#2849);
#2852=IFCCARTESIANPOINT((0.,0.,0.));
#2853=IFCDIRECTION((0.,0.,1.));
#2854=IFCDIRECTION((1.,0.,0.));
#2855=IFCAXIS2PLACEMENT3D(#2852,#2853,#2854);
#2856=IFCEXTRUDEDAREASOLID(#2851,#2855,#2850,3200.4000000000001);
#2857=IFCSHAPEREPRESENTATION(#11,'Body','SweptSolid',(#2856));
#2858=IFCPRODUCTDEFINITIONSHAPE($,$,(#2857));
#2864=IFCCARTESIANPOINT((41148.,20726.400000000001,7467.5999999999995));
#2865=IFCDIRECTION((0.,0.,1.));
#2866=IFCDIRECTION((1.,0.,0.));
#2867=IFCAXIS2PLACEMENT3D(#2864,#2865,#2866);
#2868=IFCLOCALPLACEMENT($,#2867);
#2869=IFCWALL('2o4vRoTy51lf7NPEfTH3IW',$,'L2|ONEBR_A',$,$,#2890,#2880,$,$);
#2870=IFCCARTESIANPOINTLIST2D(((0.,0.),(0.,150.),(10363.200000000001,150.),(10363.200000000001,0.),(0.,0.)));
#2871=IFCINDEXEDPOLYCURVE(#2870,$,.F.);
#2872=IFCDIRECTION((0.,0.,1.));
#2873=IFCARBITRARYCLOSEDPROFILEDEF(.AREA.,$,#2871);
#2874=IFCCARTESIANPOINT((0.,0.,0.));
#2875=IFCDIRECTION((0.,0.,1.));
#2876=IFCDIRECTION((1.,0.,0.));
#2877=IFCAXIS2PLACEMENT3D(#2874,#2875,#2876);
#2878=IFCEXTRUDEDAREASOLID(#2873,#2877,#2872,3200.4000000000001);
#2879=IFCSHAPEREPRESENTATION(#11,'Body','SweptSolid',(#2878));
#2880=IFCPRODUCTDEFINITIONSHAPE($,$,(#2879));
#2886=IFCCARTESIANPOINT((41148.,29870.399999999998,7467.5999999999995));
#2887=IFCDIRECTION((0.,0.,1.));
#2888=IFCDIRECTION((1.,0.,0.));
#2889=IFCAXIS2PLACEMENT3D(#2886,#2887,#2888);
#2890=IFCLOCALPLACEMENT($,#2889);
#2891=IFCWALL('11HqszFJb8ow1ExecsXbOE',$,'L2|ONEBR_A',$,$,#2912,#2902,$,$);
#2892=IFCCARTESIANPOINTLIST2D(((0.,0.),(0.,150.),(9144.,150.),(9144.,0.),(0.,0.)));
#2893=IFCINDEXEDPOLYCURVE(#2892,$,.F.);
#2894=IFCDIRECTION((0.,0.,1.));
#2895=IFCARBITRARYCLOSEDPROFILEDEF(.AREA.,$,#2893);
#2896=IFCCARTESIANPOINT((0.,0.,0.));
#2897=IFCDIRECTION((0.,0.,1.));
#2898=IFCDIRECTION((1.,0.,0.));
#2899=IFCAXIS2PLACEMENT3D(#2896,#2897,#2898);
#2900=IFCEXTRUDEDAREASOLID(#2895,#2899,#2894,3200.4000000000001);
#2901=IFCSHAPEREPRESENTATION(#11,'Body','SweptSolid',(#2900));
#2902=IFCPRODUCTDEFINITIONSHAPE($,$,(#2901));
#2908=IFCCARTESIANPOINT((41148.,20726.400000000001,7467.5999999999995));
#2909=IFCDIRECTION((0.,0.,1.));
#2910=IFCDIRECTION((6.123233995736766E-17,1.,0.));
#2911=IFCAXIS2PLACEMENT3D(#2908,#2909,#2910);
#2912=IFCLOCALPLACEMENT($,#2911);
#2913=IFCWALL('1L7iQVj2PAgBrQh5bgj$Ue',$,'L2|ONEBR_A',$,$,#2934,#2924,$,$);
#2914=IFCCARTESIANPOINTLIST2D(((0.,0.),(0.,150.),(9144.,150.),(9144.,0.),(0.,0.)));
#2915=IFCINDEXEDPOLYCURVE(#2914,$,.F.);
#2916=IFCDIRECTION((0.,0.,1.));
#2917=IFCARBITRARYCLOSEDPROFILEDEF(.AREA.,$,#2915);
#2918=IFCCARTESIANPOINT((0.,0.,0.));
#2919=IFCDIRECTION((0.,0.,1.));
#2920=IFCDIRECTION((1.,0.,0.));
#2921=IFCAXIS2PLACEMENT3D(#2918,#2919,#2920);
#2922=IFCEXTRUDEDAREASOLID(#2917,#2921,#2916,3200.4000000000001);
#2923=IFCSHAPEREPRESENTATION(#11,'Body','SweptSolid',(#2922));
#2924=IFCPRODUCTDEFINITIONSHAPE($,$,(#2923));
#2930=IFCCARTESIANPOINT((51511.200000000004,20726.400000000001,7467.5999999999995));
#2931=IFCDIRECTION((0.,0.,1.));
#2932=IFCDIRECTION((6.123233995736766E-17,1.,0.));
#2933=IFCAXIS2PLACEMENT3D(#2930,#2931,#2932);
#2934=IFCLOCALPLACEMENT($,#2933);
#2935=IFCWALL('1zvs3278H2a9FfGJfymxxh',$,'L2|TWOBR_A',$,$,#2956,#2946,$,$);
#2936=IFCCARTESIANPOINTLIST2D(((0.,0.),(0.,150.),(10972.800000000001,150.),(10972.800000000001,0.),(0.,0.)));
#2937=IFCINDEXEDPOLYCURVE(#2936,$,.F.);
#2938=IFCDIRECTION((0.,0.,1.));
#2939=IFCARBITRARYCLOSEDPROFILEDEF(.AREA.,$,#2937);
#2940=IFCCARTESIANPOINT((0.,0.,0.));
#2941=IFCDIRECTION((0.,0.,1.));
#2942=IFCDIRECTION((1.,0.,0.));
#2943=IFCAXIS2PLACEMENT3D(#2940,#2941,#2942);
#2944=IFCEXTRUDEDAREASOLID(#2939,#2943,#2938,3200.4000000000001);
#2945=IFCSHAPEREPRESENTATION(#11,'Body','SweptSolid',(#2944));
#2946=IFCPRODUCTDEFINITIONSHAPE($,$,(#2945));
#2952=IFCCARTESIANPOINT((14325.6,27432.,7467.5999999999995));
#2953=IFCDIRECTION((0.,0.,1.));
#2954=IFCDIRECTION((1.,0.,0.));
#2955=IFCAXIS2PLACEMENT3D(#2952,#2953,#2954);
#2956=IFCLOCALPLACEMENT($,#2955);
#2957=IFCWALL('1cKreeokT3iRtwgVEfavCC',$,'L2|TWOBR_A',$,$,#2978,#2968,$,$);
#2958=IFCCARTESIANPOINTLIST2D(((0.,0.),(0.,150.),(10972.800000000001,150.),(10972.800000000001,0.),(0.,0.)));
#2959=IFCINDEXEDPOLYCURVE(#2958,$,.F.);
#2960=IFCDIRECTION((0.,0.,1.));
#2961=IFCARBITRARYCLOSEDPROFILEDEF(.AREA.,$,#2959);
#2962=IFCCARTESIANPOINT((0.,0.,0.));
#2963=IFCDIRECTION((0.,0.,1.));
#2964=IFCDIRECTION((1.,0.,0.));
#2965=IFCAXIS2PLACEMENT3D(#2962,#2963,#2964);
#2966=IFCEXTRUDEDAREASOLID(#2961,#2965,#2960,3200.4000000000001);
#2967=IFCSHAPEREPRESENTATION(#11,'Body','SweptSolid',(#2966));
#2968=IFCPRODUCTDEFINITIONSHAPE($,$,(#2967));
#2974=IFCCARTESIANPOINT((14325.6,37795.199999999997,7467.5999999999995));
#2975=IFCDIRECTION((0.,0.,1.));
#2976=IFCDIRECTION((1.,0.,0.));
#2977=IFCAXIS2PLACEMENT3D(#2974,#2975,#2976);
#2978=IFCLOCALPLACEMENT($,#2977);
#2979=IFCWALL('2Is8tOXYr7nuu8Hj5PKpvn',$,'L2|TWOBR_A',$,$,#3000,#2990,$,$);
#2980=IFCCARTESIANPOINTLIST2D(((0.,0.),(0.,150.),(10363.200000000001,150.),(10363.200000000001,0.),(0.,0.)));
#2981=IFCINDEXEDPOLYCURVE(#2980,$,.F.);
#2982=IFCDIRECTION((0.,0.,1.));
#2983=IFCARBITRARYCLOSEDPROFILEDEF(.AREA.,$,#2981);
#2984=IFCCARTESIANPOINT((0.,0.,0.));
#2985=IFCDIRECTION((0.,0.,1.));
#2986=IFCDIRECTION((1.,0.,0.));
#2987=IFCAXIS2PLACEMENT3D(#2984,#2985,#2986);
#2988=IFCEXTRUDEDAREASOLID(#2983,#2987,#2982,3200.4000000000001);
#2989=IFCSHAPEREPRESENTATION(#11,'Body','SweptSolid',(#2988));
#2990=IFCPRODUCTDEFINITIONSHAPE($,$,(#2989));
#2996=IFCCARTESIANPOINT((14325.6,27432.,7467.5999999999995));
#2997=IFCDIRECTION((0.,0.,1.));
#2998=IFCDIRECTION((6.123233995736766E-17,1.,0.));
#2999=IFCAXIS2PLACEMENT3D(#2996,#2997,#2998);
#3000=IFCLOCALPLACEMENT($,#2999);
#3001=IFCWALL('3s9YQenEz7Tvv5o2k_Cqeq',$,'L2|TWOBR_A',$,$,#3022,#3012,$,$);
#3002=IFCCARTESIANPOINTLIST2D(((0.,0.),(0.,150.),(10363.200000000001,150.),(10363.200000000001,0.),(0.,0.)));
#3003=IFCINDEXEDPOLYCURVE(#3002,$,.F.);
#3004=IFCDIRECTION((0.,0.,1.));
#3005=IFCARBITRARYCLOSEDPROFILEDEF(.AREA.,$,#3003);
#3006=IFCCARTESIANPOINT((0.,0.,0.));
#3007=IFCDIRECTION((0.,0.,1.));
#3008=IFCDIRECTION((1.,0.,0.));
#3009=IFCAXIS2PLACEMENT3D(#3006,#3007,#3008);
#3010=IFCEXTRUDEDAREASOLID(#3005,#3009,#3004,3200.4000000000001);
#3011=IFCSHAPEREPRESENTATION(#11,'Body','SweptSolid',(#3010));
#3012=IFCPRODUCTDEFINITIONSHAPE($,$,(#3011));
#3018=IFCCARTESIANPOINT((25298.400000000001,27432.,7467.5999999999995));
#3019=IFCDIRECTION((0.,0.,1.));
#3020=IFCDIRECTION((6.123233995736766E-17,1.,0.));
#3021=IFCAXIS2PLACEMENT3D(#3018,#3019,#3020);
#3022=IFCLOCALPLACEMENT($,#3021);
#3023=IFCWALL('0xmU44eLL9R8KqOgskVUIb',$,'L2|STUDIO_A',$,$,#3044,#3034,$,$);
#3024=IFCCARTESIANPOINTLIST2D(((0.,0.),(0.,150.),(9753.6000000000004,150.),(9753.6000000000004,0.),(0.,0.)));
#3025=IFCINDEXEDPOLYCURVE(#3024,$,.F.);
#3026=IFCDIRECTION((0.,0.,1.));
#3027=IFCARBITRARYCLOSEDPROFILEDEF(.AREA.,$,#3025);
#3028=IFCCARTESIANPOINT((0.,0.,0.));
#3029=IFCDIRECTION((0.,0.,1.));
#3030=IFCDIRECTION((1.,0.,0.));
#3031=IFCAXIS2PLACEMENT3D(#3028,#3029,#3030);
#3032=IFCEXTRUDEDAREASOLID(#3027,#3031,#3026,3200.4000000000001);
#3033=IFCSHAPEREPRESENTATION(#11,'Body','SweptSolid',(#3032));
#3034=IFCPRODUCTDEFINITIONSHAPE($,$,(#3033));
#3040=IFCCARTESIANPOINT((29565.599999999999,28651.200000000001,7467.5999999999995));
#3041=IFCDIRECTION((0.,0.,1.));
#3042=IFCDIRECTION((1.,0.,0.));
#3043=IFCAXIS2PLACEMENT3D(#3040,#3041,#3042);
#3044=IFCLOCALPLACEMENT($,#3043);
#3045=IFCWALL('3Ze9P8vQ552BQFcxMqrBe1',$,'L2|STUDIO_A',$,$,#3066,#3056,$,$);
#3046=IFCCARTESIANPOINTLIST2D(((0.,0.),(0.,150.),(9753.6000000000004,150.),(9753.6000000000004,0.),(0.,0.)));
#3047=IFCINDEXEDPOLYCURVE(#3046,$,.F.);
#3048=IFCDIRECTION((0.,0.,1.));
#3049=IFCARBITRARYCLOSEDPROFILEDEF(.AREA.,$,#3047);
#3050=IFCCARTESIANPOINT((0.,0.,0.));
#3051=IFCDIRECTION((0.,0.,1.));
#3052=IFCDIRECTION((1.,0.,0.));
#3053=IFCAXIS2PLACEMENT3D(#3050,#3051,#3052);
#3054=IFCEXTRUDEDAREASOLID(#3049,#3053,#3048,3200.4000000000001);
#3055=IFCSHAPEREPRESENTATION(#11,'Body','SweptSolid',(#3054));
#3056=IFCPRODUCTDEFINITIONSHAPE($,$,(#3055));
#3062=IFCCARTESIANPOINT((29565.599999999999,36576.,7467.5999999999995));
#3063=IFCDIRECTION((0.,0.,1.));
#3064=IFCDIRECTION((1.,0.,0.));
#3065=IFCAXIS2PLACEMENT3D(#3062,#3063,#3064);
#3066=IFCLOCALPLACEMENT($,#3065);
#3067=IFCWALL('0Tc$hlzIrECRlCfAcopB63',$,'L2|STUDIO_A',$,$,#3088,#3078,$,$);
#3068=IFCCARTESIANPOINTLIST2D(((0.,0.),(0.,150.),(7924.8000000000002,150.),(7924.8000000000002,0.),(0.,0.)));
#3069=IFCINDEXEDPOLYCURVE(#3068,$,.F.);
#3070=IFCDIRECTION((0.,0.,1.));
#3071=IFCARBITRARYCLOSEDPROFILEDEF(.AREA.,$,#3069);
#3072=IFCCARTESIANPOINT((0.,0.,0.));
#3073=IFCDIRECTION((0.,0.,1.));
#3074=IFCDIRECTION((1.,0.,0.));
#3075=IFCAXIS2PLACEMENT3D(#3072,#3073,#3074);
#3076=IFCEXTRUDEDAREASOLID(#3071,#3075,#3070,3200.4000000000001);
#3077=IFCSHAPEREPRESENTATION(#11,'Body','SweptSolid',(#3076));
#3078=IFCPRODUCTDEFINITIONSHAPE($,$,(#3077));
#3084=IFCCARTESIANPOINT((29565.599999999999,28651.200000000001,7467.5999999999995));
#3085=IFCDIRECTION((0.,0.,1.));
#3086=IFCDIRECTION((6.123233995736766E-17,1.,0.));
#3087=IFCAXIS2PLACEMENT3D(#3084,#3085,#3086);
#3088=IFCLOCALPLACEMENT($,#3087);
#3089=IFCWALL('2JHiEwo3z9zg38i0ME5c7J',$,'L2|STUDIO_A',$,$,#3110,#3100,$,$);
#3090=IFCCARTESIANPOINTLIST2D(((0.,0.),(0.,150.),(7924.8000000000002,150.),(7924.8000000000002,0.),(0.,0.)));
#3091=IFCINDEXEDPOLYCURVE(#3090,$,.F.);
#3092=IFCDIRECTION((0.,0.,1.));
#3093=IFCARBITRARYCLOSEDPROFILEDEF(.AREA.,$,#3091);
#3094=IFCCARTESIANPOINT((0.,0.,0.));
#3095=IFCDIRECTION((0.,0.,1.));
#3096=IFCDIRECTION((1.,0.,0.));
#3097=IFCAXIS2PLACEMENT3D(#3094,#3095,#3096);
#3098=IFCEXTRUDEDAREASOLID(#3093,#3097,#3092,3200.4000000000001);
#3099=IFCSHAPEREPRESENTATION(#11,'Body','SweptSolid',(#3098));
#3100=IFCPRODUCTDEFINITIONSHAPE($,$,(#3099));
#3106=IFCCARTESIANPOINT((39319.200000000004,28651.200000000001,7467.5999999999995));
#3107=IFCDIRECTION((0.,0.,1.));
#3108=IFCDIRECTION((6.123233995736766E-17,1.,0.));
#3109=IFCAXIS2PLACEMENT3D(#3106,#3107,#3108);
#3110=IFCLOCALPLACEMENT($,#3109);
#3111=IFCWALL('3KPCIX1f90ovczEZHL9wqc',$,'L2|ONEBR_A',$,$,#3132,#3122,$,$);
#3112=IFCCARTESIANPOINTLIST2D(((0.,0.),(0.,150.),(10363.200000000001,150.),(10363.200000000001,0.),(0.,0.)));
#3113=IFCINDEXEDPOLYCURVE(#3112,$,.F.);
#3114=IFCDIRECTION((0.,0.,1.));
#3115=IFCARBITRARYCLOSEDPROFILEDEF(.AREA.,$,#3113);
#3116=IFCCARTESIANPOINT((0.,0.,0.));
#3117=IFCDIRECTION((0.,0.,1.));
#3118=IFCDIRECTION((1.,0.,0.));
#3119=IFCAXIS2PLACEMENT3D(#3116,#3117,#3118);
#3120=IFCEXTRUDEDAREASOLID(#3115,#3119,#3114,3200.4000000000001);
#3121=IFCSHAPEREPRESENTATION(#11,'Body','SweptSolid',(#3120));
#3122=IFCPRODUCTDEFINITIONSHAPE($,$,(#3121));
#3128=IFCCARTESIANPOINT((41148.,29870.399999999998,7467.5999999999995));
#3129=IFCDIRECTION((0.,0.,1.));
#3130=IFCDIRECTION((1.,0.,0.));
#3131=IFCAXIS2PLACEMENT3D(#3128,#3129,#3130);
#3132=IFCLOCALPLACEMENT($,#3131);
#3133=IFCWALL('1_vJC_u0nBYA$bULcPYmHq',$,'L2|ONEBR_A',$,$,#3154,#3144,$,$);
#3134=IFCCARTESIANPOINTLIST2D(((0.,0.),(0.,150.),(10363.200000000001,150.),(10363.200000000001,0.),(0.,0.)));
#3135=IFCINDEXEDPOLYCURVE(#3134,$,.F.);
#3136=IFCDIRECTION((0.,0.,1.));
#3137=IFCARBITRARYCLOSEDPROFILEDEF(.AREA.,$,#3135);
#3138=IFCCARTESIANPOINT((0.,0.,0.));
#3139=IFCDIRECTION((0.,0.,1.));
#3140=IFCDIRECTION((1.,0.,0.));
#3141=IFCAXIS2PLACEMENT3D(#3138,#3139,#3140);
#3142=IFCEXTRUDEDAREASOLID(#3137,#3141,#3136,3200.4000000000001);
#3143=IFCSHAPEREPRESENTATION(#11,'Body','SweptSolid',(#3142));
#3144=IFCPRODUCTDEFINITIONSHAPE($,$,(#3143));
#3150=IFCCARTESIANPOINT((41148.,39014.400000000001,7467.5999999999995));
#3151=IFCDIRECTION((0.,0.,1.));
#3152=IFCDIRECTION((1.,0.,0.));
#3153=IFCAXIS2PLACEMENT3D(#3150,#3151,#3152);
#3154=IFCLOCALPLACEMENT($,#3153);
#3155=IFCWALL('1_7YLKbKrB$wATG1$wXdeQ',$,'L2|ONEBR_A',$,$,#3176,#3166,$,$);
#3156=IFCCARTESIANPOINTLIST2D(((0.,0.),(0.,150.),(9144.,150.),(9144.,0.),(0.,0.)));
#3157=IFCINDEXEDPOLYCURVE(#3156,$,.F.);
#3158=IFCDIRECTION((0.,0.,1.));
#3159=IFCARBITRARYCLOSEDPROFILEDEF(.AREA.,$,#3157);
#3160=IFCCARTESIANPOINT((0.,0.,0.));
#3161=IFCDIRECTION((0.,0.,1.));
#3162=IFCDIRECTION((1.,0.,0.));
#3163=IFCAXIS2PLACEMENT3D(#3160,#3161,#3162);
#3164=IFCEXTRUDEDAREASOLID(#3159,#3163,#3158,3200.4000000000001);
#3165=IFCSHAPEREPRESENTATION(#11,'Body','SweptSolid',(#3164));
#3166=IFCPRODUCTDEFINITIONSHAPE($,$,(#3165));
#3172=IFCCARTESIANPOINT((41148.,29870.399999999998,7467.5999999999995));
#3173=IFCDIRECTION((0.,0.,1.));
#3174=IFCDIRECTION((6.123233995736766E-17,1.,0.));
#3175=IFCAXIS2PLACEMENT3D(#3172,#3173,#3174);
#3176=IFCLOCALPLACEMENT($,#3175);
#3177=IFCWALL('3$jhJAmTj0gPyWShNW6RRT',$,'L2|ONEBR_A',$,$,#3198,#3188,$,$);
#3178=IFCCARTESIANPOINTLIST2D(((0.,0.),(0.,150.),(9144.,150.),(9144.,0.),(0.,0.)));
#3179=IFCINDEXEDPOLYCURVE(#3178,$,.F.);
#3180=IFCDIRECTION((0.,0.,1.));
#3181=IFCARBITRARYCLOSEDPROFILEDEF(.AREA.,$,#3179);
#3182=IFCCARTESIANPOINT((0.,0.,0.));
#3183=IFCDIRECTION((0.,0.,1.));
#3184=IFCDIRECTION((1.,0.,0.));
#3185=IFCAXIS2PLACEMENT3D(#3182,#3183,#3184);
#3186=IFCEXTRUDEDAREASOLID(#3181,#3185,#3180,3200.4000000000001);
#3187=IFCSHAPEREPRESENTATION(#11,'Body','SweptSolid',(#3186));
#3188=IFCPRODUCTDEFINITIONSHAPE($,$,(#3187));
#3194=IFCCARTESIANPOINT((51511.200000000004,29870.399999999998,7467.5999999999995));
#3195=IFCDIRECTION((0.,0.,1.));
#3196=IFCDIRECTION((6.123233995736766E-17,1.,0.));
#3197=IFCAXIS2PLACEMENT3D(#3194,#3195,#3196);
#3198=IFCLOCALPLACEMENT($,#3197);
#3199=IFCWALL('3Pp8l$l259JvbP3v4$onQd',$,'L2|ONEBR_A',$,$,#3220,#3210,$,$);
#3200=IFCCARTESIANPOINTLIST2D(((0.,0.),(0.,150.),(10363.200000000001,150.),(10363.200000000001,0.),(0.,0.)));
#3201=IFCINDEXEDPOLYCURVE(#3200,$,.F.);
#3202=IFCDIRECTION((0.,0.,1.));
#3203=IFCARBITRARYCLOSEDPROFILEDEF(.AREA.,$,#3201);
#3204=IFCCARTESIANPOINT((0.,0.,0.));
#3205=IFCDIRECTION((0.,0.,1.));
#3206=IFCDIRECTION((1.,0.,0.));
#3207=IFCAXIS2PLACEMENT3D(#3204,#3205,#3206);
#3208=IFCEXTRUDEDAREASOLID(#3203,#3207,#3202,3200.4000000000001);
#3209=IFCSHAPEREPRESENTATION(#11,'Body','SweptSolid',(#3208));
#3210=IFCPRODUCTDEFINITIONSHAPE($,$,(#3209));
#3216=IFCCARTESIANPOINT((2133.5999999999999,31089.599999999999,7467.5999999999995));
#3217=IFCDIRECTION((0.,0.,1.));
#3218=IFCDIRECTION((1.,0.,0.));
#3219=IFCAXIS2PLACEMENT3D(#3216,#3217,#3218);
#3220=IFCLOCALPLACEMENT($,#3219);
#3221=IFCWALL('3wcs1TzRvFoQ0m9tpQEsQg',$,'L2|ONEBR_A',$,$,#3242,#3232,$,$);
#3222=IFCCARTESIANPOINTLIST2D(((0.,0.),(0.,150.),(10363.200000000001,150.),(10363.200000000001,0.),(0.,0.)));
#3223=IFCINDEXEDPOLYCURVE(#3222,$,.F.);
#3224=IFCDIRECTION((0.,0.,1.));
#3225=IFCARBITRARYCLOSEDPROFILEDEF(.AREA.,$,#3223);
#3226=IFCCARTESIANPOINT((0.,0.,0.));
#3227=IFCDIRECTION((0.,0.,1.));
#3228=IFCDIRECTION((1.,0.,0.));
#3229=IFCAXIS2PLACEMENT3D(#3226,#3227,#3228);
#3230=IFCEXTRUDEDAREASOLID(#3225,#3229,#3224,3200.4000000000001);
#3231=IFCSHAPEREPRESENTATION(#11,'Body','SweptSolid',(#3230));
#3232=IFCPRODUCTDEFINITIONSHAPE($,$,(#3231));
#3238=IFCCARTESIANPOINT((2133.5999999999999,40233.599999999999,7467.5999999999995));
#3239=IFCDIRECTION((0.,0.,1.));
#3240=IFCDIRECTION((1.,0.,0.));
#3241=IFCAXIS2PLACEMENT3D(#3238,#3239,#3240);
#3242=IFCLOCALPLACEMENT($,#3241);
#3243=IFCWALL('2Yv6huOoP9X9Vjsp6I8bXr',$,'L2|ONEBR_A',$,$,#3264,#3254,$,$);
#3244=IFCCARTESIANPOINTLIST2D(((0.,0.),(0.,150.),(9144.,150.),(9144.,0.),(0.,0.)));
#3245=IFCINDEXEDPOLYCURVE(#3244,$,.F.);
#3246=IFCDIRECTION((0.,0.,1.));
#3247=IFCARBITRARYCLOSEDPROFILEDEF(.AREA.,$,#3245);
#3248=IFCCARTESIANPOINT((0.,0.,0.));
#3249=IFCDIRECTION((0.,0.,1.));
#3250=IFCDIRECTION((1.,0.,0.));
#3251=IFCAXIS2PLACEMENT3D(#3248,#3249,#3250);
#3252=IFCEXTRUDEDAREASOLID(#3247,#3251,#3246,3200.4000000000001);
#3253=IFCSHAPEREPRESENTATION(#11,'Body','SweptSolid',(#3252));
#3254=IFCPRODUCTDEFINITIONSHAPE($,$,(#3253));
#3260=IFCCARTESIANPOINT((2133.5999999999999,31089.599999999999,7467.5999999999995));
#3261=IFCDIRECTION((0.,0.,1.));
#3262=IFCDIRECTION((6.123233995736766E-17,1.,0.));
#3263=IFCAXIS2PLACEMENT3D(#3260,#3261,#3262);
#3264=IFCLOCALPLACEMENT($,#3263);
#3265=IFCWALL('2ei$T0KaDAh8LE4m12Oqvz',$,'L2|ONEBR_A',$,$,#3286,#3276,$,$);
#3266=IFCCARTESIANPOINTLIST2D(((0.,0.),(0.,150.),(9144.,150.),(9144.,0.),(0.,0.)));
#3267=IFCINDEXEDPOLYCURVE(#3266,$,.F.);
#3268=IFCDIRECTION((0.,0.,1.));
#3269=IFCARBITRARYCLOSEDPROFILEDEF(.AREA.,$,#3267);
#3270=IFCCARTESIANPOINT((0.,0.,0.));
#3271=IFCDIRECTION((0.,0.,1.));
#3272=IFCDIRECTION((1.,0.,0.));
#3273=IFCAXIS2PLACEMENT3D(#3270,#3271,#3272);
#3274=IFCEXTRUDEDAREASOLID(#3269,#3273,#3268,3200.4000000000001);
#3275=IFCSHAPEREPRESENTATION(#11,'Body','SweptSolid',(#3274));
#3276=IFCPRODUCTDEFINITIONSHAPE($,$,(#3275));
#3282=IFCCARTESIANPOINT((12496.799999999999,31089.599999999999,7467.5999999999995));
#3283=IFCDIRECTION((0.,0.,1.));
#3284=IFCDIRECTION((6.123233995736766E-17,1.,0.));
#3285=IFCAXIS2PLACEMENT3D(#3282,#3283,#3284);
#3286=IFCLOCALPLACEMENT($,#3285);
#3287=IFCWALL('0zOE$GWGXEuAfAAMU5WZEJ',$,'L2|TWOBR_A',$,$,#3308,#3298,$,$);
#3288=IFCCARTESIANPOINTLIST2D(((0.,0.),(0.,150.),(10972.800000000001,150.),(10972.800000000001,0.),(0.,0.)));
#3289=IFCINDEXEDPOLYCURVE(#3288,$,.F.);
#3290=IFCDIRECTION((0.,0.,1.));
#3291=IFCARBITRARYCLOSEDPROFILEDEF(.AREA.,$,#3289);
#3292=IFCCARTESIANPOINT((0.,0.,0.));
#3293=IFCDIRECTION((0.,0.,1.));
#3294=IFCDIRECTION((1.,0.,0.));
#3295=IFCAXIS2PLACEMENT3D(#3292,#3293,#3294);
#3296=IFCEXTRUDEDAREASOLID(#3291,#3295,#3290,3200.4000000000001);
#3297=IFCSHAPEREPRESENTATION(#11,'Body','SweptSolid',(#3296));
#3298=IFCPRODUCTDEFINITIONSHAPE($,$,(#3297));
#3304=IFCCARTESIANPOINT((28346.400000000001,36576.,7467.5999999999995));
#3305=IFCDIRECTION((0.,0.,1.));
#3306=IFCDIRECTION((1.,0.,0.));
#3307=IFCAXIS2PLACEMENT3D(#3304,#3305,#3306);
#3308=IFCLOCALPLACEMENT($,#3307);
#3309=IFCWALL('2_H4_3nSPCkg81KIiuGNN4',$,'L2|TWOBR_A',$,$,#3330,#3320,$,$);
#3310=IFCCARTESIANPOINTLIST2D(((0.,0.),(0.,150.),(10972.800000000001,150.),(10972.800000000001,0.),(0.,0.)));
#3311=IFCINDEXEDPOLYCURVE(#3310,$,.F.);
#3312=IFCDIRECTION((0.,0.,1.));
#3313=IFCARBITRARYCLOSEDPROFILEDEF(.AREA.,$,#3311);
#3314=IFCCARTESIANPOINT((0.,0.,0.));
#3315=IFCDIRECTION((0.,0.,1.));
#3316=IFCDIRECTION((1.,0.,0.));
#3317=IFCAXIS2PLACEMENT3D(#3314,#3315,#3316);
#3318=IFCEXTRUDEDAREASOLID(#3313,#3317,#3312,3200.4000000000001);
#3319=IFCSHAPEREPRESENTATION(#11,'Body','SweptSolid',(#3318));
#3320=IFCPRODUCTDEFINITIONSHAPE($,$,(#3319));
#3326=IFCCARTESIANPOINT((28346.400000000001,46939.199999999997,7467.5999999999995));
#3327=IFCDIRECTION((0.,0.,1.));
#3328=IFCDIRECTION((1.,0.,0.));
#3329=IFCAXIS2PLACEMENT3D(#3326,#3327,#3328);
#3330=IFCLOCALPLACEMENT($,#3329);
#3331=IFCWALL('1Dn3WumdD9yfD2AVIF6dD2',$,'L2|TWOBR_A',$,$,#3352,#3342,$,$);
#3332=IFCCARTESIANPOINTLIST2D(((0.,0.),(0.,150.),(10363.200000000001,150.),(10363.200000000001,0.),(0.,0.)));
#3333=IFCINDEXEDPOLYCURVE(#3332,$,.F.);
#3334=IFCDIRECTION((0.,0.,1.));
#3335=IFCARBITRARYCLOSEDPROFILEDEF(.AREA.,$,#3333);
#3336=IFCCARTESIANPOINT((0.,0.,0.));
#3337=IFCDIRECTION((0.,0.,1.));
#3338=IFCDIRECTION((1.,0.,0.));
#3339=IFCAXIS2PLACEMENT3D(#3336,#3337,#3338);
#3340=IFCEXTRUDEDAREASOLID(#3335,#3339,#3334,3200.4000000000001);
#3341=IFCSHAPEREPRESENTATION(#11,'Body','SweptSolid',(#3340));
#3342=IFCPRODUCTDEFINITIONSHAPE($,$,(#3341));
#3348=IFCCARTESIANPOINT((28346.400000000001,36576.,7467.5999999999995));
#3349=IFCDIRECTION((0.,0.,1.));
#3350=IFCDIRECTION((6.123233995736766E-17,1.,0.));
#3351=IFCAXIS2PLACEMENT3D(#3348,#3349,#3350);
#3352=IFCLOCALPLACEMENT($,#3351);
#3353=IFCWALL('0JESJAH7TCyAm$$HljqNs1',$,'L2|TWOBR_A',$,$,#3374,#3364,$,$);
#3354=IFCCARTESIANPOINTLIST2D(((0.,0.),(0.,150.),(10363.200000000001,150.),(10363.200000000001,0.),(0.,0.)));
#3355=IFCINDEXEDPOLYCURVE(#3354,$,.F.);
#3356=IFCDIRECTION((0.,0.,1.));
#3357=IFCARBITRARYCLOSEDPROFILEDEF(.AREA.,$,#3355);
#3358=IFCCARTESIANPOINT((0.,0.,0.));
#3359=IFCDIRECTION((0.,0.,1.));
#3360=IFCDIRECTION((1.,0.,0.));
#3361=IFCAXIS2PLACEMENT3D(#3358,#3359,#3360);
#3362=IFCEXTRUDEDAREASOLID(#3357,#3361,#3356,3200.4000000000001);
#3363=IFCSHAPEREPRESENTATION(#11,'Body','SweptSolid',(#3362));
#3364=IFCPRODUCTDEFINITIONSHAPE($,$,(#3363));
#3370=IFCCARTESIANPOINT((39319.200000000004,36576.,7467.5999999999995));
#3371=IFCDIRECTION((0.,0.,1.));
#3372=IFCDIRECTION((6.123233995736766E-17,1.,0.));
#3373=IFCAXIS2PLACEMENT3D(#3370,#3371,#3372);
#3374=IFCLOCALPLACEMENT($,#3373);
#3375=IFCWALL('0c$40Gpor1MQ6BfmgX3ukK',$,'L2|STUDIO_A',$,$,#3396,#3386,$,$);
#3376=IFCCARTESIANPOINTLIST2D(((0.,0.),(0.,150.),(9753.6000000000004,150.),(9753.6000000000004,0.),(0.,0.)));
#3377=IFCINDEXEDPOLYCURVE(#3376,$,.F.);
#3378=IFCDIRECTION((0.,0.,1.));
#3379=IFCARBITRARYCLOSEDPROFILEDEF(.AREA.,$,#3377);
#3380=IFCCARTESIANPOINT((0.,0.,0.));
#3381=IFCDIRECTION((0.,0.,1.));
#3382=IFCDIRECTION((1.,0.,0.));
#3383=IFCAXIS2PLACEMENT3D(#3380,#3381,#3382);
#3384=IFCEXTRUDEDAREASOLID(#3379,#3383,#3378,3200.4000000000001);
#3385=IFCSHAPEREPRESENTATION(#11,'Body','SweptSolid',(#3384));
#3386=IFCPRODUCTDEFINITIONSHAPE($,$,(#3385));
#3392=IFCCARTESIANPOINT((14325.6,37795.199999999997,7467.5999999999995));
#3393=IFCDIRECTION((0.,0.,1.));
#3394=IFCDIRECTION((1.,0.,0.));
#3395=IFCAXIS2PLACEMENT3D(#3392,#3393,#3394);
#3396=IFCLOCALPLACEMENT($,#3395);
#3397=IFCWALL('07QIbkja5Bl89JbNeeZMsQ',$,'L2|STUDIO_A',$,$,#3418,#3408,$,$);
#3398=IFCCARTESIANPOINTLIST2D(((0.,0.),(0.,150.),(9753.6000000000004,150.),(9753.6000000000004,0.),(0.,0.)));
#3399=IFCINDEXEDPOLYCURVE(#3398,$,.F.);
#3400=IFCDIRECTION((0.,0.,1.));
#3401=IFCARBITRARYCLOSEDPROFILEDEF(.AREA.,$,#3399);
#3402=IFCCARTESIANPOINT((0.,0.,0.));
#3403=IFCDIRECTION((0.,0.,1.));
#3404=IFCDIRECTION((1.,0.,0.));
#3405=IFCAXIS2PLACEMENT3D(#3402,#3403,#3404);
#3406=IFCEXTRUDEDAREASOLID(#3401,#3405,#3400,3200.4000000000001);
#3407=IFCSHAPEREPRESENTATION(#11,'Body','SweptSolid',(#3406));
#3408=IFCPRODUCTDEFINITIONSHAPE($,$,(#3407));
#3414=IFCCARTESIANPOINT((14325.6,45720.,7467.5999999999995));
#3415=IFCDIRECTION((0.,0.,1.));
#3416=IFCDIRECTION((1.,0.,0.));
#3417=IFCAXIS2PLACEMENT3D(#3414,#3415,#3416);
#3418=IFCLOCALPLACEMENT($,#3417);
#3419=IFCWALL('2s4XTR1p93$QQO1i432pDF',$,'L2|STUDIO_A',$,$,#3440,#3430,$,$);
#3420=IFCCARTESIANPOINTLIST2D(((0.,0.),(0.,150.),(7924.8000000000002,150.),(7924.8000000000002,0.),(0.,0.)));
#3421=IFCINDEXEDPOLYCURVE(#3420,$,.F.);
#3422=IFCDIRECTION((0.,0.,1.));
#3423=IFCARBITRARYCLOSEDPROFILEDEF(.AREA.,$,#3421);
#3424=IFCCARTESIANPOINT((0.,0.,0.));
#3425=IFCDIRECTION((0.,0.,1.));
#3426=IFCDIRECTION((1.,0.,0.));
#3427=IFCAXIS2PLACEMENT3D(#3424,#3425,#3426);
#3428=IFCEXTRUDEDAREASOLID(#3423,#3427,#3422,3200.4000000000001);
#3429=IFCSHAPEREPRESENTATION(#11,'Body','SweptSolid',(#3428));
#3430=IFCPRODUCTDEFINITIONSHAPE($,$,(#3429));
#3436=IFCCARTESIANPOINT((14325.6,37795.199999999997,7467.5999999999995));
#3437=IFCDIRECTION((0.,0.,1.));
#3438=IFCDIRECTION((6.123233995736766E-17,1.,0.));
#3439=IFCAXIS2PLACEMENT3D(#3436,#3437,#3438);
#3440=IFCLOCALPLACEMENT($,#3439);
#3441=IFCWALL('31k61lA053gfkn7CqrZplQ',$,'L2|STUDIO_A',$,$,#3462,#3452,$,$);
#3442=IFCCARTESIANPOINTLIST2D(((0.,0.),(0.,150.),(7924.8000000000002,150.),(7924.8000000000002,0.),(0.,0.)));
#3443=IFCINDEXEDPOLYCURVE(#3442,$,.F.);
#3444=IFCDIRECTION((0.,0.,1.));
#3445=IFCARBITRARYCLOSEDPROFILEDEF(.AREA.,$,#3443);
#3446=IFCCARTESIANPOINT((0.,0.,0.));
#3447=IFCDIRECTION((0.,0.,1.));
#3448=IFCDIRECTION((1.,0.,0.));
#3449=IFCAXIS2PLACEMENT3D(#3446,#3447,#3448);
#3450=IFCEXTRUDEDAREASOLID(#3445,#3449,#3444,3200.4000000000001);
#3451=IFCSHAPEREPRESENTATION(#11,'Body','SweptSolid',(#3450));
#3452=IFCPRODUCTDEFINITIONSHAPE($,$,(#3451));
#3458=IFCCARTESIANPOINT((24079.200000000001,37795.199999999997,7467.5999999999995));
#3459=IFCDIRECTION((0.,0.,1.));
#3460=IFCDIRECTION((6.123233995736766E-17,1.,0.));
#3461=IFCAXIS2PLACEMENT3D(#3458,#3459,#3460);
#3462=IFCLOCALPLACEMENT($,#3461);
#3463=IFCWALL('0hzOJsZBz6yuSSFk47eReY',$,'L2|ONEBR_A',$,$,#3484,#3474,$,$);
#3464=IFCCARTESIANPOINTLIST2D(((0.,0.),(0.,150.),(10363.200000000001,150.),(10363.200000000001,0.),(0.,0.)));
#3465=IFCINDEXEDPOLYCURVE(#3464,$,.F.);
#3466=IFCDIRECTION((0.,0.,1.));
#3467=IFCARBITRARYCLOSEDPROFILEDEF(.AREA.,$,#3465);
#3468=IFCCARTESIANPOINT((0.,0.,0.));
#3469=IFCDIRECTION((0.,0.,1.));
#3470=IFCDIRECTION((1.,0.,0.));
#3471=IFCAXIS2PLACEMENT3D(#3468,#3469,#3470);
#3472=IFCEXTRUDEDAREASOLID(#3467,#3471,#3466,3200.4000000000001);
#3473=IFCSHAPEREPRESENTATION(#11,'Body','SweptSolid',(#3472));
#3474=IFCPRODUCTDEFINITIONSHAPE($,$,(#3473));
#3480=IFCCARTESIANPOINT((41148.,39014.400000000001,7467.5999999999995));
#3481=IFCDIRECTION((0.,0.,1.));
#3482=IFCDIRECTION((1.,0.,0.));
#3483=IFCAXIS2PLACEMENT3D(#3480,#3481,#3482);
#3484=IFCLOCALPLACEMENT($,#3483);
#3485=IFCWALL('3UKQwCF7L29wqQDjRcGgNt',$,'L2|ONEBR_A',$,$,#3506,#3496,$,$);
#3486=IFCCARTESIANPOINTLIST2D(((0.,0.),(0.,150.),(10363.200000000001,150.),(10363.200000000001,0.),(0.,0.)));
#3487=IFCINDEXEDPOLYCURVE(#3486,$,.F.);
#3488=IFCDIRECTION((0.,0.,1.));
#3489=IFCARBITRARYCLOSEDPROFILEDEF(.AREA.,$,#3487);
#3490=IFCCARTESIANPOINT((0.,0.,0.));
#3491=IFCDIRECTION((0.,0.,1.));
#3492=IFCDIRECTION((1.,0.,0.));
#3493=IFCAXIS2PLACEMENT3D(#3490,#3491,#3492);
#3494=IFCEXTRUDEDAREASOLID(#3489,#3493,#3488,3200.4000000000001);
#3495=IFCSHAPEREPRESENTATION(#11,'Body','SweptSolid',(#3494));
#3496=IFCPRODUCTDEFINITIONSHAPE($,$,(#3495));
#3502=IFCCARTESIANPOINT((41148.,48158.400000000001,7467.5999999999995));
#3503=IFCDIRECTION((0.,0.,1.));
#3504=IFCDIRECTION((1.,0.,0.));
#3505=IFCAXIS2PLACEMENT3D(#3502,#3503,#3504);
#3506=IFCLOCALPLACEMENT($,#3505);
#3507=IFCWALL('1NNj0mbG1E5fSJuAmvK$Qr',$,'L2|ONEBR_A',$,$,#3528,#3518,$,$);
#3508=IFCCARTESIANPOINTLIST2D(((0.,0.),(0.,150.),(9144.,150.),(9144.,0.),(0.,0.)));
#3509=IFCINDEXEDPOLYCURVE(#3508,$,.F.);
#3510=IFCDIRECTION((0.,0.,1.));
#3511=IFCARBITRARYCLOSEDPROFILEDEF(.AREA.,$,#3509);
#3512=IFCCARTESIANPOINT((0.,0.,0.));
#3513=IFCDIRECTION((0.,0.,1.));
#3514=IFCDIRECTION((1.,0.,0.));
#3515=IFCAXIS2PLACEMENT3D(#3512,#3513,#3514);
#3516=IFCEXTRUDEDAREASOLID(#3511,#3515,#3510,3200.4000000000001);
#3517=IFCSHAPEREPRESENTATION(#11,'Body','SweptSolid',(#3516));
#3518=IFCPRODUCTDEFINITIONSHAPE($,$,(#3517));
#3524=IFCCARTESIANPOINT((41148.,39014.400000000001,7467.5999999999995));
#3525=IFCDIRECTION((0.,0.,1.));
#3526=IFCDIRECTION((6.123233995736766E-17,1.,0.));
#3527=IFCAXIS2PLACEMENT3D(#3524,#3525,#3526);
#3528=IFCLOCALPLACEMENT($,#3527);
#3529=IFCWALL('34SdDk_A11Jekc_bTMuc55',$,'L2|ONEBR_A',$,$,#3550,#3540,$,$);
#3530=IFCCARTESIANPOINTLIST2D(((0.,0.),(0.,150.),(9144.,150.),(9144.,0.),(0.,0.)));
#3531=IFCINDEXEDPOLYCURVE(#3530,$,.F.);
#3532=IFCDIRECTION((0.,0.,1.));
#3533=IFCARBITRARYCLOSEDPROFILEDEF(.AREA.,$,#3531);
#3534=IFCCARTESIANPOINT((0.,0.,0.));
#3535=IFCDIRECTION((0.,0.,1.));
#3536=IFCDIRECTION((1.,0.,0.));
#3537=IFCAXIS2PLACEMENT3D(#3534,#3535,#3536);
#3538=IFCEXTRUDEDAREASOLID(#3533,#3537,#3532,3200.4000000000001);
#3539=IFCSHAPEREPRESENTATION(#11,'Body','SweptSolid',(#3538));
#3540=IFCPRODUCTDEFINITIONSHAPE($,$,(#3539));
#3546=IFCCARTESIANPOINT((51511.200000000004,39014.400000000001,7467.5999999999995));
#3547=IFCDIRECTION((0.,0.,1.));
#3548=IFCDIRECTION((6.123233995736766E-17,1.,0.));
#3549=IFCAXIS2PLACEMENT3D(#3546,#3547,#3548);
#3550=IFCLOCALPLACEMENT($,#3549);
#3551=IFCWALL('2E$0cIPDjFgBPgFtfn5vFp',$,'L2|TWOBR_A',$,$,#3572,#3562,$,$);
#3552=IFCCARTESIANPOINTLIST2D(((0.,0.),(0.,150.),(10972.800000000001,150.),(10972.800000000001,0.),(0.,0.)));
#3553=IFCINDEXEDPOLYCURVE(#3552,$,.F.);
#3554=IFCDIRECTION((0.,0.,1.));
#3555=IFCARBITRARYCLOSEDPROFILEDEF(.AREA.,$,#3553);
#3556=IFCCARTESIANPOINT((0.,0.,0.));
#3557=IFCDIRECTION((0.,0.,1.));
#3558=IFCDIRECTION((1.,0.,0.));
#3559=IFCAXIS2PLACEMENT3D(#3556,#3557,#3558);
#3560=IFCEXTRUDEDAREASOLID(#3555,#3559,#3554,3200.4000000000001);
#3561=IFCSHAPEREPRESENTATION(#11,'Body','SweptSolid',(#3560));
#3562=IFCPRODUCTDEFINITIONSHAPE($,$,(#3561));
#3568=IFCCARTESIANPOINT((1524.,40233.599999999999,7467.5999999999995));
#3569=IFCDIRECTION((0.,0.,1.));
#3570=IFCDIRECTION((1.,0.,0.));
#3571=IFCAXIS2PLACEMENT3D(#3568,#3569,#3570);
#3572=IFCLOCALPLACEMENT($,#3571);
#3573=IFCWALL('0TGjxIXUPFovhOcmV6JgJP',$,'L2|TWOBR_A',$,$,#3594,#3584,$,$);
#3574=IFCCARTESIANPOINTLIST2D(((0.,0.),(0.,150.),(10972.800000000001,150.),(10972.800000000001,0.),(0.,0.)));
#3575=IFCINDEXEDPOLYCURVE(#3574,$,.F.);
#3576=IFCDIRECTION((0.,0.,1.));
#3577=IFCARBITRARYCLOSEDPROFILEDEF(.AREA.,$,#3575);
#3578=IFCCARTESIANPOINT((0.,0.,0.));
#3579=IFCDIRECTION((0.,0.,1.));
#3580=IFCDIRECTION((1.,0.,0.));
#3581=IFCAXIS2PLACEMENT3D(#3578,#3579,#3580);
#3582=IFCEXTRUDEDAREASOLID(#3577,#3581,#3576,3200.4000000000001);
#3583=IFCSHAPEREPRESENTATION(#11,'Body','SweptSolid',(#3582));
#3584=IFCPRODUCTDEFINITIONSHAPE($,$,(#3583));
#3590=IFCCARTESIANPOINT((1524.,50596.800000000003,7467.5999999999995));
#3591=IFCDIRECTION((0.,0.,1.));
#3592=IFCDIRECTION((1.,0.,0.));
#3593=IFCAXIS2PLACEMENT3D(#3590,#3591,#3592);
#3594=IFCLOCALPLACEMENT($,#3593);
#3595=IFCWALL('1NXMEugu13exBoMLh$LyBl',$,'L2|TWOBR_A',$,$,#3616,#3606,$,$);
#3596=IFCCARTESIANPOINTLIST2D(((0.,0.),(0.,150.),(10363.200000000001,150.),(10363.200000000001,0.),(0.,0.)));
#3597=IFCINDEXEDPOLYCURVE(#3596,$,.F.);
#3598=IFCDIRECTION((0.,0.,1.));
#3599=IFCARBITRARYCLOSEDPROFILEDEF(.AREA.,$,#3597);
#3600=IFCCARTESIANPOINT((0.,0.,0.));
#3601=IFCDIRECTION((0.,0.,1.));
#3602=IFCDIRECTION((1.,0.,0.));
#3603=IFCAXIS2PLACEMENT3D(#3600,#3601,#3602);
#3604=IFCEXTRUDEDAREASOLID(#3599,#3603,#3598,3200.4000000000001);
#3605=IFCSHAPEREPRESENTATION(#11,'Body','SweptSolid',(#3604));
#3606=IFCPRODUCTDEFINITIONSHAPE($,$,(#3605));
#3612=IFCCARTESIANPOINT((1524.,40233.599999999999,7467.5999999999995));
#3613=IFCDIRECTION((0.,0.,1.));
#3614=IFCDIRECTION((6.123233995736766E-17,1.,0.));
#3615=IFCAXIS2PLACEMENT3D(#3612,#3613,#3614);
#3616=IFCLOCALPLACEMENT($,#3615);
#3617=IFCWALL('0qZkEJITLCif$0$4HWaxzh',$,'L2|TWOBR_A',$,$,#3638,#3628,$,$);
#3618=IFCCARTESIANPOINTLIST2D(((0.,0.),(0.,150.),(10363.200000000001,150.),(10363.200000000001,0.),(0.,0.)));
#3619=IFCINDEXEDPOLYCURVE(#3618,$,.F.);
#3620=IFCDIRECTION((0.,0.,1.));
#3621=IFCARBITRARYCLOSEDPROFILEDEF(.AREA.,$,#3619);
#3622=IFCCARTESIANPOINT((0.,0.,0.));
#3623=IFCDIRECTION((0.,0.,1.));
#3624=IFCDIRECTION((1.,0.,0.));
#3625=IFCAXIS2PLACEMENT3D(#3622,#3623,#3624);
#3626=IFCEXTRUDEDAREASOLID(#3621,#3625,#3620,3200.4000000000001);
#3627=IFCSHAPEREPRESENTATION(#11,'Body','SweptSolid',(#3626));
#3628=IFCPRODUCTDEFINITIONSHAPE($,$,(#3627));
#3634=IFCCARTESIANPOINT((12496.799999999999,40233.599999999999,7467.5999999999995));
#3635=IFCDIRECTION((0.,0.,1.));
#3636=IFCDIRECTION((6.123233995736766E-17,1.,0.));
#3637=IFCAXIS2PLACEMENT3D(#3634,#3635,#3636);
#3638=IFCLOCALPLACEMENT($,#3637);
#3639=IFCWALL('1MrP0Q_Lf9JR$PaFJUBZeF',$,'L2|ONEBR_A',$,$,#3660,#3650,$,$);
#3640=IFCCARTESIANPOINTLIST2D(((0.,0.),(0.,150.),(10363.200000000001,150.),(10363.200000000001,0.),(0.,0.)));
#3641=IFCINDEXEDPOLYCURVE(#3640,$,.F.);
#3642=IFCDIRECTION((0.,0.,1.));
#3643=IFCARBITRARYCLOSEDPROFILEDEF(.AREA.,$,#3641);
#3644=IFCCARTESIANPOINT((0.,0.,0.));
#3645=IFCDIRECTION((0.,0.,1.));
#3646=IFCDIRECTION((1.,0.,0.));
#3647=IFCAXIS2PLACEMENT3D(#3644,#3645,#3646);
#3648=IFCEXTRUDEDAREASOLID(#3643,#3647,#3642,3200.4000000000001);
#3649=IFCSHAPEREPRESENTATION(#11,'Body','SweptSolid',(#3648));
#3650=IFCPRODUCTDEFINITIONSHAPE($,$,(#3649));
#3656=IFCCARTESIANPOINT((14325.6,45720.,7467.5999999999995));
#3657=IFCDIRECTION((0.,0.,1.));
#3658=IFCDIRECTION((1.,0.,0.));
#3659=IFCAXIS2PLACEMENT3D(#3656,#3657,#3658);
#3660=IFCLOCALPLACEMENT($,#3659);
#3661=IFCWALL('0HCigZA7XEMhyqd_q81EGG',$,'L2|ONEBR_A',$,$,#3682,#3672,$,$);
#3662=IFCCARTESIANPOINTLIST2D(((0.,0.),(0.,150.),(10363.200000000001,150.),(10363.200000000001,0.),(0.,0.)));
#3663=IFCINDEXEDPOLYCURVE(#3662,$,.F.);
#3664=IFCDIRECTION((0.,0.,1.));
#3665=IFCARBITRARYCLOSEDPROFILEDEF(.AREA.,$,#3663);
#3666=IFCCARTESIANPOINT((0.,0.,0.));
#3667=IFCDIRECTION((0.,0.,1.));
#3668=IFCDIRECTION((1.,0.,0.));
#3669=IFCAXIS2PLACEMENT3D(#3666,#3667,#3668);
#3670=IFCEXTRUDEDAREASOLID(#3665,#3669,#3664,3200.4000000000001);
#3671=IFCSHAPEREPRESENTATION(#11,'Body','SweptSolid',(#3670));
#3672=IFCPRODUCTDEFINITIONSHAPE($,$,(#3671));
#3678=IFCCARTESIANPOINT((14325.6,54864.,7467.5999999999995));
#3679=IFCDIRECTION((0.,0.,1.));
#3680=IFCDIRECTION((1.,0.,0.));
#3681=IFCAXIS2PLACEMENT3D(#3678,#3679,#3680);
#3682=IFCLOCALPLACEMENT($,#3681);
#3683=IFCWALL('366jaKGAXA_8_CgvvteyN6',$,'L2|ONEBR_A',$,$,#3704,#3694,$,$);
#3684=IFCCARTESIANPOINTLIST2D(((0.,0.),(0.,150.),(9144.,150.),(9144.,0.),(0.,0.)));
#3685=IFCINDEXEDPOLYCURVE(#3684,$,.F.);
#3686=IFCDIRECTION((0.,0.,1.));
#3687=IFCARBITRARYCLOSEDPROFILEDEF(.AREA.,$,#3685);
#3688=IFCCARTESIANPOINT((0.,0.,0.));
#3689=IFCDIRECTION((0.,0.,1.));
#3690=IFCDIRECTION((1.,0.,0.));
#3691=IFCAXIS2PLACEMENT3D(#3688,#3689,#3690);
#3692=IFCEXTRUDEDAREASOLID(#3687,#3691,#3686,3200.4000000000001);
#3693=IFCSHAPEREPRESENTATION(#11,'Body','SweptSolid',(#3692));
#3694=IFCPRODUCTDEFINITIONSHAPE($,$,(#3693));
#3700=IFCCARTESIANPOINT((14325.6,45720.,7467.5999999999995));
#3701=IFCDIRECTION((0.,0.,1.));
#3702=IFCDIRECTION((6.123233995736766E-17,1.,0.));
#3703=IFCAXIS2PLACEMENT3D(#3700,#3701,#3702);
#3704=IFCLOCALPLACEMENT($,#3703);
#3705=IFCWALL('3ya8ZkGbbB7wgypDosnyuD',$,'L2|ONEBR_A',$,$,#3726,#3716,$,$);
#3706=IFCCARTESIANPOINTLIST2D(((0.,0.),(0.,150.),(9144.,150.),(9144.,0.),(0.,0.)));
#3707=IFCINDEXEDPOLYCURVE(#3706,$,.F.);
#3708=IFCDIRECTION((0.,0.,1.));
#3709=IFCARBITRARYCLOSEDPROFILEDEF(.AREA.,$,#3707);
#3710=IFCCARTESIANPOINT((0.,0.,0.));
#3711=IFCDIRECTION((0.,0.,1.));
#3712=IFCDIRECTION((1.,0.,0.));
#3713=IFCAXIS2PLACEMENT3D(#3710,#3711,#3712);
#3714=IFCEXTRUDEDAREASOLID(#3709,#3713,#3708,3200.4000000000001);
#3715=IFCSHAPEREPRESENTATION(#11,'Body','SweptSolid',(#3714));
#3716=IFCPRODUCTDEFINITIONSHAPE($,$,(#3715));
#3722=IFCCARTESIANPOINT((24688.799999999999,45720.,7467.5999999999995));
#3723=IFCDIRECTION((0.,0.,1.));
#3724=IFCDIRECTION((6.123233995736766E-17,1.,0.));
#3725=IFCAXIS2PLACEMENT3D(#3722,#3723,#3724);
#3726=IFCLOCALPLACEMENT($,#3725);
#3727=IFCWALL('0HxvrIzfT8fPyZIBP5Yuba',$,'L3|TWOBR_A',$,$,#3748,#3738,$,$);
#3728=IFCCARTESIANPOINTLIST2D(((0.,0.),(0.,150.),(10972.800000000001,150.),(10972.800000000001,0.),(0.,0.)));
#3729=IFCINDEXEDPOLYCURVE(#3728,$,.F.);
#3730=IFCDIRECTION((0.,0.,1.));
#3731=IFCARBITRARYCLOSEDPROFILEDEF(.AREA.,$,#3729);
#3732=IFCCARTESIANPOINT((0.,0.,0.));
#3733=IFCDIRECTION((0.,0.,1.));
#3734=IFCDIRECTION((1.,0.,0.));
#3735=IFCAXIS2PLACEMENT3D(#3732,#3733,#3734);
#3736=IFCEXTRUDEDAREASOLID(#3731,#3735,#3730,3200.4000000000001);
#3737=IFCSHAPEREPRESENTATION(#11,'Body','SweptSolid',(#3736));
#3738=IFCPRODUCTDEFINITIONSHAPE($,$,(#3737));
#3744=IFCCARTESIANPOINT((1524.,10363.200000000001,10668.));
#3745=IFCDIRECTION((0.,0.,1.));
#3746=IFCDIRECTION((1.,0.,0.));
#3747=IFCAXIS2PLACEMENT3D(#3744,#3745,#3746);
#3748=IFCLOCALPLACEMENT($,#3747);
#3749=IFCWALL('1fg18X2X1B6RWpJ_DXU8VV',$,'L3|TWOBR_A',$,$,#3770,#3760,$,$);
#3750=IFCCARTESIANPOINTLIST2D(((0.,0.),(0.,150.),(10972.800000000001,150.),(10972.800000000001,0.),(0.,0.)));
#3751=IFCINDEXEDPOLYCURVE(#3750,$,.F.);
#3752=IFCDIRECTION((0.,0.,1.));
#3753=IFCARBITRARYCLOSEDPROFILEDEF(.AREA.,$,#3751);
#3754=IFCCARTESIANPOINT((0.,0.,0.));
#3755=IFCDIRECTION((0.,0.,1.));
#3756=IFCDIRECTION((1.,0.,0.));
#3757=IFCAXIS2PLACEMENT3D(#3754,#3755,#3756);
#3758=IFCEXTRUDEDAREASOLID(#3753,#3757,#3752,3200.4000000000001);
#3759=IFCSHAPEREPRESENTATION(#11,'Body','SweptSolid',(#3758));
#3760=IFCPRODUCTDEFINITIONSHAPE($,$,(#3759));
#3766=IFCCARTESIANPOINT((1524.,20726.400000000001,10668.));
#3767=IFCDIRECTION((0.,0.,1.));
#3768=IFCDIRECTION((1.,0.,0.));
#3769=IFCAXIS2PLACEMENT3D(#3766,#3767,#3768);
#3770=IFCLOCALPLACEMENT($,#3769);
#3771=IFCWALL('3s4Zi$ZIrA5wNDtc2Jwlwe',$,'L3|TWOBR_A',$,$,#3792,#3782,$,$);
#3772=IFCCARTESIANPOINTLIST2D(((0.,0.),(0.,150.),(10363.200000000001,150.),(10363.200000000001,0.),(0.,0.)));
#3773=IFCINDEXEDPOLYCURVE(#3772,$,.F.);
#3774=IFCDIRECTION((0.,0.,1.));
#3775=IFCARBITRARYCLOSEDPROFILEDEF(.AREA.,$,#3773);
#3776=IFCCARTESIANPOINT((0.,0.,0.));
#3777=IFCDIRECTION((0.,0.,1.));
#3778=IFCDIRECTION((1.,0.,0.));
#3779=IFCAXIS2PLACEMENT3D(#3776,#3777,#3778);
#3780=IFCEXTRUDEDAREASOLID(#3775,#3779,#3774,3200.4000000000001);
#3781=IFCSHAPEREPRESENTATION(#11,'Body','SweptSolid',(#3780));
#3782=IFCPRODUCTDEFINITIONSHAPE($,$,(#3781));
#3788=IFCCARTESIANPOINT((1524.,10363.200000000001,10668.));
#3789=IFCDIRECTION((0.,0.,1.));
#3790=IFCDIRECTION((6.123233995736766E-17,1.,0.));
#3791=IFCAXIS2PLACEMENT3D(#3788,#3789,#3790);
#3792=IFCLOCALPLACEMENT($,#3791);
#3793=IFCWALL('34S6VpiLj8Lh75phuMmB6m',$,'L3|TWOBR_A',$,$,#3814,#3804,$,$);
#3794=IFCCARTESIANPOINTLIST2D(((0.,0.),(0.,150.),(10363.200000000001,150.),(10363.200000000001,0.),(0.,0.)));
#3795=IFCINDEXEDPOLYCURVE(#3794,$,.F.);
#3796=IFCDIRECTION((0.,0.,1.));
#3797=IFCARBITRARYCLOSEDPROFILEDEF(.AREA.,$,#3795);
#3798=IFCCARTESIANPOINT((0.,0.,0.));
#3799=IFCDIRECTION((0.,0.,1.));
#3800=IFCDIRECTION((1.,0.,0.));
#3801=IFCAXIS2PLACEMENT3D(#3798,#3799,#3800);
#3802=IFCEXTRUDEDAREASOLID(#3797,#3801,#3796,3200.4000000000001);
#3803=IFCSHAPEREPRESENTATION(#11,'Body','SweptSolid',(#3802));
#3804=IFCPRODUCTDEFINITIONSHAPE($,$,(#3803));
#3810=IFCCARTESIANPOINT((12496.799999999999,10363.200000000001,10668.));
#3811=IFCDIRECTION((0.,0.,1.));
#3812=IFCDIRECTION((6.123233995736766E-17,1.,0.));
#3813=IFCAXIS2PLACEMENT3D(#3810,#3811,#3812);
#3814=IFCLOCALPLACEMENT($,#3813);
#3815=IFCWALL('3RmQrLzWvBNxF7EaA7BvEl',$,'L3|ONEBR_A',$,$,#3836,#3826,$,$);
#3816=IFCCARTESIANPOINTLIST2D(((0.,0.),(0.,150.),(10363.200000000001,150.),(10363.200000000001,0.),(0.,0.)));
#3817=IFCINDEXEDPOLYCURVE(#3816,$,.F.);
#3818=IFCDIRECTION((0.,0.,1.));
#3819=IFCARBITRARYCLOSEDPROFILEDEF(.AREA.,$,#3817);
#3820=IFCCARTESIANPOINT((0.,0.,0.));
#3821=IFCDIRECTION((0.,0.,1.));
#3822=IFCDIRECTION((1.,0.,0.));
#3823=IFCAXIS2PLACEMENT3D(#3820,#3821,#3822);
#3824=IFCEXTRUDEDAREASOLID(#3819,#3823,#3818,3200.4000000000001);
#3825=IFCSHAPEREPRESENTATION(#11,'Body','SweptSolid',(#3824));
#3826=IFCPRODUCTDEFINITIONSHAPE($,$,(#3825));
#3832=IFCCARTESIANPOINT((14325.6,10363.200000000001,10668.));
#3833=IFCDIRECTION((0.,0.,1.));
#3834=IFCDIRECTION((1.,0.,0.));
#3835=IFCAXIS2PLACEMENT3D(#3832,#3833,#3834);
#3836=IFCLOCALPLACEMENT($,#3835);
#3837=IFCWALL('1IgdMzqtf2NOMD6v8c9YAF',$,'L3|ONEBR_A',$,$,#3858,#3848,$,$);
#3838=IFCCARTESIANPOINTLIST2D(((0.,0.),(0.,150.),(10363.200000000001,150.),(10363.200000000001,0.),(0.,0.)));
#3839=IFCINDEXEDPOLYCURVE(#3838,$,.F.);
#3840=IFCDIRECTION((0.,0.,1.));
#3841=IFCARBITRARYCLOSEDPROFILEDEF(.AREA.,$,#3839);
#3842=IFCCARTESIANPOINT((0.,0.,0.));
#3843=IFCDIRECTION((0.,0.,1.));
#3844=IFCDIRECTION((1.,0.,0.));
#3845=IFCAXIS2PLACEMENT3D(#3842,#3843,#3844);
#3846=IFCEXTRUDEDAREASOLID(#3841,#3845,#3840,3200.4000000000001);
#3847=IFCSHAPEREPRESENTATION(#11,'Body','SweptSolid',(#3846));
#3848=IFCPRODUCTDEFINITIONSHAPE($,$,(#3847));
#3854=IFCCARTESIANPOINT((14325.6,19507.200000000001,10668.));
#3855=IFCDIRECTION((0.,0.,1.));
#3856=IFCDIRECTION((1.,0.,0.));
#3857=IFCAXIS2PLACEMENT3D(#3854,#3855,#3856);
#3858=IFCLOCALPLACEMENT($,#3857);
#3859=IFCWALL('3tdKQa_qP9ZRX4grA_rBAk',$,'L3|ONEBR_A',$,$,#3880,#3870,$,$);
#3860=IFCCARTESIANPOINTLIST2D(((0.,0.),(0.,150.),(9144.,150.),(9144.,0.),(0.,0.)));
#3861=IFCINDEXEDPOLYCURVE(#3860,$,.F.);
#3862=IFCDIRECTION((0.,0.,1.));
#3863=IFCARBITRARYCLOSEDPROFILEDEF(.AREA.,$,#3861);
#3864=IFCCARTESIANPOINT((0.,0.,0.));
#3865=IFCDIRECTION((0.,0.,1.));
#3866=IFCDIRECTION((1.,0.,0.));
#3867=IFCAXIS2PLACEMENT3D(#3864,#3865,#3866);
#3868=IFCEXTRUDEDAREASOLID(#3863,#3867,#3862,3200.4000000000001);
#3869=IFCSHAPEREPRESENTATION(#11,'Body','SweptSolid',(#3868));
#3870=IFCPRODUCTDEFINITIONSHAPE($,$,(#3869));
#3876=IFCCARTESIANPOINT((14325.6,10363.200000000001,10668.));
#3877=IFCDIRECTION((0.,0.,1.));
#3878=IFCDIRECTION((6.123233995736766E-17,1.,0.));
#3879=IFCAXIS2PLACEMENT3D(#3876,#3877,#3878);
#3880=IFCLOCALPLACEMENT($,#3879);
#3881=IFCWALL('1GfNQenR9ERhH0cBraaCs3',$,'L3|ONEBR_A',$,$,#3902,#3892,$,$);
#3882=IFCCARTESIANPOINTLIST2D(((0.,0.),(0.,150.),(9144.,150.),(9144.,0.),(0.,0.)));
#3883=IFCINDEXEDPOLYCURVE(#3882,$,.F.);
#3884=IFCDIRECTION((0.,0.,1.));
#3885=IFCARBITRARYCLOSEDPROFILEDEF(.AREA.,$,#3883);
#3886=IFCCARTESIANPOINT((0.,0.,0.));
#3887=IFCDIRECTION((0.,0.,1.));
#3888=IFCDIRECTION((1.,0.,0.));
#3889=IFCAXIS2PLACEMENT3D(#3886,#3887,#3888);
#3890=IFCEXTRUDEDAREASOLID(#3885,#3889,#3884,3200.4000000000001);
#3891=IFCSHAPEREPRESENTATION(#11,'Body','SweptSolid',(#3890));
#3892=IFCPRODUCTDEFINITIONSHAPE($,$,(#3891));
#3898=IFCCARTESIANPOINT((24688.799999999999,10363.200000000001,10668.));
#3899=IFCDIRECTION((0.,0.,1.));
#3900=IFCDIRECTION((6.123233995736766E-17,1.,0.));
#3901=IFCAXIS2PLACEMENT3D(#3898,#3899,#3900);
#3902=IFCLOCALPLACEMENT($,#3901);
#3903=IFCWALL('3Z4XHwr8n7IgniA5Chf6iC',$,'L3|STUDIO_A',$,$,#3924,#3914,$,$);
#3904=IFCCARTESIANPOINTLIST2D(((0.,0.),(0.,150.),(9753.6000000000004,150.),(9753.6000000000004,0.),(0.,0.)));
#3905=IFCINDEXEDPOLYCURVE(#3904,$,.F.);
#3906=IFCDIRECTION((0.,0.,1.));
#3907=IFCARBITRARYCLOSEDPROFILEDEF(.AREA.,$,#3905);
#3908=IFCCARTESIANPOINT((0.,0.,0.));
#3909=IFCDIRECTION((0.,0.,1.));
#3910=IFCDIRECTION((1.,0.,0.));
#3911=IFCAXIS2PLACEMENT3D(#3908,#3909,#3910);
#3912=IFCEXTRUDEDAREASOLID(#3907,#3911,#3906,3200.4000000000001);
#3913=IFCSHAPEREPRESENTATION(#11,'Body','SweptSolid',(#3912));
#3914=IFCPRODUCTDEFINITIONSHAPE($,$,(#3913));
#3920=IFCCARTESIANPOINT((29565.599999999999,10363.200000000001,10668.));
#3921=IFCDIRECTION((0.,0.,1.));
#3922=IFCDIRECTION((1.,0.,0.));
#3923=IFCAXIS2PLACEMENT3D(#3920,#3921,#3922);
#3924=IFCLOCALPLACEMENT($,#3923);
#3925=IFCWALL('0WuXLlQ8r76RF8ASQ5uNvb',$,'L3|STUDIO_A',$,$,#3946,#3936,$,$);
#3926=IFCCARTESIANPOINTLIST2D(((0.,0.),(0.,150.),(9753.6000000000004,150.),(9753.6000000000004,0.),(0.,0.)));
#3927=IFCINDEXEDPOLYCURVE(#3926,$,.F.);
#3928=IFCDIRECTION((0.,0.,1.));
#3929=IFCARBITRARYCLOSEDPROFILEDEF(.AREA.,$,#3927);
#3930=IFCCARTESIANPOINT((0.,0.,0.));
#3931=IFCDIRECTION((0.,0.,1.));
#3932=IFCDIRECTION((1.,0.,0.));
#3933=IFCAXIS2PLACEMENT3D(#3930,#3931,#3932);
#3934=IFCEXTRUDEDAREASOLID(#3929,#3933,#3928,3200.4000000000001);
#3935=IFCSHAPEREPRESENTATION(#11,'Body','SweptSolid',(#3934));
#3936=IFCPRODUCTDEFINITIONSHAPE($,$,(#3935));
#3942=IFCCARTESIANPOINT((29565.599999999999,18288.,10668.));
#3943=IFCDIRECTION((0.,0.,1.));
#3944=IFCDIRECTION((1.,0.,0.));
#3945=IFCAXIS2PLACEMENT3D(#3942,#3943,#3944);
#3946=IFCLOCALPLACEMENT($,#3945);
#3947=IFCWALL('16XD$c1VvC6PLvGAi_kNcm',$,'L3|STUDIO_A',$,$,#3968,#3958,$,$);
#3948=IFCCARTESIANPOINTLIST2D(((0.,0.),(0.,150.),(7924.8000000000002,150.),(7924.8000000000002,0.),(0.,0.)));
#3949=IFCINDEXEDPOLYCURVE(#3948,$,.F.);
#3950=IFCDIRECTION((0.,0.,1.));
#3951=IFCARBITRARYCLOSEDPROFILEDEF(.AREA.,$,#3949);
#3952=IFCCARTESIANPOINT((0.,0.,0.));
#3953=IFCDIRECTION((0.,0.,1.));
#3954=IFCDIRECTION((1.,0.,0.));
#3955=IFCAXIS2PLACEMENT3D(#3952,#3953,#3954);
#3956=IFCEXTRUDEDAREASOLID(#3951,#3955,#3950,3200.4000000000001);
#3957=IFCSHAPEREPRESENTATION(#11,'Body','SweptSolid',(#3956));
#3958=IFCPRODUCTDEFINITIONSHAPE($,$,(#3957));
#3964=IFCCARTESIANPOINT((29565.599999999999,10363.200000000001,10668.));
#3965=IFCDIRECTION((0.,0.,1.));
#3966=IFCDIRECTION((6.123233995736766E-17,1.,0.));
#3967=IFCAXIS2PLACEMENT3D(#3964,#3965,#3966);
#3968=IFCLOCALPLACEMENT($,#3967);
#3969=IFCWALL('0DEW2EVxH45PTr2c0tE4A6',$,'L3|STUDIO_A',$,$,#3990,#3980,$,$);
#3970=IFCCARTESIANPOINTLIST2D(((0.,0.),(0.,150.),(7924.8000000000002,150.),(7924.8000000000002,0.),(0.,0.)));
#3971=IFCINDEXEDPOLYCURVE(#3970,$,.F.);
#3972=IFCDIRECTION((0.,0.,1.));
#3973=IFCARBITRARYCLOSEDPROFILEDEF(.AREA.,$,#3971);
#3974=IFCCARTESIANPOINT((0.,0.,0.));
#3975=IFCDIRECTION((0.,0.,1.));
#3976=IFCDIRECTION((1.,0.,0.));
#3977=IFCAXIS2PLACEMENT3D(#3974,#3975,#3976);
#3978=IFCEXTRUDEDAREASOLID(#3973,#3977,#3972,3200.4000000000001);
#3979=IFCSHAPEREPRESENTATION(#11,'Body','SweptSolid',(#3978));
#3980=IFCPRODUCTDEFINITIONSHAPE($,$,(#3979));
#3986=IFCCARTESIANPOINT((39319.200000000004,10363.200000000001,10668.));
#3987=IFCDIRECTION((0.,0.,1.));
#3988=IFCDIRECTION((6.123233995736766E-17,1.,0.));
#3989=IFCAXIS2PLACEMENT3D(#3986,#3987,#3988);
#3990=IFCLOCALPLACEMENT($,#3989);
#3991=IFCWALL('3VlnLO1GX03gtvTXg1byfN',$,'L3|TWOBR_A',$,$,#4012,#4002,$,$);
#3992=IFCCARTESIANPOINTLIST2D(((0.,0.),(0.,150.),(10972.800000000001,150.),(10972.800000000001,0.),(0.,0.)));
#3993=IFCINDEXEDPOLYCURVE(#3992,$,.F.);
#3994=IFCDIRECTION((0.,0.,1.));
#3995=IFCARBITRARYCLOSEDPROFILEDEF(.AREA.,$,#3993);
#3996=IFCCARTESIANPOINT((0.,0.,0.));
#3997=IFCDIRECTION((0.,0.,1.));
#3998=IFCDIRECTION((1.,0.,0.));
#3999=IFCAXIS2PLACEMENT3D(#3996,#3997,#3998);
#4000=IFCEXTRUDEDAREASOLID(#3995,#3999,#3994,3200.4000000000001);
#4001=IFCSHAPEREPRESENTATION(#11,'Body','SweptSolid',(#4000));
#4002=IFCPRODUCTDEFINITIONSHAPE($,$,(#4001));
#4008=IFCCARTESIANPOINT((41148.,10363.200000000001,10668.));
#4009=IFCDIRECTION((0.,0.,1.));
#4010=IFCDIRECTION((1.,0.,0.));
#4011=IFCAXIS2PLACEMENT3D(#4008,#4009,#4010);
#4012=IFCLOCALPLACEMENT($,#4011);
#4013=IFCWALL('2SQW6XWyfBH8Fd2nK7Qu_G',$,'L3|TWOBR_A',$,$,#4034,#4024,$,$);
#4014=IFCCARTESIANPOINTLIST2D(((0.,0.),(0.,150.),(10972.800000000001,150.),(10972.800000000001,0.),(0.,0.)));
#4015=IFCINDEXEDPOLYCURVE(#4014,$,.F.);
#4016=IFCDIRECTION((0.,0.,1.));
#4017=IFCARBITRARYCLOSEDPROFILEDEF(.AREA.,$,#4015);
#4018=IFCCARTESIANPOINT((0.,0.,0.));
#4019=IFCDIRECTION((0.,0.,1.));
#4020=IFCDIRECTION((1.,0.,0.));
#4021=IFCAXIS2PLACEMENT3D(#4018,#4019,#4020);
#4022=IFCEXTRUDEDAREASOLID(#4017,#4021,#4016,3200.4000000000001);
#4023=IFCSHAPEREPRESENTATION(#11,'Body','SweptSolid',(#4022));
#4024=IFCPRODUCTDEFINITIONSHAPE($,$,(#4023));
#4030=IFCCARTESIANPOINT((41148.,20726.400000000001,10668.));
#4031=IFCDIRECTION((0.,0.,1.));
#4032=IFCDIRECTION((1.,0.,0.));
#4033=IFCAXIS2PLACEMENT3D(#4030,#4031,#4032);
#4034=IFCLOCALPLACEMENT($,#4033);
#4035=IFCWALL('3Rz$RaCv931vG5VEvK8iuE',$,'L3|TWOBR_A',$,$,#4056,#4046,$,$);
#4036=IFCCARTESIANPOINTLIST2D(((0.,0.),(0.,150.),(10363.200000000001,150.),(10363.200000000001,0.),(0.,0.)));
#4037=IFCINDEXEDPOLYCURVE(#4036,$,.F.);
#4038=IFCDIRECTION((0.,0.,1.));
#4039=IFCARBITRARYCLOSEDPROFILEDEF(.AREA.,$,#4037);
#4040=IFCCARTESIANPOINT((0.,0.,0.));
#4041=IFCDIRECTION((0.,0.,1.));
#4042=IFCDIRECTION((1.,0.,0.));
#4043=IFCAXIS2PLACEMENT3D(#4040,#4041,#4042);
#4044=IFCEXTRUDEDAREASOLID(#4039,#4043,#4038,3200.4000000000001);
#4045=IFCSHAPEREPRESENTATION(#11,'Body','SweptSolid',(#4044));
#4046=IFCPRODUCTDEFINITIONSHAPE($,$,(#4045));
#4052=IFCCARTESIANPOINT((41148.,10363.200000000001,10668.));
#4053=IFCDIRECTION((0.,0.,1.));
#4054=IFCDIRECTION((6.123233995736766E-17,1.,0.));
#4055=IFCAXIS2PLACEMENT3D(#4052,#4053,#4054);
#4056=IFCLOCALPLACEMENT($,#4055);
#4057=IFCWALL('29VScu$6P4rfJ4IAH56NnC',$,'L3|TWOBR_A',$,$,#4078,#4068,$,$);
#4058=IFCCARTESIANPOINTLIST2D(((0.,0.),(0.,150.),(10363.200000000001,150.),(10363.200000000001,0.),(0.,0.)));
#4059=IFCINDEXEDPOLYCURVE(#4058,$,.F.);
#4060=IFCDIRECTION((0.,0.,1.));
#4061=IFCARBITRARYCLOSEDPROFILEDEF(.AREA.,$,#4059);
#4062=IFCCARTESIANPOINT((0.,0.,0.));
#4063=IFCDIRECTION((0.,0.,1.));
#4064=IFCDIRECTION((1.,0.,0.));
#4065=IFCAXIS2PLACEMENT3D(#4062,#4063,#4064);
#4066=IFCEXTRUDEDAREASOLID(#4061,#4065,#4060,3200.4000000000001);
#4067=IFCSHAPEREPRESENTATION(#11,'Body','SweptSolid',(#4066));
#4068=IFCPRODUCTDEFINITIONSHAPE($,$,(#4067));
#4074=IFCCARTESIANPOINT((52120.800000000003,10363.200000000001,10668.));
#4075=IFCDIRECTION((0.,0.,1.));
#4076=IFCDIRECTION((6.123233995736766E-17,1.,0.));
#4077=IFCAXIS2PLACEMENT3D(#4074,#4075,#4076);
#4078=IFCLOCALPLACEMENT($,#4077);
#4079=IFCWALL('1qkhWhoZr8lw2hLs7e6pFL',$,'L3|ONEBR_A',$,$,#4100,#4090,$,$);
#4080=IFCCARTESIANPOINTLIST2D(((0.,0.),(0.,150.),(10363.200000000001,150.),(10363.200000000001,0.),(0.,0.)));
#4081=IFCINDEXEDPOLYCURVE(#4080,$,.F.);
#4082=IFCDIRECTION((0.,0.,1.));
#4083=IFCARBITRARYCLOSEDPROFILEDEF(.AREA.,$,#4081);
#4084=IFCCARTESIANPOINT((0.,0.,0.));
#4085=IFCDIRECTION((0.,0.,1.));
#4086=IFCDIRECTION((1.,0.,0.));
#4087=IFCAXIS2PLACEMENT3D(#4084,#4085,#4086);
#4088=IFCEXTRUDEDAREASOLID(#4083,#4087,#4082,3200.4000000000001);
#4089=IFCSHAPEREPRESENTATION(#11,'Body','SweptSolid',(#4088));
#4090=IFCPRODUCTDEFINITIONSHAPE($,$,(#4089));
#4096=IFCCARTESIANPOINT((28956.000000000004,18288.,10668.));
#4097=IFCDIRECTION((0.,0.,1.));
#4098=IFCDIRECTION((1.,0.,0.));
#4099=IFCAXIS2PLACEMENT3D(#4096,#4097,#4098);
#4100=IFCLOCALPLACEMENT($,#4099);
#4101=IFCWALL('1nQ1LGIF9EpwM8hJYB$qwr',$,'L3|ONEBR_A',$,$,#4122,#4112,$,$);
#4102=IFCCARTESIANPOINTLIST2D(((0.,0.),(0.,150.),(10363.200000000001,150.),(10363.200000000001,0.),(0.,0.)));
#4103=IFCINDEXEDPOLYCURVE(#4102,$,.F.);
#4104=IFCDIRECTION((0.,0.,1.));
#4105=IFCARBITRARYCLOSEDPROFILEDEF(.AREA.,$,#4103);
#4106=IFCCARTESIANPOINT((0.,0.,0.));
#4107=IFCDIRECTION((0.,0.,1.));
#4108=IFCDIRECTION((1.,0.,0.));
#4109=IFCAXIS2PLACEMENT3D(#4106,#4107,#4108);
#4110=IFCEXTRUDEDAREASOLID(#4105,#4109,#4104,3200.4000000000001);
#4111=IFCSHAPEREPRESENTATION(#11,'Body','SweptSolid',(#4110));
#4112=IFCPRODUCTDEFINITIONSHAPE($,$,(#4111));
#4118=IFCCARTESIANPOINT((28956.000000000004,27432.,10668.));
#4119=IFCDIRECTION((0.,0.,1.));
#4120=IFCDIRECTION((1.,0.,0.));
#4121=IFCAXIS2PLACEMENT3D(#4118,#4119,#4120);
#4122=IFCLOCALPLACEMENT($,#4121);
#4123=IFCWALL('1YEzO8c418pRDDkQU6Dy32',$,'L3|ONEBR_A',$,$,#4144,#4134,$,$);
#4124=IFCCARTESIANPOINTLIST2D(((0.,0.),(0.,150.),(9144.,150.),(9144.,0.),(0.,0.)));
#4125=IFCINDEXEDPOLYCURVE(#4124,$,.F.);
#4126=IFCDIRECTION((0.,0.,1.));
#4127=IFCARBITRARYCLOSEDPROFILEDEF(.AREA.,$,#4125);
#4128=IFCCARTESIANPOINT((0.,0.,0.));
#4129=IFCDIRECTION((0.,0.,1.));
#4130=IFCDIRECTION((1.,0.,0.));
#4131=IFCAXIS2PLACEMENT3D(#4128,#4129,#4130);
#4132=IFCEXTRUDEDAREASOLID(#4127,#4131,#4126,3200.4000000000001);
#4133=IFCSHAPEREPRESENTATION(#11,'Body','SweptSolid',(#4132));
#4134=IFCPRODUCTDEFINITIONSHAPE($,$,(#4133));
#4140=IFCCARTESIANPOINT((28956.000000000004,18288.,10668.));
#4141=IFCDIRECTION((0.,0.,1.));
#4142=IFCDIRECTION((6.123233995736766E-17,1.,0.));
#4143=IFCAXIS2PLACEMENT3D(#4140,#4141,#4142);
#4144=IFCLOCALPLACEMENT($,#4143);
#4145=IFCWALL('2gf_rxKRPCTutH7bfdQ$Yf',$,'L3|ONEBR_A',$,$,#4166,#4156,$,$);
#4146=IFCCARTESIANPOINTLIST2D(((0.,0.),(0.,150.),(9144.,150.),(9144.,0.),(0.,0.)));
#4147=IFCINDEXEDPOLYCURVE(#4146,$,.F.);
#4148=IFCDIRECTION((0.,0.,1.));
#4149=IFCARBITRARYCLOSEDPROFILEDEF(.AREA.,$,#4147);
#4150=IFCCARTESIANPOINT((0.,0.,0.));
#4151=IFCDIRECTION((0.,0.,1.));
#4152=IFCDIRECTION((1.,0.,0.));
#4153=IFCAXIS2PLACEMENT3D(#4150,#4151,#4152);
#4154=IFCEXTRUDEDAREASOLID(#4149,#4153,#4148,3200.4000000000001);
#4155=IFCSHAPEREPRESENTATION(#11,'Body','SweptSolid',(#4154));
#4156=IFCPRODUCTDEFINITIONSHAPE($,$,(#4155));
#4162=IFCCARTESIANPOINT((39319.200000000004,18288.,10668.));
#4163=IFCDIRECTION((0.,0.,1.));
#4164=IFCDIRECTION((6.123233995736766E-17,1.,0.));
#4165=IFCAXIS2PLACEMENT3D(#4162,#4163,#4164);
#4166=IFCLOCALPLACEMENT($,#4165);
#4167=IFCWALL('2ak78dw3v5cx9KQIpzgJp9',$,'L3|ONEBR_A',$,$,#4188,#4178,$,$);
#4168=IFCCARTESIANPOINTLIST2D(((0.,0.),(0.,150.),(10363.200000000001,150.),(10363.200000000001,0.),(0.,0.)));
#4169=IFCINDEXEDPOLYCURVE(#4168,$,.F.);
#4170=IFCDIRECTION((0.,0.,1.));
#4171=IFCARBITRARYCLOSEDPROFILEDEF(.AREA.,$,#4169);
#4172=IFCCARTESIANPOINT((0.,0.,0.));
#4173=IFCDIRECTION((0.,0.,1.));
#4174=IFCDIRECTION((1.,0.,0.));
#4175=IFCAXIS2PLACEMENT3D(#4172,#4173,#4174);
#4176=IFCEXTRUDEDAREASOLID(#4171,#4175,#4170,3200.4000000000001);
#4177=IFCSHAPEREPRESENTATION(#11,'Body','SweptSolid',(#4176));
#4178=IFCPRODUCTDEFINITIONSHAPE($,$,(#4177));
#4184=IFCCARTESIANPOINT((14325.6,19507.200000000001,10668.));
#4185=IFCDIRECTION((0.,0.,1.));
#4186=IFCDIRECTION((1.,0.,0.));
#4187=IFCAXIS2PLACEMENT3D(#4184,#4185,#4186);
#4188=IFCLOCALPLACEMENT($,#4187);
#4189=IFCWALL('1rZmjBNFb4KgZ5LSxlLmFh',$,'L3|ONEBR_A',$,$,#4210,#4200,$,$);
#4190=IFCCARTESIANPOINTLIST2D(((0.,0.),(0.,150.),(10363.200000000001,150.),(10363.200000000001,0.),(0.,0.)));
#4191=IFCINDEXEDPOLYCURVE(#4190,$,.F.);
#4192=IFCDIRECTION((0.,0.,1.));
#4193=IFCARBITRARYCLOSEDPROFILEDEF(.AREA.,$,#4191);
#4194=IFCCARTESIANPOINT((0.,0.,0.));
#4195=IFCDIRECTION((0.,0.,1.));
#4196=IFCDIRECTION((1.,0.,0.));
#4197=IFCAXIS2PLACEMENT3D(#4194,#4195,#4196);
#4198=IFCEXTRUDEDAREASOLID(#4193,#4197,#4192,3200.4000000000001);
#4199=IFCSHAPEREPRESENTATION(#11,'Body','SweptSolid',(#4198));
#4200=IFCPRODUCTDEFINITIONSHAPE($,$,(#4199));
#4206=IFCCARTESIANPOINT((14325.6,28651.200000000001,10668.));
#4207=IFCDIRECTION((0.,0.,1.));
#4208=IFCDIRECTION((1.,0.,0.));
#4209=IFCAXIS2PLACEMENT3D(#4206,#4207,#4208);
#4210=IFCLOCALPLACEMENT($,#4209);
#4211=IFCWALL('313Y1dAiLCnQSTwvGyLP7B',$,'L3|ONEBR_A',$,$,#4232,#4222,$,$);
#4212=IFCCARTESIANPOINTLIST2D(((0.,0.),(0.,150.),(9144.,150.),(9144.,0.),(0.,0.)));
#4213=IFCINDEXEDPOLYCURVE(#4212,$,.F.);
#4214=IFCDIRECTION((0.,0.,1.));
#4215=IFCARBITRARYCLOSEDPROFILEDEF(.AREA.,$,#4213);
#4216=IFCCARTESIANPOINT((0.,0.,0.));
#4217=IFCDIRECTION((0.,0.,1.));
#4218=IFCDIRECTION((1.,0.,0.));
#4219=IFCAXIS2PLACEMENT3D(#4216,#4217,#4218);
#4220=IFCEXTRUDEDAREASOLID(#4215,#4219,#4214,3200.4000000000001);
#4221=IFCSHAPEREPRESENTATION(#11,'Body','SweptSolid',(#4220));
#4222=IFCPRODUCTDEFINITIONSHAPE($,$,(#4221));
#4228=IFCCARTESIANPOINT((14325.6,19507.200000000001,10668.));
#4229=IFCDIRECTION((0.,0.,1.));
#4230=IFCDIRECTION((6.123233995736766E-17,1.,0.));
#4231=IFCAXIS2PLACEMENT3D(#4228,#4229,#4230);
#4232=IFCLOCALPLACEMENT($,#4231);
#4233=IFCWALL('0rZIeuFWr5TPoyddlHq9Rq',$,'L3|ONEBR_A',$,$,#4254,#4244,$,$);
#4234=IFCCARTESIANPOINTLIST2D(((0.,0.),(0.,150.),(9144.,150.),(9144.,0.),(0.,0.)));
#4235=IFCINDEXEDPOLYCURVE(#4234,$,.F.);
#4236=IFCDIRECTION((0.,0.,1.));
#4237=IFCARBITRARYCLOSEDPROFILEDEF(.AREA.,$,#4235);
#4238=IFCCARTESIANPOINT((0.,0.,0.));
#4239=IFCDIRECTION((0.,0.,1.));
#4240=IFCDIRECTION((1.,0.,0.));
#4241=IFCAXIS2PLACEMENT3D(#4238,#4239,#4240);
#4242=IFCEXTRUDEDAREASOLID(#4237,#4241,#4236,3200.4000000000001);
#4243=IFCSHAPEREPRESENTATION(#11,'Body','SweptSolid',(#4242));
#4244=IFCPRODUCTDEFINITIONSHAPE($,$,(#4243));
#4250=IFCCARTESIANPOINT((24688.799999999999,19507.200000000001,10668.));
#4251=IFCDIRECTION((0.,0.,1.));
#4252=IFCDIRECTION((6.123233995736766E-17,1.,0.));
#4253=IFCAXIS2PLACEMENT3D(#4250,#4251,#4252);
#4254=IFCLOCALPLACEMENT($,#4253);
#4255=IFCWALL('18JikaAcrEIepZNhLD9zCq',$,'L3|TWOBR_A',$,$,#4276,#4266,$,$);
#4256=IFCCARTESIANPOINTLIST2D(((0.,0.),(0.,150.),(10972.800000000001,150.),(10972.800000000001,0.),(0.,0.)));
#4257=IFCINDEXEDPOLYCURVE(#4256,$,.F.);
#4258=IFCDIRECTION((0.,0.,1.));
#4259=IFCARBITRARYCLOSEDPROFILEDEF(.AREA.,$,#4257);
#4260=IFCCARTESIANPOINT((0.,0.,0.));
#4261=IFCDIRECTION((0.,0.,1.));
#4262=IFCDIRECTION((1.,0.,0.));
#4263=IFCAXIS2PLACEMENT3D(#4260,#4261,#4262);
#4264=IFCEXTRUDEDAREASOLID(#4259,#4263,#4258,3200.4000000000001);
#4265=IFCSHAPEREPRESENTATION(#11,'Body','SweptSolid',(#4264));
#4266=IFCPRODUCTDEFINITIONSHAPE($,$,(#4265));
#4272=IFCCARTESIANPOINT((1524.,20726.400000000001,10668.));
#4273=IFCDIRECTION((0.,0.,1.));
#4274=IFCDIRECTION((1.,0.,0.));
#4275=IFCAXIS2PLACEMENT3D(#4272,#4273,#4274);
#4276=IFCLOCALPLACEMENT($,#4275);
#4277=IFCWALL('1UwkkDq1vArAzkEx80oBKU',$,'L3|TWOBR_A',$,$,#4298,#4288,$,$);
#4278=IFCCARTESIANPOINTLIST2D(((0.,0.),(0.,150.),(10972.800000000001,150.),(10972.800000000001,0.),(0.,0.)));
#4279=IFCINDEXEDPOLYCURVE(#4278,$,.F.);
#4280=IFCDIRECTION((0.,0.,1.));
#4281=IFCARBITRARYCLOSEDPROFILEDEF(.AREA.,$,#4279);
#4282=IFCCARTESIANPOINT((0.,0.,0.));
#4283=IFCDIRECTION((0.,0.,1.));
#4284=IFCDIRECTION((1.,0.,0.));
#4285=IFCAXIS2PLACEMENT3D(#4282,#4283,#4284);
#4286=IFCEXTRUDEDAREASOLID(#4281,#4285,#4280,3200.4000000000001);
#4287=IFCSHAPEREPRESENTATION(#11,'Body','SweptSolid',(#4286));
#4288=IFCPRODUCTDEFINITIONSHAPE($,$,(#4287));
#4294=IFCCARTESIANPOINT((1524.,31089.599999999999,10668.));
#4295=IFCDIRECTION((0.,0.,1.));
#4296=IFCDIRECTION((1.,0.,0.));
#4297=IFCAXIS2PLACEMENT3D(#4294,#4295,#4296);
#4298=IFCLOCALPLACEMENT($,#4297);
#4299=IFCWALL('1Q62hxKdHBRwROjGfuRTfP',$,'L3|TWOBR_A',$,$,#4320,#4310,$,$);
#4300=IFCCARTESIANPOINTLIST2D(((0.,0.),(0.,150.),(10363.200000000001,150.),(10363.200000000001,0.),(0.,0.)));
#4301=IFCINDEXEDPOLYCURVE(#4300,$,.F.);
#4302=IFCDIRECTION((0.,0.,1.));
#4303=IFCARBITRARYCLOSEDPROFILEDEF(.AREA.,$,#4301);
#4304=IFCCARTESIANPOINT((0.,0.,0.));
#4305=IFCDIRECTION((0.,0.,1.));
#4306=IFCDIRECTION((1.,0.,0.));
#4307=IFCAXIS2PLACEMENT3D(#4304,#4305,#4306);
#4308=IFCEXTRUDEDAREASOLID(#4303,#4307,#4302,3200.4000000000001);
#4309=IFCSHAPEREPRESENTATION(#11,'Body','SweptSolid',(#4308));
#4310=IFCPRODUCTDEFINITIONSHAPE($,$,(#4309));
#4316=IFCCARTESIANPOINT((1524.,20726.400000000001,10668.));
#4317=IFCDIRECTION((0.,0.,1.));
#4318=IFCDIRECTION((6.123233995736766E-17,1.,0.));
#4319=IFCAXIS2PLACEMENT3D(#4316,#4317,#4318);
#4320=IFCLOCALPLACEMENT($,#4319);
#4321=IFCWALL('3AS35nUj54pARXHgXIxysK',$,'L3|TWOBR_A',$,$,#4342,#4332,$,$);
#4322=IFCCARTESIANPOINTLIST2D(((0.,0.),(0.,150.),(10363.200000000001,150.),(10363.200000000001,0.),(0.,0.)));
#4323=IFCINDEXEDPOLYCURVE(#4322,$,.F.);
#4324=IFCDIRECTION((0.,0.,1.));
#4325=IFCARBITRARYCLOSEDPROFILEDEF(.AREA.,$,#4323);
#4326=IFCCARTESIANPOINT((0.,0.,0.));
#4327=IFCDIRECTION((0.,0.,1.));
#4328=IFCDIRECTION((1.,0.,0.));
#4329=IFCAXIS2PLACEMENT3D(#4326,#4327,#4328);
#4330=IFCEXTRUDEDAREASOLID(#4325,#4329,#4324,3200.4000000000001);
#4331=IFCSHAPEREPRESENTATION(#11,'Body','SweptSolid',(#4330));
#4332=IFCPRODUCTDEFINITIONSHAPE($,$,(#4331));
#4338=IFCCARTESIANPOINT((12496.799999999999,20726.400000000001,10668.));
#4339=IFCDIRECTION((0.,0.,1.));
#4340=IFCDIRECTION((6.123233995736766E-17,1.,0.));
#4341=IFCAXIS2PLACEMENT3D(#4338,#4339,#4340);
#4342=IFCLOCALPLACEMENT($,#4341);
#4343=IFCWALL('1XaKFT_jL4LPAekZPeyI$h',$,'L3|STUDIO_A',$,$,#4364,#4354,$,$);
#4344=IFCCARTESIANPOINTLIST2D(((0.,0.),(0.,150.),(9753.6000000000004,150.),(9753.6000000000004,0.),(0.,0.)));
#4345=IFCINDEXEDPOLYCURVE(#4344,$,.F.);
#4346=IFCDIRECTION((0.,0.,1.));
#4347=IFCARBITRARYCLOSEDPROFILEDEF(.AREA.,$,#4345);
#4348=IFCCARTESIANPOINT((0.,0.,0.));
#4349=IFCDIRECTION((0.,0.,1.));
#4350=IFCDIRECTION((1.,0.,0.));
#4351=IFCAXIS2PLACEMENT3D(#4348,#4349,#4350);
#4352=IFCEXTRUDEDAREASOLID(#4347,#4351,#4346,3200.4000000000001);
#4353=IFCSHAPEREPRESENTATION(#11,'Body','SweptSolid',(#4352));
#4354=IFCPRODUCTDEFINITIONSHAPE($,$,(#4353));
#4360=IFCCARTESIANPOINT((41148.,20726.400000000001,10668.));
#4361=IFCDIRECTION((0.,0.,1.));
#4362=IFCDIRECTION((1.,0.,0.));
#4363=IFCAXIS2PLACEMENT3D(#4360,#4361,#4362);
#4364=IFCLOCALPLACEMENT($,#4363);
#4365=IFCWALL('13JvWgQrf31AA6isBcApeM',$,'L3|STUDIO_A',$,$,#4386,#4376,$,$);
#4366=IFCCARTESIANPOINTLIST2D(((0.,0.),(0.,150.),(9753.6000000000004,150.),(9753.6000000000004,0.),(0.,0.)));
#4367=IFCINDEXEDPOLYCURVE(#4366,$,.F.);
#4368=IFCDIRECTION((0.,0.,1.));
#4369=IFCARBITRARYCLOSEDPROFILEDEF(.AREA.,$,#4367);
#4370=IFCCARTESIANPOINT((0.,0.,0.));
#4371=IFCDIRECTION((0.,0.,1.));
#4372=IFCDIRECTION((1.,0.,0.));
#4373=IFCAXIS2PLACEMENT3D(#4370,#4371,#4372);
#4374=IFCEXTRUDEDAREASOLID(#4369,#4373,#4368,3200.4000000000001);
#4375=IFCSHAPEREPRESENTATION(#11,'Body','SweptSolid',(#4374));
#4376=IFCPRODUCTDEFINITIONSHAPE($,$,(#4375));
#4382=IFCCARTESIANPOINT((41148.,28651.200000000001,10668.));
#4383=IFCDIRECTION((0.,0.,1.));
#4384=IFCDIRECTION((1.,0.,0.));
#4385=IFCAXIS2PLACEMENT3D(#4382,#4383,#4384);
#4386=IFCLOCALPLACEMENT($,#4385);
#4387=IFCWALL('2YSJoPDZDCIfOLokrHwNS$',$,'L3|STUDIO_A',$,$,#4408,#4398,$,$);
#4388=IFCCARTESIANPOINTLIST2D(((0.,0.),(0.,150.),(7924.8000000000002,150.),(7924.8000000000002,0.),(0.,0.)));
#4389=IFCINDEXEDPOLYCURVE(#4388,$,.F.);
#4390=IFCDIRECTION((0.,0.,1.));
#4391=IFCARBITRARYCLOSEDPROFILEDEF(.AREA.,$,#4389);
#4392=IFCCARTESIANPOINT((0.,0.,0.));
#4393=IFCDIRECTION((0.,0.,1.));
#4394=IFCDIRECTION((1.,0.,0.));
#4395=IFCAXIS2PLACEMENT3D(#4392,#4393,#4394);
#4396=IFCEXTRUDEDAREASOLID(#4391,#4395,#4390,3200.4000000000001);
#4397=IFCSHAPEREPRESENTATION(#11,'Body','SweptSolid',(#4396));
#4398=IFCPRODUCTDEFINITIONSHAPE($,$,(#4397));
#4404=IFCCARTESIANPOINT((41148.,20726.400000000001,10668.));
#4405=IFCDIRECTION((0.,0.,1.));
#4406=IFCDIRECTION((6.123233995736766E-17,1.,0.));
#4407=IFCAXIS2PLACEMENT3D(#4404,#4405,#4406);
#4408=IFCLOCALPLACEMENT($,#4407);
#4409=IFCWALL('2N36h4BgLBSOIp_e$sZJgr',$,'L3|STUDIO_A',$,$,#4430,#4420,$,$);
#4410=IFCCARTESIANPOINTLIST2D(((0.,0.),(0.,150.),(7924.8000000000002,150.),(7924.8000000000002,0.),(0.,0.)));
#4411=IFCINDEXEDPOLYCURVE(#4410,$,.F.);
#4412=IFCDIRECTION((0.,0.,1.));
#4413=IFCARBITRARYCLOSEDPROFILEDEF(.AREA.,$,#4411);
#4414=IFCCARTESIANPOINT((0.,0.,0.));
#4415=IFCDIRECTION((0.,0.,1.));
#4416=IFCDIRECTION((1.,0.,0.));
#4417=IFCAXIS2PLACEMENT3D(#4414,#4415,#4416);
#4418=IFCEXTRUDEDAREASOLID(#4413,#4417,#4412,3200.4000000000001);
#4419=IFCSHAPEREPRESENTATION(#11,'Body','SweptSolid',(#4418));
#4420=IFCPRODUCTDEFINITIONSHAPE($,$,(#4419));
#4426=IFCCARTESIANPOINT((50901.599999999999,20726.400000000001,10668.));
#4427=IFCDIRECTION((0.,0.,1.));
#4428=IFCDIRECTION((6.123233995736766E-17,1.,0.));
#4429=IFCAXIS2PLACEMENT3D(#4426,#4427,#4428);
#4430=IFCLOCALPLACEMENT($,#4429);
#4431=IFCWALL('2pcRvyk0X1cxaVmzqOOCZU',$,'L3|ONEBR_A',$,$,#4452,#4442,$,$);
#4432=IFCCARTESIANPOINTLIST2D(((0.,0.),(0.,150.),(10363.200000000001,150.),(10363.200000000001,0.),(0.,0.)));
#4433=IFCINDEXEDPOLYCURVE(#4432,$,.F.);
#4434=IFCDIRECTION((0.,0.,1.));
#4435=IFCARBITRARYCLOSEDPROFILEDEF(.AREA.,$,#4433);
#4436=IFCCARTESIANPOINT((0.,0.,0.));
#4437=IFCDIRECTION((0.,0.,1.));
#4438=IFCDIRECTION((1.,0.,0.));
#4439=IFCAXIS2PLACEMENT3D(#4436,#4437,#4438);
#4440=IFCEXTRUDEDAREASOLID(#4435,#4439,#4434,3200.4000000000001);
#4441=IFCSHAPEREPRESENTATION(#11,'Body','SweptSolid',(#4440));
#4442=IFCPRODUCTDEFINITIONSHAPE($,$,(#4441));
#4448=IFCCARTESIANPOINT((28956.000000000004,27432.,10668.));
#4449=IFCDIRECTION((0.,0.,1.));
#4450=IFCDIRECTION((1.,0.,0.));
#4451=IFCAXIS2PLACEMENT3D(#4448,#4449,#4450);
#4452=IFCLOCALPLACEMENT($,#4451);
#4453=IFCWALL('19Bgt0o7fAoPyAvuAg7hK4',$,'L3|ONEBR_A',$,$,#4474,#4464,$,$);
#4454=IFCCARTESIANPOINTLIST2D(((0.,0.),(0.,150.),(10363.200000000001,150.),(10363.200000000001,0.),(0.,0.)));
#4455=IFCINDEXEDPOLYCURVE(#4454,$,.F.);
#4456=IFCDIRECTION((0.,0.,1.));
#4457=IFCARBITRARYCLOSEDPROFILEDEF(.AREA.,$,#4455);
#4458=IFCCARTESIANPOINT((0.,0.,0.));
#4459=IFCDIRECTION((0.,0.,1.));
#4460=IFCDIRECTION((1.,0.,0.));
#4461=IFCAXIS2PLACEMENT3D(#4458,#4459,#4460);
#4462=IFCEXTRUDEDAREASOLID(#4457,#4461,#4456,3200.4000000000001);
#4463=IFCSHAPEREPRESENTATION(#11,'Body','SweptSolid',(#4462));
#4464=IFCPRODUCTDEFINITIONSHAPE($,$,(#4463));
#4470=IFCCARTESIANPOINT((28956.000000000004,36576.,10668.));
#4471=IFCDIRECTION((0.,0.,1.));
#4472=IFCDIRECTION((1.,0.,0.));
#4473=IFCAXIS2PLACEMENT3D(#4470,#4471,#4472);
#4474=IFCLOCALPLACEMENT($,#4473);
#4475=IFCWALL('1iqaeromHDaufzB55Gf2kO',$,'L3|ONEBR_A',$,$,#4496,#4486,$,$);
#4476=IFCCARTESIANPOINTLIST2D(((0.,0.),(0.,150.),(9144.,150.),(9144.,0.),(0.,0.)));
#4477=IFCINDEXEDPOLYCURVE(#4476,$,.F.);
#4478=IFCDIRECTION((0.,0.,1.));
#4479=IFCARBITRARYCLOSEDPROFILEDEF(.AREA.,$,#4477);
#4480=IFCCARTESIANPOINT((0.,0.,0.));
#4481=IFCDIRECTION((0.,0.,1.));
#4482=IFCDIRECTION((1.,0.,0.));
#4483=IFCAXIS2PLACEMENT3D(#4480,#4481,#4482);
#4484=IFCEXTRUDEDAREASOLID(#4479,#4483,#4478,3200.4000000000001);
#4485=IFCSHAPEREPRESENTATION(#11,'Body','SweptSolid',(#4484));
#4486=IFCPRODUCTDEFINITIONSHAPE($,$,(#4485));
#4492=IFCCARTESIANPOINT((28956.000000000004,27432.,10668.));
#4493=IFCDIRECTION((0.,0.,1.));
#4494=IFCDIRECTION((6.123233995736766E-17,1.,0.));
#4495=IFCAXIS2PLACEMENT3D(#4492,#4493,#4494);
#4496=IFCLOCALPLACEMENT($,#4495);
#4497=IFCWALL('0UnFAuMLTBFe0uNw8977g9',$,'L3|ONEBR_A',$,$,#4518,#4508,$,$);
#4498=IFCCARTESIANPOINTLIST2D(((0.,0.),(0.,150.),(9144.,150.),(9144.,0.),(0.,0.)));
#4499=IFCINDEXEDPOLYCURVE(#4498,$,.F.);
#4500=IFCDIRECTION((0.,0.,1.));
#4501=IFCARBITRARYCLOSEDPROFILEDEF(.AREA.,$,#4499);
#4502=IFCCARTESIANPOINT((0.,0.,0.));
#4503=IFCDIRECTION((0.,0.,1.));
#4504=IFCDIRECTION((1.,0.,0.));
#4505=IFCAXIS2PLACEMENT3D(#4502,#4503,#4504);
#4506=IFCEXTRUDEDAREASOLID(#4501,#4505,#4500,3200.4000000000001);
#4507=IFCSHAPEREPRESENTATION(#11,'Body','SweptSolid',(#4506));
#4508=IFCPRODUCTDEFINITIONSHAPE($,$,(#4507));
#4514=IFCCARTESIANPOINT((39319.200000000004,27432.,10668.));
#4515=IFCDIRECTION((0.,0.,1.));
#4516=IFCDIRECTION((6.123233995736766E-17,1.,0.));
#4517=IFCAXIS2PLACEMENT3D(#4514,#4515,#4516);
#4518=IFCLOCALPLACEMENT($,#4517);
#4519=IFCWALL('0ssDh4lYr9Eu2TpSbZKbob',$,'L3|TWOBR_A',$,$,#4540,#4530,$,$);
#4520=IFCCARTESIANPOINTLIST2D(((0.,0.),(0.,150.),(10972.800000000001,150.),(10972.800000000001,0.),(0.,0.)));
#4521=IFCINDEXEDPOLYCURVE(#4520,$,.F.);
#4522=IFCDIRECTION((0.,0.,1.));
#4523=IFCARBITRARYCLOSEDPROFILEDEF(.AREA.,$,#4521);
#4524=IFCCARTESIANPOINT((0.,0.,0.));
#4525=IFCDIRECTION((0.,0.,1.));
#4526=IFCDIRECTION((1.,0.,0.));
#4527=IFCAXIS2PLACEMENT3D(#4524,#4525,#4526);
#4528=IFCEXTRUDEDAREASOLID(#4523,#4527,#4522,3200.4000000000001);
#4529=IFCSHAPEREPRESENTATION(#11,'Body','SweptSolid',(#4528));
#4530=IFCPRODUCTDEFINITIONSHAPE($,$,(#4529));
#4536=IFCCARTESIANPOINT((14325.6,28651.200000000001,10668.));
#4537=IFCDIRECTION((0.,0.,1.));
#4538=IFCDIRECTION((1.,0.,0.));
#4539=IFCAXIS2PLACEMENT3D(#4536,#4537,#4538);
#4540=IFCLOCALPLACEMENT($,#4539);
#4541=IFCWALL('1hNmbZ0Mv7AuWTEkRDXkzp',$,'L3|TWOBR_A',$,$,#4562,#4552,$,$);
#4542=IFCCARTESIANPOINTLIST2D(((0.,0.),(0.,150.),(10972.800000000001,150.),(10972.800000000001,0.),(0.,0.)));
#4543=IFCINDEXEDPOLYCURVE(#4542,$,.F.);
#4544=IFCDIRECTION((0.,0.,1.));
#4545=IFCARBITRARYCLOSEDPROFILEDEF(.AREA.,$,#4543);
#4546=IFCCARTESIANPOINT((0.,0.,0.));
#4547=IFCDIRECTION((0.,0.,1.));
#4548=IFCDIRECTION((1.,0.,0.));
#4549=IFCAXIS2PLACEMENT3D(#4546,#4547,#4548);
#4550=IFCEXTRUDEDAREASOLID(#4545,#4549,#4544,3200.4000000000001);
#4551=IFCSHAPEREPRESENTATION(#11,'Body','SweptSolid',(#4550));
#4552=IFCPRODUCTDEFINITIONSHAPE($,$,(#4551));
#4558=IFCCARTESIANPOINT((14325.6,39014.400000000001,10668.));
#4559=IFCDIRECTION((0.,0.,1.));
#4560=IFCDIRECTION((1.,0.,0.));
#4561=IFCAXIS2PLACEMENT3D(#4558,#4559,#4560);
#4562=IFCLOCALPLACEMENT($,#4561);
#4563=IFCWALL('0Ra088d4jCfBzaVOMS3DJ5',$,'L3|TWOBR_A',$,$,#4584,#4574,$,$);
#4564=IFCCARTESIANPOINTLIST2D(((0.,0.),(0.,150.),(10363.200000000001,150.),(10363.200000000001,0.),(0.,0.)));
#4565=IFCINDEXEDPOLYCURVE(#4564,$,.F.);
#4566=IFCDIRECTION((0.,0.,1.));
#4567=IFCARBITRARYCLOSEDPROFILEDEF(.AREA.,$,#4565);
#4568=IFCCARTESIANPOINT((0.,0.,0.));
#4569=IFCDIRECTION((0.,0.,1.));
#4570=IFCDIRECTION((1.,0.,0.));
#4571=IFCAXIS2PLACEMENT3D(#4568,#4569,#4570);
#4572=IFCEXTRUDEDAREASOLID(#4567,#4571,#4566,3200.4000000000001);
#4573=IFCSHAPEREPRESENTATION(#11,'Body','SweptSolid',(#4572));
#4574=IFCPRODUCTDEFINITIONSHAPE($,$,(#4573));
#4580=IFCCARTESIANPOINT((14325.6,28651.200000000001,10668.));
#4581=IFCDIRECTION((0.,0.,1.));
#4582=IFCDIRECTION((6.123233995736766E-17,1.,0.));
#4583=IFCAXIS2PLACEMENT3D(#4580,#4581,#4582);
#4584=IFCLOCALPLACEMENT($,#4583);
#4585=IFCWALL('2WyNdFQjP1RxE76MUFMSCN',$,'L3|TWOBR_A',$,$,#4606,#4596,$,$);
#4586=IFCCARTESIANPOINTLIST2D(((0.,0.),(0.,150.),(10363.200000000001,150.),(10363.200000000001,0.),(0.,0.)));
#4587=IFCINDEXEDPOLYCURVE(#4586,$,.F.);
#4588=IFCDIRECTION((0.,0.,1.));
#4589=IFCARBITRARYCLOSEDPROFILEDEF(.AREA.,$,#4587);
#4590=IFCCARTESIANPOINT((0.,0.,0.));
#4591=IFCDIRECTION((0.,0.,1.));
#4592=IFCDIRECTION((1.,0.,0.));
#4593=IFCAXIS2PLACEMENT3D(#4590,#4591,#4592);
#4594=IFCEXTRUDEDAREASOLID(#4589,#4593,#4588,3200.4000000000001);
#4595=IFCSHAPEREPRESENTATION(#11,'Body','SweptSolid',(#4594));
#4596=IFCPRODUCTDEFINITIONSHAPE($,$,(#4595));
#4602=IFCCARTESIANPOINT((25298.400000000001,28651.200000000001,10668.));
#4603=IFCDIRECTION((0.,0.,1.));
#4604=IFCDIRECTION((6.123233995736766E-17,1.,0.));
#4605=IFCAXIS2PLACEMENT3D(#4602,#4603,#4604);
#4606=IFCLOCALPLACEMENT($,#4605);
#4607=IFCWALL('3pqBDYNYzCUOy6YBeQIe4F',$,'L3|ONEBR_A',$,$,#4628,#4618,$,$);
#4608=IFCCARTESIANPOINTLIST2D(((0.,0.),(0.,150.),(10363.200000000001,150.),(10363.200000000001,0.),(0.,0.)));
#4609=IFCINDEXEDPOLYCURVE(#4608,$,.F.);
#4610=IFCDIRECTION((0.,0.,1.));
#4611=IFCARBITRARYCLOSEDPROFILEDEF(.AREA.,$,#4609);
#4612=IFCCARTESIANPOINT((0.,0.,0.));
#4613=IFCDIRECTION((0.,0.,1.));
#4614=IFCDIRECTION((1.,0.,0.));
#4615=IFCAXIS2PLACEMENT3D(#4612,#4613,#4614);
#4616=IFCEXTRUDEDAREASOLID(#4611,#4615,#4610,3200.4000000000001);
#4617=IFCSHAPEREPRESENTATION(#11,'Body','SweptSolid',(#4616));
#4618=IFCPRODUCTDEFINITIONSHAPE($,$,(#4617));
#4624=IFCCARTESIANPOINT((41148.,28651.200000000001,10668.));
#4625=IFCDIRECTION((0.,0.,1.));
#4626=IFCDIRECTION((1.,0.,0.));
#4627=IFCAXIS2PLACEMENT3D(#4624,#4625,#4626);
#4628=IFCLOCALPLACEMENT($,#4627);
#4629=IFCWALL('03p4eTB7P8A9h67IWMO49W',$,'L3|ONEBR_A',$,$,#4650,#4640,$,$);
#4630=IFCCARTESIANPOINTLIST2D(((0.,0.),(0.,150.),(10363.200000000001,150.),(10363.200000000001,0.),(0.,0.)));
#4631=IFCINDEXEDPOLYCURVE(#4630,$,.F.);
#4632=IFCDIRECTION((0.,0.,1.));
#4633=IFCARBITRARYCLOSEDPROFILEDEF(.AREA.,$,#4631);
#4634=IFCCARTESIANPOINT((0.,0.,0.));
#4635=IFCDIRECTION((0.,0.,1.));
#4636=IFCDIRECTION((1.,0.,0.));
#4637=IFCAXIS2PLACEMENT3D(#4634,#4635,#4636);
#4638=IFCEXTRUDEDAREASOLID(#4633,#4637,#4632,3200.4000000000001);
#4639=IFCSHAPEREPRESENTATION(#11,'Body','SweptSolid',(#4638));
#4640=IFCPRODUCTDEFINITIONSHAPE($,$,(#4639));
#4646=IFCCARTESIANPOINT((41148.,37795.199999999997,10668.));
#4647=IFCDIRECTION((0.,0.,1.));
#4648=IFCDIRECTION((1.,0.,0.));
#4649=IFCAXIS2PLACEMENT3D(#4646,#4647,#4648);
#4650=IFCLOCALPLACEMENT($,#4649);
#4651=IFCWALL('2HVb0p7A95gQdDCczq1SSv',$,'L3|ONEBR_A',$,$,#4672,#4662,$,$);
#4652=IFCCARTESIANPOINTLIST2D(((0.,0.),(0.,150.),(9144.,150.),(9144.,0.),(0.,0.)));
#4653=IFCINDEXEDPOLYCURVE(#4652,$,.F.);
#4654=IFCDIRECTION((0.,0.,1.));
#4655=IFCARBITRARYCLOSEDPROFILEDEF(.AREA.,$,#4653);
#4656=IFCCARTESIANPOINT((0.,0.,0.));
#4657=IFCDIRECTION((0.,0.,1.));
#4658=IFCDIRECTION((1.,0.,0.));
#4659=IFCAXIS2PLACEMENT3D(#4656,#4657,#4658);
#4660=IFCEXTRUDEDAREASOLID(#4655,#4659,#4654,3200.4000000000001);
#4661=IFCSHAPEREPRESENTATION(#11,'Body','SweptSolid',(#4660));
#4662=IFCPRODUCTDEFINITIONSHAPE($,$,(#4661));
#4668=IFCCARTESIANPOINT((41148.,28651.200000000001,10668.));
#4669=IFCDIRECTION((0.,0.,1.));
#4670=IFCDIRECTION((6.123233995736766E-17,1.,0.));
#4671=IFCAXIS2PLACEMENT3D(#4668,#4669,#4670);
#4672=IFCLOCALPLACEMENT($,#4671);
#4673=IFCWALL('0uUuD17dL5w9kbX13gBv9A',$,'L3|ONEBR_A',$,$,#4694,#4684,$,$);
#4674=IFCCARTESIANPOINTLIST2D(((0.,0.),(0.,150.),(9144.,150.),(9144.,0.),(0.,0.)));
#4675=IFCINDEXEDPOLYCURVE(#4674,$,.F.);
#4676=IFCDIRECTION((0.,0.,1.));
#4677=IFCARBITRARYCLOSEDPROFILEDEF(.AREA.,$,#4675);
#4678=IFCCARTESIANPOINT((0.,0.,0.));
#4679=IFCDIRECTION((0.,0.,1.));
#4680=IFCDIRECTION((1.,0.,0.));
#4681=IFCAXIS2PLACEMENT3D(#4678,#4679,#4680);
#4682=IFCEXTRUDEDAREASOLID(#4677,#4681,#4676,3200.4000000000001);
#4683=IFCSHAPEREPRESENTATION(#11,'Body','SweptSolid',(#4682));
#4684=IFCPRODUCTDEFINITIONSHAPE($,$,(#4683));
#4690=IFCCARTESIANPOINT((51511.200000000004,28651.200000000001,10668.));
#4691=IFCDIRECTION((0.,0.,1.));
#4692=IFCDIRECTION((6.123233995736766E-17,1.,0.));
#4693=IFCAXIS2PLACEMENT3D(#4690,#4691,#4692);
#4694=IFCLOCALPLACEMENT($,#4693);
#4695=IFCWALL('1o920crvH5Jg23Ur5CSZDK',$,'L3|TWOBR_A',$,$,#4716,#4706,$,$);
#4696=IFCCARTESIANPOINTLIST2D(((0.,0.),(0.,150.),(10972.800000000001,150.),(10972.800000000001,0.),(0.,0.)));
#4697=IFCINDEXEDPOLYCURVE(#4696,$,.F.);
#4698=IFCDIRECTION((0.,0.,1.));
#4699=IFCARBITRARYCLOSEDPROFILEDEF(.AREA.,$,#4697);
#4700=IFCCARTESIANPOINT((0.,0.,0.));
#4701=IFCDIRECTION((0.,0.,1.));
#4702=IFCDIRECTION((1.,0.,0.));
#4703=IFCAXIS2PLACEMENT3D(#4700,#4701,#4702);
#4704=IFCEXTRUDEDAREASOLID(#4699,#4703,#4698,3200.4000000000001);
#4705=IFCSHAPEREPRESENTATION(#11,'Body','SweptSolid',(#4704));
#4706=IFCPRODUCTDEFINITIONSHAPE($,$,(#4705));
#4712=IFCCARTESIANPOINT((1524.,31089.599999999999,10668.));
#4713=IFCDIRECTION((0.,0.,1.));
#4714=IFCDIRECTION((1.,0.,0.));
#4715=IFCAXIS2PLACEMENT3D(#4712,#4713,#4714);
#4716=IFCLOCALPLACEMENT($,#4715);
#4717=IFCWALL('03ce0fxJv5sAvX$jd0EIPX',$,'L3|TWOBR_A',$,$,#4738,#4728,$,$);
#4718=IFCCARTESIANPOINTLIST2D(((0.,0.),(0.,150.),(10972.800000000001,150.),(10972.800000000001,0.),(0.,0.)));
#4719=IFCINDEXEDPOLYCURVE(#4718,$,.F.);
#4720=IFCDIRECTION((0.,0.,1.));
#4721=IFCARBITRARYCLOSEDPROFILEDEF(.AREA.,$,#4719);
#4722=IFCCARTESIANPOINT((0.,0.,0.));
#4723=IFCDIRECTION((0.,0.,1.));
#4724=IFCDIRECTION((1.,0.,0.));
#4725=IFCAXIS2PLACEMENT3D(#4722,#4723,#4724);
#4726=IFCEXTRUDEDAREASOLID(#4721,#4725,#4720,3200.4000000000001);
#4727=IFCSHAPEREPRESENTATION(#11,'Body','SweptSolid',(#4726));
#4728=IFCPRODUCTDEFINITIONSHAPE($,$,(#4727));
#4734=IFCCARTESIANPOINT((1524.,41452.800000000003,10668.));
#4735=IFCDIRECTION((0.,0.,1.));
#4736=IFCDIRECTION((1.,0.,0.));
#4737=IFCAXIS2PLACEMENT3D(#4734,#4735,#4736);
#4738=IFCLOCALPLACEMENT($,#4737);
#4739=IFCWALL('0pVwWfo1581P9JL5toSGsF',$,'L3|TWOBR_A',$,$,#4760,#4750,$,$);
#4740=IFCCARTESIANPOINTLIST2D(((0.,0.),(0.,150.),(10363.200000000001,150.),(10363.200000000001,0.),(0.,0.)));
#4741=IFCINDEXEDPOLYCURVE(#4740,$,.F.);
#4742=IFCDIRECTION((0.,0.,1.));
#4743=IFCARBITRARYCLOSEDPROFILEDEF(.AREA.,$,#4741);
#4744=IFCCARTESIANPOINT((0.,0.,0.));
#4745=IFCDIRECTION((0.,0.,1.));
#4746=IFCDIRECTION((1.,0.,0.));
#4747=IFCAXIS2PLACEMENT3D(#4744,#4745,#4746);
#4748=IFCEXTRUDEDAREASOLID(#4743,#4747,#4742,3200.4000000000001);
#4749=IFCSHAPEREPRESENTATION(#11,'Body','SweptSolid',(#4748));
#4750=IFCPRODUCTDEFINITIONSHAPE($,$,(#4749));
#4756=IFCCARTESIANPOINT((1524.,31089.599999999999,10668.));
#4757=IFCDIRECTION((0.,0.,1.));
#4758=IFCDIRECTION((6.123233995736766E-17,1.,0.));
#4759=IFCAXIS2PLACEMENT3D(#4756,#4757,#4758);
#4760=IFCLOCALPLACEMENT($,#4759);
#4761=IFCWALL('2EQG1DjU9EF93iY2uYd3yK',$,'L3|TWOBR_A',$,$,#4782,#4772,$,$);
#4762=IFCCARTESIANPOINTLIST2D(((0.,0.),(0.,150.),(10363.200000000001,150.),(10363.200000000001,0.),(0.,0.)));
#4763=IFCINDEXEDPOLYCURVE(#4762,$,.F.);
#4764=IFCDIRECTION((0.,0.,1.));
#4765=IFCARBITRARYCLOSEDPROFILEDEF(.AREA.,$,#4763);
#4766=IFCCARTESIANPOINT((0.,0.,0.));
#4767=IFCDIRECTION((0.,0.,1.));
#4768=IFCDIRECTION((1.,0.,0.));
#4769=IFCAXIS2PLACEMENT3D(#4766,#4767,#4768);
#4770=IFCEXTRUDEDAREASOLID(#4765,#4769,#4764,3200.4000000000001);
#4771=IFCSHAPEREPRESENTATION(#11,'Body','SweptSolid',(#4770));
#4772=IFCPRODUCTDEFINITIONSHAPE($,$,(#4771));
#4778=IFCCARTESIANPOINT((12496.799999999999,31089.599999999999,10668.));
#4779=IFCDIRECTION((0.,0.,1.));
#4780=IFCDIRECTION((6.123233995736766E-17,1.,0.));
#4781=IFCAXIS2PLACEMENT3D(#4778,#4779,#4780);
#4782=IFCLOCALPLACEMENT($,#4781);
#4783=IFCWALL('0DRLoZLPT7cAesPbU4jS96',$,'L3|ONEBR_A',$,$,#4804,#4794,$,$);
#4784=IFCCARTESIANPOINTLIST2D(((0.,0.),(0.,150.),(10363.200000000001,150.),(10363.200000000001,0.),(0.,0.)));
#4785=IFCINDEXEDPOLYCURVE(#4784,$,.F.);
#4786=IFCDIRECTION((0.,0.,1.));
#4787=IFCARBITRARYCLOSEDPROFILEDEF(.AREA.,$,#4785);
#4788=IFCCARTESIANPOINT((0.,0.,0.));
#4789=IFCDIRECTION((0.,0.,1.));
#4790=IFCDIRECTION((1.,0.,0.));
#4791=IFCAXIS2PLACEMENT3D(#4788,#4789,#4790);
#4792=IFCEXTRUDEDAREASOLID(#4787,#4791,#4786,3200.4000000000001);
#4793=IFCSHAPEREPRESENTATION(#11,'Body','SweptSolid',(#4792));
#4794=IFCPRODUCTDEFINITIONSHAPE($,$,(#4793));
#4800=IFCCARTESIANPOINT((28956.000000000004,36576.,10668.));
#4801=IFCDIRECTION((0.,0.,1.));
#4802=IFCDIRECTION((1.,0.,0.));
#4803=IFCAXIS2PLACEMENT3D(#4800,#4801,#4802);
#4804=IFCLOCALPLACEMENT($,#4803);
#4805=IFCWALL('2MLN8_$x985fziekYO6PRD',$,'L3|ONEBR_A',$,$,#4826,#4816,$,$);
#4806=IFCCARTESIANPOINTLIST2D(((0.,0.),(0.,150.),(10363.200000000001,150.),(10363.200000000001,0.),(0.,0.)));
#4807=IFCINDEXEDPOLYCURVE(#4806,$,.F.);
#4808=IFCDIRECTION((0.,0.,1.));
#4809=IFCARBITRARYCLOSEDPROFILEDEF(.AREA.,$,#4807);
#4810=IFCCARTESIANPOINT((0.,0.,0.));
#4811=IFCDIRECTION((0.,0.,1.));
#4812=IFCDIRECTION((1.,0.,0.));
#4813=IFCAXIS2PLACEMENT3D(#4810,#4811,#4812);
#4814=IFCEXTRUDEDAREASOLID(#4809,#4813,#4808,3200.4000000000001);
#4815=IFCSHAPEREPRESENTATION(#11,'Body','SweptSolid',(#4814));
#4816=IFCPRODUCTDEFINITIONSHAPE($,$,(#4815));
#4822=IFCCARTESIANPOINT((28956.000000000004,45720.,10668.));
#4823=IFCDIRECTION((0.,0.,1.));
#4824=IFCDIRECTION((1.,0.,0.));
#4825=IFCAXIS2PLACEMENT3D(#4822,#4823,#4824);
#4826=IFCLOCALPLACEMENT($,#4825);
#4827=IFCWALL('1ad6G_t$f7Lf0QbAzVt$pE',$,'L3|ONEBR_A',$,$,#4848,#4838,$,$);
#4828=IFCCARTESIANPOINTLIST2D(((0.,0.),(0.,150.),(9144.,150.),(9144.,0.),(0.,0.)));
#4829=IFCINDEXEDPOLYCURVE(#4828,$,.F.);
#4830=IFCDIRECTION((0.,0.,1.));
#4831=IFCARBITRARYCLOSEDPROFILEDEF(.AREA.,$,#4829);
#4832=IFCCARTESIANPOINT((0.,0.,0.));
#4833=IFCDIRECTION((0.,0.,1.));
#4834=IFCDIRECTION((1.,0.,0.));
#4835=IFCAXIS2PLACEMENT3D(#4832,#4833,#4834);
#4836=IFCEXTRUDEDAREASOLID(#4831,#4835,#4830,3200.4000000000001);
#4837=IFCSHAPEREPRESENTATION(#11,'Body','SweptSolid',(#4836));
#4838=IFCPRODUCTDEFINITIONSHAPE($,$,(#4837));
#4844=IFCCARTESIANPOINT((28956.000000000004,36576.,10668.));
#4845=IFCDIRECTION((0.,0.,1.));
#4846=IFCDIRECTION((6.123233995736766E-17,1.,0.));
#4847=IFCAXIS2PLACEMENT3D(#4844,#4845,#4846);
#4848=IFCLOCALPLACEMENT($,#4847);
#4849=IFCWALL('1ReQg$dmjC1fnJmMZQCn45',$,'L3|ONEBR_A',$,$,#4870,#4860,$,$);
#4850=IFCCARTESIANPOINTLIST2D(((0.,0.),(0.,150.),(9144.,150.),(9144.,0.),(0.,0.)));
#4851=IFCINDEXEDPOLYCURVE(#4850,$,.F.);
#4852=IFCDIRECTION((0.,0.,1.));
#4853=IFCARBITRARYCLOSEDPROFILEDEF(.AREA.,$,#4851);
#4854=IFCCARTESIANPOINT((0.,0.,0.));
#4855=IFCDIRECTION((0.,0.,1.));
#4856=IFCDIRECTION((1.,0.,0.));
#4857=IFCAXIS2PLACEMENT3D(#4854,#4855,#4856);
#4858=IFCEXTRUDEDAREASOLID(#4853,#4857,#4852,3200.4000000000001);
#4859=IFCSHAPEREPRESENTATION(#11,'Body','SweptSolid',(#4858));
#4860=IFCPRODUCTDEFINITIONSHAPE($,$,(#4859));
#4866=IFCCARTESIANPOINT((39319.200000000004,36576.,10668.));
#4867=IFCDIRECTION((0.,0.,1.));
#4868=IFCDIRECTION((6.123233995736766E-17,1.,0.));
#4869=IFCAXIS2PLACEMENT3D(#4866,#4867,#4868);
#4870=IFCLOCALPLACEMENT($,#4869);
#4871=IFCWALL('3AC9vjcnX7xRTjqbaR1XhG',$,'L3|STUDIO_A',$,$,#4892,#4882,$,$);
#4872=IFCCARTESIANPOINTLIST2D(((0.,0.),(0.,150.),(9753.6000000000004,150.),(9753.6000000000004,0.),(0.,0.)));
#4873=IFCINDEXEDPOLYCURVE(#4872,$,.F.);
#4874=IFCDIRECTION((0.,0.,1.));
#4875=IFCARBITRARYCLOSEDPROFILEDEF(.AREA.,$,#4873);
#4876=IFCCARTESIANPOINT((0.,0.,0.));
#4877=IFCDIRECTION((0.,0.,1.));
#4878=IFCDIRECTION((1.,0.,0.));
#4879=IFCAXIS2PLACEMENT3D(#4876,#4877,#4878);
#4880=IFCEXTRUDEDAREASOLID(#4875,#4879,#4874,3200.4000000000001);
#4881=IFCSHAPEREPRESENTATION(#11,'Body','SweptSolid',(#4880));
#4882=IFCPRODUCTDEFINITIONSHAPE($,$,(#4881));
#4888=IFCCARTESIANPOINT((41148.,37795.199999999997,10668.));
#4889=IFCDIRECTION((0.,0.,1.));
#4890=IFCDIRECTION((1.,0.,0.));
#4891=IFCAXIS2PLACEMENT3D(#4888,#4889,#4890);
#4892=IFCLOCALPLACEMENT($,#4891);
#4893=IFCWALL('3HnTSa7p13SuD8HmWyxm9K',$,'L3|STUDIO_A',$,$,#4914,#4904,$,$);
#4894=IFCCARTESIANPOINTLIST2D(((0.,0.),(0.,150.),(9753.6000000000004,150.),(9753.6000000000004,0.),(0.,0.)));
#4895=IFCINDEXEDPOLYCURVE(#4894,$,.F.);
#4896=IFCDIRECTION((0.,0.,1.));
#4897=IFCARBITRARYCLOSEDPROFILEDEF(.AREA.,$,#4895);
#4898=IFCCARTESIANPOINT((0.,0.,0.));
#4899=IFCDIRECTION((0.,0.,1.));
#4900=IFCDIRECTION((1.,0.,0.));
#4901=IFCAXIS2PLACEMENT3D(#4898,#4899,#4900);
#4902=IFCEXTRUDEDAREASOLID(#4897,#4901,#4896,3200.4000000000001);
#4903=IFCSHAPEREPRESENTATION(#11,'Body','SweptSolid',(#4902));
#4904=IFCPRODUCTDEFINITIONSHAPE($,$,(#4903));
#4910=IFCCARTESIANPOINT((41148.,45720.,10668.));
#4911=IFCDIRECTION((0.,0.,1.));
#4912=IFCDIRECTION((1.,0.,0.));
#4913=IFCAXIS2PLACEMENT3D(#4910,#4911,#4912);
#4914=IFCLOCALPLACEMENT($,#4913);
#4915=IFCWALL('2Y9ONRrOf13A7Be8untwfN',$,'L3|STUDIO_A',$,$,#4936,#4926,$,$);
#4916=IFCCARTESIANPOINTLIST2D(((0.,0.),(0.,150.),(7924.8000000000002,150.),(7924.8000000000002,0.),(0.,0.)));
#4917=IFCINDEXEDPOLYCURVE(#4916,$,.F.);
#4918=IFCDIRECTION((0.,0.,1.));
#4919=IFCARBITRARYCLOSEDPROFILEDEF(.AREA.,$,#4917);
#4920=IFCCARTESIANPOINT((0.,0.,0.));
#4921=IFCDIRECTION((0.,0.,1.));
#4922=IFCDIRECTION((1.,0.,0.));
#4923=IFCAXIS2PLACEMENT3D(#4920,#4921,#4922);
#4924=IFCEXTRUDEDAREASOLID(#4919,#4923,#4918,3200.4000000000001);
#4925=IFCSHAPEREPRESENTATION(#11,'Body','SweptSolid',(#4924));
#4926=IFCPRODUCTDEFINITIONSHAPE($,$,(#4925));
#4932=IFCCARTESIANPOINT((41148.,37795.199999999997,10668.));
#4933=IFCDIRECTION((0.,0.,1.));
#4934=IFCDIRECTION((6.123233995736766E-17,1.,0.));
#4935=IFCAXIS2PLACEMENT3D(#4932,#4933,#4934);
#4936=IFCLOCALPLACEMENT($,#4935);
#4937=IFCWALL('3c2gO9Fl516fbNEoEQTpS0',$,'L3|STUDIO_A',$,$,#4958,#4948,$,$);
#4938=IFCCARTESIANPOINTLIST2D(((0.,0.),(0.,150.),(7924.8000000000002,150.),(7924.8000000000002,0.),(0.,0.)));
#4939=IFCINDEXEDPOLYCURVE(#4938,$,.F.);
#4940=IFCDIRECTION((0.,0.,1.));
#4941=IFCARBITRARYCLOSEDPROFILEDEF(.AREA.,$,#4939);
#4942=IFCCARTESIANPOINT((0.,0.,0.));
#4943=IFCDIRECTION((0.,0.,1.));
#4944=IFCDIRECTION((1.,0.,0.));
#4945=IFCAXIS2PLACEMENT3D(#4942,#4943,#4944);
#4946=IFCEXTRUDEDAREASOLID(#4941,#4945,#4940,3200.4000000000001);
#4947=IFCSHAPEREPRESENTATION(#11,'Body','SweptSolid',(#4946));
#4948=IFCPRODUCTDEFINITIONSHAPE($,$,(#4947));
#4954=IFCCARTESIANPOINT((50901.599999999999,37795.199999999997,10668.));
#4955=IFCDIRECTION((0.,0.,1.));
#4956=IFCDIRECTION((6.123233995736766E-17,1.,0.));
#4957=IFCAXIS2PLACEMENT3D(#4954,#4955,#4956);
#4958=IFCLOCALPLACEMENT($,#4957);
#4959=IFCWALL('1WAEHgxgDABRD4LpFaORFL',$,'L3|ONEBR_A',$,$,#4980,#4970,$,$);
#4960=IFCCARTESIANPOINTLIST2D(((0.,0.),(0.,150.),(10363.200000000001,150.),(10363.200000000001,0.),(0.,0.)));
#4961=IFCINDEXEDPOLYCURVE(#4960,$,.F.);
#4962=IFCDIRECTION((0.,0.,1.));
#4963=IFCARBITRARYCLOSEDPROFILEDEF(.AREA.,$,#4961);
#4964=IFCCARTESIANPOINT((0.,0.,0.));
#4965=IFCDIRECTION((0.,0.,1.));
#4966=IFCDIRECTION((1.,0.,0.));
#4967=IFCAXIS2PLACEMENT3D(#4964,#4965,#4966);
#4968=IFCEXTRUDEDAREASOLID(#4963,#4967,#4962,3200.4000000000001);
#4969=IFCSHAPEREPRESENTATION(#11,'Body','SweptSolid',(#4968));
#4970=IFCPRODUCTDEFINITIONSHAPE($,$,(#4969));
#4976=IFCCARTESIANPOINT((14325.6,39014.400000000001,10668.));
#4977=IFCDIRECTION((0.,0.,1.));
#4978=IFCDIRECTION((1.,0.,0.));
#4979=IFCAXIS2PLACEMENT3D(#4976,#4977,#4978);
#4980=IFCLOCALPLACEMENT($,#4979);
#4981=IFCWALL('2wIbj6aXD258ATDASJkZTb',$,'L3|ONEBR_A',$,$,#5002,#4992,$,$);
#4982=IFCCARTESIANPOINTLIST2D(((0.,0.),(0.,150.),(10363.200000000001,150.),(10363.200000000001,0.),(0.,0.)));
#4983=IFCINDEXEDPOLYCURVE(#4982,$,.F.);
#4984=IFCDIRECTION((0.,0.,1.));
#4985=IFCARBITRARYCLOSEDPROFILEDEF(.AREA.,$,#4983);
#4986=IFCCARTESIANPOINT((0.,0.,0.));
#4987=IFCDIRECTION((0.,0.,1.));
#4988=IFCDIRECTION((1.,0.,0.));
#4989=IFCAXIS2PLACEMENT3D(#4986,#4987,#4988);
#4990=IFCEXTRUDEDAREASOLID(#4985,#4989,#4984,3200.4000000000001);
#4991=IFCSHAPEREPRESENTATION(#11,'Body','SweptSolid',(#4990));
#4992=IFCPRODUCTDEFINITIONSHAPE($,$,(#4991));
#4998=IFCCARTESIANPOINT((14325.6,48158.400000000001,10668.));
#4999=IFCDIRECTION((0.,0.,1.));
#5000=IFCDIRECTION((1.,0.,0.));
#5001=IFCAXIS2PLACEMENT3D(#4998,#4999,#5000);
#5002=IFCLOCALPLACEMENT($,#5001);
#5003=IFCWALL('0DxaCTdpn4XB5mOM7cH9$r',$,'L3|ONEBR_A',$,$,#5024,#5014,$,$);
#5004=IFCCARTESIANPOINTLIST2D(((0.,0.),(0.,150.),(9144.,150.),(9144.,0.),(0.,0.)));
#5005=IFCINDEXEDPOLYCURVE(#5004,$,.F.);
#5006=IFCDIRECTION((0.,0.,1.));
#5007=IFCARBITRARYCLOSEDPROFILEDEF(.AREA.,$,#5005);
#5008=IFCCARTESIANPOINT((0.,0.,0.));
#5009=IFCDIRECTION((0.,0.,1.));
#5010=IFCDIRECTION((1.,0.,0.));
#5011=IFCAXIS2PLACEMENT3D(#5008,#5009,#5010);
#5012=IFCEXTRUDEDAREASOLID(#5007,#5011,#5006,3200.4000000000001);
#5013=IFCSHAPEREPRESENTATION(#11,'Body','SweptSolid',(#5012));
#5014=IFCPRODUCTDEFINITIONSHAPE($,$,(#5013));
#5020=IFCCARTESIANPOINT((14325.6,39014.400000000001,10668.));
#5021=IFCDIRECTION((0.,0.,1.));
#5022=IFCDIRECTION((6.123233995736766E-17,1.,0.));
#5023=IFCAXIS2PLACEMENT3D(#5020,#5021,#5022);
#5024=IFCLOCALPLACEMENT($,#5023);
#5025=IFCWALL('3ZIWkVUG50kA1C$vTqd3Ot',$,'L3|ONEBR_A',$,$,#5046,#5036,$,$);
#5026=IFCCARTESIANPOINTLIST2D(((0.,0.),(0.,150.),(9144.,150.),(9144.,0.),(0.,0.)));
#5027=IFCINDEXEDPOLYCURVE(#5026,$,.F.);
#5028=IFCDIRECTION((0.,0.,1.));
#5029=IFCARBITRARYCLOSEDPROFILEDEF(.AREA.,$,#5027);
#5030=IFCCARTESIANPOINT((0.,0.,0.));
#5031=IFCDIRECTION((0.,0.,1.));
#5032=IFCDIRECTION((1.,0.,0.));
#5033=IFCAXIS2PLACEMENT3D(#5030,#5031,#5032);
#5034=IFCEXTRUDEDAREASOLID(#5029,#5033,#5028,3200.4000000000001);
#5035=IFCSHAPEREPRESENTATION(#11,'Body','SweptSolid',(#5034));
#5036=IFCPRODUCTDEFINITIONSHAPE($,$,(#5035));
#5042=IFCCARTESIANPOINT((24688.799999999999,39014.400000000001,10668.));
#5043=IFCDIRECTION((0.,0.,1.));
#5044=IFCDIRECTION((6.123233995736766E-17,1.,0.));
#5045=IFCAXIS2PLACEMENT3D(#5042,#5043,#5044);
#5046=IFCLOCALPLACEMENT($,#5045);
#5047=IFCWALL('0A2Foz40vDrBsmNQm7Nqyx',$,'L3|TWOBR_A',$,$,#5068,#5058,$,$);
#5048=IFCCARTESIANPOINTLIST2D(((0.,0.),(0.,150.),(10972.800000000001,150.),(10972.800000000001,0.),(0.,0.)));
#5049=IFCINDEXEDPOLYCURVE(#5048,$,.F.);
#5050=IFCDIRECTION((0.,0.,1.));
#5051=IFCARBITRARYCLOSEDPROFILEDEF(.AREA.,$,#5049);
#5052=IFCCARTESIANPOINT((0.,0.,0.));
#5053=IFCDIRECTION((0.,0.,1.));
#5054=IFCDIRECTION((1.,0.,0.));
#5055=IFCAXIS2PLACEMENT3D(#5052,#5053,#5054);
#5056=IFCEXTRUDEDAREASOLID(#5051,#5055,#5050,3200.4000000000001);
#5057=IFCSHAPEREPRESENTATION(#11,'Body','SweptSolid',(#5056));
#5058=IFCPRODUCTDEFINITIONSHAPE($,$,(#5057));
#5064=IFCCARTESIANPOINT((1524.,41452.800000000003,10668.));
#5065=IFCDIRECTION((0.,0.,1.));
#5066=IFCDIRECTION((1.,0.,0.));
#5067=IFCAXIS2PLACEMENT3D(#5064,#5065,#5066);
#5068=IFCLOCALPLACEMENT($,#5067);
#5069=IFCWALL('1YJNeBjRj6z8HMmyW00wk_',$,'L3|TWOBR_A',$,$,#5090,#5080,$,$);
#5070=IFCCARTESIANPOINTLIST2D(((0.,0.),(0.,150.),(10972.800000000001,150.),(10972.800000000001,0.),(0.,0.)));
#5071=IFCINDEXEDPOLYCURVE(#5070,$,.F.);
#5072=IFCDIRECTION((0.,0.,1.));
#5073=IFCARBITRARYCLOSEDPROFILEDEF(.AREA.,$,#5071);
#5074=IFCCARTESIANPOINT((0.,0.,0.));
#5075=IFCDIRECTION((0.,0.,1.));
#5076=IFCDIRECTION((1.,0.,0.));
#5077=IFCAXIS2PLACEMENT3D(#5074,#5075,#5076);
#5078=IFCEXTRUDEDAREASOLID(#5073,#5077,#5072,3200.4000000000001);
#5079=IFCSHAPEREPRESENTATION(#11,'Body','SweptSolid',(#5078));
#5080=IFCPRODUCTDEFINITIONSHAPE($,$,(#5079));
#5086=IFCCARTESIANPOINT((1524.,51816.,10668.));
#5087=IFCDIRECTION((0.,0.,1.));
#5088=IFCDIRECTION((1.,0.,0.));
#5089=IFCAXIS2PLACEMENT3D(#5086,#5087,#5088);
#5090=IFCLOCALPLACEMENT($,#5089);
#5091=IFCWALL('1wBGuDIaHABucPm3S9$7D9',$,'L3|TWOBR_A',$,$,#5112,#5102,$,$);
#5092=IFCCARTESIANPOINTLIST2D(((0.,0.),(0.,150.),(10363.200000000001,150.),(10363.200000000001,0.),(0.,0.)));
#5093=IFCINDEXEDPOLYCURVE(#5092,$,.F.);
#5094=IFCDIRECTION((0.,0.,1.));
#5095=IFCARBITRARYCLOSEDPROFILEDEF(.AREA.,$,#5093);
#5096=IFCCARTESIANPOINT((0.,0.,0.));
#5097=IFCDIRECTION((0.,0.,1.));
#5098=IFCDIRECTION((1.,0.,0.));
#5099=IFCAXIS2PLACEMENT3D(#5096,#5097,#5098);
#5100=IFCEXTRUDEDAREASOLID(#5095,#5099,#5094,3200.4000000000001);
#5101=IFCSHAPEREPRESENTATION(#11,'Body','SweptSolid',(#5100));
#5102=IFCPRODUCTDEFINITIONSHAPE($,$,(#5101));
#5108=IFCCARTESIANPOINT((1524.,41452.800000000003,10668.));
#5109=IFCDIRECTION((0.,0.,1.));
#5110=IFCDIRECTION((6.123233995736766E-17,1.,0.));
#5111=IFCAXIS2PLACEMENT3D(#5108,#5109,#5110);
#5112=IFCLOCALPLACEMENT($,#5111);
#5113=IFCWALL('1W$YppY2XC4gM1uF6gFRAk',$,'L3|TWOBR_A',$,$,#5134,#5124,$,$);
#5114=IFCCARTESIANPOINTLIST2D(((0.,0.),(0.,150.),(10363.200000000001,150.),(10363.200000000001,0.),(0.,0.)));
#5115=IFCINDEXEDPOLYCURVE(#5114,$,.F.);
#5116=IFCDIRECTION((0.,0.,1.));
#5117=IFCARBITRARYCLOSEDPROFILEDEF(.AREA.,$,#5115);
#5118=IFCCARTESIANPOINT((0.,0.,0.));
#5119=IFCDIRECTION((0.,0.,1.));
#5120=IFCDIRECTION((1.,0.,0.));
#5121=IFCAXIS2PLACEMENT3D(#5118,#5119,#5120);
#5122=IFCEXTRUDEDAREASOLID(#5117,#5121,#5116,3200.4000000000001);
#5123=IFCSHAPEREPRESENTATION(#11,'Body','SweptSolid',(#5122));
#5124=IFCPRODUCTDEFINITIONSHAPE($,$,(#5123));
#5130=IFCCARTESIANPOINT((12496.799999999999,41452.800000000003,10668.));
#5131=IFCDIRECTION((0.,0.,1.));
#5132=IFCDIRECTION((6.123233995736766E-17,1.,0.));
#5133=IFCAXIS2PLACEMENT3D(#5130,#5131,#5132);
#5134=IFCLOCALPLACEMENT($,#5133);
#5135=IFCWALL('0wX_3jlJ98bviaFE8p_4ce',$,'L3|STUDIO_A',$,$,#5156,#5146,$,$);
#5136=IFCCARTESIANPOINTLIST2D(((0.,0.),(0.,150.),(9753.6000000000004,150.),(9753.6000000000004,0.),(0.,0.)));
#5137=IFCINDEXEDPOLYCURVE(#5136,$,.F.);
#5138=IFCDIRECTION((0.,0.,1.));
#5139=IFCARBITRARYCLOSEDPROFILEDEF(.AREA.,$,#5137);
#5140=IFCCARTESIANPOINT((0.,0.,0.));
#5141=IFCDIRECTION((0.,0.,1.));
#5142=IFCDIRECTION((1.,0.,0.));
#5143=IFCAXIS2PLACEMENT3D(#5140,#5141,#5142);
#5144=IFCEXTRUDEDAREASOLID(#5139,#5143,#5138,3200.4000000000001);
#5145=IFCSHAPEREPRESENTATION(#11,'Body','SweptSolid',(#5144));
#5146=IFCPRODUCTDEFINITIONSHAPE($,$,(#5145));
#5152=IFCCARTESIANPOINT((29565.599999999999,45720.,10668.));
#5153=IFCDIRECTION((0.,0.,1.));
#5154=IFCDIRECTION((1.,0.,0.));
#5155=IFCAXIS2PLACEMENT3D(#5152,#5153,#5154);
#5156=IFCLOCALPLACEMENT($,#5155);
#5157=IFCWALL('3oWjb99IPB88BupOWgfczL',$,'L3|STUDIO_A',$,$,#5178,#5168,$,$);
#5158=IFCCARTESIANPOINTLIST2D(((0.,0.),(0.,150.),(9753.6000000000004,150.),(9753.6000000000004,0.),(0.,0.)));
#5159=IFCINDEXEDPOLYCURVE(#5158,$,.F.);
#5160=IFCDIRECTION((0.,0.,1.));
#5161=IFCARBITRARYCLOSEDPROFILEDEF(.AREA.,$,#5159);
#5162=IFCCARTESIANPOINT((0.,0.,0.));
#5163=IFCDIRECTION((0.,0.,1.));
#5164=IFCDIRECTION((1.,0.,0.));
#5165=IFCAXIS2PLACEMENT3D(#5162,#5163,#5164);
#5166=IFCEXTRUDEDAREASOLID(#5161,#5165,#5160,3200.4000000000001);
#5167=IFCSHAPEREPRESENTATION(#11,'Body','SweptSolid',(#5166));
#5168=IFCPRODUCTDEFINITIONSHAPE($,$,(#5167));
#5174=IFCCARTESIANPOINT((29565.599999999999,53644.800000000003,10668.));
#5175=IFCDIRECTION((0.,0.,1.));
#5176=IFCDIRECTION((1.,0.,0.));
#5177=IFCAXIS2PLACEMENT3D(#5174,#5175,#5176);
#5178=IFCLOCALPLACEMENT($,#5177);
#5179=IFCWALL('1qyZ4sI$L2cQBKMtM6Pueg',$,'L3|STUDIO_A',$,$,#5200,#5190,$,$);
#5180=IFCCARTESIANPOINTLIST2D(((0.,0.),(0.,150.),(7924.8000000000002,150.),(7924.8000000000002,0.),(0.,0.)));
#5181=IFCINDEXEDPOLYCURVE(#5180,$,.F.);
#5182=IFCDIRECTION((0.,0.,1.));
#5183=IFCARBITRARYCLOSEDPROFILEDEF(.AREA.,$,#5181);
#5184=IFCCARTESIANPOINT((0.,0.,0.));
#5185=IFCDIRECTION((0.,0.,1.));
#5186=IFCDIRECTION((1.,0.,0.));
#5187=IFCAXIS2PLACEMENT3D(#5184,#5185,#5186);
#5188=IFCEXTRUDEDAREASOLID(#5183,#5187,#5182,3200.4000000000001);
#5189=IFCSHAPEREPRESENTATION(#11,'Body','SweptSolid',(#5188));
#5190=IFCPRODUCTDEFINITIONSHAPE($,$,(#5189));
#5196=IFCCARTESIANPOINT((29565.599999999999,45720.,10668.));
#5197=IFCDIRECTION((0.,0.,1.));
#5198=IFCDIRECTION((6.123233995736766E-17,1.,0.));
#5199=IFCAXIS2PLACEMENT3D(#5196,#5197,#5198);
#5200=IFCLOCALPLACEMENT($,#5199);
#5201=IFCWALL('2hUmWQKLP5n967kDQv5VRA',$,'L3|STUDIO_A',$,$,#5222,#5212,$,$);
#5202=IFCCARTESIANPOINTLIST2D(((0.,0.),(0.,150.),(7924.8000000000002,150.),(7924.8000000000002,0.),(0.,0.)));
#5203=IFCINDEXEDPOLYCURVE(#5202,$,.F.);
#5204=IFCDIRECTION((0.,0.,1.));
#5205=IFCARBITRARYCLOSEDPROFILEDEF(.AREA.,$,#5203);
#5206=IFCCARTESIANPOINT((0.,0.,0.));
#5207=IFCDIRECTION((0.,0.,1.));
#5208=IFCDIRECTION((1.,0.,0.));
#5209=IFCAXIS2PLACEMENT3D(#5206,#5207,#5208);
#5210=IFCEXTRUDEDAREASOLID(#5205,#5209,#5204,3200.4000000000001);
#5211=IFCSHAPEREPRESENTATION(#11,'Body','SweptSolid',(#5210));
#5212=IFCPRODUCTDEFINITIONSHAPE($,$,(#5211));
#5218=IFCCARTESIANPOINT((39319.200000000004,45720.,10668.));
#5219=IFCDIRECTION((0.,0.,1.));
#5220=IFCDIRECTION((6.123233995736766E-17,1.,0.));
#5221=IFCAXIS2PLACEMENT3D(#5218,#5219,#5220);
#5222=IFCLOCALPLACEMENT($,#5221);
#5223=IFCWALL('0DhrkUOHL9QwhlNljdTSHV',$,'L4|ONEBR_A',$,$,#5244,#5234,$,$);
#5224=IFCCARTESIANPOINTLIST2D(((0.,0.),(0.,150.),(10363.200000000001,150.),(10363.200000000001,0.),(0.,0.)));
#5225=IFCINDEXEDPOLYCURVE(#5224,$,.F.);
#5226=IFCDIRECTION((0.,0.,1.));
#5227=IFCARBITRARYCLOSEDPROFILEDEF(.AREA.,$,#5225);
#5228=IFCCARTESIANPOINT((0.,0.,0.));
#5229=IFCDIRECTION((0.,0.,1.));
#5230=IFCDIRECTION((1.,0.,0.));
#5231=IFCAXIS2PLACEMENT3D(#5228,#5229,#5230);
#5232=IFCEXTRUDEDAREASOLID(#5227,#5231,#5226,3200.4000000000001);
#5233=IFCSHAPEREPRESENTATION(#11,'Body','SweptSolid',(#5232));
#5234=IFCPRODUCTDEFINITIONSHAPE($,$,(#5233));
#5240=IFCCARTESIANPOINT((2133.5999999999999,10363.200000000001,13868.400000000001));
#5241=IFCDIRECTION((0.,0.,1.));
#5242=IFCDIRECTION((1.,0.,0.));
#5243=IFCAXIS2PLACEMENT3D(#5240,#5241,#5242);
#5244=IFCLOCALPLACEMENT($,#5243);
#5245=IFCWALL('2RWxZ4yQvD6RpixY6j8PA2',$,'L4|ONEBR_A',$,$,#5266,#5256,$,$);
#5246=IFCCARTESIANPOINTLIST2D(((0.,0.),(0.,150.),(10363.200000000001,150.),(10363.200000000001,0.),(0.,0.)));
#5247=IFCINDEXEDPOLYCURVE(#5246,$,.F.);
#5248=IFCDIRECTION((0.,0.,1.));
#5249=IFCARBITRARYCLOSEDPROFILEDEF(.AREA.,$,#5247);
#5250=IFCCARTESIANPOINT((0.,0.,0.));
#5251=IFCDIRECTION((0.,0.,1.));
#5252=IFCDIRECTION((1.,0.,0.));
#5253=IFCAXIS2PLACEMENT3D(#5250,#5251,#5252);
#5254=IFCEXTRUDEDAREASOLID(#5249,#5253,#5248,3200.4000000000001);
#5255=IFCSHAPEREPRESENTATION(#11,'Body','SweptSolid',(#5254));
#5256=IFCPRODUCTDEFINITIONSHAPE($,$,(#5255));
#5262=IFCCARTESIANPOINT((2133.5999999999999,19507.200000000001,13868.400000000001));
#5263=IFCDIRECTION((0.,0.,1.));
#5264=IFCDIRECTION((1.,0.,0.));
#5265=IFCAXIS2PLACEMENT3D(#5262,#5263,#5264);
#5266=IFCLOCALPLACEMENT($,#5265);
#5267=IFCWALL('0raokKql51q8p6rkcz4ZmR',$,'L4|ONEBR_A',$,$,#5288,#5278,$,$);
#5268=IFCCARTESIANPOINTLIST2D(((0.,0.),(0.,150.),(9144.,150.),(9144.,0.),(0.,0.)));
#5269=IFCINDEXEDPOLYCURVE(#5268,$,.F.);
#5270=IFCDIRECTION((0.,0.,1.));
#5271=IFCARBITRARYCLOSEDPROFILEDEF(.AREA.,$,#5269);
#5272=IFCCARTESIANPOINT((0.,0.,0.));
#5273=IFCDIRECTION((0.,0.,1.));
#5274=IFCDIRECTION((1.,0.,0.));
#5275=IFCAXIS2PLACEMENT3D(#5272,#5273,#5274);
#5276=IFCEXTRUDEDAREASOLID(#5271,#5275,#5270,3200.4000000000001);
#5277=IFCSHAPEREPRESENTATION(#11,'Body','SweptSolid',(#5276));
#5278=IFCPRODUCTDEFINITIONSHAPE($,$,(#5277));
#5284=IFCCARTESIANPOINT((2133.5999999999999,10363.200000000001,13868.400000000001));
#5285=IFCDIRECTION((0.,0.,1.));
#5286=IFCDIRECTION((6.123233995736766E-17,1.,0.));
#5287=IFCAXIS2PLACEMENT3D(#5284,#5285,#5286);
#5288=IFCLOCALPLACEMENT($,#5287);
#5289=IFCWALL('2TZzX5C9r1XeZfBln4_Fj9',$,'L4|ONEBR_A',$,$,#5310,#5300,$,$);
#5290=IFCCARTESIANPOINTLIST2D(((0.,0.),(0.,150.),(9144.,150.),(9144.,0.),(0.,0.)));
#5291=IFCINDEXEDPOLYCURVE(#5290,$,.F.);
#5292=IFCDIRECTION((0.,0.,1.));
#5293=IFCARBITRARYCLOSEDPROFILEDEF(.AREA.,$,#5291);
#5294=IFCCARTESIANPOINT((0.,0.,0.));
#5295=IFCDIRECTION((0.,0.,1.));
#5296=IFCDIRECTION((1.,0.,0.));
#5297=IFCAXIS2PLACEMENT3D(#5294,#5295,#5296);
#5298=IFCEXTRUDEDAREASOLID(#5293,#5297,#5292,3200.4000000000001);
#5299=IFCSHAPEREPRESENTATION(#11,'Body','SweptSolid',(#5298));
#5300=IFCPRODUCTDEFINITIONSHAPE($,$,(#5299));
#5306=IFCCARTESIANPOINT((12496.799999999999,10363.200000000001,13868.400000000001));
#5307=IFCDIRECTION((0.,0.,1.));
#5308=IFCDIRECTION((6.123233995736766E-17,1.,0.));
#5309=IFCAXIS2PLACEMENT3D(#5306,#5307,#5308);
#5310=IFCLOCALPLACEMENT($,#5309);
#5311=IFCWALL('3hc$JjQNDAMA$hG_OyuPZO',$,'L4|TWOBR_A',$,$,#5332,#5322,$,$);
#5312=IFCCARTESIANPOINTLIST2D(((0.,0.),(0.,150.),(10972.800000000001,150.),(10972.800000000001,0.),(0.,0.)));
#5313=IFCINDEXEDPOLYCURVE(#5312,$,.F.);
#5314=IFCDIRECTION((0.,0.,1.));
#5315=IFCARBITRARYCLOSEDPROFILEDEF(.AREA.,$,#5313);
#5316=IFCCARTESIANPOINT((0.,0.,0.));
#5317=IFCDIRECTION((0.,0.,1.));
#5318=IFCDIRECTION((1.,0.,0.));
#5319=IFCAXIS2PLACEMENT3D(#5316,#5317,#5318);
#5320=IFCEXTRUDEDAREASOLID(#5315,#5319,#5314,3200.4000000000001);
#5321=IFCSHAPEREPRESENTATION(#11,'Body','SweptSolid',(#5320));
#5322=IFCPRODUCTDEFINITIONSHAPE($,$,(#5321));
#5328=IFCCARTESIANPOINT((14325.6,10363.200000000001,13868.400000000001));
#5329=IFCDIRECTION((0.,0.,1.));
#5330=IFCDIRECTION((1.,0.,0.));
#5331=IFCAXIS2PLACEMENT3D(#5328,#5329,#5330);
#5332=IFCLOCALPLACEMENT($,#5331);
#5333=IFCWALL('0XG4YOMI97bOzhC9CTh9Kf',$,'L4|TWOBR_A',$,$,#5354,#5344,$,$);
#5334=IFCCARTESIANPOINTLIST2D(((0.,0.),(0.,150.),(10972.800000000001,150.),(10972.800000000001,0.),(0.,0.)));
#5335=IFCINDEXEDPOLYCURVE(#5334,$,.F.);
#5336=IFCDIRECTION((0.,0.,1.));
#5337=IFCARBITRARYCLOSEDPROFILEDEF(.AREA.,$,#5335);
#5338=IFCCARTESIANPOINT((0.,0.,0.));
#5339=IFCDIRECTION((0.,0.,1.));
#5340=IFCDIRECTION((1.,0.,0.));
#5341=IFCAXIS2PLACEMENT3D(#5338,#5339,#5340);
#5342=IFCEXTRUDEDAREASOLID(#5337,#5341,#5336,3200.4000000000001);
#5343=IFCSHAPEREPRESENTATION(#11,'Body','SweptSolid',(#5342));
#5344=IFCPRODUCTDEFINITIONSHAPE($,$,(#5343));
#5350=IFCCARTESIANPOINT((14325.6,20726.400000000001,13868.400000000001));
#5351=IFCDIRECTION((0.,0.,1.));
#5352=IFCDIRECTION((1.,0.,0.));
#5353=IFCAXIS2PLACEMENT3D(#5350,#5351,#5352);
#5354=IFCLOCALPLACEMENT($,#5353);
#5355=IFCWALL('1Wer4bQiz0Lv275HneNrH5',$,'L4|TWOBR_A',$,$,#5376,#5366,$,$);
#5356=IFCCARTESIANPOINTLIST2D(((0.,0.),(0.,150.),(10363.200000000001,150.),(10363.200000000001,0.),(0.,0.)));
#5357=IFCINDEXEDPOLYCURVE(#5356,$,.F.);
#5358=IFCDIRECTION((0.,0.,1.));
#5359=IFCARBITRARYCLOSEDPROFILEDEF(.AREA.,$,#5357);
#5360=IFCCARTESIANPOINT((0.,0.,0.));
#5361=IFCDIRECTION((0.,0.,1.));
#5362=IFCDIRECTION((1.,0.,0.));
#5363=IFCAXIS2PLACEMENT3D(#5360,#5361,#5362);
#5364=IFCEXTRUDEDAREASOLID(#5359,#5363,#5358,3200.4000000000001);
#5365=IFCSHAPEREPRESENTATION(#11,'Body','SweptSolid',(#5364));
#5366=IFCPRODUCTDEFINITIONSHAPE($,$,(#5365));
#5372=IFCCARTESIANPOINT((14325.6,10363.200000000001,13868.400000000001));
#5373=IFCDIRECTION((0.,0.,1.));
#5374=IFCDIRECTION((6.123233995736766E-17,1.,0.));
#5375=IFCAXIS2PLACEMENT3D(#5372,#5373,#5374);
#5376=IFCLOCALPLACEMENT($,#5375);
#5377=IFCWALL('3_tyvu5Pn8$8ydguT5uEiM',$,'L4|TWOBR_A',$,$,#5398,#5388,$,$);
#5378=IFCCARTESIANPOINTLIST2D(((0.,0.),(0.,150.),(10363.200000000001,150.),(10363.200000000001,0.),(0.,0.)));
#5379=IFCINDEXEDPOLYCURVE(#5378,$,.F.);
#5380=IFCDIRECTION((0.,0.,1.));
#5381=IFCARBITRARYCLOSEDPROFILEDEF(.AREA.,$,#5379);
#5382=IFCCARTESIANPOINT((0.,0.,0.));
#5383=IFCDIRECTION((0.,0.,1.));
#5384=IFCDIRECTION((1.,0.,0.));
#5385=IFCAXIS2PLACEMENT3D(#5382,#5383,#5384);
#5386=IFCEXTRUDEDAREASOLID(#5381,#5385,#5380,3200.4000000000001);
#5387=IFCSHAPEREPRESENTATION(#11,'Body','SweptSolid',(#5386));
#5388=IFCPRODUCTDEFINITIONSHAPE($,$,(#5387));
#5394=IFCCARTESIANPOINT((25298.400000000001,10363.200000000001,13868.400000000001));
#5395=IFCDIRECTION((0.,0.,1.));
#5396=IFCDIRECTION((6.123233995736766E-17,1.,0.));
#5397=IFCAXIS2PLACEMENT3D(#5394,#5395,#5396);
#5398=IFCLOCALPLACEMENT($,#5397);
#5399=IFCWALL('3GA6ZGDqbBBvQ2xQaAK00Q',$,'L4|ONEBR_A',$,$,#5420,#5410,$,$);
#5400=IFCCARTESIANPOINTLIST2D(((0.,0.),(0.,150.),(10363.200000000001,150.),(10363.200000000001,0.),(0.,0.)));
#5401=IFCINDEXEDPOLYCURVE(#5400,$,.F.);
#5402=IFCDIRECTION((0.,0.,1.));
#5403=IFCARBITRARYCLOSEDPROFILEDEF(.AREA.,$,#5401);
#5404=IFCCARTESIANPOINT((0.,0.,0.));
#5405=IFCDIRECTION((0.,0.,1.));
#5406=IFCDIRECTION((1.,0.,0.));
#5407=IFCAXIS2PLACEMENT3D(#5404,#5405,#5406);
#5408=IFCEXTRUDEDAREASOLID(#5403,#5407,#5402,3200.4000000000001);
#5409=IFCSHAPEREPRESENTATION(#11,'Body','SweptSolid',(#5408));
#5410=IFCPRODUCTDEFINITIONSHAPE($,$,(#5409));
#5416=IFCCARTESIANPOINT((28956.000000000004,10363.200000000001,13868.400000000001));
#5417=IFCDIRECTION((0.,0.,1.));
#5418=IFCDIRECTION((1.,0.,0.));
#5419=IFCAXIS2PLACEMENT3D(#5416,#5417,#5418);
#5420=IFCLOCALPLACEMENT($,#5419);
#5421=IFCWALL('2zpJPu4kfCbvLar5ypnSCj',$,'L4|ONEBR_A',$,$,#5442,#5432,$,$);
#5422=IFCCARTESIANPOINTLIST2D(((0.,0.),(0.,150.),(10363.200000000001,150.),(10363.200000000001,0.),(0.,0.)));
#5423=IFCINDEXEDPOLYCURVE(#5422,$,.F.);
#5424=IFCDIRECTION((0.,0.,1.));
#5425=IFCARBITRARYCLOSEDPROFILEDEF(.AREA.,$,#5423);
#5426=IFCCARTESIANPOINT((0.,0.,0.));
#5427=IFCDIRECTION((0.,0.,1.));
#5428=IFCDIRECTION((1.,0.,0.));
#5429=IFCAXIS2PLACEMENT3D(#5426,#5427,#5428);
#5430=IFCEXTRUDEDAREASOLID(#5425,#5429,#5424,3200.4000000000001);
#5431=IFCSHAPEREPRESENTATION(#11,'Body','SweptSolid',(#5430));
#5432=IFCPRODUCTDEFINITIONSHAPE($,$,(#5431));
#5438=IFCCARTESIANPOINT((28956.000000000004,19507.200000000001,13868.400000000001));
#5439=IFCDIRECTION((0.,0.,1.));
#5440=IFCDIRECTION((1.,0.,0.));
#5441=IFCAXIS2PLACEMENT3D(#5438,#5439,#5440);
#5442=IFCLOCALPLACEMENT($,#5441);
#5443=IFCWALL('2llvMUSPP4KR6zq0Fn9bpw',$,'L4|ONEBR_A',$,$,#5464,#5454,$,$);
#5444=IFCCARTESIANPOINTLIST2D(((0.,0.),(0.,150.),(9144.,150.),(9144.,0.),(0.,0.)));
#5445=IFCINDEXEDPOLYCURVE(#5444,$,.F.);
#5446=IFCDIRECTION((0.,0.,1.));
#5447=IFCARBITRARYCLOSEDPROFILEDEF(.AREA.,$,#5445);
#5448=IFCCARTESIANPOINT((0.,0.,0.));
#5449=IFCDIRECTION((0.,0.,1.));
#5450=IFCDIRECTION((1.,0.,0.));
#5451=IFCAXIS2PLACEMENT3D(#5448,#5449,#5450);
#5452=IFCEXTRUDEDAREASOLID(#5447,#5451,#5446,3200.4000000000001);
#5453=IFCSHAPEREPRESENTATION(#11,'Body','SweptSolid',(#5452));
#5454=IFCPRODUCTDEFINITIONSHAPE($,$,(#5453));
#5460=IFCCARTESIANPOINT((28956.000000000004,10363.200000000001,13868.400000000001));
#5461=IFCDIRECTION((0.,0.,1.));
#5462=IFCDIRECTION((6.123233995736766E-17,1.,0.));
#5463=IFCAXIS2PLACEMENT3D(#5460,#5461,#5462);
#5464=IFCLOCALPLACEMENT($,#5463);
#5465=IFCWALL('1GzDa4745Fo9$iyAMXowSf',$,'L4|ONEBR_A',$,$,#5486,#5476,$,$);
#5466=IFCCARTESIANPOINTLIST2D(((0.,0.),(0.,150.),(9144.,150.),(9144.,0.),(0.,0.)));
#5467=IFCINDEXEDPOLYCURVE(#5466,$,.F.);
#5468=IFCDIRECTION((0.,0.,1.));
#5469=IFCARBITRARYCLOSEDPROFILEDEF(.AREA.,$,#5467);
#5470=IFCCARTESIANPOINT((0.,0.,0.));
#5471=IFCDIRECTION((0.,0.,1.));
#5472=IFCDIRECTION((1.,0.,0.));
#5473=IFCAXIS2PLACEMENT3D(#5470,#5471,#5472);
#5474=IFCEXTRUDEDAREASOLID(#5469,#5473,#5468,3200.4000000000001);
#5475=IFCSHAPEREPRESENTATION(#11,'Body','SweptSolid',(#5474));
#5476=IFCPRODUCTDEFINITIONSHAPE($,$,(#5475));
#5482=IFCCARTESIANPOINT((39319.200000000004,10363.200000000001,13868.400000000001));
#5483=IFCDIRECTION((0.,0.,1.));
#5484=IFCDIRECTION((6.123233995736766E-17,1.,0.));
#5485=IFCAXIS2PLACEMENT3D(#5482,#5483,#5484);
#5486=IFCLOCALPLACEMENT($,#5485);
#5487=IFCWALL('39_jmlXBz8wReLix86bmVL',$,'L4|TWOBR_A',$,$,#5508,#5498,$,$);
#5488=IFCCARTESIANPOINTLIST2D(((0.,0.),(0.,150.),(10972.800000000001,150.),(10972.800000000001,0.),(0.,0.)));
#5489=IFCINDEXEDPOLYCURVE(#5488,$,.F.);
#5490=IFCDIRECTION((0.,0.,1.));
#5491=IFCARBITRARYCLOSEDPROFILEDEF(.AREA.,$,#5489);
#5492=IFCCARTESIANPOINT((0.,0.,0.));
#5493=IFCDIRECTION((0.,0.,1.));
#5494=IFCDIRECTION((1.,0.,0.));
#5495=IFCAXIS2PLACEMENT3D(#5492,#5493,#5494);
#5496=IFCEXTRUDEDAREASOLID(#5491,#5495,#5490,3200.4000000000001);
#5497=IFCSHAPEREPRESENTATION(#11,'Body','SweptSolid',(#5496));
#5498=IFCPRODUCTDEFINITIONSHAPE($,$,(#5497));
#5504=IFCCARTESIANPOINT((41148.,10363.200000000001,13868.400000000001));
#5505=IFCDIRECTION((0.,0.,1.));
#5506=IFCDIRECTION((1.,0.,0.));
#5507=IFCAXIS2PLACEMENT3D(#5504,#5505,#5506);
#5508=IFCLOCALPLACEMENT($,#5507);
#5509=IFCWALL('2RBugGJcz2EgdwW$K0f93A',$,'L4|TWOBR_A',$,$,#5530,#5520,$,$);
#5510=IFCCARTESIANPOINTLIST2D(((0.,0.),(0.,150.),(10972.800000000001,150.),(10972.800000000001,0.),(0.,0.)));
#5511=IFCINDEXEDPOLYCURVE(#5510,$,.F.);
#5512=IFCDIRECTION((0.,0.,1.));
#5513=IFCARBITRARYCLOSEDPROFILEDEF(.AREA.,$,#5511);
#5514=IFCCARTESIANPOINT((0.,0.,0.));
#5515=IFCDIRECTION((0.,0.,1.));
#5516=IFCDIRECTION((1.,0.,0.));
#5517=IFCAXIS2PLACEMENT3D(#5514,#5515,#5516);
#5518=IFCEXTRUDEDAREASOLID(#5513,#5517,#5512,3200.4000000000001);
#5519=IFCSHAPEREPRESENTATION(#11,'Body','SweptSolid',(#5518));
#5520=IFCPRODUCTDEFINITIONSHAPE($,$,(#5519));
#5526=IFCCARTESIANPOINT((41148.,20726.400000000001,13868.400000000001));
#5527=IFCDIRECTION((0.,0.,1.));
#5528=IFCDIRECTION((1.,0.,0.));
#5529=IFCAXIS2PLACEMENT3D(#5526,#5527,#5528);
#5530=IFCLOCALPLACEMENT($,#5529);
#5531=IFCWALL('1mICT7U2zCogXsbNv_ZINK',$,'L4|TWOBR_A',$,$,#5552,#5542,$,$);
#5532=IFCCARTESIANPOINTLIST2D(((0.,0.),(0.,150.),(10363.200000000001,150.),(10363.200000000001,0.),(0.,0.)));
#5533=IFCINDEXEDPOLYCURVE(#5532,$,.F.);
#5534=IFCDIRECTION((0.,0.,1.));
#5535=IFCARBITRARYCLOSEDPROFILEDEF(.AREA.,$,#5533);
#5536=IFCCARTESIANPOINT((0.,0.,0.));
#5537=IFCDIRECTION((0.,0.,1.));
#5538=IFCDIRECTION((1.,0.,0.));
#5539=IFCAXIS2PLACEMENT3D(#5536,#5537,#5538);
#5540=IFCEXTRUDEDAREASOLID(#5535,#5539,#5534,3200.4000000000001);
#5541=IFCSHAPEREPRESENTATION(#11,'Body','SweptSolid',(#5540));
#5542=IFCPRODUCTDEFINITIONSHAPE($,$,(#5541));
#5548=IFCCARTESIANPOINT((41148.,10363.200000000001,13868.400000000001));
#5549=IFCDIRECTION((0.,0.,1.));
#5550=IFCDIRECTION((6.123233995736766E-17,1.,0.));
#5551=IFCAXIS2PLACEMENT3D(#5548,#5549,#5550);
#5552=IFCLOCALPLACEMENT($,#5551);
#5553=IFCWALL('2kOYu56rfAzRMyXnst2yJo',$,'L4|TWOBR_A',$,$,#5574,#5564,$,$);
#5554=IFCCARTESIANPOINTLIST2D(((0.,0.),(0.,150.),(10363.200000000001,150.),(10363.200000000001,0.),(0.,0.)));
#5555=IFCINDEXEDPOLYCURVE(#5554,$,.F.);
#5556=IFCDIRECTION((0.,0.,1.));
#5557=IFCARBITRARYCLOSEDPROFILEDEF(.AREA.,$,#5555);
#5558=IFCCARTESIANPOINT((0.,0.,0.));
#5559=IFCDIRECTION((0.,0.,1.));
#5560=IFCDIRECTION((1.,0.,0.));
#5561=IFCAXIS2PLACEMENT3D(#5558,#5559,#5560);
#5562=IFCEXTRUDEDAREASOLID(#5557,#5561,#5556,3200.4000000000001);
#5563=IFCSHAPEREPRESENTATION(#11,'Body','SweptSolid',(#5562));
#5564=IFCPRODUCTDEFINITIONSHAPE($,$,(#5563));
#5570=IFCCARTESIANPOINT((52120.800000000003,10363.200000000001,13868.400000000001));
#5571=IFCDIRECTION((0.,0.,1.));
#5572=IFCDIRECTION((6.123233995736766E-17,1.,0.));
#5573=IFCAXIS2PLACEMENT3D(#5570,#5571,#5572);
#5574=IFCLOCALPLACEMENT($,#5573);
#5575=IFCWALL('3KvrK0HkzFq8tjv753srfH',$,'L4|ONEBR_A',$,$,#5596,#5586,$,$);
#5576=IFCCARTESIANPOINTLIST2D(((0.,0.),(0.,150.),(10363.200000000001,150.),(10363.200000000001,0.),(0.,0.)));
#5577=IFCINDEXEDPOLYCURVE(#5576,$,.F.);
#5578=IFCDIRECTION((0.,0.,1.));
#5579=IFCARBITRARYCLOSEDPROFILEDEF(.AREA.,$,#5577);
#5580=IFCCARTESIANPOINT((0.,0.,0.));
#5581=IFCDIRECTION((0.,0.,1.));
#5582=IFCDIRECTION((1.,0.,0.));
#5583=IFCAXIS2PLACEMENT3D(#5580,#5581,#5582);
#5584=IFCEXTRUDEDAREASOLID(#5579,#5583,#5578,3200.4000000000001);
#5585=IFCSHAPEREPRESENTATION(#11,'Body','SweptSolid',(#5584));
#5586=IFCPRODUCTDEFINITIONSHAPE($,$,(#5585));
#5592=IFCCARTESIANPOINT((2133.5999999999999,19507.200000000001,13868.400000000001));
#5593=IFCDIRECTION((0.,0.,1.));
#5594=IFCDIRECTION((1.,0.,0.));
#5595=IFCAXIS2PLACEMENT3D(#5592,#5593,#5594);
#5596=IFCLOCALPLACEMENT($,#5595);
#5597=IFCWALL('3uE7mkNcX3G8i04RkxtlE_',$,'L4|ONEBR_A',$,$,#5618,#5608,$,$);
#5598=IFCCARTESIANPOINTLIST2D(((0.,0.),(0.,150.),(10363.200000000001,150.),(10363.200000000001,0.),(0.,0.)));
#5599=IFCINDEXEDPOLYCURVE(#5598,$,.F.);
#5600=IFCDIRECTION((0.,0.,1.));
#5601=IFCARBITRARYCLOSEDPROFILEDEF(.AREA.,$,#5599);
#5602=IFCCARTESIANPOINT((0.,0.,0.));
#5603=IFCDIRECTION((0.,0.,1.));
#5604=IFCDIRECTION((1.,0.,0.));
#5605=IFCAXIS2PLACEMENT3D(#5602,#5603,#5604);
#5606=IFCEXTRUDEDAREASOLID(#5601,#5605,#5600,3200.4000000000001);
#5607=IFCSHAPEREPRESENTATION(#11,'Body','SweptSolid',(#5606));
#5608=IFCPRODUCTDEFINITIONSHAPE($,$,(#5607));
#5614=IFCCARTESIANPOINT((2133.5999999999999,28651.200000000001,13868.400000000001));
#5615=IFCDIRECTION((0.,0.,1.));
#5616=IFCDIRECTION((1.,0.,0.));
#5617=IFCAXIS2PLACEMENT3D(#5614,#5615,#5616);
#5618=IFCLOCALPLACEMENT($,#5617);
#5619=IFCWALL('0efLRApPD5MeqrazGyUAxp',$,'L4|ONEBR_A',$,$,#5640,#5630,$,$);
#5620=IFCCARTESIANPOINTLIST2D(((0.,0.),(0.,150.),(9144.,150.),(9144.,0.),(0.,0.)));
#5621=IFCINDEXEDPOLYCURVE(#5620,$,.F.);
#5622=IFCDIRECTION((0.,0.,1.));
#5623=IFCARBITRARYCLOSEDPROFILEDEF(.AREA.,$,#5621);
#5624=IFCCARTESIANPOINT((0.,0.,0.));
#5625=IFCDIRECTION((0.,0.,1.));
#5626=IFCDIRECTION((1.,0.,0.));
#5627=IFCAXIS2PLACEMENT3D(#5624,#5625,#5626);
#5628=IFCEXTRUDEDAREASOLID(#5623,#5627,#5622,3200.4000000000001);
#5629=IFCSHAPEREPRESENTATION(#11,'Body','SweptSolid',(#5628));
#5630=IFCPRODUCTDEFINITIONSHAPE($,$,(#5629));
#5636=IFCCARTESIANPOINT((2133.5999999999999,19507.200000000001,13868.400000000001));
#5637=IFCDIRECTION((0.,0.,1.));
#5638=IFCDIRECTION((6.123233995736766E-17,1.,0.));
#5639=IFCAXIS2PLACEMENT3D(#5636,#5637,#5638);
#5640=IFCLOCALPLACEMENT($,#5639);
#5641=IFCWALL('2USc7WEKLEQwDQddwQFdQ$',$,'L4|ONEBR_A',$,$,#5662,#5652,$,$);
#5642=IFCCARTESIANPOINTLIST2D(((0.,0.),(0.,150.),(9144.,150.),(9144.,0.),(0.,0.)));
#5643=IFCINDEXEDPOLYCURVE(#5642,$,.F.);
#5644=IFCDIRECTION((0.,0.,1.));
#5645=IFCARBITRARYCLOSEDPROFILEDEF(.AREA.,$,#5643);
#5646=IFCCARTESIANPOINT((0.,0.,0.));
#5647=IFCDIRECTION((0.,0.,1.));
#5648=IFCDIRECTION((1.,0.,0.));
#5649=IFCAXIS2PLACEMENT3D(#5646,#5647,#5648);
#5650=IFCEXTRUDEDAREASOLID(#5645,#5649,#5644,3200.4000000000001);
#5651=IFCSHAPEREPRESENTATION(#11,'Body','SweptSolid',(#5650));
#5652=IFCPRODUCTDEFINITIONSHAPE($,$,(#5651));
#5658=IFCCARTESIANPOINT((12496.799999999999,19507.200000000001,13868.400000000001));
#5659=IFCDIRECTION((0.,0.,1.));
#5660=IFCDIRECTION((6.123233995736766E-17,1.,0.));
#5661=IFCAXIS2PLACEMENT3D(#5658,#5659,#5660);
#5662=IFCLOCALPLACEMENT($,#5661);
#5663=IFCWALL('05cuG1xSnFTPKdNNJwCev2',$,'L4|STUDIO_A',$,$,#5684,#5674,$,$);
#5664=IFCCARTESIANPOINTLIST2D(((0.,0.),(0.,150.),(9753.6000000000004,150.),(9753.6000000000004,0.),(0.,0.)));
#5665=IFCINDEXEDPOLYCURVE(#5664,$,.F.);
#5666=IFCDIRECTION((0.,0.,1.));
#5667=IFCARBITRARYCLOSEDPROFILEDEF(.AREA.,$,#5665);
#5668=IFCCARTESIANPOINT((0.,0.,0.));
#5669=IFCDIRECTION((0.,0.,1.));
#5670=IFCDIRECTION((1.,0.,0.));
#5671=IFCAXIS2PLACEMENT3D(#5668,#5669,#5670);
#5672=IFCEXTRUDEDAREASOLID(#5667,#5671,#5666,3200.4000000000001);
#5673=IFCSHAPEREPRESENTATION(#11,'Body','SweptSolid',(#5672));
#5674=IFCPRODUCTDEFINITIONSHAPE($,$,(#5673));
#5680=IFCCARTESIANPOINT((29565.599999999999,19507.200000000001,13868.400000000001));
#5681=IFCDIRECTION((0.,0.,1.));
#5682=IFCDIRECTION((1.,0.,0.));
#5683=IFCAXIS2PLACEMENT3D(#5680,#5681,#5682);
#5684=IFCLOCALPLACEMENT($,#5683);
#5685=IFCWALL('1YewLaZyf0lxpWSWyl0k2o',$,'L4|STUDIO_A',$,$,#5706,#5696,$,$);
#5686=IFCCARTESIANPOINTLIST2D(((0.,0.),(0.,150.),(9753.6000000000004,150.),(9753.6000000000004,0.),(0.,0.)));
#5687=IFCINDEXEDPOLYCURVE(#5686,$,.F.);
#5688=IFCDIRECTION((0.,0.,1.));
#5689=IFCARBITRARYCLOSEDPROFILEDEF(.AREA.,$,#5687);
#5690=IFCCARTESIANPOINT((0.,0.,0.));
#5691=IFCDIRECTION((0.,0.,1.));
#5692=IFCDIRECTION((1.,0.,0.));
#5693=IFCAXIS2PLACEMENT3D(#5690,#5691,#5692);
#5694=IFCEXTRUDEDAREASOLID(#5689,#5693,#5688,3200.4000000000001);
#5695=IFCSHAPEREPRESENTATION(#11,'Body','SweptSolid',(#5694));
#5696=IFCPRODUCTDEFINITIONSHAPE($,$,(#5695));
#5702=IFCCARTESIANPOINT((29565.599999999999,27432.,13868.400000000001));
#5703=IFCDIRECTION((0.,0.,1.));
#5704=IFCDIRECTION((1.,0.,0.));
#5705=IFCAXIS2PLACEMENT3D(#5702,#5703,#5704);
#5706=IFCLOCALPLACEMENT($,#5705);
#5707=IFCWALL('1GZvWWcmvBkQHNzg$eSrZy',$,'L4|STUDIO_A',$,$,#5728,#5718,$,$);
#5708=IFCCARTESIANPOINTLIST2D(((0.,0.),(0.,150.),(7924.8000000000002,150.),(7924.8000000000002,0.),(0.,0.)));
#5709=IFCINDEXEDPOLYCURVE(#5708,$,.F.);
#5710=IFCDIRECTION((0.,0.,1.));
#5711=IFCARBITRARYCLOSEDPROFILEDEF(.AREA.,$,#5709);
#5712=IFCCARTESIANPOINT((0.,0.,0.));
#5713=IFCDIRECTION((0.,0.,1.));
#5714=IFCDIRECTION((1.,0.,0.));
#5715=IFCAXIS2PLACEMENT3D(#5712,#5713,#5714);
#5716=IFCEXTRUDEDAREASOLID(#5711,#5715,#5710,3200.4000000000001);
#5717=IFCSHAPEREPRESENTATION(#11,'Body','SweptSolid',(#5716));
#5718=IFCPRODUCTDEFINITIONSHAPE($,$,(#5717));
#5724=IFCCARTESIANPOINT((29565.599999999999,19507.200000000001,13868.400000000001));
#5725=IFCDIRECTION((0.,0.,1.));
#5726=IFCDIRECTION((6.123233995736766E-17,1.,0.));
#5727=IFCAXIS2PLACEMENT3D(#5724,#5725,#5726);
#5728=IFCLOCALPLACEMENT($,#5727);
#5729=IFCWALL('0Dit8I5bbADAcW4sBlmidY',$,'L4|STUDIO_A',$,$,#5750,#5740,$,$);
#5730=IFCCARTESIANPOINTLIST2D(((0.,0.),(0.,150.),(7924.8000000000002,150.),(7924.8000000000002,0.),(0.,0.)));
#5731=IFCINDEXEDPOLYCURVE(#5730,$,.F.);
#5732=IFCDIRECTION((0.,0.,1.));
#5733=IFCARBITRARYCLOSEDPROFILEDEF(.AREA.,$,#5731);
#5734=IFCCARTESIANPOINT((0.,0.,0.));
#5735=IFCDIRECTION((0.,0.,1.));
#5736=IFCDIRECTION((1.,0.,0.));
#5737=IFCAXIS2PLACEMENT3D(#5734,#5735,#5736);
#5738=IFCEXTRUDEDAREASOLID(#5733,#5737,#5732,3200.4000000000001);
#5739=IFCSHAPEREPRESENTATION(#11,'Body','SweptSolid',(#5738));
#5740=IFCPRODUCTDEFINITIONSHAPE($,$,(#5739));
#5746=IFCCARTESIANPOINT((39319.200000000004,19507.200000000001,13868.400000000001));
#5747=IFCDIRECTION((0.,0.,1.));
#5748=IFCDIRECTION((6.123233995736766E-17,1.,0.));
#5749=IFCAXIS2PLACEMENT3D(#5746,#5747,#5748);
#5750=IFCLOCALPLACEMENT($,#5749);
#5751=IFCWALL('2FTPS6BvP4cB6aprH6EU6i',$,'L4|TWOBR_A',$,$,#5772,#5762,$,$);
#5752=IFCCARTESIANPOINTLIST2D(((0.,0.),(0.,150.),(10972.800000000001,150.),(10972.800000000001,0.),(0.,0.)));
#5753=IFCINDEXEDPOLYCURVE(#5752,$,.F.);
#5754=IFCDIRECTION((0.,0.,1.));
#5755=IFCARBITRARYCLOSEDPROFILEDEF(.AREA.,$,#5753);
#5756=IFCCARTESIANPOINT((0.,0.,0.));
#5757=IFCDIRECTION((0.,0.,1.));
#5758=IFCDIRECTION((1.,0.,0.));
#5759=IFCAXIS2PLACEMENT3D(#5756,#5757,#5758);
#5760=IFCEXTRUDEDAREASOLID(#5755,#5759,#5754,3200.4000000000001);
#5761=IFCSHAPEREPRESENTATION(#11,'Body','SweptSolid',(#5760));
#5762=IFCPRODUCTDEFINITIONSHAPE($,$,(#5761));
#5768=IFCCARTESIANPOINT((14325.6,20726.400000000001,13868.400000000001));
#5769=IFCDIRECTION((0.,0.,1.));
#5770=IFCDIRECTION((1.,0.,0.));
#5771=IFCAXIS2PLACEMENT3D(#5768,#5769,#5770);
#5772=IFCLOCALPLACEMENT($,#5771);
#5773=IFCWALL('1PCOF$iwv6FRtnSYXUPDeS',$,'L4|TWOBR_A',$,$,#5794,#5784,$,$);
#5774=IFCCARTESIANPOINTLIST2D(((0.,0.),(0.,150.),(10972.800000000001,150.),(10972.800000000001,0.),(0.,0.)));
#5775=IFCINDEXEDPOLYCURVE(#5774,$,.F.);
#5776=IFCDIRECTION((0.,0.,1.));
#5777=IFCARBITRARYCLOSEDPROFILEDEF(.AREA.,$,#5775);
#5778=IFCCARTESIANPOINT((0.,0.,0.));
#5779=IFCDIRECTION((0.,0.,1.));
#5780=IFCDIRECTION((1.,0.,0.));
#5781=IFCAXIS2PLACEMENT3D(#5778,#5779,#5780);
#5782=IFCEXTRUDEDAREASOLID(#5777,#5781,#5776,3200.4000000000001);
#5783=IFCSHAPEREPRESENTATION(#11,'Body','SweptSolid',(#5782));
#5784=IFCPRODUCTDEFINITIONSHAPE($,$,(#5783));
#5790=IFCCARTESIANPOINT((14325.6,31089.599999999999,13868.400000000001));
#5791=IFCDIRECTION((0.,0.,1.));
#5792=IFCDIRECTION((1.,0.,0.));
#5793=IFCAXIS2PLACEMENT3D(#5790,#5791,#5792);
#5794=IFCLOCALPLACEMENT($,#5793);
#5795=IFCWALL('2xH9Xc9LzEHvmKOzbnuP1N',$,'L4|TWOBR_A',$,$,#5816,#5806,$,$);
#5796=IFCCARTESIANPOINTLIST2D(((0.,0.),(0.,150.),(10363.200000000001,150.),(10363.200000000001,0.),(0.,0.)));
#5797=IFCINDEXEDPOLYCURVE(#5796,$,.F.);
#5798=IFCDIRECTION((0.,0.,1.));
#5799=IFCARBITRARYCLOSEDPROFILEDEF(.AREA.,$,#5797);
#5800=IFCCARTESIANPOINT((0.,0.,0.));
#5801=IFCDIRECTION((0.,0.,1.));
#5802=IFCDIRECTION((1.,0.,0.));
#5803=IFCAXIS2PLACEMENT3D(#5800,#5801,#5802);
#5804=IFCEXTRUDEDAREASOLID(#5799,#5803,#5798,3200.4000000000001);
#5805=IFCSHAPEREPRESENTATION(#11,'Body','SweptSolid',(#5804));
#5806=IFCPRODUCTDEFINITIONSHAPE($,$,(#5805));
#5812=IFCCARTESIANPOINT((14325.6,20726.400000000001,13868.400000000001));
#5813=IFCDIRECTION((0.,0.,1.));
#5814=IFCDIRECTION((6.123233995736766E-17,1.,0.));
#5815=IFCAXIS2PLACEMENT3D(#5812,#5813,#5814);
#5816=IFCLOCALPLACEMENT($,#5815);
#5817=IFCWALL('3ExxCyf5j9$fG$d8nTIDTP',$,'L4|TWOBR_A',$,$,#5838,#5828,$,$);
#5818=IFCCARTESIANPOINTLIST2D(((0.,0.),(0.,150.),(10363.200000000001,150.),(10363.200000000001,0.),(0.,0.)));
#5819=IFCINDEXEDPOLYCURVE(#5818,$,.F.);
#5820=IFCDIRECTION((0.,0.,1.));
#5821=IFCARBITRARYCLOSEDPROFILEDEF(.AREA.,$,#5819);
#5822=IFCCARTESIANPOINT((0.,0.,0.));
#5823=IFCDIRECTION((0.,0.,1.));
#5824=IFCDIRECTION((1.,0.,0.));
#5825=IFCAXIS2PLACEMENT3D(#5822,#5823,#5824);
#5826=IFCEXTRUDEDAREASOLID(#5821,#5825,#5820,3200.4000000000001);
#5827=IFCSHAPEREPRESENTATION(#11,'Body','SweptSolid',(#5826));
#5828=IFCPRODUCTDEFINITIONSHAPE($,$,(#5827));
#5834=IFCCARTESIANPOINT((25298.400000000001,20726.400000000001,13868.400000000001));
#5835=IFCDIRECTION((0.,0.,1.));
#5836=IFCDIRECTION((6.123233995736766E-17,1.,0.));
#5837=IFCAXIS2PLACEMENT3D(#5834,#5835,#5836);
#5838=IFCLOCALPLACEMENT($,#5837);
#5839=IFCWALL('1xebi4FHbAfPs6sSOak0fy',$,'L4|ONEBR_A',$,$,#5860,#5850,$,$);
#5840=IFCCARTESIANPOINTLIST2D(((0.,0.),(0.,150.),(10363.200000000001,150.),(10363.200000000001,0.),(0.,0.)));
#5841=IFCINDEXEDPOLYCURVE(#5840,$,.F.);
#5842=IFCDIRECTION((0.,0.,1.));
#5843=IFCARBITRARYCLOSEDPROFILEDEF(.AREA.,$,#5841);
#5844=IFCCARTESIANPOINT((0.,0.,0.));
#5845=IFCDIRECTION((0.,0.,1.));
#5846=IFCDIRECTION((1.,0.,0.));
#5847=IFCAXIS2PLACEMENT3D(#5844,#5845,#5846);
#5848=IFCEXTRUDEDAREASOLID(#5843,#5847,#5842,3200.4000000000001);
#5849=IFCSHAPEREPRESENTATION(#11,'Body','SweptSolid',(#5848));
#5850=IFCPRODUCTDEFINITIONSHAPE($,$,(#5849));
#5856=IFCCARTESIANPOINT((41148.,20726.400000000001,13868.400000000001));
#5857=IFCDIRECTION((0.,0.,1.));
#5858=IFCDIRECTION((1.,0.,0.));
#5859=IFCAXIS2PLACEMENT3D(#5856,#5857,#5858);
#5860=IFCLOCALPLACEMENT($,#5859);
#5861=IFCWALL('2Km8jcknf5E8NlstGDGBYU',$,'L4|ONEBR_A',$,$,#5882,#5872,$,$);
#5862=IFCCARTESIANPOINTLIST2D(((0.,0.),(0.,150.),(10363.200000000001,150.),(10363.200000000001,0.),(0.,0.)));
#5863=IFCINDEXEDPOLYCURVE(#5862,$,.F.);
#5864=IFCDIRECTION((0.,0.,1.));
#5865=IFCARBITRARYCLOSEDPROFILEDEF(.AREA.,$,#5863);
#5866=IFCCARTESIANPOINT((0.,0.,0.));
#5867=IFCDIRECTION((0.,0.,1.));
#5868=IFCDIRECTION((1.,0.,0.));
#5869=IFCAXIS2PLACEMENT3D(#5866,#5867,#5868);
#5870=IFCEXTRUDEDAREASOLID(#5865,#5869,#5864,3200.4000000000001);
#5871=IFCSHAPEREPRESENTATION(#11,'Body','SweptSolid',(#5870));
#5872=IFCPRODUCTDEFINITIONSHAPE($,$,(#5871));
#5878=IFCCARTESIANPOINT((41148.,29870.399999999998,13868.400000000001));
#5879=IFCDIRECTION((0.,0.,1.));
#5880=IFCDIRECTION((1.,0.,0.));
#5881=IFCAXIS2PLACEMENT3D(#5878,#5879,#5880);
#5882=IFCLOCALPLACEMENT($,#5881);
#5883=IFCWALL('1ersYd7Kf7uwr7$$0laVtp',$,'L4|ONEBR_A',$,$,#5904,#5894,$,$);
#5884=IFCCARTESIANPOINTLIST2D(((0.,0.),(0.,150.),(9144.,150.),(9144.,0.),(0.,0.)));
#5885=IFCINDEXEDPOLYCURVE(#5884,$,.F.);
#5886=IFCDIRECTION((0.,0.,1.));
#5887=IFCARBITRARYCLOSEDPROFILEDEF(.AREA.,$,#5885);
#5888=IFCCARTESIANPOINT((0.,0.,0.));
#5889=IFCDIRECTION((0.,0.,1.));
#5890=IFCDIRECTION((1.,0.,0.));
#5891=IFCAXIS2PLACEMENT3D(#5888,#5889,#5890);
#5892=IFCEXTRUDEDAREASOLID(#5887,#5891,#5886,3200.4000000000001);
#5893=IFCSHAPEREPRESENTATION(#11,'Body','SweptSolid',(#5892));
#5894=IFCPRODUCTDEFINITIONSHAPE($,$,(#5893));
#5900=IFCCARTESIANPOINT((41148.,20726.400000000001,13868.400000000001));
#5901=IFCDIRECTION((0.,0.,1.));
#5902=IFCDIRECTION((6.123233995736766E-17,1.,0.));
#5903=IFCAXIS2PLACEMENT3D(#5900,#5901,#5902);
#5904=IFCLOCALPLACEMENT($,#5903);
#5905=IFCWALL('0viNL5pG17ge0Reqt3vcfM',$,'L4|ONEBR_A',$,$,#5926,#5916,$,$);
#5906=IFCCARTESIANPOINTLIST2D(((0.,0.),(0.,150.),(9144.,150.),(9144.,0.),(0.,0.)));
#5907=IFCINDEXEDPOLYCURVE(#5906,$,.F.);
#5908=IFCDIRECTION((0.,0.,1.));
#5909=IFCARBITRARYCLOSEDPROFILEDEF(.AREA.,$,#5907);
#5910=IFCCARTESIANPOINT((0.,0.,0.));
#5911=IFCDIRECTION((0.,0.,1.));
#5912=IFCDIRECTION((1.,0.,0.));
#5913=IFCAXIS2PLACEMENT3D(#5910,#5911,#5912);
#5914=IFCEXTRUDEDAREASOLID(#5909,#5913,#5908,3200.4000000000001);
#5915=IFCSHAPEREPRESENTATION(#11,'Body','SweptSolid',(#5914));
#5916=IFCPRODUCTDEFINITIONSHAPE($,$,(#5915));
#5922=IFCCARTESIANPOINT((51511.200000000004,20726.400000000001,13868.400000000001));
#5923=IFCDIRECTION((0.,0.,1.));
#5924=IFCDIRECTION((6.123233995736766E-17,1.,0.));
#5925=IFCAXIS2PLACEMENT3D(#5922,#5923,#5924);
#5926=IFCLOCALPLACEMENT($,#5925);
#5927=IFCWALL('3IiVvXjSb0HQ9nCIGtcGIY',$,'L4|ONEBR_A',$,$,#5948,#5938,$,$);
#5928=IFCCARTESIANPOINTLIST2D(((0.,0.),(0.,150.),(10363.200000000001,150.),(10363.200000000001,0.),(0.,0.)));
#5929=IFCINDEXEDPOLYCURVE(#5928,$,.F.);
#5930=IFCDIRECTION((0.,0.,1.));
#5931=IFCARBITRARYCLOSEDPROFILEDEF(.AREA.,$,#5929);
#5932=IFCCARTESIANPOINT((0.,0.,0.));
#5933=IFCDIRECTION((0.,0.,1.));
#5934=IFCDIRECTION((1.,0.,0.));
#5935=IFCAXIS2PLACEMENT3D(#5932,#5933,#5934);
#5936=IFCEXTRUDEDAREASOLID(#5931,#5935,#5930,3200.4000000000001);
#5937=IFCSHAPEREPRESENTATION(#11,'Body','SweptSolid',(#5936));
#5938=IFCPRODUCTDEFINITIONSHAPE($,$,(#5937));
#5944=IFCCARTESIANPOINT((28956.000000000004,27432.,13868.400000000001));
#5945=IFCDIRECTION((0.,0.,1.));
#5946=IFCDIRECTION((1.,0.,0.));
#5947=IFCAXIS2PLACEMENT3D(#5944,#5945,#5946);
#5948=IFCLOCALPLACEMENT($,#5947);
#5949=IFCWALL('0JWUfkwlbFwPD6$hK9TtTd',$,'L4|ONEBR_A',$,$,#5970,#5960,$,$);
#5950=IFCCARTESIANPOINTLIST2D(((0.,0.),(0.,150.),(10363.200000000001,150.),(10363.200000000001,0.),(0.,0.)));
#5951=IFCINDEXEDPOLYCURVE(#5950,$,.F.);
#5952=IFCDIRECTION((0.,0.,1.));
#5953=IFCARBITRARYCLOSEDPROFILEDEF(.AREA.,$,#5951);
#5954=IFCCARTESIANPOINT((0.,0.,0.));
#5955=IFCDIRECTION((0.,0.,1.));
#5956=IFCDIRECTION((1.,0.,0.));
#5957=IFCAXIS2PLACEMENT3D(#5954,#5955,#5956);
#5958=IFCEXTRUDEDAREASOLID(#5953,#5957,#5952,3200.4000000000001);
#5959=IFCSHAPEREPRESENTATION(#11,'Body','SweptSolid',(#5958));
#5960=IFCPRODUCTDEFINITIONSHAPE($,$,(#5959));
#5966=IFCCARTESIANPOINT((28956.000000000004,36576.,13868.400000000001));
#5967=IFCDIRECTION((0.,0.,1.));
#5968=IFCDIRECTION((1.,0.,0.));
#5969=IFCAXIS2PLACEMENT3D(#5966,#5967,#5968);
#5970=IFCLOCALPLACEMENT($,#5969);
#5971=IFCWALL('3yv1OVCd549fCmO3FCJ8ez',$,'L4|ONEBR_A',$,$,#5992,#5982,$,$);
#5972=IFCCARTESIANPOINTLIST2D(((0.,0.),(0.,150.),(9144.,150.),(9144.,0.),(0.,0.)));
#5973=IFCINDEXEDPOLYCURVE(#5972,$,.F.);
#5974=IFCDIRECTION((0.,0.,1.));
#5975=IFCARBITRARYCLOSEDPROFILEDEF(.AREA.,$,#5973);
#5976=IFCCARTESIANPOINT((0.,0.,0.));
#5977=IFCDIRECTION((0.,0.,1.));
#5978=IFCDIRECTION((1.,0.,0.));
#5979=IFCAXIS2PLACEMENT3D(#5976,#5977,#5978);
#5980=IFCEXTRUDEDAREASOLID(#5975,#5979,#5974,3200.4000000000001);
#5981=IFCSHAPEREPRESENTATION(#11,'Body','SweptSolid',(#5980));
#5982=IFCPRODUCTDEFINITIONSHAPE($,$,(#5981));
#5988=IFCCARTESIANPOINT((28956.000000000004,27432.,13868.400000000001));
#5989=IFCDIRECTION((0.,0.,1.));
#5990=IFCDIRECTION((6.123233995736766E-17,1.,0.));
#5991=IFCAXIS2PLACEMENT3D(#5988,#5989,#5990);
#5992=IFCLOCALPLACEMENT($,#5991);
#5993=IFCWALL('2CLadzCBP1bQ_Phru_psTF',$,'L4|ONEBR_A',$,$,#6014,#6004,$,$);
#5994=IFCCARTESIANPOINTLIST2D(((0.,0.),(0.,150.),(9144.,150.),(9144.,0.),(0.,0.)));
#5995=IFCINDEXEDPOLYCURVE(#5994,$,.F.);
#5996=IFCDIRECTION((0.,0.,1.));
#5997=IFCARBITRARYCLOSEDPROFILEDEF(.AREA.,$,#5995);
#5998=IFCCARTESIANPOINT((0.,0.,0.));
#5999=IFCDIRECTION((0.,0.,1.));
#6000=IFCDIRECTION((1.,0.,0.));
#6001=IFCAXIS2PLACEMENT3D(#5998,#5999,#6000);
#6002=IFCEXTRUDEDAREASOLID(#5997,#6001,#5996,3200.4000000000001);
#6003=IFCSHAPEREPRESENTATION(#11,'Body','SweptSolid',(#6002));
#6004=IFCPRODUCTDEFINITIONSHAPE($,$,(#6003));
#6010=IFCCARTESIANPOINT((39319.200000000004,27432.,13868.400000000001));
#6011=IFCDIRECTION((0.,0.,1.));
#6012=IFCDIRECTION((6.123233995736766E-17,1.,0.));
#6013=IFCAXIS2PLACEMENT3D(#6010,#6011,#6012);
#6014=IFCLOCALPLACEMENT($,#6013);
#6015=IFCWALL('2BCM1ZTsH4GA1IeRPmeIYQ',$,'L4|TWOBR_A',$,$,#6036,#6026,$,$);
#6016=IFCCARTESIANPOINTLIST2D(((0.,0.),(0.,150.),(10972.800000000001,150.),(10972.800000000001,0.),(0.,0.)));
#6017=IFCINDEXEDPOLYCURVE(#6016,$,.F.);
#6018=IFCDIRECTION((0.,0.,1.));
#6019=IFCARBITRARYCLOSEDPROFILEDEF(.AREA.,$,#6017);
#6020=IFCCARTESIANPOINT((0.,0.,0.));
#6021=IFCDIRECTION((0.,0.,1.));
#6022=IFCDIRECTION((1.,0.,0.));
#6023=IFCAXIS2PLACEMENT3D(#6020,#6021,#6022);
#6024=IFCEXTRUDEDAREASOLID(#6019,#6023,#6018,3200.4000000000001);
#6025=IFCSHAPEREPRESENTATION(#11,'Body','SweptSolid',(#6024));
#6026=IFCPRODUCTDEFINITIONSHAPE($,$,(#6025));
#6032=IFCCARTESIANPOINT((1524.,28651.200000000001,13868.400000000001));
#6033=IFCDIRECTION((0.,0.,1.));
#6034=IFCDIRECTION((1.,0.,0.));
#6035=IFCAXIS2PLACEMENT3D(#6032,#6033,#6034);
#6036=IFCLOCALPLACEMENT($,#6035);
#6037=IFCWALL('1vfa7RSNL6svXgYT5JRCsd',$,'L4|TWOBR_A',$,$,#6058,#6048,$,$);
#6038=IFCCARTESIANPOINTLIST2D(((0.,0.),(0.,150.),(10972.800000000001,150.),(10972.800000000001,0.),(0.,0.)));
#6039=IFCINDEXEDPOLYCURVE(#6038,$,.F.);
#6040=IFCDIRECTION((0.,0.,1.));
#6041=IFCARBITRARYCLOSEDPROFILEDEF(.AREA.,$,#6039);
#6042=IFCCARTESIANPOINT((0.,0.,0.));
#6043=IFCDIRECTION((0.,0.,1.));
#6044=IFCDIRECTION((1.,0.,0.));
#6045=IFCAXIS2PLACEMENT3D(#6042,#6043,#6044);
#6046=IFCEXTRUDEDAREASOLID(#6041,#6045,#6040,3200.4000000000001);
#6047=IFCSHAPEREPRESENTATION(#11,'Body','SweptSolid',(#6046));
#6048=IFCPRODUCTDEFINITIONSHAPE($,$,(#6047));
#6054=IFCCARTESIANPOINT((1524.,39014.400000000001,13868.400000000001));
#6055=IFCDIRECTION((0.,0.,1.));
#6056=IFCDIRECTION((1.,0.,0.));
#6057=IFCAXIS2PLACEMENT3D(#6054,#6055,#6056);
#6058=IFCLOCALPLACEMENT($,#6057);
#6059=IFCWALL('3eSsmUb$LCZQKnYqZoJjZl',$,'L4|TWOBR_A',$,$,#6080,#6070,$,$);
#6060=IFCCARTESIANPOINTLIST2D(((0.,0.),(0.,150.),(10363.200000000001,150.),(10363.200000000001,0.),(0.,0.)));
#6061=IFCINDEXEDPOLYCURVE(#6060,$,.F.);
#6062=IFCDIRECTION((0.,0.,1.));
#6063=IFCARBITRARYCLOSEDPROFILEDEF(.AREA.,$,#6061);
#6064=IFCCARTESIANPOINT((0.,0.,0.));
#6065=IFCDIRECTION((0.,0.,1.));
#6066=IFCDIRECTION((1.,0.,0.));
#6067=IFCAXIS2PLACEMENT3D(#6064,#6065,#6066);
#6068=IFCEXTRUDEDAREASOLID(#6063,#6067,#6062,3200.4000000000001);
#6069=IFCSHAPEREPRESENTATION(#11,'Body','SweptSolid',(#6068));
#6070=IFCPRODUCTDEFINITIONSHAPE($,$,(#6069));
#6076=IFCCARTESIANPOINT((1524.,28651.200000000001,13868.400000000001));
#6077=IFCDIRECTION((0.,0.,1.));
#6078=IFCDIRECTION((6.123233995736766E-17,1.,0.));
#6079=IFCAXIS2PLACEMENT3D(#6076,#6077,#6078);
#6080=IFCLOCALPLACEMENT($,#6079);
#6081=IFCWALL('1XzYYHfk57aBxFE86CUaWQ',$,'L4|TWOBR_A',$,$,#6102,#6092,$,$);
#6082=IFCCARTESIANPOINTLIST2D(((0.,0.),(0.,150.),(10363.200000000001,150.),(10363.200000000001,0.),(0.,0.)));
#6083=IFCINDEXEDPOLYCURVE(#6082,$,.F.);
#6084=IFCDIRECTION((0.,0.,1.));
#6085=IFCARBITRARYCLOSEDPROFILEDEF(.AREA.,$,#6083);
#6086=IFCCARTESIANPOINT((0.,0.,0.));
#6087=IFCDIRECTION((0.,0.,1.));
#6088=IFCDIRECTION((1.,0.,0.));
#6089=IFCAXIS2PLACEMENT3D(#6086,#6087,#6088);
#6090=IFCEXTRUDEDAREASOLID(#6085,#6089,#6084,3200.4000000000001);
#6091=IFCSHAPEREPRESENTATION(#11,'Body','SweptSolid',(#6090));
#6092=IFCPRODUCTDEFINITIONSHAPE($,$,(#6091));
#6098=IFCCARTESIANPOINT((12496.799999999999,28651.200000000001,13868.400000000001));
#6099=IFCDIRECTION((0.,0.,1.));
#6100=IFCDIRECTION((6.123233995736766E-17,1.,0.));
#6101=IFCAXIS2PLACEMENT3D(#6098,#6099,#6100);
#6102=IFCLOCALPLACEMENT($,#6101);
#6103=IFCWALL('2gevMi7LD7FAbUOSkdtD6_',$,'L4|STUDIO_A',$,$,#6124,#6114,$,$);
#6104=IFCCARTESIANPOINTLIST2D(((0.,0.),(0.,150.),(9753.6000000000004,150.),(9753.6000000000004,0.),(0.,0.)));
#6105=IFCINDEXEDPOLYCURVE(#6104,$,.F.);
#6106=IFCDIRECTION((0.,0.,1.));
#6107=IFCARBITRARYCLOSEDPROFILEDEF(.AREA.,$,#6105);
#6108=IFCCARTESIANPOINT((0.,0.,0.));
#6109=IFCDIRECTION((0.,0.,1.));
#6110=IFCDIRECTION((1.,0.,0.));
#6111=IFCAXIS2PLACEMENT3D(#6108,#6109,#6110);
#6112=IFCEXTRUDEDAREASOLID(#6107,#6111,#6106,3200.4000000000001);
#6113=IFCSHAPEREPRESENTATION(#11,'Body','SweptSolid',(#6112));
#6114=IFCPRODUCTDEFINITIONSHAPE($,$,(#6113));
#6120=IFCCARTESIANPOINT((41148.,29870.399999999998,13868.400000000001));
#6121=IFCDIRECTION((0.,0.,1.));
#6122=IFCDIRECTION((1.,0.,0.));
#6123=IFCAXIS2PLACEMENT3D(#6120,#6121,#6122);
#6124=IFCLOCALPLACEMENT($,#6123);
#6125=IFCWALL('3sTJ$s9CT9ou0zD3PDq5ej',$,'L4|STUDIO_A',$,$,#6146,#6136,$,$);
#6126=IFCCARTESIANPOINTLIST2D(((0.,0.),(0.,150.),(9753.6000000000004,150.),(9753.6000000000004,0.),(0.,0.)));
#6127=IFCINDEXEDPOLYCURVE(#6126,$,.F.);
#6128=IFCDIRECTION((0.,0.,1.));
#6129=IFCARBITRARYCLOSEDPROFILEDEF(.AREA.,$,#6127);
#6130=IFCCARTESIANPOINT((0.,0.,0.));
#6131=IFCDIRECTION((0.,0.,1.));
#6132=IFCDIRECTION((1.,0.,0.));
#6133=IFCAXIS2PLACEMENT3D(#6130,#6131,#6132);
#6134=IFCEXTRUDEDAREASOLID(#6129,#6133,#6128,3200.4000000000001);
#6135=IFCSHAPEREPRESENTATION(#11,'Body','SweptSolid',(#6134));
#6136=IFCPRODUCTDEFINITIONSHAPE($,$,(#6135));
#6142=IFCCARTESIANPOINT((41148.,37795.199999999997,13868.400000000001));
#6143=IFCDIRECTION((0.,0.,1.));
#6144=IFCDIRECTION((1.,0.,0.));
#6145=IFCAXIS2PLACEMENT3D(#6142,#6143,#6144);
#6146=IFCLOCALPLACEMENT($,#6145);
#6147=IFCWALL('0ycTQWjM59vg4kqav129w6',$,'L4|STUDIO_A',$,$,#6168,#6158,$,$);
#6148=IFCCARTESIANPOINTLIST2D(((0.,0.),(0.,150.),(7924.8000000000002,150.),(7924.8000000000002,0.),(0.,0.)));
#6149=IFCINDEXEDPOLYCURVE(#6148,$,.F.);
#6150=IFCDIRECTION((0.,0.,1.));
#6151=IFCARBITRARYCLOSEDPROFILEDEF(.AREA.,$,#6149);
#6152=IFCCARTESIANPOINT((0.,0.,0.));
#6153=IFCDIRECTION((0.,0.,1.));
#6154=IFCDIRECTION((1.,0.,0.));
#6155=IFCAXIS2PLACEMENT3D(#6152,#6153,#6154);
#6156=IFCEXTRUDEDAREASOLID(#6151,#6155,#6150,3200.4000000000001);
#6157=IFCSHAPEREPRESENTATION(#11,'Body','SweptSolid',(#6156));
#6158=IFCPRODUCTDEFINITIONSHAPE($,$,(#6157));
#6164=IFCCARTESIANPOINT((41148.,29870.399999999998,13868.400000000001));
#6165=IFCDIRECTION((0.,0.,1.));
#6166=IFCDIRECTION((6.123233995736766E-17,1.,0.));
#6167=IFCAXIS2PLACEMENT3D(#6164,#6165,#6166);
#6168=IFCLOCALPLACEMENT($,#6167);
#6169=IFCWALL('1lmGAY14rDNhh$MSHwmgbD',$,'L4|STUDIO_A',$,$,#6190,#6180,$,$);
#6170=IFCCARTESIANPOINTLIST2D(((0.,0.),(0.,150.),(7924.8000000000002,150.),(7924.8000000000002,0.),(0.,0.)));
#6171=IFCINDEXEDPOLYCURVE(#6170,$,.F.);
#6172=IFCDIRECTION((0.,0.,1.));
#6173=IFCARBITRARYCLOSEDPROFILEDEF(.AREA.,$,#6171);
#6174=IFCCARTESIANPOINT((0.,0.,0.));
#6175=IFCDIRECTION((0.,0.,1.));
#6176=IFCDIRECTION((1.,0.,0.));
#6177=IFCAXIS2PLACEMENT3D(#6174,#6175,#6176);
#6178=IFCEXTRUDEDAREASOLID(#6173,#6177,#6172,3200.4000000000001);
#6179=IFCSHAPEREPRESENTATION(#11,'Body','SweptSolid',(#6178));
#6180=IFCPRODUCTDEFINITIONSHAPE($,$,(#6179));
#6186=IFCCARTESIANPOINT((50901.599999999999,29870.399999999998,13868.400000000001));
#6187=IFCDIRECTION((0.,0.,1.));
#6188=IFCDIRECTION((6.123233995736766E-17,1.,0.));
#6189=IFCAXIS2PLACEMENT3D(#6186,#6187,#6188);
#6190=IFCLOCALPLACEMENT($,#6189);
#6191=IFCWALL('3weXeHCYv45vfpzZk$4V9y',$,'L4|ONEBR_A',$,$,#6212,#6202,$,$);
#6192=IFCCARTESIANPOINTLIST2D(((0.,0.),(0.,150.),(10363.200000000001,150.),(10363.200000000001,0.),(0.,0.)));
#6193=IFCINDEXEDPOLYCURVE(#6192,$,.F.);
#6194=IFCDIRECTION((0.,0.,1.));
#6195=IFCARBITRARYCLOSEDPROFILEDEF(.AREA.,$,#6193);
#6196=IFCCARTESIANPOINT((0.,0.,0.));
#6197=IFCDIRECTION((0.,0.,1.));
#6198=IFCDIRECTION((1.,0.,0.));
#6199=IFCAXIS2PLACEMENT3D(#6196,#6197,#6198);
#6200=IFCEXTRUDEDAREASOLID(#6195,#6199,#6194,3200.4000000000001);
#6201=IFCSHAPEREPRESENTATION(#11,'Body','SweptSolid',(#6200));
#6202=IFCPRODUCTDEFINITIONSHAPE($,$,(#6201));
#6208=IFCCARTESIANPOINT((14325.6,31089.599999999999,13868.400000000001));
#6209=IFCDIRECTION((0.,0.,1.));
#6210=IFCDIRECTION((1.,0.,0.));
#6211=IFCAXIS2PLACEMENT3D(#6208,#6209,#6210);
#6212=IFCLOCALPLACEMENT($,#6211);
#6213=IFCWALL('2NTbKQOKL4W8UQqar7_fpk',$,'L4|ONEBR_A',$,$,#6234,#6224,$,$);
#6214=IFCCARTESIANPOINTLIST2D(((0.,0.),(0.,150.),(10363.200000000001,150.),(10363.200000000001,0.),(0.,0.)));
#6215=IFCINDEXEDPOLYCURVE(#6214,$,.F.);
#6216=IFCDIRECTION((0.,0.,1.));
#6217=IFCARBITRARYCLOSEDPROFILEDEF(.AREA.,$,#6215);
#6218=IFCCARTESIANPOINT((0.,0.,0.));
#6219=IFCDIRECTION((0.,0.,1.));
#6220=IFCDIRECTION((1.,0.,0.));
#6221=IFCAXIS2PLACEMENT3D(#6218,#6219,#6220);
#6222=IFCEXTRUDEDAREASOLID(#6217,#6221,#6216,3200.4000000000001);
#6223=IFCSHAPEREPRESENTATION(#11,'Body','SweptSolid',(#6222));
#6224=IFCPRODUCTDEFINITIONSHAPE($,$,(#6223));
#6230=IFCCARTESIANPOINT((14325.6,40233.599999999999,13868.400000000001));
#6231=IFCDIRECTION((0.,0.,1.));
#6232=IFCDIRECTION((1.,0.,0.));
#6233=IFCAXIS2PLACEMENT3D(#6230,#6231,#6232);
#6234=IFCLOCALPLACEMENT($,#6233);
#6235=IFCWALL('1YMUJj4XHBBRM071a5iV9G',$,'L4|ONEBR_A',$,$,#6256,#6246,$,$);
#6236=IFCCARTESIANPOINTLIST2D(((0.,0.),(0.,150.),(9144.,150.),(9144.,0.),(0.,0.)));
#6237=IFCINDEXEDPOLYCURVE(#6236,$,.F.);
#6238=IFCDIRECTION((0.,0.,1.));
#6239=IFCARBITRARYCLOSEDPROFILEDEF(.AREA.,$,#6237);
#6240=IFCCARTESIANPOINT((0.,0.,0.));
#6241=IFCDIRECTION((0.,0.,1.));
#6242=IFCDIRECTION((1.,0.,0.));
#6243=IFCAXIS2PLACEMENT3D(#6240,#6241,#6242);
#6244=IFCEXTRUDEDAREASOLID(#6239,#6243,#6238,3200.4000000000001);
#6245=IFCSHAPEREPRESENTATION(#11,'Body','SweptSolid',(#6244));
#6246=IFCPRODUCTDEFINITIONSHAPE($,$,(#6245));
#6252=IFCCARTESIANPOINT((14325.6,31089.599999999999,13868.400000000001));
#6253=IFCDIRECTION((0.,0.,1.));
#6254=IFCDIRECTION((6.123233995736766E-17,1.,0.));
#6255=IFCAXIS2PLACEMENT3D(#6252,#6253,#6254);
#6256=IFCLOCALPLACEMENT($,#6255);
#6257=IFCWALL('3jiS8itoPANBYWXZiGUSyQ',$,'L4|ONEBR_A',$,$,#6278,#6268,$,$);
#6258=IFCCARTESIANPOINTLIST2D(((0.,0.),(0.,150.),(9144.,150.),(9144.,0.),(0.,0.)));
#6259=IFCINDEXEDPOLYCURVE(#6258,$,.F.);
#6260=IFCDIRECTION((0.,0.,1.));
#6261=IFCARBITRARYCLOSEDPROFILEDEF(.AREA.,$,#6259);
#6262=IFCCARTESIANPOINT((0.,0.,0.));
#6263=IFCDIRECTION((0.,0.,1.));
#6264=IFCDIRECTION((1.,0.,0.));
#6265=IFCAXIS2PLACEMENT3D(#6262,#6263,#6264);
#6266=IFCEXTRUDEDAREASOLID(#6261,#6265,#6260,3200.4000000000001);
#6267=IFCSHAPEREPRESENTATION(#11,'Body','SweptSolid',(#6266));
#6268=IFCPRODUCTDEFINITIONSHAPE($,$,(#6267));
#6274=IFCCARTESIANPOINT((24688.799999999999,31089.599999999999,13868.400000000001));
#6275=IFCDIRECTION((0.,0.,1.));
#6276=IFCDIRECTION((6.123233995736766E-17,1.,0.));
#6277=IFCAXIS2PLACEMENT3D(#6274,#6275,#6276);
#6278=IFCLOCALPLACEMENT($,#6277);
#6279=IFCWALL('0biflYcyf1mOOdYesa6FcU',$,'L4|TWOBR_A',$,$,#6300,#6290,$,$);
#6280=IFCCARTESIANPOINTLIST2D(((0.,0.),(0.,150.),(10972.800000000001,150.),(10972.800000000001,0.),(0.,0.)));
#6281=IFCINDEXEDPOLYCURVE(#6280,$,.F.);
#6282=IFCDIRECTION((0.,0.,1.));
#6283=IFCARBITRARYCLOSEDPROFILEDEF(.AREA.,$,#6281);
#6284=IFCCARTESIANPOINT((0.,0.,0.));
#6285=IFCDIRECTION((0.,0.,1.));
#6286=IFCDIRECTION((1.,0.,0.));
#6287=IFCAXIS2PLACEMENT3D(#6284,#6285,#6286);
#6288=IFCEXTRUDEDAREASOLID(#6283,#6287,#6282,3200.4000000000001);
#6289=IFCSHAPEREPRESENTATION(#11,'Body','SweptSolid',(#6288));
#6290=IFCPRODUCTDEFINITIONSHAPE($,$,(#6289));
#6296=IFCCARTESIANPOINT((28346.400000000001,36576.,13868.400000000001));
#6297=IFCDIRECTION((0.,0.,1.));
#6298=IFCDIRECTION((1.,0.,0.));
#6299=IFCAXIS2PLACEMENT3D(#6296,#6297,#6298);
#6300=IFCLOCALPLACEMENT($,#6299);
#6301=IFCWALL('0kqGwRRc5DHe6QeYnIgEpw',$,'L4|TWOBR_A',$,$,#6322,#6312,$,$);
#6302=IFCCARTESIANPOINTLIST2D(((0.,0.),(0.,150.),(10972.800000000001,150.),(10972.800000000001,0.),(0.,0.)));
#6303=IFCINDEXEDPOLYCURVE(#6302,$,.F.);
#6304=IFCDIRECTION((0.,0.,1.));
#6305=IFCARBITRARYCLOSEDPROFILEDEF(.AREA.,$,#6303);
#6306=IFCCARTESIANPOINT((0.,0.,0.));
#6307=IFCDIRECTION((0.,0.,1.));
#6308=IFCDIRECTION((1.,0.,0.));
#6309=IFCAXIS2PLACEMENT3D(#6306,#6307,#6308);
#6310=IFCEXTRUDEDAREASOLID(#6305,#6309,#6304,3200.4000000000001);
#6311=IFCSHAPEREPRESENTATION(#11,'Body','SweptSolid',(#6310));
#6312=IFCPRODUCTDEFINITIONSHAPE($,$,(#6311));
#6318=IFCCARTESIANPOINT((28346.400000000001,46939.199999999997,13868.400000000001));
#6319=IFCDIRECTION((0.,0.,1.));
#6320=IFCDIRECTION((1.,0.,0.));
#6321=IFCAXIS2PLACEMENT3D(#6318,#6319,#6320);
#6322=IFCLOCALPLACEMENT($,#6321);
#6323=IFCWALL('3uLDGSIQv7kAKbPYhhr7k9',$,'L4|TWOBR_A',$,$,#6344,#6334,$,$);
#6324=IFCCARTESIANPOINTLIST2D(((0.,0.),(0.,150.),(10363.200000000001,150.),(10363.200000000001,0.),(0.,0.)));
#6325=IFCINDEXEDPOLYCURVE(#6324,$,.F.);
#6326=IFCDIRECTION((0.,0.,1.));
#6327=IFCARBITRARYCLOSEDPROFILEDEF(.AREA.,$,#6325);
#6328=IFCCARTESIANPOINT((0.,0.,0.));
#6329=IFCDIRECTION((0.,0.,1.));
#6330=IFCDIRECTION((1.,0.,0.));
#6331=IFCAXIS2PLACEMENT3D(#6328,#6329,#6330);
#6332=IFCEXTRUDEDAREASOLID(#6327,#6331,#6326,3200.4000000000001);
#6333=IFCSHAPEREPRESENTATION(#11,'Body','SweptSolid',(#6332));
#6334=IFCPRODUCTDEFINITIONSHAPE($,$,(#6333));
#6340=IFCCARTESIANPOINT((28346.400000000001,36576.,13868.400000000001));
#6341=IFCDIRECTION((0.,0.,1.));
#6342=IFCDIRECTION((6.123233995736766E-17,1.,0.));
#6343=IFCAXIS2PLACEMENT3D(#6340,#6341,#6342);
#6344=IFCLOCALPLACEMENT($,#6343);
#6345=IFCWALL('3Vwzo1IxvCYQl4M0T5SX45',$,'L4|TWOBR_A',$,$,#6366,#6356,$,$);
#6346=IFCCARTESIANPOINTLIST2D(((0.,0.),(0.,150.),(10363.200000000001,150.),(10363.200000000001,0.),(0.,0.)));
#6347=IFCINDEXEDPOLYCURVE(#6346,$,.F.);
#6348=IFCDIRECTION((0.,0.,1.));
#6349=IFCARBITRARYCLOSEDPROFILEDEF(.AREA.,$,#6347);
#6350=IFCCARTESIANPOINT((0.,0.,0.));
#6351=IFCDIRECTION((0.,0.,1.));
#6352=IFCDIRECTION((1.,0.,0.));
#6353=IFCAXIS2PLACEMENT3D(#6350,#6351,#6352);
#6354=IFCEXTRUDEDAREASOLID(#6349,#6353,#6348,3200.4000000000001);
#6355=IFCSHAPEREPRESENTATION(#11,'Body','SweptSolid',(#6354));
#6356=IFCPRODUCTDEFINITIONSHAPE($,$,(#6355));
#6362=IFCCARTESIANPOINT((39319.200000000004,36576.,13868.400000000001));
#6363=IFCDIRECTION((0.,0.,1.));
#6364=IFCDIRECTION((6.123233995736766E-17,1.,0.));
#6365=IFCAXIS2PLACEMENT3D(#6362,#6363,#6364);
#6366=IFCLOCALPLACEMENT($,#6365);
#6367=IFCWALL('1r06pp80bDDgjCGHS$O1km',$,'L4|ONEBR_A',$,$,#6388,#6378,$,$);
#6368=IFCCARTESIANPOINTLIST2D(((0.,0.),(0.,150.),(10363.200000000001,150.),(10363.200000000001,0.),(0.,0.)));
#6369=IFCINDEXEDPOLYCURVE(#6368,$,.F.);
#6370=IFCDIRECTION((0.,0.,1.));
#6371=IFCARBITRARYCLOSEDPROFILEDEF(.AREA.,$,#6369);
#6372=IFCCARTESIANPOINT((0.,0.,0.));
#6373=IFCDIRECTION((0.,0.,1.));
#6374=IFCDIRECTION((1.,0.,0.));
#6375=IFCAXIS2PLACEMENT3D(#6372,#6373,#6374);
#6376=IFCEXTRUDEDAREASOLID(#6371,#6375,#6370,3200.4000000000001);
#6377=IFCSHAPEREPRESENTATION(#11,'Body','SweptSolid',(#6376));
#6378=IFCPRODUCTDEFINITIONSHAPE($,$,(#6377));
#6384=IFCCARTESIANPOINT((41148.,37795.199999999997,13868.400000000001));
#6385=IFCDIRECTION((0.,0.,1.));
#6386=IFCDIRECTION((1.,0.,0.));
#6387=IFCAXIS2PLACEMENT3D(#6384,#6385,#6386);
#6388=IFCLOCALPLACEMENT($,#6387);
#6389=IFCWALL('2sZYNM2S13aB6ZXGdM0xWh',$,'L4|ONEBR_A',$,$,#6410,#6400,$,$);
#6390=IFCCARTESIANPOINTLIST2D(((0.,0.),(0.,150.),(10363.200000000001,150.),(10363.200000000001,0.),(0.,0.)));
#6391=IFCINDEXEDPOLYCURVE(#6390,$,.F.);
#6392=IFCDIRECTION((0.,0.,1.));
#6393=IFCARBITRARYCLOSEDPROFILEDEF(.AREA.,$,#6391);
#6394=IFCCARTESIANPOINT((0.,0.,0.));
#6395=IFCDIRECTION((0.,0.,1.));
#6396=IFCDIRECTION((1.,0.,0.));
#6397=IFCAXIS2PLACEMENT3D(#6394,#6395,#6396);
#6398=IFCEXTRUDEDAREASOLID(#6393,#6397,#6392,3200.4000000000001);
#6399=IFCSHAPEREPRESENTATION(#11,'Body','SweptSolid',(#6398));
#6400=IFCPRODUCTDEFINITIONSHAPE($,$,(#6399));
#6406=IFCCARTESIANPOINT((41148.,46939.199999999997,13868.400000000001));
#6407=IFCDIRECTION((0.,0.,1.));
#6408=IFCDIRECTION((1.,0.,0.));
#6409=IFCAXIS2PLACEMENT3D(#6406,#6407,#6408);
#6410=IFCLOCALPLACEMENT($,#6409);
#6411=IFCWALL('0VhXbhzH55rR4TUlBNC1az',$,'L4|ONEBR_A',$,$,#6432,#6422,$,$);
#6412=IFCCARTESIANPOINTLIST2D(((0.,0.),(0.,150.),(9144.,150.),(9144.,0.),(0.,0.)));
#6413=IFCINDEXEDPOLYCURVE(#6412,$,.F.);
#6414=IFCDIRECTION((0.,0.,1.));
#6415=IFCARBITRARYCLOSEDPROFILEDEF(.AREA.,$,#6413);
#6416=IFCCARTESIANPOINT((0.,0.,0.));
#6417=IFCDIRECTION((0.,0.,1.));
#6418=IFCDIRECTION((1.,0.,0.));
#6419=IFCAXIS2PLACEMENT3D(#6416,#6417,#6418);
#6420=IFCEXTRUDEDAREASOLID(#6415,#6419,#6414,3200.4000000000001);
#6421=IFCSHAPEREPRESENTATION(#11,'Body','SweptSolid',(#6420));
#6422=IFCPRODUCTDEFINITIONSHAPE($,$,(#6421));
#6428=IFCCARTESIANPOINT((41148.,37795.199999999997,13868.400000000001));
#6429=IFCDIRECTION((0.,0.,1.));
#6430=IFCDIRECTION((6.123233995736766E-17,1.,0.));
#6431=IFCAXIS2PLACEMENT3D(#6428,#6429,#6430);
#6432=IFCLOCALPLACEMENT($,#6431);
#6433=IFCWALL('0x_nIySjf6I8HmYRb1vyi5',$,'L4|ONEBR_A',$,$,#6454,#6444,$,$);
#6434=IFCCARTESIANPOINTLIST2D(((0.,0.),(0.,150.),(9144.,150.),(9144.,0.),(0.,0.)));
#6435=IFCINDEXEDPOLYCURVE(#6434,$,.F.);
#6436=IFCDIRECTION((0.,0.,1.));
#6437=IFCARBITRARYCLOSEDPROFILEDEF(.AREA.,$,#6435);
#6438=IFCCARTESIANPOINT((0.,0.,0.));
#6439=IFCDIRECTION((0.,0.,1.));
#6440=IFCDIRECTION((1.,0.,0.));
#6441=IFCAXIS2PLACEMENT3D(#6438,#6439,#6440);
#6442=IFCEXTRUDEDAREASOLID(#6437,#6441,#6436,3200.4000000000001);
#6443=IFCSHAPEREPRESENTATION(#11,'Body','SweptSolid',(#6442));
#6444=IFCPRODUCTDEFINITIONSHAPE($,$,(#6443));
#6450=IFCCARTESIANPOINT((51511.200000000004,37795.199999999997,13868.400000000001));
#6451=IFCDIRECTION((0.,0.,1.));
#6452=IFCDIRECTION((6.123233995736766E-17,1.,0.));
#6453=IFCAXIS2PLACEMENT3D(#6450,#6451,#6452);
#6454=IFCLOCALPLACEMENT($,#6453);
#6455=IFCWALL('2qgMiDhHr4ixaGJOOBuRf4',$,'L4|TWOBR_A',$,$,#6476,#6466,$,$);
#6456=IFCCARTESIANPOINTLIST2D(((0.,0.),(0.,150.),(10972.800000000001,150.),(10972.800000000001,0.),(0.,0.)));
#6457=IFCINDEXEDPOLYCURVE(#6456,$,.F.);
#6458=IFCDIRECTION((0.,0.,1.));
#6459=IFCARBITRARYCLOSEDPROFILEDEF(.AREA.,$,#6457);
#6460=IFCCARTESIANPOINT((0.,0.,0.));
#6461=IFCDIRECTION((0.,0.,1.));
#6462=IFCDIRECTION((1.,0.,0.));
#6463=IFCAXIS2PLACEMENT3D(#6460,#6461,#6462);
#6464=IFCEXTRUDEDAREASOLID(#6459,#6463,#6458,3200.4000000000001);
#6465=IFCSHAPEREPRESENTATION(#11,'Body','SweptSolid',(#6464));
#6466=IFCPRODUCTDEFINITIONSHAPE($,$,(#6465));
#6472=IFCCARTESIANPOINT((1524.,39014.400000000001,13868.400000000001));
#6473=IFCDIRECTION((0.,0.,1.));
#6474=IFCDIRECTION((1.,0.,0.));
#6475=IFCAXIS2PLACEMENT3D(#6472,#6473,#6474);
#6476=IFCLOCALPLACEMENT($,#6475);
#6477=IFCWALL('02Yy3C0Y16fwpDWypxSxPu',$,'L4|TWOBR_A',$,$,#6498,#6488,$,$);
#6478=IFCCARTESIANPOINTLIST2D(((0.,0.),(0.,150.),(10972.800000000001,150.),(10972.800000000001,0.),(0.,0.)));
#6479=IFCINDEXEDPOLYCURVE(#6478,$,.F.);
#6480=IFCDIRECTION((0.,0.,1.));
#6481=IFCARBITRARYCLOSEDPROFILEDEF(.AREA.,$,#6479);
#6482=IFCCARTESIANPOINT((0.,0.,0.));
#6483=IFCDIRECTION((0.,0.,1.));
#6484=IFCDIRECTION((1.,0.,0.));
#6485=IFCAXIS2PLACEMENT3D(#6482,#6483,#6484);
#6486=IFCEXTRUDEDAREASOLID(#6481,#6485,#6480,3200.4000000000001);
#6487=IFCSHAPEREPRESENTATION(#11,'Body','SweptSolid',(#6486));
#6488=IFCPRODUCTDEFINITIONSHAPE($,$,(#6487));
#6494=IFCCARTESIANPOINT((1524.,49377.599999999999,13868.400000000001));
#6495=IFCDIRECTION((0.,0.,1.));
#6496=IFCDIRECTION((1.,0.,0.));
#6497=IFCAXIS2PLACEMENT3D(#6494,#6495,#6496);
#6498=IFCLOCALPLACEMENT($,#6497);
#6499=IFCWALL('2p0LjV_pj9iAxPxEkAMbvV',$,'L4|TWOBR_A',$,$,#6520,#6510,$,$);
#6500=IFCCARTESIANPOINTLIST2D(((0.,0.),(0.,150.),(10363.200000000001,150.),(10363.200000000001,0.),(0.,0.)));
#6501=IFCINDEXEDPOLYCURVE(#6500,$,.F.);
#6502=IFCDIRECTION((0.,0.,1.));
#6503=IFCARBITRARYCLOSEDPROFILEDEF(.AREA.,$,#6501);
#6504=IFCCARTESIANPOINT((0.,0.,0.));
#6505=IFCDIRECTION((0.,0.,1.));
#6506=IFCDIRECTION((1.,0.,0.));
#6507=IFCAXIS2PLACEMENT3D(#6504,#6505,#6506);
#6508=IFCEXTRUDEDAREASOLID(#6503,#6507,#6502,3200.4000000000001);
#6509=IFCSHAPEREPRESENTATION(#11,'Body','SweptSolid',(#6508));
#6510=IFCPRODUCTDEFINITIONSHAPE($,$,(#6509));
#6516=IFCCARTESIANPOINT((1524.,39014.400000000001,13868.400000000001));
#6517=IFCDIRECTION((0.,0.,1.));
#6518=IFCDIRECTION((6.123233995736766E-17,1.,0.));
#6519=IFCAXIS2PLACEMENT3D(#6516,#6517,#6518);
#6520=IFCLOCALPLACEMENT($,#6519);
#6521=IFCWALL('33rlDLVajFRfSZ8WSphnWs',$,'L4|TWOBR_A',$,$,#6542,#6532,$,$);
#6522=IFCCARTESIANPOINTLIST2D(((0.,0.),(0.,150.),(10363.200000000001,150.),(10363.200000000001,0.),(0.,0.)));
#6523=IFCINDEXEDPOLYCURVE(#6522,$,.F.);
#6524=IFCDIRECTION((0.,0.,1.));
#6525=IFCARBITRARYCLOSEDPROFILEDEF(.AREA.,$,#6523);
#6526=IFCCARTESIANPOINT((0.,0.,0.));
#6527=IFCDIRECTION((0.,0.,1.));
#6528=IFCDIRECTION((1.,0.,0.));
#6529=IFCAXIS2PLACEMENT3D(#6526,#6527,#6528);
#6530=IFCEXTRUDEDAREASOLID(#6525,#6529,#6524,3200.4000000000001);
#6531=IFCSHAPEREPRESENTATION(#11,'Body','SweptSolid',(#6530));
#6532=IFCPRODUCTDEFINITIONSHAPE($,$,(#6531));
#6538=IFCCARTESIANPOINT((12496.799999999999,39014.400000000001,13868.400000000001));
#6539=IFCDIRECTION((0.,0.,1.));
#6540=IFCDIRECTION((6.123233995736766E-17,1.,0.));
#6541=IFCAXIS2PLACEMENT3D(#6538,#6539,#6540);
#6542=IFCLOCALPLACEMENT($,#6541);
#6543=IFCWALL('0RuUdfdWHDHOoAeFsFr7Z5',$,'L4|ONEBR_A',$,$,#6564,#6554,$,$);
#6544=IFCCARTESIANPOINTLIST2D(((0.,0.),(0.,150.),(10363.200000000001,150.),(10363.200000000001,0.),(0.,0.)));
#6545=IFCINDEXEDPOLYCURVE(#6544,$,.F.);
#6546=IFCDIRECTION((0.,0.,1.));
#6547=IFCARBITRARYCLOSEDPROFILEDEF(.AREA.,$,#6545);
#6548=IFCCARTESIANPOINT((0.,0.,0.));
#6549=IFCDIRECTION((0.,0.,1.));
#6550=IFCDIRECTION((1.,0.,0.));
#6551=IFCAXIS2PLACEMENT3D(#6548,#6549,#6550);
#6552=IFCEXTRUDEDAREASOLID(#6547,#6551,#6546,3200.4000000000001);
#6553=IFCSHAPEREPRESENTATION(#11,'Body','SweptSolid',(#6552));
#6554=IFCPRODUCTDEFINITIONSHAPE($,$,(#6553));
#6560=IFCCARTESIANPOINT((14325.6,40233.599999999999,13868.400000000001));
#6561=IFCDIRECTION((0.,0.,1.));
#6562=IFCDIRECTION((1.,0.,0.));
#6563=IFCAXIS2PLACEMENT3D(#6560,#6561,#6562);
#6564=IFCLOCALPLACEMENT($,#6563);
#6565=IFCWALL('3IUG5QnlD48QOFW1qiSJ0N',$,'L4|ONEBR_A',$,$,#6586,#6576,$,$);
#6566=IFCCARTESIANPOINTLIST2D(((0.,0.),(0.,150.),(10363.200000000001,150.),(10363.200000000001,0.),(0.,0.)));
#6567=IFCINDEXEDPOLYCURVE(#6566,$,.F.);
#6568=IFCDIRECTION((0.,0.,1.));
#6569=IFCARBITRARYCLOSEDPROFILEDEF(.AREA.,$,#6567);
#6570=IFCCARTESIANPOINT((0.,0.,0.));
#6571=IFCDIRECTION((0.,0.,1.));
#6572=IFCDIRECTION((1.,0.,0.));
#6573=IFCAXIS2PLACEMENT3D(#6570,#6571,#6572);
#6574=IFCEXTRUDEDAREASOLID(#6569,#6573,#6568,3200.4000000000001);
#6575=IFCSHAPEREPRESENTATION(#11,'Body','SweptSolid',(#6574));
#6576=IFCPRODUCTDEFINITIONSHAPE($,$,(#6575));
#6582=IFCCARTESIANPOINT((14325.6,49377.599999999999,13868.400000000001));
#6583=IFCDIRECTION((0.,0.,1.));
#6584=IFCDIRECTION((1.,0.,0.));
#6585=IFCAXIS2PLACEMENT3D(#6582,#6583,#6584);
#6586=IFCLOCALPLACEMENT($,#6585);
#6587=IFCWALL('1f5KzhmpP3Ow4OUhL1jqoi',$,'L4|ONEBR_A',$,$,#6608,#6598,$,$);
#6588=IFCCARTESIANPOINTLIST2D(((0.,0.),(0.,150.),(9144.,150.),(9144.,0.),(0.,0.)));
#6589=IFCINDEXEDPOLYCURVE(#6588,$,.F.);
#6590=IFCDIRECTION((0.,0.,1.));
#6591=IFCARBITRARYCLOSEDPROFILEDEF(.AREA.,$,#6589);
#6592=IFCCARTESIANPOINT((0.,0.,0.));
#6593=IFCDIRECTION((0.,0.,1.));
#6594=IFCDIRECTION((1.,0.,0.));
#6595=IFCAXIS2PLACEMENT3D(#6592,#6593,#6594);
#6596=IFCEXTRUDEDAREASOLID(#6591,#6595,#6590,3200.4000000000001);
#6597=IFCSHAPEREPRESENTATION(#11,'Body','SweptSolid',(#6596));
#6598=IFCPRODUCTDEFINITIONSHAPE($,$,(#6597));
#6604=IFCCARTESIANPOINT((14325.6,40233.599999999999,13868.400000000001));
#6605=IFCDIRECTION((0.,0.,1.));
#6606=IFCDIRECTION((6.123233995736766E-17,1.,0.));
#6607=IFCAXIS2PLACEMENT3D(#6604,#6605,#6606);
#6608=IFCLOCALPLACEMENT($,#6607);
#6609=IFCWALL('0GbsOx$_91eBKJwcU3nV1L',$,'L4|ONEBR_A',$,$,#6630,#6620,$,$);
#6610=IFCCARTESIANPOINTLIST2D(((0.,0.),(0.,150.),(9144.,150.),(9144.,0.),(0.,0.)));
#6611=IFCINDEXEDPOLYCURVE(#6610,$,.F.);
#6612=IFCDIRECTION((0.,0.,1.));
#6613=IFCARBITRARYCLOSEDPROFILEDEF(.AREA.,$,#6611);
#6614=IFCCARTESIANPOINT((0.,0.,0.));
#6615=IFCDIRECTION((0.,0.,1.));
#6616=IFCDIRECTION((1.,0.,0.));
#6617=IFCAXIS2PLACEMENT3D(#6614,#6615,#6616);
#6618=IFCEXTRUDEDAREASOLID(#6613,#6617,#6612,3200.4000000000001);
#6619=IFCSHAPEREPRESENTATION(#11,'Body','SweptSolid',(#6618));
#6620=IFCPRODUCTDEFINITIONSHAPE($,$,(#6619));
#6626=IFCCARTESIANPOINT((24688.799999999999,40233.599999999999,13868.400000000001));
#6627=IFCDIRECTION((0.,0.,1.));
#6628=IFCDIRECTION((6.123233995736766E-17,1.,0.));
#6629=IFCAXIS2PLACEMENT3D(#6626,#6627,#6628);
#6630=IFCLOCALPLACEMENT($,#6629);
#6631=IFCWALL('3RADl8ybr36hFjm3YH5PUa',$,'L4|STUDIO_A',$,$,#6652,#6642,$,$);
#6632=IFCCARTESIANPOINTLIST2D(((0.,0.),(0.,150.),(9753.6000000000004,150.),(9753.6000000000004,0.),(0.,0.)));
#6633=IFCINDEXEDPOLYCURVE(#6632,$,.F.);
#6634=IFCDIRECTION((0.,0.,1.));
#6635=IFCARBITRARYCLOSEDPROFILEDEF(.AREA.,$,#6633);
#6636=IFCCARTESIANPOINT((0.,0.,0.));
#6637=IFCDIRECTION((0.,0.,1.));
#6638=IFCDIRECTION((1.,0.,0.));
#6639=IFCAXIS2PLACEMENT3D(#6636,#6637,#6638);
#6640=IFCEXTRUDEDAREASOLID(#6635,#6639,#6634,3200.4000000000001);
#6641=IFCSHAPEREPRESENTATION(#11,'Body','SweptSolid',(#6640));
#6642=IFCPRODUCTDEFINITIONSHAPE($,$,(#6641));
#6648=IFCCARTESIANPOINT((29565.599999999999,46939.199999999997,13868.400000000001));
#6649=IFCDIRECTION((0.,0.,1.));
#6650=IFCDIRECTION((1.,0.,0.));
#6651=IFCAXIS2PLACEMENT3D(#6648,#6649,#6650);
#6652=IFCLOCALPLACEMENT($,#6651);
#6653=IFCWALL('12Dy43IUjFiPNauQ8iV1Xk',$,'L4|STUDIO_A',$,$,#6674,#6664,$,$);
#6654=IFCCARTESIANPOINTLIST2D(((0.,0.),(0.,150.),(9753.6000000000004,150.),(9753.6000000000004,0.),(0.,0.)));
#6655=IFCINDEXEDPOLYCURVE(#6654,$,.F.);
#6656=IFCDIRECTION((0.,0.,1.));
#6657=IFCARBITRARYCLOSEDPROFILEDEF(.AREA.,$,#6655);
#6658=IFCCARTESIANPOINT((0.,0.,0.));
#6659=IFCDIRECTION((0.,0.,1.));
#6660=IFCDIRECTION((1.,0.,0.));
#6661=IFCAXIS2PLACEMENT3D(#6658,#6659,#6660);
#6662=IFCEXTRUDEDAREASOLID(#6657,#6661,#6656,3200.4000000000001);
#6663=IFCSHAPEREPRESENTATION(#11,'Body','SweptSolid',(#6662));
#6664=IFCPRODUCTDEFINITIONSHAPE($,$,(#6663));
#6670=IFCCARTESIANPOINT((29565.599999999999,54864.,13868.400000000001));
#6671=IFCDIRECTION((0.,0.,1.));
#6672=IFCDIRECTION((1.,0.,0.));
#6673=IFCAXIS2PLACEMENT3D(#6670,#6671,#6672);
#6674=IFCLOCALPLACEMENT($,#6673);
#6675=IFCWALL('2QQcIk2Sj5yQVZdQkxzoK4',$,'L4|STUDIO_A',$,$,#6696,#6686,$,$);
#6676=IFCCARTESIANPOINTLIST2D(((0.,0.),(0.,150.),(7924.8000000000002,150.),(7924.8000000000002,0.),(0.,0.)));
#6677=IFCINDEXEDPOLYCURVE(#6676,$,.F.);
#6678=IFCDIRECTION((0.,0.,1.));
#6679=IFCARBITRARYCLOSEDPROFILEDEF(.AREA.,$,#6677);
#6680=IFCCARTESIANPOINT((0.,0.,0.));
#6681=IFCDIRECTION((0.,0.,1.));
#6682=IFCDIRECTION((1.,0.,0.));
#6683=IFCAXIS2PLACEMENT3D(#6680,#6681,#6682);
#6684=IFCEXTRUDEDAREASOLID(#6679,#6683,#6678,3200.4000000000001);
#6685=IFCSHAPEREPRESENTATION(#11,'Body','SweptSolid',(#6684));
#6686=IFCPRODUCTDEFINITIONSHAPE($,$,(#6685));
#6692=IFCCARTESIANPOINT((29565.599999999999,46939.199999999997,13868.400000000001));
#6693=IFCDIRECTION((0.,0.,1.));
#6694=IFCDIRECTION((6.123233995736766E-17,1.,0.));
#6695=IFCAXIS2PLACEMENT3D(#6692,#6693,#6694);
#6696=IFCLOCALPLACEMENT($,#6695);
#6697=IFCWALL('1eeasByMnFMhp3QaK_LwW5',$,'L4|STUDIO_A',$,$,#6718,#6708,$,$);
#6698=IFCCARTESIANPOINTLIST2D(((0.,0.),(0.,150.),(7924.8000000000002,150.),(7924.8000000000002,0.),(0.,0.)));
#6699=IFCINDEXEDPOLYCURVE(#6698,$,.F.);
#6700=IFCDIRECTION((0.,0.,1.));
#6701=IFCARBITRARYCLOSEDPROFILEDEF(.AREA.,$,#6699);
#6702=IFCCARTESIANPOINT((0.,0.,0.));
#6703=IFCDIRECTION((0.,0.,1.));
#6704=IFCDIRECTION((1.,0.,0.));
#6705=IFCAXIS2PLACEMENT3D(#6702,#6703,#6704);
#6706=IFCEXTRUDEDAREASOLID(#6701,#6705,#6700,3200.4000000000001);
#6707=IFCSHAPEREPRESENTATION(#11,'Body','SweptSolid',(#6706));
#6708=IFCPRODUCTDEFINITIONSHAPE($,$,(#6707));
#6714=IFCCARTESIANPOINT((39319.200000000004,46939.199999999997,13868.400000000001));
#6715=IFCDIRECTION((0.,0.,1.));
#6716=IFCDIRECTION((6.123233995736766E-17,1.,0.));
#6717=IFCAXIS2PLACEMENT3D(#6714,#6715,#6716);
#6718=IFCLOCALPLACEMENT($,#6717);
#6719=IFCWALL('1KufTqlpnC5AB7zNE0J01l',$,'L5|ONEBR_A',$,$,#6740,#6730,$,$);
#6720=IFCCARTESIANPOINTLIST2D(((0.,0.),(0.,150.),(10363.200000000001,150.),(10363.200000000001,0.),(0.,0.)));
#6721=IFCINDEXEDPOLYCURVE(#6720,$,.F.);
#6722=IFCDIRECTION((0.,0.,1.));
#6723=IFCARBITRARYCLOSEDPROFILEDEF(.AREA.,$,#6721);
#6724=IFCCARTESIANPOINT((0.,0.,0.));
#6725=IFCDIRECTION((0.,0.,1.));
#6726=IFCDIRECTION((1.,0.,0.));
#6727=IFCAXIS2PLACEMENT3D(#6724,#6725,#6726);
#6728=IFCEXTRUDEDAREASOLID(#6723,#6727,#6722,3200.4000000000001);
#6729=IFCSHAPEREPRESENTATION(#11,'Body','SweptSolid',(#6728));
#6730=IFCPRODUCTDEFINITIONSHAPE($,$,(#6729));
#6736=IFCCARTESIANPOINT((2133.5999999999999,10363.200000000001,17068.799999999999));
#6737=IFCDIRECTION((0.,0.,1.));
#6738=IFCDIRECTION((1.,0.,0.));
#6739=IFCAXIS2PLACEMENT3D(#6736,#6737,#6738);
#6740=IFCLOCALPLACEMENT($,#6739);
#6741=IFCWALL('2BQw7kXX1D4QDvgjl54Zjd',$,'L5|ONEBR_A',$,$,#6762,#6752,$,$);
#6742=IFCCARTESIANPOINTLIST2D(((0.,0.),(0.,150.),(10363.200000000001,150.),(10363.200000000001,0.),(0.,0.)));
#6743=IFCINDEXEDPOLYCURVE(#6742,$,.F.);
#6744=IFCDIRECTION((0.,0.,1.));
#6745=IFCARBITRARYCLOSEDPROFILEDEF(.AREA.,$,#6743);
#6746=IFCCARTESIANPOINT((0.,0.,0.));
#6747=IFCDIRECTION((0.,0.,1.));
#6748=IFCDIRECTION((1.,0.,0.));
#6749=IFCAXIS2PLACEMENT3D(#6746,#6747,#6748);
#6750=IFCEXTRUDEDAREASOLID(#6745,#6749,#6744,3200.4000000000001);
#6751=IFCSHAPEREPRESENTATION(#11,'Body','SweptSolid',(#6750));
#6752=IFCPRODUCTDEFINITIONSHAPE($,$,(#6751));
#6758=IFCCARTESIANPOINT((2133.5999999999999,19507.200000000001,17068.799999999999));
#6759=IFCDIRECTION((0.,0.,1.));
#6760=IFCDIRECTION((1.,0.,0.));
#6761=IFCAXIS2PLACEMENT3D(#6758,#6759,#6760);
#6762=IFCLOCALPLACEMENT($,#6761);
#6763=IFCWALL('0U0jCtBFr1zxe97AdDXA7o',$,'L5|ONEBR_A',$,$,#6784,#6774,$,$);
#6764=IFCCARTESIANPOINTLIST2D(((0.,0.),(0.,150.),(9144.,150.),(9144.,0.),(0.,0.)));
#6765=IFCINDEXEDPOLYCURVE(#6764,$,.F.);
#6766=IFCDIRECTION((0.,0.,1.));
#6767=IFCARBITRARYCLOSEDPROFILEDEF(.AREA.,$,#6765);
#6768=IFCCARTESIANPOINT((0.,0.,0.));
#6769=IFCDIRECTION((0.,0.,1.));
#6770=IFCDIRECTION((1.,0.,0.));
#6771=IFCAXIS2PLACEMENT3D(#6768,#6769,#6770);
#6772=IFCEXTRUDEDAREASOLID(#6767,#6771,#6766,3200.4000000000001);
#6773=IFCSHAPEREPRESENTATION(#11,'Body','SweptSolid',(#6772));
#6774=IFCPRODUCTDEFINITIONSHAPE($,$,(#6773));
#6780=IFCCARTESIANPOINT((2133.5999999999999,10363.200000000001,17068.799999999999));
#6781=IFCDIRECTION((0.,0.,1.));
#6782=IFCDIRECTION((6.123233995736766E-17,1.,0.));
#6783=IFCAXIS2PLACEMENT3D(#6780,#6781,#6782);
#6784=IFCLOCALPLACEMENT($,#6783);
#6785=IFCWALL('3T7p7INxz11e33I5o5yvQ5',$,'L5|ONEBR_A',$,$,#6806,#6796,$,$);
#6786=IFCCARTESIANPOINTLIST2D(((0.,0.),(0.,150.),(9144.,150.),(9144.,0.),(0.,0.)));
#6787=IFCINDEXEDPOLYCURVE(#6786,$,.F.);
#6788=IFCDIRECTION((0.,0.,1.));
#6789=IFCARBITRARYCLOSEDPROFILEDEF(.AREA.,$,#6787);
#6790=IFCCARTESIANPOINT((0.,0.,0.));
#6791=IFCDIRECTION((0.,0.,1.));
#6792=IFCDIRECTION((1.,0.,0.));
#6793=IFCAXIS2PLACEMENT3D(#6790,#6791,#6792);
#6794=IFCEXTRUDEDAREASOLID(#6789,#6793,#6788,3200.4000000000001);
#6795=IFCSHAPEREPRESENTATION(#11,'Body','SweptSolid',(#6794));
#6796=IFCPRODUCTDEFINITIONSHAPE($,$,(#6795));
#6802=IFCCARTESIANPOINT((12496.799999999999,10363.200000000001,17068.799999999999));
#6803=IFCDIRECTION((0.,0.,1.));
#6804=IFCDIRECTION((6.123233995736766E-17,1.,0.));
#6805=IFCAXIS2PLACEMENT3D(#6802,#6803,#6804);
#6806=IFCLOCALPLACEMENT($,#6805);
#6807=IFCWALL('1SF_Q4RkP0iu_q5DD$NLjH',$,'L5|TWOBR_A',$,$,#6828,#6818,$,$);
#6808=IFCCARTESIANPOINTLIST2D(((0.,0.),(0.,150.),(10972.800000000001,150.),(10972.800000000001,0.),(0.,0.)));
#6809=IFCINDEXEDPOLYCURVE(#6808,$,.F.);
#6810=IFCDIRECTION((0.,0.,1.));
#6811=IFCARBITRARYCLOSEDPROFILEDEF(.AREA.,$,#6809);
#6812=IFCCARTESIANPOINT((0.,0.,0.));
#6813=IFCDIRECTION((0.,0.,1.));
#6814=IFCDIRECTION((1.,0.,0.));
#6815=IFCAXIS2PLACEMENT3D(#6812,#6813,#6814);
#6816=IFCEXTRUDEDAREASOLID(#6811,#6815,#6810,3200.4000000000001);
#6817=IFCSHAPEREPRESENTATION(#11,'Body','SweptSolid',(#6816));
#6818=IFCPRODUCTDEFINITIONSHAPE($,$,(#6817));
#6824=IFCCARTESIANPOINT((14325.6,10363.200000000001,17068.799999999999));
#6825=IFCDIRECTION((0.,0.,1.));
#6826=IFCDIRECTION((1.,0.,0.));
#6827=IFCAXIS2PLACEMENT3D(#6824,#6825,#6826);
#6828=IFCLOCALPLACEMENT($,#6827);
#6829=IFCWALL('0EmYA_YGH7BfM4J7I7PkiT',$,'L5|TWOBR_A',$,$,#6850,#6840,$,$);
#6830=IFCCARTESIANPOINTLIST2D(((0.,0.),(0.,150.),(10972.800000000001,150.),(10972.800000000001,0.),(0.,0.)));
#6831=IFCINDEXEDPOLYCURVE(#6830,$,.F.);
#6832=IFCDIRECTION((0.,0.,1.));
#6833=IFCARBITRARYCLOSEDPROFILEDEF(.AREA.,$,#6831);
#6834=IFCCARTESIANPOINT((0.,0.,0.));
#6835=IFCDIRECTION((0.,0.,1.));
#6836=IFCDIRECTION((1.,0.,0.));
#6837=IFCAXIS2PLACEMENT3D(#6834,#6835,#6836);
#6838=IFCEXTRUDEDAREASOLID(#6833,#6837,#6832,3200.4000000000001);
#6839=IFCSHAPEREPRESENTATION(#11,'Body','SweptSolid',(#6838));
#6840=IFCPRODUCTDEFINITIONSHAPE($,$,(#6839));
#6846=IFCCARTESIANPOINT((14325.6,20726.400000000001,17068.799999999999));
#6847=IFCDIRECTION((0.,0.,1.));
#6848=IFCDIRECTION((1.,0.,0.));
#6849=IFCAXIS2PLACEMENT3D(#6846,#6847,#6848);
#6850=IFCLOCALPLACEMENT($,#6849);
#6851=IFCWALL('2dIYJM9UP8P93vLM9MHijP',$,'L5|TWOBR_A',$,$,#6872,#6862,$,$);
#6852=IFCCARTESIANPOINTLIST2D(((0.,0.),(0.,150.),(10363.200000000001,150.),(10363.200000000001,0.),(0.,0.)));
#6853=IFCINDEXEDPOLYCURVE(#6852,$,.F.);
#6854=IFCDIRECTION((0.,0.,1.));
#6855=IFCARBITRARYCLOSEDPROFILEDEF(.AREA.,$,#6853);
#6856=IFCCARTESIANPOINT((0.,0.,0.));
#6857=IFCDIRECTION((0.,0.,1.));
#6858=IFCDIRECTION((1.,0.,0.));
#6859=IFCAXIS2PLACEMENT3D(#6856,#6857,#6858);
#6860=IFCEXTRUDEDAREASOLID(#6855,#6859,#6854,3200.4000000000001);
#6861=IFCSHAPEREPRESENTATION(#11,'Body','SweptSolid',(#6860));
#6862=IFCPRODUCTDEFINITIONSHAPE($,$,(#6861));
#6868=IFCCARTESIANPOINT((14325.6,10363.200000000001,17068.799999999999));
#6869=IFCDIRECTION((0.,0.,1.));
#6870=IFCDIRECTION((6.123233995736766E-17,1.,0.));
#6871=IFCAXIS2PLACEMENT3D(#6868,#6869,#6870);
#6872=IFCLOCALPLACEMENT($,#6871);
#6873=IFCWALL('0uaeT7eHrCBBE25wqoLUWq',$,'L5|TWOBR_A',$,$,#6894,#6884,$,$);
#6874=IFCCARTESIANPOINTLIST2D(((0.,0.),(0.,150.),(10363.200000000001,150.),(10363.200000000001,0.),(0.,0.)));
#6875=IFCINDEXEDPOLYCURVE(#6874,$,.F.);
#6876=IFCDIRECTION((0.,0.,1.));
#6877=IFCARBITRARYCLOSEDPROFILEDEF(.AREA.,$,#6875);
#6878=IFCCARTESIANPOINT((0.,0.,0.));
#6879=IFCDIRECTION((0.,0.,1.));
#6880=IFCDIRECTION((1.,0.,0.));
#6881=IFCAXIS2PLACEMENT3D(#6878,#6879,#6880);
#6882=IFCEXTRUDEDAREASOLID(#6877,#6881,#6876,3200.4000000000001);
#6883=IFCSHAPEREPRESENTATION(#11,'Body','SweptSolid',(#6882));
#6884=IFCPRODUCTDEFINITIONSHAPE($,$,(#6883));
#6890=IFCCARTESIANPOINT((25298.400000000001,10363.200000000001,17068.799999999999));
#6891=IFCDIRECTION((0.,0.,1.));
#6892=IFCDIRECTION((6.123233995736766E-17,1.,0.));
#6893=IFCAXIS2PLACEMENT3D(#6890,#6891,#6892);
#6894=IFCLOCALPLACEMENT($,#6893);
#6895=IFCWALL('2BaYY$18n8fxeH1hcY_rmz',$,'L5|STUDIO_A',$,$,#6916,#6906,$,$);
#6896=IFCCARTESIANPOINTLIST2D(((0.,0.),(0.,150.),(9753.6000000000004,150.),(9753.6000000000004,0.),(0.,0.)));
#6897=IFCINDEXEDPOLYCURVE(#6896,$,.F.);
#6898=IFCDIRECTION((0.,0.,1.));
#6899=IFCARBITRARYCLOSEDPROFILEDEF(.AREA.,$,#6897);
#6900=IFCCARTESIANPOINT((0.,0.,0.));
#6901=IFCDIRECTION((0.,0.,1.));
#6902=IFCDIRECTION((1.,0.,0.));
#6903=IFCAXIS2PLACEMENT3D(#6900,#6901,#6902);
#6904=IFCEXTRUDEDAREASOLID(#6899,#6903,#6898,3200.4000000000001);
#6905=IFCSHAPEREPRESENTATION(#11,'Body','SweptSolid',(#6904));
#6906=IFCPRODUCTDEFINITIONSHAPE($,$,(#6905));
#6912=IFCCARTESIANPOINT((29565.599999999999,10363.200000000001,17068.799999999999));
#6913=IFCDIRECTION((0.,0.,1.));
#6914=IFCDIRECTION((1.,0.,0.));
#6915=IFCAXIS2PLACEMENT3D(#6912,#6913,#6914);
#6916=IFCLOCALPLACEMENT($,#6915);
#6917=IFCWALL('1EjxTE2v13qv0AyqRrMiVB',$,'L5|STUDIO_A',$,$,#6938,#6928,$,$);
#6918=IFCCARTESIANPOINTLIST2D(((0.,0.),(0.,150.),(9753.6000000000004,150.),(9753.6000000000004,0.),(0.,0.)));
#6919=IFCINDEXEDPOLYCURVE(#6918,$,.F.);
#6920=IFCDIRECTION((0.,0.,1.));
#6921=IFCARBITRARYCLOSEDPROFILEDEF(.AREA.,$,#6919);
#6922=IFCCARTESIANPOINT((0.,0.,0.));
#6923=IFCDIRECTION((0.,0.,1.));
#6924=IFCDIRECTION((1.,0.,0.));
#6925=IFCAXIS2PLACEMENT3D(#6922,#6923,#6924);
#6926=IFCEXTRUDEDAREASOLID(#6921,#6925,#6920,3200.4000000000001);
#6927=IFCSHAPEREPRESENTATION(#11,'Body','SweptSolid',(#6926));
#6928=IFCPRODUCTDEFINITIONSHAPE($,$,(#6927));
#6934=IFCCARTESIANPOINT((29565.599999999999,18288.,17068.799999999999));
#6935=IFCDIRECTION((0.,0.,1.));
#6936=IFCDIRECTION((1.,0.,0.));
#6937=IFCAXIS2PLACEMENT3D(#6934,#6935,#6936);
#6938=IFCLOCALPLACEMENT($,#6937);
#6939=IFCWALL('26CEzDgxD6ye_9fbRMxTE7',$,'L5|STUDIO_A',$,$,#6960,#6950,$,$);
#6940=IFCCARTESIANPOINTLIST2D(((0.,0.),(0.,150.),(7924.8000000000002,150.),(7924.8000000000002,0.),(0.,0.)));
#6941=IFCINDEXEDPOLYCURVE(#6940,$,.F.);
#6942=IFCDIRECTION((0.,0.,1.));
#6943=IFCARBITRARYCLOSEDPROFILEDEF(.AREA.,$,#6941);
#6944=IFCCARTESIANPOINT((0.,0.,0.));
#6945=IFCDIRECTION((0.,0.,1.));
#6946=IFCDIRECTION((1.,0.,0.));
#6947=IFCAXIS2PLACEMENT3D(#6944,#6945,#6946);
#6948=IFCEXTRUDEDAREASOLID(#6943,#6947,#6942,3200.4000000000001);
#6949=IFCSHAPEREPRESENTATION(#11,'Body','SweptSolid',(#6948));
#6950=IFCPRODUCTDEFINITIONSHAPE($,$,(#6949));
#6956=IFCCARTESIANPOINT((29565.599999999999,10363.200000000001,17068.799999999999));
#6957=IFCDIRECTION((0.,0.,1.));
#6958=IFCDIRECTION((6.123233995736766E-17,1.,0.));
#6959=IFCAXIS2PLACEMENT3D(#6956,#6957,#6958);
#6960=IFCLOCALPLACEMENT($,#6959);
#6961=IFCWALL('0fBa0DLfr5w9aSnWlkhzep',$,'L5|STUDIO_A',$,$,#6982,#6972,$,$);
#6962=IFCCARTESIANPOINTLIST2D(((0.,0.),(0.,150.),(7924.8000000000002,150.),(7924.8000000000002,0.),(0.,0.)));
#6963=IFCINDEXEDPOLYCURVE(#6962,$,.F.);
#6964=IFCDIRECTION((0.,0.,1.));
#6965=IFCARBITRARYCLOSEDPROFILEDEF(.AREA.,$,#6963);
#6966=IFCCARTESIANPOINT((0.,0.,0.));
#6967=IFCDIRECTION((0.,0.,1.));
#6968=IFCDIRECTION((1.,0.,0.));
#6969=IFCAXIS2PLACEMENT3D(#6966,#6967,#6968);
#6970=IFCEXTRUDEDAREASOLID(#6965,#6969,#6964,3200.4000000000001);
#6971=IFCSHAPEREPRESENTATION(#11,'Body','SweptSolid',(#6970));
#6972=IFCPRODUCTDEFINITIONSHAPE($,$,(#6971));
#6978=IFCCARTESIANPOINT((39319.200000000004,10363.200000000001,17068.799999999999));
#6979=IFCDIRECTION((0.,0.,1.));
#6980=IFCDIRECTION((6.123233995736766E-17,1.,0.));
#6981=IFCAXIS2PLACEMENT3D(#6978,#6979,#6980);
#6982=IFCLOCALPLACEMENT($,#6981);
#6983=IFCWALL('3yn6fmKDH4Mu5j8dn2eTGZ',$,'L5|ONEBR_A',$,$,#7004,#6994,$,$);
#6984=IFCCARTESIANPOINTLIST2D(((0.,0.),(0.,150.),(10363.200000000001,150.),(10363.200000000001,0.),(0.,0.)));
#6985=IFCINDEXEDPOLYCURVE(#6984,$,.F.);
#6986=IFCDIRECTION((0.,0.,1.));
#6987=IFCARBITRARYCLOSEDPROFILEDEF(.AREA.,$,#6985);
#6988=IFCCARTESIANPOINT((0.,0.,0.));
#6989=IFCDIRECTION((0.,0.,1.));
#6990=IFCDIRECTION((1.,0.,0.));
#6991=IFCAXIS2PLACEMENT3D(#6988,#6989,#6990);
#6992=IFCEXTRUDEDAREASOLID(#6987,#6991,#6986,3200.4000000000001);
#6993=IFCSHAPEREPRESENTATION(#11,'Body','SweptSolid',(#6992));
#6994=IFCPRODUCTDEFINITIONSHAPE($,$,(#6993));
#7000=IFCCARTESIANPOINT((41148.,10363.200000000001,17068.799999999999));
#7001=IFCDIRECTION((0.,0.,1.));
#7002=IFCDIRECTION((1.,0.,0.));
#7003=IFCAXIS2PLACEMENT3D(#7000,#7001,#7002);
#7004=IFCLOCALPLACEMENT($,#7003);
#7005=IFCWALL('3y$5H5qKT0u9uPPGWGGWxF',$,'L5|ONEBR_A',$,$,#7026,#7016,$,$);
#7006=IFCCARTESIANPOINTLIST2D(((0.,0.),(0.,150.),(10363.200000000001,150.),(10363.200000000001,0.),(0.,0.)));
#7007=IFCINDEXEDPOLYCURVE(#7006,$,.F.);
#7008=IFCDIRECTION((0.,0.,1.));
#7009=IFCARBITRARYCLOSEDPROFILEDEF(.AREA.,$,#7007);
#7010=IFCCARTESIANPOINT((0.,0.,0.));
#7011=IFCDIRECTION((0.,0.,1.));
#7012=IFCDIRECTION((1.,0.,0.));
#7013=IFCAXIS2PLACEMENT3D(#7010,#7011,#7012);
#7014=IFCEXTRUDEDAREASOLID(#7009,#7013,#7008,3200.4000000000001);
#7015=IFCSHAPEREPRESENTATION(#11,'Body','SweptSolid',(#7014));
#7016=IFCPRODUCTDEFINITIONSHAPE($,$,(#7015));
#7022=IFCCARTESIANPOINT((41148.,19507.200000000001,17068.799999999999));
#7023=IFCDIRECTION((0.,0.,1.));
#7024=IFCDIRECTION((1.,0.,0.));
#7025=IFCAXIS2PLACEMENT3D(#7022,#7023,#7024);
#7026=IFCLOCALPLACEMENT($,#7025);
#7027=IFCWALL('1qJt0FFwTF1g8JdijM06M_',$,'L5|ONEBR_A',$,$,#7048,#7038,$,$);
#7028=IFCCARTESIANPOINTLIST2D(((0.,0.),(0.,150.),(9144.,150.),(9144.,0.),(0.,0.)));
#7029=IFCINDEXEDPOLYCURVE(#7028,$,.F.);
#7030=IFCDIRECTION((0.,0.,1.));
#7031=IFCARBITRARYCLOSEDPROFILEDEF(.AREA.,$,#7029);
#7032=IFCCARTESIANPOINT((0.,0.,0.));
#7033=IFCDIRECTION((0.,0.,1.));
#7034=IFCDIRECTION((1.,0.,0.));
#7035=IFCAXIS2PLACEMENT3D(#7032,#7033,#7034);
#7036=IFCEXTRUDEDAREASOLID(#7031,#7035,#7030,3200.4000000000001);
#7037=IFCSHAPEREPRESENTATION(#11,'Body','SweptSolid',(#7036));
#7038=IFCPRODUCTDEFINITIONSHAPE($,$,(#7037));
#7044=IFCCARTESIANPOINT((41148.,10363.200000000001,17068.799999999999));
#7045=IFCDIRECTION((0.,0.,1.));
#7046=IFCDIRECTION((6.123233995736766E-17,1.,0.));
#7047=IFCAXIS2PLACEMENT3D(#7044,#7045,#7046);
#7048=IFCLOCALPLACEMENT($,#7047);
#7049=IFCWALL('1HJRcCiQLAkeHpnSRYGCRE',$,'L5|ONEBR_A',$,$,#7070,#7060,$,$);
#7050=IFCCARTESIANPOINTLIST2D(((0.,0.),(0.,150.),(9144.,150.),(9144.,0.),(0.,0.)));
#7051=IFCINDEXEDPOLYCURVE(#7050,$,.F.);
#7052=IFCDIRECTION((0.,0.,1.));
#7053=IFCARBITRARYCLOSEDPROFILEDEF(.AREA.,$,#7051);
#7054=IFCCARTESIANPOINT((0.,0.,0.));
#7055=IFCDIRECTION((0.,0.,1.));
#7056=IFCDIRECTION((1.,0.,0.));
#7057=IFCAXIS2PLACEMENT3D(#7054,#7055,#7056);
#7058=IFCEXTRUDEDAREASOLID(#7053,#7057,#7052,3200.4000000000001);
#7059=IFCSHAPEREPRESENTATION(#11,'Body','SweptSolid',(#7058));
#7060=IFCPRODUCTDEFINITIONSHAPE($,$,(#7059));
#7066=IFCCARTESIANPOINT((51511.200000000004,10363.200000000001,17068.799999999999));
#7067=IFCDIRECTION((0.,0.,1.));
#7068=IFCDIRECTION((6.123233995736766E-17,1.,0.));
#7069=IFCAXIS2PLACEMENT3D(#7066,#7067,#7068);
#7070=IFCLOCALPLACEMENT($,#7069);
#7071=IFCWALL('0glNYyH$T6buoVn9PtneIC',$,'L5|TWOBR_A',$,$,#7092,#7082,$,$);
#7072=IFCCARTESIANPOINTLIST2D(((0.,0.),(0.,150.),(10972.800000000001,150.),(10972.800000000001,0.),(0.,0.)));
#7073=IFCINDEXEDPOLYCURVE(#7072,$,.F.);
#7074=IFCDIRECTION((0.,0.,1.));
#7075=IFCARBITRARYCLOSEDPROFILEDEF(.AREA.,$,#7073);
#7076=IFCCARTESIANPOINT((0.,0.,0.));
#7077=IFCDIRECTION((0.,0.,1.));
#7078=IFCDIRECTION((1.,0.,0.));
#7079=IFCAXIS2PLACEMENT3D(#7076,#7077,#7078);
#7080=IFCEXTRUDEDAREASOLID(#7075,#7079,#7074,3200.4000000000001);
#7081=IFCSHAPEREPRESENTATION(#11,'Body','SweptSolid',(#7080));
#7082=IFCPRODUCTDEFINITIONSHAPE($,$,(#7081));
#7088=IFCCARTESIANPOINT((28346.400000000001,18288.,17068.799999999999));
#7089=IFCDIRECTION((0.,0.,1.));
#7090=IFCDIRECTION((1.,0.,0.));
#7091=IFCAXIS2PLACEMENT3D(#7088,#7089,#7090);
#7092=IFCLOCALPLACEMENT($,#7091);
#7093=IFCWALL('0Ng0h6cTz2MPRcmMUJoGkx',$,'L5|TWOBR_A',$,$,#7114,#7104,$,$);
#7094=IFCCARTESIANPOINTLIST2D(((0.,0.),(0.,150.),(10972.800000000001,150.),(10972.800000000001,0.),(0.,0.)));
#7095=IFCINDEXEDPOLYCURVE(#7094,$,.F.);
#7096=IFCDIRECTION((0.,0.,1.));
#7097=IFCARBITRARYCLOSEDPROFILEDEF(.AREA.,$,#7095);
#7098=IFCCARTESIANPOINT((0.,0.,0.));
#7099=IFCDIRECTION((0.,0.,1.));
#7100=IFCDIRECTION((1.,0.,0.));
#7101=IFCAXIS2PLACEMENT3D(#7098,#7099,#7100);
#7102=IFCEXTRUDEDAREASOLID(#7097,#7101,#7096,3200.4000000000001);
#7103=IFCSHAPEREPRESENTATION(#11,'Body','SweptSolid',(#7102));
#7104=IFCPRODUCTDEFINITIONSHAPE($,$,(#7103));
#7110=IFCCARTESIANPOINT((28346.400000000001,28651.200000000001,17068.799999999999));
#7111=IFCDIRECTION((0.,0.,1.));
#7112=IFCDIRECTION((1.,0.,0.));
#7113=IFCAXIS2PLACEMENT3D(#7110,#7111,#7112);
#7114=IFCLOCALPLACEMENT($,#7113);
#7115=IFCWALL('1R2NOF$lvAUhsgZQ8dFHRf',$,'L5|TWOBR_A',$,$,#7136,#7126,$,$);
#7116=IFCCARTESIANPOINTLIST2D(((0.,0.),(0.,150.),(10363.200000000001,150.),(10363.200000000001,0.),(0.,0.)));
#7117=IFCINDEXEDPOLYCURVE(#7116,$,.F.);
#7118=IFCDIRECTION((0.,0.,1.));
#7119=IFCARBITRARYCLOSEDPROFILEDEF(.AREA.,$,#7117);
#7120=IFCCARTESIANPOINT((0.,0.,0.));
#7121=IFCDIRECTION((0.,0.,1.));
#7122=IFCDIRECTION((1.,0.,0.));
#7123=IFCAXIS2PLACEMENT3D(#7120,#7121,#7122);
#7124=IFCEXTRUDEDAREASOLID(#7119,#7123,#7118,3200.4000000000001);
#7125=IFCSHAPEREPRESENTATION(#11,'Body','SweptSolid',(#7124));
#7126=IFCPRODUCTDEFINITIONSHAPE($,$,(#7125));
#7132=IFCCARTESIANPOINT((28346.400000000001,18288.,17068.799999999999));
#7133=IFCDIRECTION((0.,0.,1.));
#7134=IFCDIRECTION((6.123233995736766E-17,1.,0.));
#7135=IFCAXIS2PLACEMENT3D(#7132,#7133,#7134);
#7136=IFCLOCALPLACEMENT($,#7135);
#7137=IFCWALL('0JqKR0C3vFCgC0T9NnAPgY',$,'L5|TWOBR_A',$,$,#7158,#7148,$,$);
#7138=IFCCARTESIANPOINTLIST2D(((0.,0.),(0.,150.),(10363.200000000001,150.),(10363.200000000001,0.),(0.,0.)));
#7139=IFCINDEXEDPOLYCURVE(#7138,$,.F.);
#7140=IFCDIRECTION((0.,0.,1.));
#7141=IFCARBITRARYCLOSEDPROFILEDEF(.AREA.,$,#7139);
#7142=IFCCARTESIANPOINT((0.,0.,0.));
#7143=IFCDIRECTION((0.,0.,1.));
#7144=IFCDIRECTION((1.,0.,0.));
#7145=IFCAXIS2PLACEMENT3D(#7142,#7143,#7144);
#7146=IFCEXTRUDEDAREASOLID(#7141,#7145,#7140,3200.4000000000001);
#7147=IFCSHAPEREPRESENTATION(#11,'Body','SweptSolid',(#7146));
#7148=IFCPRODUCTDEFINITIONSHAPE($,$,(#7147));
#7154=IFCCARTESIANPOINT((39319.200000000004,18288.,17068.799999999999));
#7155=IFCDIRECTION((0.,0.,1.));
#7156=IFCDIRECTION((6.123233995736766E-17,1.,0.));
#7157=IFCAXIS2PLACEMENT3D(#7154,#7155,#7156);
#7158=IFCLOCALPLACEMENT($,#7157);
#7159=IFCWALL('2cGV1v3U13qv6hZMSan8U0',$,'L5|ONEBR_A',$,$,#7180,#7170,$,$);
#7160=IFCCARTESIANPOINTLIST2D(((0.,0.),(0.,150.),(10363.200000000001,150.),(10363.200000000001,0.),(0.,0.)));
#7161=IFCINDEXEDPOLYCURVE(#7160,$,.F.);
#7162=IFCDIRECTION((0.,0.,1.));
#7163=IFCARBITRARYCLOSEDPROFILEDEF(.AREA.,$,#7161);
#7164=IFCCARTESIANPOINT((0.,0.,0.));
#7165=IFCDIRECTION((0.,0.,1.));
#7166=IFCDIRECTION((1.,0.,0.));
#7167=IFCAXIS2PLACEMENT3D(#7164,#7165,#7166);
#7168=IFCEXTRUDEDAREASOLID(#7163,#7167,#7162,3200.4000000000001);
#7169=IFCSHAPEREPRESENTATION(#11,'Body','SweptSolid',(#7168));
#7170=IFCPRODUCTDEFINITIONSHAPE($,$,(#7169));
#7176=IFCCARTESIANPOINT((2133.5999999999999,19507.200000000001,17068.799999999999));
#7177=IFCDIRECTION((0.,0.,1.));
#7178=IFCDIRECTION((1.,0.,0.));
#7179=IFCAXIS2PLACEMENT3D(#7176,#7177,#7178);
#7180=IFCLOCALPLACEMENT($,#7179);
#7181=IFCWALL('0mEilFoNn7Ivj2cOFrAQ3_',$,'L5|ONEBR_A',$,$,#7202,#7192,$,$);
#7182=IFCCARTESIANPOINTLIST2D(((0.,0.),(0.,150.),(10363.200000000001,150.),(10363.200000000001,0.),(0.,0.)));
#7183=IFCINDEXEDPOLYCURVE(#7182,$,.F.);
#7184=IFCDIRECTION((0.,0.,1.));
#7185=IFCARBITRARYCLOSEDPROFILEDEF(.AREA.,$,#7183);
#7186=IFCCARTESIANPOINT((0.,0.,0.));
#7187=IFCDIRECTION((0.,0.,1.));
#7188=IFCDIRECTION((1.,0.,0.));
#7189=IFCAXIS2PLACEMENT3D(#7186,#7187,#7188);
#7190=IFCEXTRUDEDAREASOLID(#7185,#7189,#7184,3200.4000000000001);
#7191=IFCSHAPEREPRESENTATION(#11,'Body','SweptSolid',(#7190));
#7192=IFCPRODUCTDEFINITIONSHAPE($,$,(#7191));
#7198=IFCCARTESIANPOINT((2133.5999999999999,28651.200000000001,17068.799999999999));
#7199=IFCDIRECTION((0.,0.,1.));
#7200=IFCDIRECTION((1.,0.,0.));
#7201=IFCAXIS2PLACEMENT3D(#7198,#7199,#7200);
#7202=IFCLOCALPLACEMENT($,#7201);
#7203=IFCWALL('3L0rP1jhf9VP6bi6tCEpMx',$,'L5|ONEBR_A',$,$,#7224,#7214,$,$);
#7204=IFCCARTESIANPOINTLIST2D(((0.,0.),(0.,150.),(9144.,150.),(9144.,0.),(0.,0.)));
#7205=IFCINDEXEDPOLYCURVE(#7204,$,.F.);
#7206=IFCDIRECTION((0.,0.,1.));
#7207=IFCARBITRARYCLOSEDPROFILEDEF(.AREA.,$,#7205);
#7208=IFCCARTESIANPOINT((0.,0.,0.));
#7209=IFCDIRECTION((0.,0.,1.));
#7210=IFCDIRECTION((1.,0.,0.));
#7211=IFCAXIS2PLACEMENT3D(#7208,#7209,#7210);
#7212=IFCEXTRUDEDAREASOLID(#7207,#7211,#7206,3200.4000000000001);
#7213=IFCSHAPEREPRESENTATION(#11,'Body','SweptSolid',(#7212));
#7214=IFCPRODUCTDEFINITIONSHAPE($,$,(#7213));
#7220=IFCCARTESIANPOINT((2133.5999999999999,19507.200000000001,17068.799999999999));
#7221=IFCDIRECTION((0.,0.,1.));
#7222=IFCDIRECTION((6.123233995736766E-17,1.,0.));
#7223=IFCAXIS2PLACEMENT3D(#7220,#7221,#7222);
#7224=IFCLOCALPLACEMENT($,#7223);
#7225=IFCWALL('2zdK15Nhj6nvI2iVHLnEXZ',$,'L5|ONEBR_A',$,$,#7246,#7236,$,$);
#7226=IFCCARTESIANPOINTLIST2D(((0.,0.),(0.,150.),(9144.,150.),(9144.,0.),(0.,0.)));
#7227=IFCINDEXEDPOLYCURVE(#7226,$,.F.);
#7228=IFCDIRECTION((0.,0.,1.));
#7229=IFCARBITRARYCLOSEDPROFILEDEF(.AREA.,$,#7227);
#7230=IFCCARTESIANPOINT((0.,0.,0.));
#7231=IFCDIRECTION((0.,0.,1.));
#7232=IFCDIRECTION((1.,0.,0.));
#7233=IFCAXIS2PLACEMENT3D(#7230,#7231,#7232);
#7234=IFCEXTRUDEDAREASOLID(#7229,#7233,#7228,3200.4000000000001);
#7235=IFCSHAPEREPRESENTATION(#11,'Body','SweptSolid',(#7234));
#7236=IFCPRODUCTDEFINITIONSHAPE($,$,(#7235));
#7242=IFCCARTESIANPOINT((12496.799999999999,19507.200000000001,17068.799999999999));
#7243=IFCDIRECTION((0.,0.,1.));
#7244=IFCDIRECTION((6.123233995736766E-17,1.,0.));
#7245=IFCAXIS2PLACEMENT3D(#7242,#7243,#7244);
#7246=IFCLOCALPLACEMENT($,#7245);
#7247=IFCWALL('1yAn_wnzv4ZBFlG3jjriWA',$,'L5|TWOBR_A',$,$,#7268,#7258,$,$);
#7248=IFCCARTESIANPOINTLIST2D(((0.,0.),(0.,150.),(10972.800000000001,150.),(10972.800000000001,0.),(0.,0.)));
#7249=IFCINDEXEDPOLYCURVE(#7248,$,.F.);
#7250=IFCDIRECTION((0.,0.,1.));
#7251=IFCARBITRARYCLOSEDPROFILEDEF(.AREA.,$,#7249);
#7252=IFCCARTESIANPOINT((0.,0.,0.));
#7253=IFCDIRECTION((0.,0.,1.));
#7254=IFCDIRECTION((1.,0.,0.));
#7255=IFCAXIS2PLACEMENT3D(#7252,#7253,#7254);
#7256=IFCEXTRUDEDAREASOLID(#7251,#7255,#7250,3200.4000000000001);
#7257=IFCSHAPEREPRESENTATION(#11,'Body','SweptSolid',(#7256));
#7258=IFCPRODUCTDEFINITIONSHAPE($,$,(#7257));
#7264=IFCCARTESIANPOINT((41148.,19507.200000000001,17068.799999999999));
#7265=IFCDIRECTION((0.,0.,1.));
#7266=IFCDIRECTION((1.,0.,0.));
#7267=IFCAXIS2PLACEMENT3D(#7264,#7265,#7266);
#7268=IFCLOCALPLACEMENT($,#7267);
#7269=IFCWALL('1L9Qd7NrX84OOj6xuFCx4N',$,'L5|TWOBR_A',$,$,#7290,#7280,$,$);
#7270=IFCCARTESIANPOINTLIST2D(((0.,0.),(0.,150.),(10972.800000000001,150.),(10972.800000000001,0.),(0.,0.)));
#7271=IFCINDEXEDPOLYCURVE(#7270,$,.F.);
#7272=IFCDIRECTION((0.,0.,1.));
#7273=IFCARBITRARYCLOSEDPROFILEDEF(.AREA.,$,#7271);
#7274=IFCCARTESIANPOINT((0.,0.,0.));
#7275=IFCDIRECTION((0.,0.,1.));
#7276=IFCDIRECTION((1.,0.,0.));
#7277=IFCAXIS2PLACEMENT3D(#7274,#7275,#7276);
#7278=IFCEXTRUDEDAREASOLID(#7273,#7277,#7272,3200.4000000000001);
#7279=IFCSHAPEREPRESENTATION(#11,'Body','SweptSolid',(#7278));
#7280=IFCPRODUCTDEFINITIONSHAPE($,$,(#7279));
#7286=IFCCARTESIANPOINT((41148.,29870.399999999998,17068.799999999999));
#7287=IFCDIRECTION((0.,0.,1.));
#7288=IFCDIRECTION((1.,0.,0.));
#7289=IFCAXIS2PLACEMENT3D(#7286,#7287,#7288);
#7290=IFCLOCALPLACEMENT($,#7289);
#7291=IFCWALL('2oK8I22jn7QQY0cW2tpjUq',$,'L5|TWOBR_A',$,$,#7312,#7302,$,$);
#7292=IFCCARTESIANPOINTLIST2D(((0.,0.),(0.,150.),(10363.200000000001,150.),(10363.200000000001,0.),(0.,0.)));
#7293=IFCINDEXEDPOLYCURVE(#7292,$,.F.);
#7294=IFCDIRECTION((0.,0.,1.));
#7295=IFCARBITRARYCLOSEDPROFILEDEF(.AREA.,$,#7293);
#7296=IFCCARTESIANPOINT((0.,0.,0.));
#7297=IFCDIRECTION((0.,0.,1.));
#7298=IFCDIRECTION((1.,0.,0.));
#7299=IFCAXIS2PLACEMENT3D(#7296,#7297,#7298);
#7300=IFCEXTRUDEDAREASOLID(#7295,#7299,#7294,3200.4000000000001);
#7301=IFCSHAPEREPRESENTATION(#11,'Body','SweptSolid',(#7300));
#7302=IFCPRODUCTDEFINITIONSHAPE($,$,(#7301));
#7308=IFCCARTESIANPOINT((41148.,19507.200000000001,17068.799999999999));
#7309=IFCDIRECTION((0.,0.,1.));
#7310=IFCDIRECTION((6.123233995736766E-17,1.,0.));
#7311=IFCAXIS2PLACEMENT3D(#7308,#7309,#7310);
#7312=IFCLOCALPLACEMENT($,#7311);
#7313=IFCWALL('30pyFgPV9BPgowN7z_nZeq',$,'L5|TWOBR_A',$,$,#7334,#7324,$,$);
#7314=IFCCARTESIANPOINTLIST2D(((0.,0.),(0.,150.),(10363.200000000001,150.),(10363.200000000001,0.),(0.,0.)));
#7315=IFCINDEXEDPOLYCURVE(#7314,$,.F.);
#7316=IFCDIRECTION((0.,0.,1.));
#7317=IFCARBITRARYCLOSEDPROFILEDEF(.AREA.,$,#7315);
#7318=IFCCARTESIANPOINT((0.,0.,0.));
#7319=IFCDIRECTION((0.,0.,1.));
#7320=IFCDIRECTION((1.,0.,0.));
#7321=IFCAXIS2PLACEMENT3D(#7318,#7319,#7320);
#7322=IFCEXTRUDEDAREASOLID(#7317,#7321,#7316,3200.4000000000001);
#7323=IFCSHAPEREPRESENTATION(#11,'Body','SweptSolid',(#7322));
#7324=IFCPRODUCTDEFINITIONSHAPE($,$,(#7323));
#7330=IFCCARTESIANPOINT((52120.800000000003,19507.200000000001,17068.799999999999));
#7331=IFCDIRECTION((0.,0.,1.));
#7332=IFCDIRECTION((6.123233995736766E-17,1.,0.));
#7333=IFCAXIS2PLACEMENT3D(#7330,#7331,#7332);
#7334=IFCLOCALPLACEMENT($,#7333);
#7335=IFCWALL('2lMsXeqyb7wAjO$55KTakM',$,'L5|ONEBR_A',$,$,#7356,#7346,$,$);
#7336=IFCCARTESIANPOINTLIST2D(((0.,0.),(0.,150.),(10363.200000000001,150.),(10363.200000000001,0.),(0.,0.)));
#7337=IFCINDEXEDPOLYCURVE(#7336,$,.F.);
#7338=IFCDIRECTION((0.,0.,1.));
#7339=IFCARBITRARYCLOSEDPROFILEDEF(.AREA.,$,#7337);
#7340=IFCCARTESIANPOINT((0.,0.,0.));
#7341=IFCDIRECTION((0.,0.,1.));
#7342=IFCDIRECTION((1.,0.,0.));
#7343=IFCAXIS2PLACEMENT3D(#7340,#7341,#7342);
#7344=IFCEXTRUDEDAREASOLID(#7339,#7343,#7338,3200.4000000000001);
#7345=IFCSHAPEREPRESENTATION(#11,'Body','SweptSolid',(#7344));
#7346=IFCPRODUCTDEFINITIONSHAPE($,$,(#7345));
#7352=IFCCARTESIANPOINT((14325.6,20726.400000000001,17068.799999999999));
#7353=IFCDIRECTION((0.,0.,1.));
#7354=IFCDIRECTION((1.,0.,0.));
#7355=IFCAXIS2PLACEMENT3D(#7352,#7353,#7354);
#7356=IFCLOCALPLACEMENT($,#7355);
#7357=IFCWALL('3g_7DQmDP66A5aFJhSzfVS',$,'L5|ONEBR_A',$,$,#7378,#7368,$,$);
#7358=IFCCARTESIANPOINTLIST2D(((0.,0.),(0.,150.),(10363.200000000001,150.),(10363.200000000001,0.),(0.,0.)));
#7359=IFCINDEXEDPOLYCURVE(#7358,$,.F.);
#7360=IFCDIRECTION((0.,0.,1.));
#7361=IFCARBITRARYCLOSEDPROFILEDEF(.AREA.,$,#7359);
#7362=IFCCARTESIANPOINT((0.,0.,0.));
#7363=IFCDIRECTION((0.,0.,1.));
#7364=IFCDIRECTION((1.,0.,0.));
#7365=IFCAXIS2PLACEMENT3D(#7362,#7363,#7364);
#7366=IFCEXTRUDEDAREASOLID(#7361,#7365,#7360,3200.4000000000001);
#7367=IFCSHAPEREPRESENTATION(#11,'Body','SweptSolid',(#7366));
#7368=IFCPRODUCTDEFINITIONSHAPE($,$,(#7367));
#7374=IFCCARTESIANPOINT((14325.6,29870.399999999998,17068.799999999999));
#7375=IFCDIRECTION((0.,0.,1.));
#7376=IFCDIRECTION((1.,0.,0.));
#7377=IFCAXIS2PLACEMENT3D(#7374,#7375,#7376);
#7378=IFCLOCALPLACEMENT($,#7377);
#7379=IFCWALL('1HQXIm3kj6gRG$QWEfIf0E',$,'L5|ONEBR_A',$,$,#7400,#7390,$,$);
#7380=IFCCARTESIANPOINTLIST2D(((0.,0.),(0.,150.),(9144.,150.),(9144.,0.),(0.,0.)));
#7381=IFCINDEXEDPOLYCURVE(#7380,$,.F.);
#7382=IFCDIRECTION((0.,0.,1.));
#7383=IFCARBITRARYCLOSEDPROFILEDEF(.AREA.,$,#7381);
#7384=IFCCARTESIANPOINT((0.,0.,0.));
#7385=IFCDIRECTION((0.,0.,1.));
#7386=IFCDIRECTION((1.,0.,0.));
#7387=IFCAXIS2PLACEMENT3D(#7384,#7385,#7386);
#7388=IFCEXTRUDEDAREASOLID(#7383,#7387,#7382,3200.4000000000001);
#7389=IFCSHAPEREPRESENTATION(#11,'Body','SweptSolid',(#7388));
#7390=IFCPRODUCTDEFINITIONSHAPE($,$,(#7389));
#7396=IFCCARTESIANPOINT((14325.6,20726.400000000001,17068.799999999999));
#7397=IFCDIRECTION((0.,0.,1.));
#7398=IFCDIRECTION((6.123233995736766E-17,1.,0.));
#7399=IFCAXIS2PLACEMENT3D(#7396,#7397,#7398);
#7400=IFCLOCALPLACEMENT($,#7399);
#7401=IFCWALL('0Mcj5etJ1FshEHcCgZBXse',$,'L5|ONEBR_A',$,$,#7422,#7412,$,$);
#7402=IFCCARTESIANPOINTLIST2D(((0.,0.),(0.,150.),(9144.,150.),(9144.,0.),(0.,0.)));
#7403=IFCINDEXEDPOLYCURVE(#7402,$,.F.);
#7404=IFCDIRECTION((0.,0.,1.));
#7405=IFCARBITRARYCLOSEDPROFILEDEF(.AREA.,$,#7403);
#7406=IFCCARTESIANPOINT((0.,0.,0.));
#7407=IFCDIRECTION((0.,0.,1.));
#7408=IFCDIRECTION((1.,0.,0.));
#7409=IFCAXIS2PLACEMENT3D(#7406,#7407,#7408);
#7410=IFCEXTRUDEDAREASOLID(#7405,#7409,#7404,3200.4000000000001);
#7411=IFCSHAPEREPRESENTATION(#11,'Body','SweptSolid',(#7410));
#7412=IFCPRODUCTDEFINITIONSHAPE($,$,(#7411));
#7418=IFCCARTESIANPOINT((24688.799999999999,20726.400000000001,17068.799999999999));
#7419=IFCDIRECTION((0.,0.,1.));
#7420=IFCDIRECTION((6.123233995736766E-17,1.,0.));
#7421=IFCAXIS2PLACEMENT3D(#7418,#7419,#7420);
#7422=IFCLOCALPLACEMENT($,#7421);
#7423=IFCWALL('1abPb5jl12G8vQ0IgReGfJ',$,'L5|STUDIO_A',$,$,#7444,#7434,$,$);
#7424=IFCCARTESIANPOINTLIST2D(((0.,0.),(0.,150.),(9753.6000000000004,150.),(9753.6000000000004,0.),(0.,0.)));
#7425=IFCINDEXEDPOLYCURVE(#7424,$,.F.);
#7426=IFCDIRECTION((0.,0.,1.));
#7427=IFCARBITRARYCLOSEDPROFILEDEF(.AREA.,$,#7425);
#7428=IFCCARTESIANPOINT((0.,0.,0.));
#7429=IFCDIRECTION((0.,0.,1.));
#7430=IFCDIRECTION((1.,0.,0.));
#7431=IFCAXIS2PLACEMENT3D(#7428,#7429,#7430);
#7432=IFCEXTRUDEDAREASOLID(#7427,#7431,#7426,3200.4000000000001);
#7433=IFCSHAPEREPRESENTATION(#11,'Body','SweptSolid',(#7432));
#7434=IFCPRODUCTDEFINITIONSHAPE($,$,(#7433));
#7440=IFCCARTESIANPOINT((2743.2000000000003,28651.200000000001,17068.799999999999));
#7441=IFCDIRECTION((0.,0.,1.));
#7442=IFCDIRECTION((1.,0.,0.));
#7443=IFCAXIS2PLACEMENT3D(#7440,#7441,#7442);
#7444=IFCLOCALPLACEMENT($,#7443);
#7445=IFCWALL('1L5zzlRUD27wt7v2C1xTBv',$,'L5|STUDIO_A',$,$,#7466,#7456,$,$);
#7446=IFCCARTESIANPOINTLIST2D(((0.,0.),(0.,150.),(9753.6000000000004,150.),(9753.6000000000004,0.),(0.,0.)));
#7447=IFCINDEXEDPOLYCURVE(#7446,$,.F.);
#7448=IFCDIRECTION((0.,0.,1.));
#7449=IFCARBITRARYCLOSEDPROFILEDEF(.AREA.,$,#7447);
#7450=IFCCARTESIANPOINT((0.,0.,0.));
#7451=IFCDIRECTION((0.,0.,1.));
#7452=IFCDIRECTION((1.,0.,0.));
#7453=IFCAXIS2PLACEMENT3D(#7450,#7451,#7452);
#7454=IFCEXTRUDEDAREASOLID(#7449,#7453,#7448,3200.4000000000001);
#7455=IFCSHAPEREPRESENTATION(#11,'Body','SweptSolid',(#7454));
#7456=IFCPRODUCTDEFINITIONSHAPE($,$,(#7455));
#7462=IFCCARTESIANPOINT((2743.2000000000003,36576.,17068.799999999999));
#7463=IFCDIRECTION((0.,0.,1.));
#7464=IFCDIRECTION((1.,0.,0.));
#7465=IFCAXIS2PLACEMENT3D(#7462,#7463,#7464);
#7466=IFCLOCALPLACEMENT($,#7465);
#7467=IFCWALL('02Qj9aNCr0B8u9rvs059vv',$,'L5|STUDIO_A',$,$,#7488,#7478,$,$);
#7468=IFCCARTESIANPOINTLIST2D(((0.,0.),(0.,150.),(7924.8000000000002,150.),(7924.8000000000002,0.),(0.,0.)));
#7469=IFCINDEXEDPOLYCURVE(#7468,$,.F.);
#7470=IFCDIRECTION((0.,0.,1.));
#7471=IFCARBITRARYCLOSEDPROFILEDEF(.AREA.,$,#7469);
#7472=IFCCARTESIANPOINT((0.,0.,0.));
#7473=IFCDIRECTION((0.,0.,1.));
#7474=IFCDIRECTION((1.,0.,0.));
#7475=IFCAXIS2PLACEMENT3D(#7472,#7473,#7474);
#7476=IFCEXTRUDEDAREASOLID(#7471,#7475,#7470,3200.4000000000001);
#7477=IFCSHAPEREPRESENTATION(#11,'Body','SweptSolid',(#7476));
#7478=IFCPRODUCTDEFINITIONSHAPE($,$,(#7477));
#7484=IFCCARTESIANPOINT((2743.2000000000003,28651.200000000001,17068.799999999999));
#7485=IFCDIRECTION((0.,0.,1.));
#7486=IFCDIRECTION((6.123233995736766E-17,1.,0.));
#7487=IFCAXIS2PLACEMENT3D(#7484,#7485,#7486);
#7488=IFCLOCALPLACEMENT($,#7487);
#7489=IFCWALL('3oKjgWv6n909lCv__TnQQu',$,'L5|STUDIO_A',$,$,#7510,#7500,$,$);
#7490=IFCCARTESIANPOINTLIST2D(((0.,0.),(0.,150.),(7924.8000000000002,150.),(7924.8000000000002,0.),(0.,0.)));
#7491=IFCINDEXEDPOLYCURVE(#7490,$,.F.);
#7492=IFCDIRECTION((0.,0.,1.));
#7493=IFCARBITRARYCLOSEDPROFILEDEF(.AREA.,$,#7491);
#7494=IFCCARTESIANPOINT((0.,0.,0.));
#7495=IFCDIRECTION((0.,0.,1.));
#7496=IFCDIRECTION((1.,0.,0.));
#7497=IFCAXIS2PLACEMENT3D(#7494,#7495,#7496);
#7498=IFCEXTRUDEDAREASOLID(#7493,#7497,#7492,3200.4000000000001);
#7499=IFCSHAPEREPRESENTATION(#11,'Body','SweptSolid',(#7498));
#7500=IFCPRODUCTDEFINITIONSHAPE($,$,(#7499));
#7506=IFCCARTESIANPOINT((12496.799999999999,28651.200000000001,17068.799999999999));
#7507=IFCDIRECTION((0.,0.,1.));
#7508=IFCDIRECTION((6.123233995736766E-17,1.,0.));
#7509=IFCAXIS2PLACEMENT3D(#7506,#7507,#7508);
#7510=IFCLOCALPLACEMENT($,#7509);
#7511=IFCWALL('2hGRwXanT3VRt9yZyOldQN',$,'L5|TWOBR_A',$,$,#7532,#7522,$,$);
#7512=IFCCARTESIANPOINTLIST2D(((0.,0.),(0.,150.),(10972.800000000001,150.),(10972.800000000001,0.),(0.,0.)));
#7513=IFCINDEXEDPOLYCURVE(#7512,$,.F.);
#7514=IFCDIRECTION((0.,0.,1.));
#7515=IFCARBITRARYCLOSEDPROFILEDEF(.AREA.,$,#7513);
#7516=IFCCARTESIANPOINT((0.,0.,0.));
#7517=IFCDIRECTION((0.,0.,1.));
#7518=IFCDIRECTION((1.,0.,0.));
#7519=IFCAXIS2PLACEMENT3D(#7516,#7517,#7518);
#7520=IFCEXTRUDEDAREASOLID(#7515,#7519,#7514,3200.4000000000001);
#7521=IFCSHAPEREPRESENTATION(#11,'Body','SweptSolid',(#7520));
#7522=IFCPRODUCTDEFINITIONSHAPE($,$,(#7521));
#7528=IFCCARTESIANPOINT((28346.400000000001,28651.200000000001,17068.799999999999));
#7529=IFCDIRECTION((0.,0.,1.));
#7530=IFCDIRECTION((1.,0.,0.));
#7531=IFCAXIS2PLACEMENT3D(#7528,#7529,#7530);
#7532=IFCLOCALPLACEMENT($,#7531);
#7533=IFCWALL('26OVb9kKjDzf5DiNNESjsZ',$,'L5|TWOBR_A',$,$,#7554,#7544,$,$);
#7534=IFCCARTESIANPOINTLIST2D(((0.,0.),(0.,150.),(10972.800000000001,150.),(10972.800000000001,0.),(0.,0.)));
#7535=IFCINDEXEDPOLYCURVE(#7534,$,.F.);
#7536=IFCDIRECTION((0.,0.,1.));
#7537=IFCARBITRARYCLOSEDPROFILEDEF(.AREA.,$,#7535);
#7538=IFCCARTESIANPOINT((0.,0.,0.));
#7539=IFCDIRECTION((0.,0.,1.));
#7540=IFCDIRECTION((1.,0.,0.));
#7541=IFCAXIS2PLACEMENT3D(#7538,#7539,#7540);
#7542=IFCEXTRUDEDAREASOLID(#7537,#7541,#7536,3200.4000000000001);
#7543=IFCSHAPEREPRESENTATION(#11,'Body','SweptSolid',(#7542));
#7544=IFCPRODUCTDEFINITIONSHAPE($,$,(#7543));
#7550=IFCCARTESIANPOINT((28346.400000000001,39014.400000000001,17068.799999999999));
#7551=IFCDIRECTION((0.,0.,1.));
#7552=IFCDIRECTION((1.,0.,0.));
#7553=IFCAXIS2PLACEMENT3D(#7550,#7551,#7552);
#7554=IFCLOCALPLACEMENT($,#7553);
#7555=IFCWALL('1J1LWAvTf0IB0yb_SGWMW7',$,'L5|TWOBR_A',$,$,#7576,#7566,$,$);
#7556=IFCCARTESIANPOINTLIST2D(((0.,0.),(0.,150.),(10363.200000000001,150.),(10363.200000000001,0.),(0.,0.)));
#7557=IFCINDEXEDPOLYCURVE(#7556,$,.F.);
#7558=IFCDIRECTION((0.,0.,1.));
#7559=IFCARBITRARYCLOSEDPROFILEDEF(.AREA.,$,#7557);
#7560=IFCCARTESIANPOINT((0.,0.,0.));
#7561=IFCDIRECTION((0.,0.,1.));
#7562=IFCDIRECTION((1.,0.,0.));
#7563=IFCAXIS2PLACEMENT3D(#7560,#7561,#7562);
#7564=IFCEXTRUDEDAREASOLID(#7559,#7563,#7558,3200.4000000000001);
#7565=IFCSHAPEREPRESENTATION(#11,'Body','SweptSolid',(#7564));
#7566=IFCPRODUCTDEFINITIONSHAPE($,$,(#7565));
#7572=IFCCARTESIANPOINT((28346.400000000001,28651.200000000001,17068.799999999999));
#7573=IFCDIRECTION((0.,0.,1.));
#7574=IFCDIRECTION((6.123233995736766E-17,1.,0.));
#7575=IFCAXIS2PLACEMENT3D(#7572,#7573,#7574);
#7576=IFCLOCALPLACEMENT($,#7575);
#7577=IFCWALL('0y6JTHkp5B8BjrecDNEHsJ',$,'L5|TWOBR_A',$,$,#7598,#7588,$,$);
#7578=IFCCARTESIANPOINTLIST2D(((0.,0.),(0.,150.),(10363.200000000001,150.),(10363.200000000001,0.),(0.,0.)));
#7579=IFCINDEXEDPOLYCURVE(#7578,$,.F.);
#7580=IFCDIRECTION((0.,0.,1.));
#7581=IFCARBITRARYCLOSEDPROFILEDEF(.AREA.,$,#7579);
#7582=IFCCARTESIANPOINT((0.,0.,0.));
#7583=IFCDIRECTION((0.,0.,1.));
#7584=IFCDIRECTION((1.,0.,0.));
#7585=IFCAXIS2PLACEMENT3D(#7582,#7583,#7584);
#7586=IFCEXTRUDEDAREASOLID(#7581,#7585,#7580,3200.4000000000001);
#7587=IFCSHAPEREPRESENTATION(#11,'Body','SweptSolid',(#7586));
#7588=IFCPRODUCTDEFINITIONSHAPE($,$,(#7587));
#7594=IFCCARTESIANPOINT((39319.200000000004,28651.200000000001,17068.799999999999));
#7595=IFCDIRECTION((0.,0.,1.));
#7596=IFCDIRECTION((6.123233995736766E-17,1.,0.));
#7597=IFCAXIS2PLACEMENT3D(#7594,#7595,#7596);
#7598=IFCLOCALPLACEMENT($,#7597);
#7599=IFCWALL('02qK$5fTT5TeJOOl9XfHGE',$,'L5|ONEBR_A',$,$,#7620,#7610,$,$);
#7600=IFCCARTESIANPOINTLIST2D(((0.,0.),(0.,150.),(10363.200000000001,150.),(10363.200000000001,0.),(0.,0.)));
#7601=IFCINDEXEDPOLYCURVE(#7600,$,.F.);
#7602=IFCDIRECTION((0.,0.,1.));
#7603=IFCARBITRARYCLOSEDPROFILEDEF(.AREA.,$,#7601);
#7604=IFCCARTESIANPOINT((0.,0.,0.));
#7605=IFCDIRECTION((0.,0.,1.));
#7606=IFCDIRECTION((1.,0.,0.));
#7607=IFCAXIS2PLACEMENT3D(#7604,#7605,#7606);
#7608=IFCEXTRUDEDAREASOLID(#7603,#7607,#7602,3200.4000000000001);
#7609=IFCSHAPEREPRESENTATION(#11,'Body','SweptSolid',(#7608));
#7610=IFCPRODUCTDEFINITIONSHAPE($,$,(#7609));
#7616=IFCCARTESIANPOINT((14325.6,29870.399999999998,17068.799999999999));
#7617=IFCDIRECTION((0.,0.,1.));
#7618=IFCDIRECTION((1.,0.,0.));
#7619=IFCAXIS2PLACEMENT3D(#7616,#7617,#7618);
#7620=IFCLOCALPLACEMENT($,#7619);
#7621=IFCWALL('1wuXxYqf19YwAhKatLCkPc',$,'L5|ONEBR_A',$,$,#7642,#7632,$,$);
#7622=IFCCARTESIANPOINTLIST2D(((0.,0.),(0.,150.),(10363.200000000001,150.),(10363.200000000001,0.),(0.,0.)));
#7623=IFCINDEXEDPOLYCURVE(#7622,$,.F.);
#7624=IFCDIRECTION((0.,0.,1.));
#7625=IFCARBITRARYCLOSEDPROFILEDEF(.AREA.,$,#7623);
#7626=IFCCARTESIANPOINT((0.,0.,0.));
#7627=IFCDIRECTION((0.,0.,1.));
#7628=IFCDIRECTION((1.,0.,0.));
#7629=IFCAXIS2PLACEMENT3D(#7626,#7627,#7628);
#7630=IFCEXTRUDEDAREASOLID(#7625,#7629,#7624,3200.4000000000001);
#7631=IFCSHAPEREPRESENTATION(#11,'Body','SweptSolid',(#7630));
#7632=IFCPRODUCTDEFINITIONSHAPE($,$,(#7631));
#7638=IFCCARTESIANPOINT((14325.6,39014.400000000001,17068.799999999999));
#7639=IFCDIRECTION((0.,0.,1.));
#7640=IFCDIRECTION((1.,0.,0.));
#7641=IFCAXIS2PLACEMENT3D(#7638,#7639,#7640);
#7642=IFCLOCALPLACEMENT($,#7641);
#7643=IFCWALL('2qhePt589BEeGXOiCGLH$W',$,'L5|ONEBR_A',$,$,#7664,#7654,$,$);
#7644=IFCCARTESIANPOINTLIST2D(((0.,0.),(0.,150.),(9144.,150.),(9144.,0.),(0.,0.)));
#7645=IFCINDEXEDPOLYCURVE(#7644,$,.F.);
#7646=IFCDIRECTION((0.,0.,1.));
#7647=IFCARBITRARYCLOSEDPROFILEDEF(.AREA.,$,#7645);
#7648=IFCCARTESIANPOINT((0.,0.,0.));
#7649=IFCDIRECTION((0.,0.,1.));
#7650=IFCDIRECTION((1.,0.,0.));
#7651=IFCAXIS2PLACEMENT3D(#7648,#7649,#7650);
#7652=IFCEXTRUDEDAREASOLID(#7647,#7651,#7646,3200.4000000000001);
#7653=IFCSHAPEREPRESENTATION(#11,'Body','SweptSolid',(#7652));
#7654=IFCPRODUCTDEFINITIONSHAPE($,$,(#7653));
#7660=IFCCARTESIANPOINT((14325.6,29870.399999999998,17068.799999999999));
#7661=IFCDIRECTION((0.,0.,1.));
#7662=IFCDIRECTION((6.123233995736766E-17,1.,0.));
#7663=IFCAXIS2PLACEMENT3D(#7660,#7661,#7662);
#7664=IFCLOCALPLACEMENT($,#7663);
#7665=IFCWALL('2ktW6UCbL1EuK_i8mKS2DN',$,'L5|ONEBR_A',$,$,#7686,#7676,$,$);
#7666=IFCCARTESIANPOINTLIST2D(((0.,0.),(0.,150.),(9144.,150.),(9144.,0.),(0.,0.)));
#7667=IFCINDEXEDPOLYCURVE(#7666,$,.F.);
#7668=IFCDIRECTION((0.,0.,1.));
#7669=IFCARBITRARYCLOSEDPROFILEDEF(.AREA.,$,#7667);
#7670=IFCCARTESIANPOINT((0.,0.,0.));
#7671=IFCDIRECTION((0.,0.,1.));
#7672=IFCDIRECTION((1.,0.,0.));
#7673=IFCAXIS2PLACEMENT3D(#7670,#7671,#7672);
#7674=IFCEXTRUDEDAREASOLID(#7669,#7673,#7668,3200.4000000000001);
#7675=IFCSHAPEREPRESENTATION(#11,'Body','SweptSolid',(#7674));
#7676=IFCPRODUCTDEFINITIONSHAPE($,$,(#7675));
#7682=IFCCARTESIANPOINT((24688.799999999999,29870.399999999998,17068.799999999999));
#7683=IFCDIRECTION((0.,0.,1.));
#7684=IFCDIRECTION((6.123233995736766E-17,1.,0.));
#7685=IFCAXIS2PLACEMENT3D(#7682,#7683,#7684);
#7686=IFCLOCALPLACEMENT($,#7685);
#7687=IFCWALL('1Mto7UVX1FoxM4JzAAcmtF',$,'L5|ONEBR_A',$,$,#7708,#7698,$,$);
#7688=IFCCARTESIANPOINTLIST2D(((0.,0.),(0.,150.),(10363.200000000001,150.),(10363.200000000001,0.),(0.,0.)));
#7689=IFCINDEXEDPOLYCURVE(#7688,$,.F.);
#7690=IFCDIRECTION((0.,0.,1.));
#7691=IFCARBITRARYCLOSEDPROFILEDEF(.AREA.,$,#7689);
#7692=IFCCARTESIANPOINT((0.,0.,0.));
#7693=IFCDIRECTION((0.,0.,1.));
#7694=IFCDIRECTION((1.,0.,0.));
#7695=IFCAXIS2PLACEMENT3D(#7692,#7693,#7694);
#7696=IFCEXTRUDEDAREASOLID(#7691,#7695,#7690,3200.4000000000001);
#7697=IFCSHAPEREPRESENTATION(#11,'Body','SweptSolid',(#7696));
#7698=IFCPRODUCTDEFINITIONSHAPE($,$,(#7697));
#7704=IFCCARTESIANPOINT((41148.,29870.399999999998,17068.799999999999));
#7705=IFCDIRECTION((0.,0.,1.));
#7706=IFCDIRECTION((1.,0.,0.));
#7707=IFCAXIS2PLACEMENT3D(#7704,#7705,#7706);
#7708=IFCLOCALPLACEMENT($,#7707);
#7709=IFCWALL('2V9J4cTd12ZuYIJlW_7HQL',$,'L5|ONEBR_A',$,$,#7730,#7720,$,$);
#7710=IFCCARTESIANPOINTLIST2D(((0.,0.),(0.,150.),(10363.200000000001,150.),(10363.200000000001,0.),(0.,0.)));
#7711=IFCINDEXEDPOLYCURVE(#7710,$,.F.);
#7712=IFCDIRECTION((0.,0.,1.));
#7713=IFCARBITRARYCLOSEDPROFILEDEF(.AREA.,$,#7711);
#7714=IFCCARTESIANPOINT((0.,0.,0.));
#7715=IFCDIRECTION((0.,0.,1.));
#7716=IFCDIRECTION((1.,0.,0.));
#7717=IFCAXIS2PLACEMENT3D(#7714,#7715,#7716);
#7718=IFCEXTRUDEDAREASOLID(#7713,#7717,#7712,3200.4000000000001);
#7719=IFCSHAPEREPRESENTATION(#11,'Body','SweptSolid',(#7718));
#7720=IFCPRODUCTDEFINITIONSHAPE($,$,(#7719));
#7726=IFCCARTESIANPOINT((41148.,39014.400000000001,17068.799999999999));
#7727=IFCDIRECTION((0.,0.,1.));
#7728=IFCDIRECTION((1.,0.,0.));
#7729=IFCAXIS2PLACEMENT3D(#7726,#7727,#7728);
#7730=IFCLOCALPLACEMENT($,#7729);
#7731=IFCWALL('0_Jwvssrv93Pkoi8F3VZSN',$,'L5|ONEBR_A',$,$,#7752,#7742,$,$);
#7732=IFCCARTESIANPOINTLIST2D(((0.,0.),(0.,150.),(9144.,150.),(9144.,0.),(0.,0.)));
#7733=IFCINDEXEDPOLYCURVE(#7732,$,.F.);
#7734=IFCDIRECTION((0.,0.,1.));
#7735=IFCARBITRARYCLOSEDPROFILEDEF(.AREA.,$,#7733);
#7736=IFCCARTESIANPOINT((0.,0.,0.));
#7737=IFCDIRECTION((0.,0.,1.));
#7738=IFCDIRECTION((1.,0.,0.));
#7739=IFCAXIS2PLACEMENT3D(#7736,#7737,#7738);
#7740=IFCEXTRUDEDAREASOLID(#7735,#7739,#7734,3200.4000000000001);
#7741=IFCSHAPEREPRESENTATION(#11,'Body','SweptSolid',(#7740));
#7742=IFCPRODUCTDEFINITIONSHAPE($,$,(#7741));
#7748=IFCCARTESIANPOINT((41148.,29870.399999999998,17068.799999999999));
#7749=IFCDIRECTION((0.,0.,1.));
#7750=IFCDIRECTION((6.123233995736766E-17,1.,0.));
#7751=IFCAXIS2PLACEMENT3D(#7748,#7749,#7750);
#7752=IFCLOCALPLACEMENT($,#7751);
#7753=IFCWALL('0cPMws1On1aOFx6uqT2EHJ',$,'L5|ONEBR_A',$,$,#7774,#7764,$,$);
#7754=IFCCARTESIANPOINTLIST2D(((0.,0.),(0.,150.),(9144.,150.),(9144.,0.),(0.,0.)));
#7755=IFCINDEXEDPOLYCURVE(#7754,$,.F.);
#7756=IFCDIRECTION((0.,0.,1.));
#7757=IFCARBITRARYCLOSEDPROFILEDEF(.AREA.,$,#7755);
#7758=IFCCARTESIANPOINT((0.,0.,0.));
#7759=IFCDIRECTION((0.,0.,1.));
#7760=IFCDIRECTION((1.,0.,0.));
#7761=IFCAXIS2PLACEMENT3D(#7758,#7759,#7760);
#7762=IFCEXTRUDEDAREASOLID(#7757,#7761,#7756,3200.4000000000001);
#7763=IFCSHAPEREPRESENTATION(#11,'Body','SweptSolid',(#7762));
#7764=IFCPRODUCTDEFINITIONSHAPE($,$,(#7763));
#7770=IFCCARTESIANPOINT((51511.200000000004,29870.399999999998,17068.799999999999));
#7771=IFCDIRECTION((0.,0.,1.));
#7772=IFCDIRECTION((6.123233995736766E-17,1.,0.));
#7773=IFCAXIS2PLACEMENT3D(#7770,#7771,#7772);
#7774=IFCLOCALPLACEMENT($,#7773);
#7775=IFCWALL('0gIcO2HwH0wBZxrf$BhOOP',$,'L5|TWOBR_A',$,$,#7796,#7786,$,$);
#7776=IFCCARTESIANPOINTLIST2D(((0.,0.),(0.,150.),(10972.800000000001,150.),(10972.800000000001,0.),(0.,0.)));
#7777=IFCINDEXEDPOLYCURVE(#7776,$,.F.);
#7778=IFCDIRECTION((0.,0.,1.));
#7779=IFCARBITRARYCLOSEDPROFILEDEF(.AREA.,$,#7777);
#7780=IFCCARTESIANPOINT((0.,0.,0.));
#7781=IFCDIRECTION((0.,0.,1.));
#7782=IFCDIRECTION((1.,0.,0.));
#7783=IFCAXIS2PLACEMENT3D(#7780,#7781,#7782);
#7784=IFCEXTRUDEDAREASOLID(#7779,#7783,#7778,3200.4000000000001);
#7785=IFCSHAPEREPRESENTATION(#11,'Body','SweptSolid',(#7784));
#7786=IFCPRODUCTDEFINITIONSHAPE($,$,(#7785));
#7792=IFCCARTESIANPOINT((1524.,36576.,17068.799999999999));
#7793=IFCDIRECTION((0.,0.,1.));
#7794=IFCDIRECTION((1.,0.,0.));
#7795=IFCAXIS2PLACEMENT3D(#7792,#7793,#7794);
#7796=IFCLOCALPLACEMENT($,#7795);
#7797=IFCWALL('2zHRp$OgPCkfZPWL108Drp',$,'L5|TWOBR_A',$,$,#7818,#7808,$,$);
#7798=IFCCARTESIANPOINTLIST2D(((0.,0.),(0.,150.),(10972.800000000001,150.),(10972.800000000001,0.),(0.,0.)));
#7799=IFCINDEXEDPOLYCURVE(#7798,$,.F.);
#7800=IFCDIRECTION((0.,0.,1.));
#7801=IFCARBITRARYCLOSEDPROFILEDEF(.AREA.,$,#7799);
#7802=IFCCARTESIANPOINT((0.,0.,0.));
#7803=IFCDIRECTION((0.,0.,1.));
#7804=IFCDIRECTION((1.,0.,0.));
#7805=IFCAXIS2PLACEMENT3D(#7802,#7803,#7804);
#7806=IFCEXTRUDEDAREASOLID(#7801,#7805,#7800,3200.4000000000001);
#7807=IFCSHAPEREPRESENTATION(#11,'Body','SweptSolid',(#7806));
#7808=IFCPRODUCTDEFINITIONSHAPE($,$,(#7807));
#7814=IFCCARTESIANPOINT((1524.,46939.199999999997,17068.799999999999));
#7815=IFCDIRECTION((0.,0.,1.));
#7816=IFCDIRECTION((1.,0.,0.));
#7817=IFCAXIS2PLACEMENT3D(#7814,#7815,#7816);
#7818=IFCLOCALPLACEMENT($,#7817);
#7819=IFCWALL('19My47eJn8gOd8PFAyS4C3',$,'L5|TWOBR_A',$,$,#7840,#7830,$,$);
#7820=IFCCARTESIANPOINTLIST2D(((0.,0.),(0.,150.),(10363.200000000001,150.),(10363.200000000001,0.),(0.,0.)));
#7821=IFCINDEXEDPOLYCURVE(#7820,$,.F.);
#7822=IFCDIRECTION((0.,0.,1.));
#7823=IFCARBITRARYCLOSEDPROFILEDEF(.AREA.,$,#7821);
#7824=IFCCARTESIANPOINT((0.,0.,0.));
#7825=IFCDIRECTION((0.,0.,1.));
#7826=IFCDIRECTION((1.,0.,0.));
#7827=IFCAXIS2PLACEMENT3D(#7824,#7825,#7826);
#7828=IFCEXTRUDEDAREASOLID(#7823,#7827,#7822,3200.4000000000001);
#7829=IFCSHAPEREPRESENTATION(#11,'Body','SweptSolid',(#7828));
#7830=IFCPRODUCTDEFINITIONSHAPE($,$,(#7829));
#7836=IFCCARTESIANPOINT((1524.,36576.,17068.799999999999));
#7837=IFCDIRECTION((0.,0.,1.));
#7838=IFCDIRECTION((6.123233995736766E-17,1.,0.));
#7839=IFCAXIS2PLACEMENT3D(#7836,#7837,#7838);
#7840=IFCLOCALPLACEMENT($,#7839);
#7841=IFCWALL('38I_UTDXX0kPQTt9Naxxf_',$,'L5|TWOBR_A',$,$,#7862,#7852,$,$);
#7842=IFCCARTESIANPOINTLIST2D(((0.,0.),(0.,150.),(10363.200000000001,150.),(10363.200000000001,0.),(0.,0.)));
#7843=IFCINDEXEDPOLYCURVE(#7842,$,.F.);
#7844=IFCDIRECTION((0.,0.,1.));
#7845=IFCARBITRARYCLOSEDPROFILEDEF(.AREA.,$,#7843);
#7846=IFCCARTESIANPOINT((0.,0.,0.));
#7847=IFCDIRECTION((0.,0.,1.));
#7848=IFCDIRECTION((1.,0.,0.));
#7849=IFCAXIS2PLACEMENT3D(#7846,#7847,#7848);
#7850=IFCEXTRUDEDAREASOLID(#7845,#7849,#7844,3200.4000000000001);
#7851=IFCSHAPEREPRESENTATION(#11,'Body','SweptSolid',(#7850));
#7852=IFCPRODUCTDEFINITIONSHAPE($,$,(#7851));
#7858=IFCCARTESIANPOINT((12496.799999999999,36576.,17068.799999999999));
#7859=IFCDIRECTION((0.,0.,1.));
#7860=IFCDIRECTION((6.123233995736766E-17,1.,0.));
#7861=IFCAXIS2PLACEMENT3D(#7858,#7859,#7860);
#7862=IFCLOCALPLACEMENT($,#7861);
#7863=IFCWALL('17bfyb9ZbD_vaqbbFSbs9_',$,'L5|STUDIO_A',$,$,#7884,#7874,$,$);
#7864=IFCCARTESIANPOINTLIST2D(((0.,0.),(0.,150.),(9753.6000000000004,150.),(9753.6000000000004,0.),(0.,0.)));
#7865=IFCINDEXEDPOLYCURVE(#7864,$,.F.);
#7866=IFCDIRECTION((0.,0.,1.));
#7867=IFCARBITRARYCLOSEDPROFILEDEF(.AREA.,$,#7865);
#7868=IFCCARTESIANPOINT((0.,0.,0.));
#7869=IFCDIRECTION((0.,0.,1.));
#7870=IFCDIRECTION((1.,0.,0.));
#7871=IFCAXIS2PLACEMENT3D(#7868,#7869,#7870);
#7872=IFCEXTRUDEDAREASOLID(#7867,#7871,#7866,3200.4000000000001);
#7873=IFCSHAPEREPRESENTATION(#11,'Body','SweptSolid',(#7872));
#7874=IFCPRODUCTDEFINITIONSHAPE($,$,(#7873));
#7880=IFCCARTESIANPOINT((14325.6,39014.400000000001,17068.799999999999));
#7881=IFCDIRECTION((0.,0.,1.));
#7882=IFCDIRECTION((1.,0.,0.));
#7883=IFCAXIS2PLACEMENT3D(#7880,#7881,#7882);
#7884=IFCLOCALPLACEMENT($,#7883);
#7885=IFCWALL('1pCCTiCaTBUBxQpF0viLi9',$,'L5|STUDIO_A',$,$,#7906,#7896,$,$);
#7886=IFCCARTESIANPOINTLIST2D(((0.,0.),(0.,150.),(9753.6000000000004,150.),(9753.6000000000004,0.),(0.,0.)));
#7887=IFCINDEXEDPOLYCURVE(#7886,$,.F.);
#7888=IFCDIRECTION((0.,0.,1.));
#7889=IFCARBITRARYCLOSEDPROFILEDEF(.AREA.,$,#7887);
#7890=IFCCARTESIANPOINT((0.,0.,0.));
#7891=IFCDIRECTION((0.,0.,1.));
#7892=IFCDIRECTION((1.,0.,0.));
#7893=IFCAXIS2PLACEMENT3D(#7890,#7891,#7892);
#7894=IFCEXTRUDEDAREASOLID(#7889,#7893,#7888,3200.4000000000001);
#7895=IFCSHAPEREPRESENTATION(#11,'Body','SweptSolid',(#7894));
#7896=IFCPRODUCTDEFINITIONSHAPE($,$,(#7895));
#7902=IFCCARTESIANPOINT((14325.6,46939.199999999997,17068.799999999999));
#7903=IFCDIRECTION((0.,0.,1.));
#7904=IFCDIRECTION((1.,0.,0.));
#7905=IFCAXIS2PLACEMENT3D(#7902,#7903,#7904);
#7906=IFCLOCALPLACEMENT($,#7905);
#7907=IFCWALL('1SIqT1P$55JPaB5BBgES0o',$,'L5|STUDIO_A',$,$,#7928,#7918,$,$);
#7908=IFCCARTESIANPOINTLIST2D(((0.,0.),(0.,150.),(7924.8000000000002,150.),(7924.8000000000002,0.),(0.,0.)));
#7909=IFCINDEXEDPOLYCURVE(#7908,$,.F.);
#7910=IFCDIRECTION((0.,0.,1.));
#7911=IFCARBITRARYCLOSEDPROFILEDEF(.AREA.,$,#7909);
#7912=IFCCARTESIANPOINT((0.,0.,0.));
#7913=IFCDIRECTION((0.,0.,1.));
#7914=IFCDIRECTION((1.,0.,0.));
#7915=IFCAXIS2PLACEMENT3D(#7912,#7913,#7914);
#7916=IFCEXTRUDEDAREASOLID(#7911,#7915,#7910,3200.4000000000001);
#7917=IFCSHAPEREPRESENTATION(#11,'Body','SweptSolid',(#7916));
#7918=IFCPRODUCTDEFINITIONSHAPE($,$,(#7917));
#7924=IFCCARTESIANPOINT((14325.6,39014.400000000001,17068.799999999999));
#7925=IFCDIRECTION((0.,0.,1.));
#7926=IFCDIRECTION((6.123233995736766E-17,1.,0.));
#7927=IFCAXIS2PLACEMENT3D(#7924,#7925,#7926);
#7928=IFCLOCALPLACEMENT($,#7927);
#7929=IFCWALL('3NrSqkyAjCCfSft4hbSdHf',$,'L5|STUDIO_A',$,$,#7950,#7940,$,$);
#7930=IFCCARTESIANPOINTLIST2D(((0.,0.),(0.,150.),(7924.8000000000002,150.),(7924.8000000000002,0.),(0.,0.)));
#7931=IFCINDEXEDPOLYCURVE(#7930,$,.F.);
#7932=IFCDIRECTION((0.,0.,1.));
#7933=IFCARBITRARYCLOSEDPROFILEDEF(.AREA.,$,#7931);
#7934=IFCCARTESIANPOINT((0.,0.,0.));
#7935=IFCDIRECTION((0.,0.,1.));
#7936=IFCDIRECTION((1.,0.,0.));
#7937=IFCAXIS2PLACEMENT3D(#7934,#7935,#7936);
#7938=IFCEXTRUDEDAREASOLID(#7933,#7937,#7932,3200.4000000000001);
#7939=IFCSHAPEREPRESENTATION(#11,'Body','SweptSolid',(#7938));
#7940=IFCPRODUCTDEFINITIONSHAPE($,$,(#7939));
#7946=IFCCARTESIANPOINT((24079.200000000001,39014.400000000001,17068.799999999999));
#7947=IFCDIRECTION((0.,0.,1.));
#7948=IFCDIRECTION((6.123233995736766E-17,1.,0.));
#7949=IFCAXIS2PLACEMENT3D(#7946,#7947,#7948);
#7950=IFCLOCALPLACEMENT($,#7949);
#7951=IFCWALL('33UIYzKdPC1hi$nDVjbWCx',$,'L5|ONEBR_A',$,$,#7972,#7962,$,$);
#7952=IFCCARTESIANPOINTLIST2D(((0.,0.),(0.,150.),(10363.200000000001,150.),(10363.200000000001,0.),(0.,0.)));
#7953=IFCINDEXEDPOLYCURVE(#7952,$,.F.);
#7954=IFCDIRECTION((0.,0.,1.));
#7955=IFCARBITRARYCLOSEDPROFILEDEF(.AREA.,$,#7953);
#7956=IFCCARTESIANPOINT((0.,0.,0.));
#7957=IFCDIRECTION((0.,0.,1.));
#7958=IFCDIRECTION((1.,0.,0.));
#7959=IFCAXIS2PLACEMENT3D(#7956,#7957,#7958);
#7960=IFCEXTRUDEDAREASOLID(#7955,#7959,#7954,3200.4000000000001);
#7961=IFCSHAPEREPRESENTATION(#11,'Body','SweptSolid',(#7960));
#7962=IFCPRODUCTDEFINITIONSHAPE($,$,(#7961));
#7968=IFCCARTESIANPOINT((28956.000000000004,39014.400000000001,17068.799999999999));
#7969=IFCDIRECTION((0.,0.,1.));
#7970=IFCDIRECTION((1.,0.,0.));
#7971=IFCAXIS2PLACEMENT3D(#7968,#7969,#7970);
#7972=IFCLOCALPLACEMENT($,#7971);
#7973=IFCWALL('0x8OPByjH0iAyNGbpt2KKW',$,'L5|ONEBR_A',$,$,#7994,#7984,$,$);
#7974=IFCCARTESIANPOINTLIST2D(((0.,0.),(0.,150.),(10363.200000000001,150.),(10363.200000000001,0.),(0.,0.)));
#7975=IFCINDEXEDPOLYCURVE(#7974,$,.F.);
#7976=IFCDIRECTION((0.,0.,1.));
#7977=IFCARBITRARYCLOSEDPROFILEDEF(.AREA.,$,#7975);
#7978=IFCCARTESIANPOINT((0.,0.,0.));
#7979=IFCDIRECTION((0.,0.,1.));
#7980=IFCDIRECTION((1.,0.,0.));
#7981=IFCAXIS2PLACEMENT3D(#7978,#7979,#7980);
#7982=IFCEXTRUDEDAREASOLID(#7977,#7981,#7976,3200.4000000000001);
#7983=IFCSHAPEREPRESENTATION(#11,'Body','SweptSolid',(#7982));
#7984=IFCPRODUCTDEFINITIONSHAPE($,$,(#7983));
#7990=IFCCARTESIANPOINT((28956.000000000004,48158.400000000001,17068.799999999999));
#7991=IFCDIRECTION((0.,0.,1.));
#7992=IFCDIRECTION((1.,0.,0.));
#7993=IFCAXIS2PLACEMENT3D(#7990,#7991,#7992);
#7994=IFCLOCALPLACEMENT($,#7993);
#7995=IFCWALL('11TdddNZTBo8FRb$8Yn4J4',$,'L5|ONEBR_A',$,$,#8016,#8006,$,$);
#7996=IFCCARTESIANPOINTLIST2D(((0.,0.),(0.,150.),(9144.,150.),(9144.,0.),(0.,0.)));
#7997=IFCINDEXEDPOLYCURVE(#7996,$,.F.);
#7998=IFCDIRECTION((0.,0.,1.));
#7999=IFCARBITRARYCLOSEDPROFILEDEF(.AREA.,$,#7997);
#8000=IFCCARTESIANPOINT((0.,0.,0.));
#8001=IFCDIRECTION((0.,0.,1.));
#8002=IFCDIRECTION((1.,0.,0.));
#8003=IFCAXIS2PLACEMENT3D(#8000,#8001,#8002);
#8004=IFCEXTRUDEDAREASOLID(#7999,#8003,#7998,3200.4000000000001);
#8005=IFCSHAPEREPRESENTATION(#11,'Body','SweptSolid',(#8004));
#8006=IFCPRODUCTDEFINITIONSHAPE($,$,(#8005));
#8012=IFCCARTESIANPOINT((28956.000000000004,39014.400000000001,17068.799999999999));
#8013=IFCDIRECTION((0.,0.,1.));
#8014=IFCDIRECTION((6.123233995736766E-17,1.,0.));
#8015=IFCAXIS2PLACEMENT3D(#8012,#8013,#8014);
#8016=IFCLOCALPLACEMENT($,#8015);
#8017=IFCWALL('1$BamrWkL7WxCOPtSU5Zvg',$,'L5|ONEBR_A',$,$,#8038,#8028,$,$);
#8018=IFCCARTESIANPOINTLIST2D(((0.,0.),(0.,150.),(9144.,150.),(9144.,0.),(0.,0.)));
#8019=IFCINDEXEDPOLYCURVE(#8018,$,.F.);
#8020=IFCDIRECTION((0.,0.,1.));
#8021=IFCARBITRARYCLOSEDPROFILEDEF(.AREA.,$,#8019);
#8022=IFCCARTESIANPOINT((0.,0.,0.));
#8023=IFCDIRECTION((0.,0.,1.));
#8024=IFCDIRECTION((1.,0.,0.));
#8025=IFCAXIS2PLACEMENT3D(#8022,#8023,#8024);
#8026=IFCEXTRUDEDAREASOLID(#8021,#8025,#8020,3200.4000000000001);
#8027=IFCSHAPEREPRESENTATION(#11,'Body','SweptSolid',(#8026));
#8028=IFCPRODUCTDEFINITIONSHAPE($,$,(#8027));
#8034=IFCCARTESIANPOINT((39319.200000000004,39014.400000000001,17068.799999999999));
#8035=IFCDIRECTION((0.,0.,1.));
#8036=IFCDIRECTION((6.123233995736766E-17,1.,0.));
#8037=IFCAXIS2PLACEMENT3D(#8034,#8035,#8036);
#8038=IFCLOCALPLACEMENT($,#8037);
#8039=IFCWALL('37AQT5GcPDIPCr0L0jmzZ6',$,'L5|TWOBR_A',$,$,#8060,#8050,$,$);
#8040=IFCCARTESIANPOINTLIST2D(((0.,0.),(0.,150.),(10972.800000000001,150.),(10972.800000000001,0.),(0.,0.)));
#8041=IFCINDEXEDPOLYCURVE(#8040,$,.F.);
#8042=IFCDIRECTION((0.,0.,1.));
#8043=IFCARBITRARYCLOSEDPROFILEDEF(.AREA.,$,#8041);
#8044=IFCCARTESIANPOINT((0.,0.,0.));
#8045=IFCDIRECTION((0.,0.,1.));
#8046=IFCDIRECTION((1.,0.,0.));
#8047=IFCAXIS2PLACEMENT3D(#8044,#8045,#8046);
#8048=IFCEXTRUDEDAREASOLID(#8043,#8047,#8042,3200.4000000000001);
#8049=IFCSHAPEREPRESENTATION(#11,'Body','SweptSolid',(#8048));
#8050=IFCPRODUCTDEFINITIONSHAPE($,$,(#8049));
#8056=IFCCARTESIANPOINT((41148.,39014.400000000001,17068.799999999999));
#8057=IFCDIRECTION((0.,0.,1.));
#8058=IFCDIRECTION((1.,0.,0.));
#8059=IFCAXIS2PLACEMENT3D(#8056,#8057,#8058);
#8060=IFCLOCALPLACEMENT($,#8059);
#8061=IFCWALL('3gK3rP8eDBXxYjEizutFJG',$,'L5|TWOBR_A',$,$,#8082,#8072,$,$);
#8062=IFCCARTESIANPOINTLIST2D(((0.,0.),(0.,150.),(10972.800000000001,150.),(10972.800000000001,0.),(0.,0.)));
#8063=IFCINDEXEDPOLYCURVE(#8062,$,.F.);
#8064=IFCDIRECTION((0.,0.,1.));
#8065=IFCARBITRARYCLOSEDPROFILEDEF(.AREA.,$,#8063);
#8066=IFCCARTESIANPOINT((0.,0.,0.));
#8067=IFCDIRECTION((0.,0.,1.));
#8068=IFCDIRECTION((1.,0.,0.));
#8069=IFCAXIS2PLACEMENT3D(#8066,#8067,#8068);
#8070=IFCEXTRUDEDAREASOLID(#8065,#8069,#8064,3200.4000000000001);
#8071=IFCSHAPEREPRESENTATION(#11,'Body','SweptSolid',(#8070));
#8072=IFCPRODUCTDEFINITIONSHAPE($,$,(#8071));
#8078=IFCCARTESIANPOINT((41148.,49377.599999999999,17068.799999999999));
#8079=IFCDIRECTION((0.,0.,1.));
#8080=IFCDIRECTION((1.,0.,0.));
#8081=IFCAXIS2PLACEMENT3D(#8078,#8079,#8080);
#8082=IFCLOCALPLACEMENT($,#8081);
#8083=IFCWALL('3jhGqyeAD3NRUMFgWmHuys',$,'L5|TWOBR_A',$,$,#8104,#8094,$,$);
#8084=IFCCARTESIANPOINTLIST2D(((0.,0.),(0.,150.),(10363.200000000001,150.),(10363.200000000001,0.),(0.,0.)));
#8085=IFCINDEXEDPOLYCURVE(#8084,$,.F.);
#8086=IFCDIRECTION((0.,0.,1.));
#8087=IFCARBITRARYCLOSEDPROFILEDEF(.AREA.,$,#8085);
#8088=IFCCARTESIANPOINT((0.,0.,0.));
#8089=IFCDIRECTION((0.,0.,1.));
#8090=IFCDIRECTION((1.,0.,0.));
#8091=IFCAXIS2PLACEMENT3D(#8088,#8089,#8090);
#8092=IFCEXTRUDEDAREASOLID(#8087,#8091,#8086,3200.4000000000001);
#8093=IFCSHAPEREPRESENTATION(#11,'Body','SweptSolid',(#8092));
#8094=IFCPRODUCTDEFINITIONSHAPE($,$,(#8093));
#8100=IFCCARTESIANPOINT((41148.,39014.400000000001,17068.799999999999));
#8101=IFCDIRECTION((0.,0.,1.));
#8102=IFCDIRECTION((6.123233995736766E-17,1.,0.));
#8103=IFCAXIS2PLACEMENT3D(#8100,#8101,#8102);
#8104=IFCLOCALPLACEMENT($,#8103);
#8105=IFCWALL('1dNuKo4K11VPiHppvFjZu6',$,'L5|TWOBR_A',$,$,#8126,#8116,$,$);
#8106=IFCCARTESIANPOINTLIST2D(((0.,0.),(0.,150.),(10363.200000000001,150.),(10363.200000000001,0.),(0.,0.)));
#8107=IFCINDEXEDPOLYCURVE(#8106,$,.F.);
#8108=IFCDIRECTION((0.,0.,1.));
#8109=IFCARBITRARYCLOSEDPROFILEDEF(.AREA.,$,#8107);
#8110=IFCCARTESIANPOINT((0.,0.,0.));
#8111=IFCDIRECTION((0.,0.,1.));
#8112=IFCDIRECTION((1.,0.,0.));
#8113=IFCAXIS2PLACEMENT3D(#8110,#8111,#8112);
#8114=IFCEXTRUDEDAREASOLID(#8109,#8113,#8108,3200.4000000000001);
#8115=IFCSHAPEREPRESENTATION(#11,'Body','SweptSolid',(#8114));
#8116=IFCPRODUCTDEFINITIONSHAPE($,$,(#8115));
#8122=IFCCARTESIANPOINT((52120.800000000003,39014.400000000001,17068.799999999999));
#8123=IFCDIRECTION((0.,0.,1.));
#8124=IFCDIRECTION((6.123233995736766E-17,1.,0.));
#8125=IFCAXIS2PLACEMENT3D(#8122,#8123,#8124);
#8126=IFCLOCALPLACEMENT($,#8125);
#8127=IFCWALL('1F28LYMhbFGOK_LtFzBOv7',$,'L5|ONEBR_A',$,$,#8148,#8138,$,$);
#8128=IFCCARTESIANPOINTLIST2D(((0.,0.),(0.,150.),(10363.200000000001,150.),(10363.200000000001,0.),(0.,0.)));
#8129=IFCINDEXEDPOLYCURVE(#8128,$,.F.);
#8130=IFCDIRECTION((0.,0.,1.));
#8131=IFCARBITRARYCLOSEDPROFILEDEF(.AREA.,$,#8129);
#8132=IFCCARTESIANPOINT((0.,0.,0.));
#8133=IFCDIRECTION((0.,0.,1.));
#8134=IFCDIRECTION((1.,0.,0.));
#8135=IFCAXIS2PLACEMENT3D(#8132,#8133,#8134);
#8136=IFCEXTRUDEDAREASOLID(#8131,#8135,#8130,3200.4000000000001);
#8137=IFCSHAPEREPRESENTATION(#11,'Body','SweptSolid',(#8136));
#8138=IFCPRODUCTDEFINITIONSHAPE($,$,(#8137));
#8144=IFCCARTESIANPOINT((2133.5999999999999,46939.199999999997,17068.799999999999));
#8145=IFCDIRECTION((0.,0.,1.));
#8146=IFCDIRECTION((1.,0.,0.));
#8147=IFCAXIS2PLACEMENT3D(#8144,#8145,#8146);
#8148=IFCLOCALPLACEMENT($,#8147);
#8149=IFCWALL('3jmbYgCJv6MeNbKACcPJZ5',$,'L5|ONEBR_A',$,$,#8170,#8160,$,$);
#8150=IFCCARTESIANPOINTLIST2D(((0.,0.),(0.,150.),(10363.200000000001,150.),(10363.200000000001,0.),(0.,0.)));
#8151=IFCINDEXEDPOLYCURVE(#8150,$,.F.);
#8152=IFCDIRECTION((0.,0.,1.));
#8153=IFCARBITRARYCLOSEDPROFILEDEF(.AREA.,$,#8151);
#8154=IFCCARTESIANPOINT((0.,0.,0.));
#8155=IFCDIRECTION((0.,0.,1.));
#8156=IFCDIRECTION((1.,0.,0.));
#8157=IFCAXIS2PLACEMENT3D(#8154,#8155,#8156);
#8158=IFCEXTRUDEDAREASOLID(#8153,#8157,#8152,3200.4000000000001);
#8159=IFCSHAPEREPRESENTATION(#11,'Body','SweptSolid',(#8158));
#8160=IFCPRODUCTDEFINITIONSHAPE($,$,(#8159));
#8166=IFCCARTESIANPOINT((2133.5999999999999,56083.200000000004,17068.799999999999));
#8167=IFCDIRECTION((0.,0.,1.));
#8168=IFCDIRECTION((1.,0.,0.));
#8169=IFCAXIS2PLACEMENT3D(#8166,#8167,#8168);
#8170=IFCLOCALPLACEMENT($,#8169);
#8171=IFCWALL('2vbqV1Pp1E3O8ERU1k4BsV',$,'L5|ONEBR_A',$,$,#8192,#8182,$,$);
#8172=IFCCARTESIANPOINTLIST2D(((0.,0.),(0.,150.),(9144.,150.),(9144.,0.),(0.,0.)));
#8173=IFCINDEXEDPOLYCURVE(#8172,$,.F.);
#8174=IFCDIRECTION((0.,0.,1.));
#8175=IFCARBITRARYCLOSEDPROFILEDEF(.AREA.,$,#8173);
#8176=IFCCARTESIANPOINT((0.,0.,0.));
#8177=IFCDIRECTION((0.,0.,1.));
#8178=IFCDIRECTION((1.,0.,0.));
#8179=IFCAXIS2PLACEMENT3D(#8176,#8177,#8178);
#8180=IFCEXTRUDEDAREASOLID(#8175,#8179,#8174,3200.4000000000001);
#8181=IFCSHAPEREPRESENTATION(#11,'Body','SweptSolid',(#8180));
#8182=IFCPRODUCTDEFINITIONSHAPE($,$,(#8181));
#8188=IFCCARTESIANPOINT((2133.5999999999999,46939.199999999997,17068.799999999999));
#8189=IFCDIRECTION((0.,0.,1.));
#8190=IFCDIRECTION((6.123233995736766E-17,1.,0.));
#8191=IFCAXIS2PLACEMENT3D(#8188,#8189,#8190);
#8192=IFCLOCALPLACEMENT($,#8191);
#8193=IFCWALL('2pNIbmvTH0xPXEeTMld2Eb',$,'L5|ONEBR_A',$,$,#8214,#8204,$,$);
#8194=IFCCARTESIANPOINTLIST2D(((0.,0.),(0.,150.),(9144.,150.),(9144.,0.),(0.,0.)));
#8195=IFCINDEXEDPOLYCURVE(#8194,$,.F.);
#8196=IFCDIRECTION((0.,0.,1.));
#8197=IFCARBITRARYCLOSEDPROFILEDEF(.AREA.,$,#8195);
#8198=IFCCARTESIANPOINT((0.,0.,0.));
#8199=IFCDIRECTION((0.,0.,1.));
#8200=IFCDIRECTION((1.,0.,0.));
#8201=IFCAXIS2PLACEMENT3D(#8198,#8199,#8200);
#8202=IFCEXTRUDEDAREASOLID(#8197,#8201,#8196,3200.4000000000001);
#8203=IFCSHAPEREPRESENTATION(#11,'Body','SweptSolid',(#8202));
#8204=IFCPRODUCTDEFINITIONSHAPE($,$,(#8203));
#8210=IFCCARTESIANPOINT((12496.799999999999,46939.199999999997,17068.799999999999));
#8211=IFCDIRECTION((0.,0.,1.));
#8212=IFCDIRECTION((6.123233995736766E-17,1.,0.));
#8213=IFCAXIS2PLACEMENT3D(#8210,#8211,#8212);
#8214=IFCLOCALPLACEMENT($,#8213);
#8215=IFCWALL('3bwI8tafL8D9CakPAyPG30',$,'L6|TWOBR_A',$,$,#8236,#8226,$,$);
#8216=IFCCARTESIANPOINTLIST2D(((0.,0.),(0.,150.),(10972.800000000001,150.),(10972.800000000001,0.),(0.,0.)));
#8217=IFCINDEXEDPOLYCURVE(#8216,$,.F.);
#8218=IFCDIRECTION((0.,0.,1.));
#8219=IFCARBITRARYCLOSEDPROFILEDEF(.AREA.,$,#8217);
#8220=IFCCARTESIANPOINT((0.,0.,0.));
#8221=IFCDIRECTION((0.,0.,1.));
#8222=IFCDIRECTION((1.,0.,0.));
#8223=IFCAXIS2PLACEMENT3D(#8220,#8221,#8222);
#8224=IFCEXTRUDEDAREASOLID(#8219,#8223,#8218,3200.4000000000001);
#8225=IFCSHAPEREPRESENTATION(#11,'Body','SweptSolid',(#8224));
#8226=IFCPRODUCTDEFINITIONSHAPE($,$,(#8225));
#8232=IFCCARTESIANPOINT((1524.,10363.200000000001,20269.200000000001));
#8233=IFCDIRECTION((0.,0.,1.));
#8234=IFCDIRECTION((1.,0.,0.));
#8235=IFCAXIS2PLACEMENT3D(#8232,#8233,#8234);
#8236=IFCLOCALPLACEMENT($,#8235);
#8237=IFCWALL('0ZD8otreP5X8vVBD7aWgfA',$,'L6|TWOBR_A',$,$,#8258,#8248,$,$);
#8238=IFCCARTESIANPOINTLIST2D(((0.,0.),(0.,150.),(10972.800000000001,150.),(10972.800000000001,0.),(0.,0.)));
#8239=IFCINDEXEDPOLYCURVE(#8238,$,.F.);
#8240=IFCDIRECTION((0.,0.,1.));
#8241=IFCARBITRARYCLOSEDPROFILEDEF(.AREA.,$,#8239);
#8242=IFCCARTESIANPOINT((0.,0.,0.));
#8243=IFCDIRECTION((0.,0.,1.));
#8244=IFCDIRECTION((1.,0.,0.));
#8245=IFCAXIS2PLACEMENT3D(#8242,#8243,#8244);
#8246=IFCEXTRUDEDAREASOLID(#8241,#8245,#8240,3200.4000000000001);
#8247=IFCSHAPEREPRESENTATION(#11,'Body','SweptSolid',(#8246));
#8248=IFCPRODUCTDEFINITIONSHAPE($,$,(#8247));
#8254=IFCCARTESIANPOINT((1524.,20726.400000000001,20269.200000000001));
#8255=IFCDIRECTION((0.,0.,1.));
#8256=IFCDIRECTION((1.,0.,0.));
#8257=IFCAXIS2PLACEMENT3D(#8254,#8255,#8256);
#8258=IFCLOCALPLACEMENT($,#8257);
#8259=IFCWALL('01d9yrwPfAnPFUhhOOp0YH',$,'L6|TWOBR_A',$,$,#8280,#8270,$,$);
#8260=IFCCARTESIANPOINTLIST2D(((0.,0.),(0.,150.),(10363.200000000001,150.),(10363.200000000001,0.),(0.,0.)));
#8261=IFCINDEXEDPOLYCURVE(#8260,$,.F.);
#8262=IFCDIRECTION((0.,0.,1.));
#8263=IFCARBITRARYCLOSEDPROFILEDEF(.AREA.,$,#8261);
#8264=IFCCARTESIANPOINT((0.,0.,0.));
#8265=IFCDIRECTION((0.,0.,1.));
#8266=IFCDIRECTION((1.,0.,0.));
#8267=IFCAXIS2PLACEMENT3D(#8264,#8265,#8266);
#8268=IFCEXTRUDEDAREASOLID(#8263,#8267,#8262,3200.4000000000001);
#8269=IFCSHAPEREPRESENTATION(#11,'Body','SweptSolid',(#8268));
#8270=IFCPRODUCTDEFINITIONSHAPE($,$,(#8269));
#8276=IFCCARTESIANPOINT((1524.,10363.200000000001,20269.200000000001));
#8277=IFCDIRECTION((0.,0.,1.));
#8278=IFCDIRECTION((6.123233995736766E-17,1.,0.));
#8279=IFCAXIS2PLACEMENT3D(#8276,#8277,#8278);
#8280=IFCLOCALPLACEMENT($,#8279);
#8281=IFCWALL('3VC_iXt_TDX8J1pXa$BC3D',$,'L6|TWOBR_A',$,$,#8302,#8292,$,$);
#8282=IFCCARTESIANPOINTLIST2D(((0.,0.),(0.,150.),(10363.200000000001,150.),(10363.200000000001,0.),(0.,0.)));
#8283=IFCINDEXEDPOLYCURVE(#8282,$,.F.);
#8284=IFCDIRECTION((0.,0.,1.));
#8285=IFCARBITRARYCLOSEDPROFILEDEF(.AREA.,$,#8283);
#8286=IFCCARTESIANPOINT((0.,0.,0.));
#8287=IFCDIRECTION((0.,0.,1.));
#8288=IFCDIRECTION((1.,0.,0.));
#8289=IFCAXIS2PLACEMENT3D(#8286,#8287,#8288);
#8290=IFCEXTRUDEDAREASOLID(#8285,#8289,#8284,3200.4000000000001);
#8291=IFCSHAPEREPRESENTATION(#11,'Body','SweptSolid',(#8290));
#8292=IFCPRODUCTDEFINITIONSHAPE($,$,(#8291));
#8298=IFCCARTESIANPOINT((12496.799999999999,10363.200000000001,20269.200000000001));
#8299=IFCDIRECTION((0.,0.,1.));
#8300=IFCDIRECTION((6.123233995736766E-17,1.,0.));
#8301=IFCAXIS2PLACEMENT3D(#8298,#8299,#8300);
#8302=IFCLOCALPLACEMENT($,#8301);
#8303=IFCWALL('1LBlj7vXH9ZuSItewt$pKZ',$,'L6|STUDIO_A',$,$,#8324,#8314,$,$);
#8304=IFCCARTESIANPOINTLIST2D(((0.,0.),(0.,150.),(9753.6000000000004,150.),(9753.6000000000004,0.),(0.,0.)));
#8305=IFCINDEXEDPOLYCURVE(#8304,$,.F.);
#8306=IFCDIRECTION((0.,0.,1.));
#8307=IFCARBITRARYCLOSEDPROFILEDEF(.AREA.,$,#8305);
#8308=IFCCARTESIANPOINT((0.,0.,0.));
#8309=IFCDIRECTION((0.,0.,1.));
#8310=IFCDIRECTION((1.,0.,0.));
#8311=IFCAXIS2PLACEMENT3D(#8308,#8309,#8310);
#8312=IFCEXTRUDEDAREASOLID(#8307,#8311,#8306,3200.4000000000001);
#8313=IFCSHAPEREPRESENTATION(#11,'Body','SweptSolid',(#8312));
#8314=IFCPRODUCTDEFINITIONSHAPE($,$,(#8313));
#8320=IFCCARTESIANPOINT((14325.6,10363.200000000001,20269.200000000001));
#8321=IFCDIRECTION((0.,0.,1.));
#8322=IFCDIRECTION((1.,0.,0.));
#8323=IFCAXIS2PLACEMENT3D(#8320,#8321,#8322);
#8324=IFCLOCALPLACEMENT($,#8323);
#8325=IFCWALL('2PcltaBqz8wviE5B2bcHs7',$,'L6|STUDIO_A',$,$,#8346,#8336,$,$);
#8326=IFCCARTESIANPOINTLIST2D(((0.,0.),(0.,150.),(9753.6000000000004,150.),(9753.6000000000004,0.),(0.,0.)));
#8327=IFCINDEXEDPOLYCURVE(#8326,$,.F.);
#8328=IFCDIRECTION((0.,0.,1.));
#8329=IFCARBITRARYCLOSEDPROFILEDEF(.AREA.,$,#8327);
#8330=IFCCARTESIANPOINT((0.,0.,0.));
#8331=IFCDIRECTION((0.,0.,1.));
#8332=IFCDIRECTION((1.,0.,0.));
#8333=IFCAXIS2PLACEMENT3D(#8330,#8331,#8332);
#8334=IFCEXTRUDEDAREASOLID(#8329,#8333,#8328,3200.4000000000001);
#8335=IFCSHAPEREPRESENTATION(#11,'Body','SweptSolid',(#8334));
#8336=IFCPRODUCTDEFINITIONSHAPE($,$,(#8335));
#8342=IFCCARTESIANPOINT((14325.6,18288.,20269.200000000001));
#8343=IFCDIRECTION((0.,0.,1.));
#8344=IFCDIRECTION((1.,0.,0.));
#8345=IFCAXIS2PLACEMENT3D(#8342,#8343,#8344);
#8346=IFCLOCALPLACEMENT($,#8345);
#8347=IFCWALL('3odXVBubn1t8sFyDK5d7Um',$,'L6|STUDIO_A',$,$,#8368,#8358,$,$);
#8348=IFCCARTESIANPOINTLIST2D(((0.,0.),(0.,150.),(7924.8000000000002,150.),(7924.8000000000002,0.),(0.,0.)));
#8349=IFCINDEXEDPOLYCURVE(#8348,$,.F.);
#8350=IFCDIRECTION((0.,0.,1.));
#8351=IFCARBITRARYCLOSEDPROFILEDEF(.AREA.,$,#8349);
#8352=IFCCARTESIANPOINT((0.,0.,0.));
#8353=IFCDIRECTION((0.,0.,1.));
#8354=IFCDIRECTION((1.,0.,0.));
#8355=IFCAXIS2PLACEMENT3D(#8352,#8353,#8354);
#8356=IFCEXTRUDEDAREASOLID(#8351,#8355,#8350,3200.4000000000001);
#8357=IFCSHAPEREPRESENTATION(#11,'Body','SweptSolid',(#8356));
#8358=IFCPRODUCTDEFINITIONSHAPE($,$,(#8357));
#8364=IFCCARTESIANPOINT((14325.6,10363.200000000001,20269.200000000001));
#8365=IFCDIRECTION((0.,0.,1.));
#8366=IFCDIRECTION((6.123233995736766E-17,1.,0.));
#8367=IFCAXIS2PLACEMENT3D(#8364,#8365,#8366);
#8368=IFCLOCALPLACEMENT($,#8367);
#8369=IFCWALL('24O6SookT2kxVFSSE3BH2L',$,'L6|STUDIO_A',$,$,#8390,#8380,$,$);
#8370=IFCCARTESIANPOINTLIST2D(((0.,0.),(0.,150.),(7924.8000000000002,150.),(7924.8000000000002,0.),(0.,0.)));
#8371=IFCINDEXEDPOLYCURVE(#8370,$,.F.);
#8372=IFCDIRECTION((0.,0.,1.));
#8373=IFCARBITRARYCLOSEDPROFILEDEF(.AREA.,$,#8371);
#8374=IFCCARTESIANPOINT((0.,0.,0.));
#8375=IFCDIRECTION((0.,0.,1.));
#8376=IFCDIRECTION((1.,0.,0.));
#8377=IFCAXIS2PLACEMENT3D(#8374,#8375,#8376);
#8378=IFCEXTRUDEDAREASOLID(#8373,#8377,#8372,3200.4000000000001);
#8379=IFCSHAPEREPRESENTATION(#11,'Body','SweptSolid',(#8378));
#8380=IFCPRODUCTDEFINITIONSHAPE($,$,(#8379));
#8386=IFCCARTESIANPOINT((24079.200000000001,10363.200000000001,20269.200000000001));
#8387=IFCDIRECTION((0.,0.,1.));
#8388=IFCDIRECTION((6.123233995736766E-17,1.,0.));
#8389=IFCAXIS2PLACEMENT3D(#8386,#8387,#8388);
#8390=IFCLOCALPLACEMENT($,#8389);
#8391=IFCWALL('0QsrvM1kT1GAD6hvBT1mjw',$,'L6|ONEBR_A',$,$,#8412,#8402,$,$);
#8392=IFCCARTESIANPOINTLIST2D(((0.,0.),(0.,150.),(10363.200000000001,150.),(10363.200000000001,0.),(0.,0.)));
#8393=IFCINDEXEDPOLYCURVE(#8392,$,.F.);
#8394=IFCDIRECTION((0.,0.,1.));
#8395=IFCARBITRARYCLOSEDPROFILEDEF(.AREA.,$,#8393);
#8396=IFCCARTESIANPOINT((0.,0.,0.));
#8397=IFCDIRECTION((0.,0.,1.));
#8398=IFCDIRECTION((1.,0.,0.));
#8399=IFCAXIS2PLACEMENT3D(#8396,#8397,#8398);
#8400=IFCEXTRUDEDAREASOLID(#8395,#8399,#8394,3200.4000000000001);
#8401=IFCSHAPEREPRESENTATION(#11,'Body','SweptSolid',(#8400));
#8402=IFCPRODUCTDEFINITIONSHAPE($,$,(#8401));
#8408=IFCCARTESIANPOINT((28956.000000000004,10363.200000000001,20269.200000000001));
#8409=IFCDIRECTION((0.,0.,1.));
#8410=IFCDIRECTION((1.,0.,0.));
#8411=IFCAXIS2PLACEMENT3D(#8408,#8409,#8410);
#8412=IFCLOCALPLACEMENT($,#8411);
#8413=IFCWALL('0EoVO56iv0lABHOSxEtQW0',$,'L6|ONEBR_A',$,$,#8434,#8424,$,$);
#8414=IFCCARTESIANPOINTLIST2D(((0.,0.),(0.,150.),(10363.200000000001,150.),(10363.200000000001,0.),(0.,0.)));
#8415=IFCINDEXEDPOLYCURVE(#8414,$,.F.);
#8416=IFCDIRECTION((0.,0.,1.));
#8417=IFCARBITRARYCLOSEDPROFILEDEF(.AREA.,$,#8415);
#8418=IFCCARTESIANPOINT((0.,0.,0.));
#8419=IFCDIRECTION((0.,0.,1.));
#8420=IFCDIRECTION((1.,0.,0.));
#8421=IFCAXIS2PLACEMENT3D(#8418,#8419,#8420);
#8422=IFCEXTRUDEDAREASOLID(#8417,#8421,#8416,3200.4000000000001);
#8423=IFCSHAPEREPRESENTATION(#11,'Body','SweptSolid',(#8422));
#8424=IFCPRODUCTDEFINITIONSHAPE($,$,(#8423));
#8430=IFCCARTESIANPOINT((28956.000000000004,19507.200000000001,20269.200000000001));
#8431=IFCDIRECTION((0.,0.,1.));
#8432=IFCDIRECTION((1.,0.,0.));
#8433=IFCAXIS2PLACEMENT3D(#8430,#8431,#8432);
#8434=IFCLOCALPLACEMENT($,#8433);
#8435=IFCWALL('2no2LW8tX2k9djr1GlrpIQ',$,'L6|ONEBR_A',$,$,#8456,#8446,$,$);
#8436=IFCCARTESIANPOINTLIST2D(((0.,0.),(0.,150.),(9144.,150.),(9144.,0.),(0.,0.)));
#8437=IFCINDEXEDPOLYCURVE(#8436,$,.F.);
#8438=IFCDIRECTION((0.,0.,1.));
#8439=IFCARBITRARYCLOSEDPROFILEDEF(.AREA.,$,#8437);
#8440=IFCCARTESIANPOINT((0.,0.,0.));
#8441=IFCDIRECTION((0.,0.,1.));
#8442=IFCDIRECTION((1.,0.,0.));
#8443=IFCAXIS2PLACEMENT3D(#8440,#8441,#8442);
#8444=IFCEXTRUDEDAREASOLID(#8439,#8443,#8438,3200.4000000000001);
#8445=IFCSHAPEREPRESENTATION(#11,'Body','SweptSolid',(#8444));
#8446=IFCPRODUCTDEFINITIONSHAPE($,$,(#8445));
#8452=IFCCARTESIANPOINT((28956.000000000004,10363.200000000001,20269.200000000001));
#8453=IFCDIRECTION((0.,0.,1.));
#8454=IFCDIRECTION((6.123233995736766E-17,1.,0.));
#8455=IFCAXIS2PLACEMENT3D(#8452,#8453,#8454);
#8456=IFCLOCALPLACEMENT($,#8455);
#8457=IFCWALL('1mf_Br6W95iRkBBnqNsLgC',$,'L6|ONEBR_A',$,$,#8478,#8468,$,$);
#8458=IFCCARTESIANPOINTLIST2D(((0.,0.),(0.,150.),(9144.,150.),(9144.,0.),(0.,0.)));
#8459=IFCINDEXEDPOLYCURVE(#8458,$,.F.);
#8460=IFCDIRECTION((0.,0.,1.));
#8461=IFCARBITRARYCLOSEDPROFILEDEF(.AREA.,$,#8459);
#8462=IFCCARTESIANPOINT((0.,0.,0.));
#8463=IFCDIRECTION((0.,0.,1.));
#8464=IFCDIRECTION((1.,0.,0.));
#8465=IFCAXIS2PLACEMENT3D(#8462,#8463,#8464);
#8466=IFCEXTRUDEDAREASOLID(#8461,#8465,#8460,3200.4000000000001);
#8467=IFCSHAPEREPRESENTATION(#11,'Body','SweptSolid',(#8466));
#8468=IFCPRODUCTDEFINITIONSHAPE($,$,(#8467));
#8474=IFCCARTESIANPOINT((39319.200000000004,10363.200000000001,20269.200000000001));
#8475=IFCDIRECTION((0.,0.,1.));
#8476=IFCDIRECTION((6.123233995736766E-17,1.,0.));
#8477=IFCAXIS2PLACEMENT3D(#8474,#8475,#8476);
#8478=IFCLOCALPLACEMENT($,#8477);
#8479=IFCWALL('1axX0uHRPFfBuyxvZQyvDv',$,'L6|ONEBR_A',$,$,#8500,#8490,$,$);
#8480=IFCCARTESIANPOINTLIST2D(((0.,0.),(0.,150.),(10363.200000000001,150.),(10363.200000000001,0.),(0.,0.)));
#8481=IFCINDEXEDPOLYCURVE(#8480,$,.F.);
#8482=IFCDIRECTION((0.,0.,1.));
#8483=IFCARBITRARYCLOSEDPROFILEDEF(.AREA.,$,#8481);
#8484=IFCCARTESIANPOINT((0.,0.,0.));
#8485=IFCDIRECTION((0.,0.,1.));
#8486=IFCDIRECTION((1.,0.,0.));
#8487=IFCAXIS2PLACEMENT3D(#8484,#8485,#8486);
#8488=IFCEXTRUDEDAREASOLID(#8483,#8487,#8482,3200.4000000000001);
#8489=IFCSHAPEREPRESENTATION(#11,'Body','SweptSolid',(#8488));
#8490=IFCPRODUCTDEFINITIONSHAPE($,$,(#8489));
#8496=IFCCARTESIANPOINT((41148.,10363.200000000001,20269.200000000001));
#8497=IFCDIRECTION((0.,0.,1.));
#8498=IFCDIRECTION((1.,0.,0.));
#8499=IFCAXIS2PLACEMENT3D(#8496,#8497,#8498);
#8500=IFCLOCALPLACEMENT($,#8499);
#8501=IFCWALL('0BwdVEczjDAPY1DPE8Xj0j',$,'L6|ONEBR_A',$,$,#8522,#8512,$,$);
#8502=IFCCARTESIANPOINTLIST2D(((0.,0.),(0.,150.),(10363.200000000001,150.),(10363.200000000001,0.),(0.,0.)));
#8503=IFCINDEXEDPOLYCURVE(#8502,$,.F.);
#8504=IFCDIRECTION((0.,0.,1.));
#8505=IFCARBITRARYCLOSEDPROFILEDEF(.AREA.,$,#8503);
#8506=IFCCARTESIANPOINT((0.,0.,0.));
#8507=IFCDIRECTION((0.,0.,1.));
#8508=IFCDIRECTION((1.,0.,0.));
#8509=IFCAXIS2PLACEMENT3D(#8506,#8507,#8508);
#8510=IFCEXTRUDEDAREASOLID(#8505,#8509,#8504,3200.4000000000001);
#8511=IFCSHAPEREPRESENTATION(#11,'Body','SweptSolid',(#8510));
#8512=IFCPRODUCTDEFINITIONSHAPE($,$,(#8511));
#8518=IFCCARTESIANPOINT((41148.,19507.200000000001,20269.200000000001));
#8519=IFCDIRECTION((0.,0.,1.));
#8520=IFCDIRECTION((1.,0.,0.));
#8521=IFCAXIS2PLACEMENT3D(#8518,#8519,#8520);
#8522=IFCLOCALPLACEMENT($,#8521);
#8523=IFCWALL('29lh6dIH15J8DHbQtPb21$',$,'L6|ONEBR_A',$,$,#8544,#8534,$,$);
#8524=IFCCARTESIANPOINTLIST2D(((0.,0.),(0.,150.),(9144.,150.),(9144.,0.),(0.,0.)));
#8525=IFCINDEXEDPOLYCURVE(#8524,$,.F.);
#8526=IFCDIRECTION((0.,0.,1.));
#8527=IFCARBITRARYCLOSEDPROFILEDEF(.AREA.,$,#8525);
#8528=IFCCARTESIANPOINT((0.,0.,0.));
#8529=IFCDIRECTION((0.,0.,1.));
#8530=IFCDIRECTION((1.,0.,0.));
#8531=IFCAXIS2PLACEMENT3D(#8528,#8529,#8530);
#8532=IFCEXTRUDEDAREASOLID(#8527,#8531,#8526,3200.4000000000001);
#8533=IFCSHAPEREPRESENTATION(#11,'Body','SweptSolid',(#8532));
#8534=IFCPRODUCTDEFINITIONSHAPE($,$,(#8533));
#8540=IFCCARTESIANPOINT((41148.,10363.200000000001,20269.200000000001));
#8541=IFCDIRECTION((0.,0.,1.));
#8542=IFCDIRECTION((6.123233995736766E-17,1.,0.));
#8543=IFCAXIS2PLACEMENT3D(#8540,#8541,#8542);
#8544=IFCLOCALPLACEMENT($,#8543);
#8545=IFCWALL('0S_k_YSF53RgbfSIc4yNvD',$,'L6|ONEBR_A',$,$,#8566,#8556,$,$);
#8546=IFCCARTESIANPOINTLIST2D(((0.,0.),(0.,150.),(9144.,150.),(9144.,0.),(0.,0.)));
#8547=IFCINDEXEDPOLYCURVE(#8546,$,.F.);
#8548=IFCDIRECTION((0.,0.,1.));
#8549=IFCARBITRARYCLOSEDPROFILEDEF(.AREA.,$,#8547);
#8550=IFCCARTESIANPOINT((0.,0.,0.));
#8551=IFCDIRECTION((0.,0.,1.));
#8552=IFCDIRECTION((1.,0.,0.));
#8553=IFCAXIS2PLACEMENT3D(#8550,#8551,#8552);
#8554=IFCEXTRUDEDAREASOLID(#8549,#8553,#8548,3200.4000000000001);
#8555=IFCSHAPEREPRESENTATION(#11,'Body','SweptSolid',(#8554));
#8556=IFCPRODUCTDEFINITIONSHAPE($,$,(#8555));
#8562=IFCCARTESIANPOINT((51511.200000000004,10363.200000000001,20269.200000000001));
#8563=IFCDIRECTION((0.,0.,1.));
#8564=IFCDIRECTION((6.123233995736766E-17,1.,0.));
#8565=IFCAXIS2PLACEMENT3D(#8562,#8563,#8564);
#8566=IFCLOCALPLACEMENT($,#8565);
#8567=IFCWALL('1ux$$TjGH2r8uRn2eS6aqV',$,'L6|TWOBR_A',$,$,#8588,#8578,$,$);
#8568=IFCCARTESIANPOINTLIST2D(((0.,0.),(0.,150.),(10972.800000000001,150.),(10972.800000000001,0.),(0.,0.)));
#8569=IFCINDEXEDPOLYCURVE(#8568,$,.F.);
#8570=IFCDIRECTION((0.,0.,1.));
#8571=IFCARBITRARYCLOSEDPROFILEDEF(.AREA.,$,#8569);
#8572=IFCCARTESIANPOINT((0.,0.,0.));
#8573=IFCDIRECTION((0.,0.,1.));
#8574=IFCDIRECTION((1.,0.,0.));
#8575=IFCAXIS2PLACEMENT3D(#8572,#8573,#8574);
#8576=IFCEXTRUDEDAREASOLID(#8571,#8575,#8570,3200.4000000000001);
#8577=IFCSHAPEREPRESENTATION(#11,'Body','SweptSolid',(#8576));
#8578=IFCPRODUCTDEFINITIONSHAPE($,$,(#8577));
#8584=IFCCARTESIANPOINT((14325.6,18288.,20269.200000000001));
#8585=IFCDIRECTION((0.,0.,1.));
#8586=IFCDIRECTION((1.,0.,0.));
#8587=IFCAXIS2PLACEMENT3D(#8584,#8585,#8586);
#8588=IFCLOCALPLACEMENT($,#8587);
#8589=IFCWALL('3wtPqUxbH4p8pqJ$94jumd',$,'L6|TWOBR_A',$,$,#8610,#8600,$,$);
#8590=IFCCARTESIANPOINTLIST2D(((0.,0.),(0.,150.),(10972.800000000001,150.),(10972.800000000001,0.),(0.,0.)));
#8591=IFCINDEXEDPOLYCURVE(#8590,$,.F.);
#8592=IFCDIRECTION((0.,0.,1.));
#8593=IFCARBITRARYCLOSEDPROFILEDEF(.AREA.,$,#8591);
#8594=IFCCARTESIANPOINT((0.,0.,0.));
#8595=IFCDIRECTION((0.,0.,1.));
#8596=IFCDIRECTION((1.,0.,0.));
#8597=IFCAXIS2PLACEMENT3D(#8594,#8595,#8596);
#8598=IFCEXTRUDEDAREASOLID(#8593,#8597,#8592,3200.4000000000001);
#8599=IFCSHAPEREPRESENTATION(#11,'Body','SweptSolid',(#8598));
#8600=IFCPRODUCTDEFINITIONSHAPE($,$,(#8599));
#8606=IFCCARTESIANPOINT((14325.6,28651.200000000001,20269.200000000001));
#8607=IFCDIRECTION((0.,0.,1.));
#8608=IFCDIRECTION((1.,0.,0.));
#8609=IFCAXIS2PLACEMENT3D(#8606,#8607,#8608);
#8610=IFCLOCALPLACEMENT($,#8609);
#8611=IFCWALL('37cRoqbxf3PhbBWHo6N67w',$,'L6|TWOBR_A',$,$,#8632,#8622,$,$);
#8612=IFCCARTESIANPOINTLIST2D(((0.,0.),(0.,150.),(10363.200000000001,150.),(10363.200000000001,0.),(0.,0.)));
#8613=IFCINDEXEDPOLYCURVE(#8612,$,.F.);
#8614=IFCDIRECTION((0.,0.,1.));
#8615=IFCARBITRARYCLOSEDPROFILEDEF(.AREA.,$,#8613);
#8616=IFCCARTESIANPOINT((0.,0.,0.));
#8617=IFCDIRECTION((0.,0.,1.));
#8618=IFCDIRECTION((1.,0.,0.));
#8619=IFCAXIS2PLACEMENT3D(#8616,#8617,#8618);
#8620=IFCEXTRUDEDAREASOLID(#8615,#8619,#8614,3200.4000000000001);
#8621=IFCSHAPEREPRESENTATION(#11,'Body','SweptSolid',(#8620));
#8622=IFCPRODUCTDEFINITIONSHAPE($,$,(#8621));
#8628=IFCCARTESIANPOINT((14325.6,18288.,20269.200000000001));
#8629=IFCDIRECTION((0.,0.,1.));
#8630=IFCDIRECTION((6.123233995736766E-17,1.,0.));
#8631=IFCAXIS2PLACEMENT3D(#8628,#8629,#8630);
#8632=IFCLOCALPLACEMENT($,#8631);
#8633=IFCWALL('38KmT1M_T6UuWfh5BXJbT8',$,'L6|TWOBR_A',$,$,#8654,#8644,$,$);
#8634=IFCCARTESIANPOINTLIST2D(((0.,0.),(0.,150.),(10363.200000000001,150.),(10363.200000000001,0.),(0.,0.)));
#8635=IFCINDEXEDPOLYCURVE(#8634,$,.F.);
#8636=IFCDIRECTION((0.,0.,1.));
#8637=IFCARBITRARYCLOSEDPROFILEDEF(.AREA.,$,#8635);
#8638=IFCCARTESIANPOINT((0.,0.,0.));
#8639=IFCDIRECTION((0.,0.,1.));
#8640=IFCDIRECTION((1.,0.,0.));
#8641=IFCAXIS2PLACEMENT3D(#8638,#8639,#8640);
#8642=IFCEXTRUDEDAREASOLID(#8637,#8641,#8636,3200.4000000000001);
#8643=IFCSHAPEREPRESENTATION(#11,'Body','SweptSolid',(#8642));
#8644=IFCPRODUCTDEFINITIONSHAPE($,$,(#8643));
#8650=IFCCARTESIANPOINT((25298.400000000001,18288.,20269.200000000001));
#8651=IFCDIRECTION((0.,0.,1.));
#8652=IFCDIRECTION((6.123233995736766E-17,1.,0.));
#8653=IFCAXIS2PLACEMENT3D(#8650,#8651,#8652);
#8654=IFCLOCALPLACEMENT($,#8653);
#8655=IFCWALL('2SYu8rCJD6qAHNSjOizoCY',$,'L6|STUDIO_A',$,$,#8676,#8666,$,$);
#8656=IFCCARTESIANPOINTLIST2D(((0.,0.),(0.,150.),(9753.6000000000004,150.),(9753.6000000000004,0.),(0.,0.)));
#8657=IFCINDEXEDPOLYCURVE(#8656,$,.F.);
#8658=IFCDIRECTION((0.,0.,1.));
#8659=IFCARBITRARYCLOSEDPROFILEDEF(.AREA.,$,#8657);
#8660=IFCCARTESIANPOINT((0.,0.,0.));
#8661=IFCDIRECTION((0.,0.,1.));
#8662=IFCDIRECTION((1.,0.,0.));
#8663=IFCAXIS2PLACEMENT3D(#8660,#8661,#8662);
#8664=IFCEXTRUDEDAREASOLID(#8659,#8663,#8658,3200.4000000000001);
#8665=IFCSHAPEREPRESENTATION(#11,'Body','SweptSolid',(#8664));
#8666=IFCPRODUCTDEFINITIONSHAPE($,$,(#8665));
#8672=IFCCARTESIANPOINT((29565.599999999999,19507.200000000001,20269.200000000001));
#8673=IFCDIRECTION((0.,0.,1.));
#8674=IFCDIRECTION((1.,0.,0.));
#8675=IFCAXIS2PLACEMENT3D(#8672,#8673,#8674);
#8676=IFCLOCALPLACEMENT($,#8675);
#8677=IFCWALL('0XRJEEmfv0NObYA_ucD0_X',$,'L6|STUDIO_A',$,$,#8698,#8688,$,$);
#8678=IFCCARTESIANPOINTLIST2D(((0.,0.),(0.,150.),(9753.6000000000004,150.),(9753.6000000000004,0.),(0.,0.)));
#8679=IFCINDEXEDPOLYCURVE(#8678,$,.F.);
#8680=IFCDIRECTION((0.,0.,1.));
#8681=IFCARBITRARYCLOSEDPROFILEDEF(.AREA.,$,#8679);
#8682=IFCCARTESIANPOINT((0.,0.,0.));
#8683=IFCDIRECTION((0.,0.,1.));
#8684=IFCDIRECTION((1.,0.,0.));
#8685=IFCAXIS2PLACEMENT3D(#8682,#8683,#8684);
#8686=IFCEXTRUDEDAREASOLID(#8681,#8685,#8680,3200.4000000000001);
#8687=IFCSHAPEREPRESENTATION(#11,'Body','SweptSolid',(#8686));
#8688=IFCPRODUCTDEFINITIONSHAPE($,$,(#8687));
#8694=IFCCARTESIANPOINT((29565.599999999999,27432.,20269.200000000001));
#8695=IFCDIRECTION((0.,0.,1.));
#8696=IFCDIRECTION((1.,0.,0.));
#8697=IFCAXIS2PLACEMENT3D(#8694,#8695,#8696);
#8698=IFCLOCALPLACEMENT($,#8697);
#8699=IFCWALL('12ChSjG190wfMSmDDhrhWD',$,'L6|STUDIO_A',$,$,#8720,#8710,$,$);
#8700=IFCCARTESIANPOINTLIST2D(((0.,0.),(0.,150.),(7924.8000000000002,150.),(7924.8000000000002,0.),(0.,0.)));
#8701=IFCINDEXEDPOLYCURVE(#8700,$,.F.);
#8702=IFCDIRECTION((0.,0.,1.));
#8703=IFCARBITRARYCLOSEDPROFILEDEF(.AREA.,$,#8701);
#8704=IFCCARTESIANPOINT((0.,0.,0.));
#8705=IFCDIRECTION((0.,0.,1.));
#8706=IFCDIRECTION((1.,0.,0.));
#8707=IFCAXIS2PLACEMENT3D(#8704,#8705,#8706);
#8708=IFCEXTRUDEDAREASOLID(#8703,#8707,#8702,3200.4000000000001);
#8709=IFCSHAPEREPRESENTATION(#11,'Body','SweptSolid',(#8708));
#8710=IFCPRODUCTDEFINITIONSHAPE($,$,(#8709));
#8716=IFCCARTESIANPOINT((29565.599999999999,19507.200000000001,20269.200000000001));
#8717=IFCDIRECTION((0.,0.,1.));
#8718=IFCDIRECTION((6.123233995736766E-17,1.,0.));
#8719=IFCAXIS2PLACEMENT3D(#8716,#8717,#8718);
#8720=IFCLOCALPLACEMENT($,#8719);
#8721=IFCWALL('12cVnNaFb5nAbXXJcZcgf1',$,'L6|STUDIO_A',$,$,#8742,#8732,$,$);
#8722=IFCCARTESIANPOINTLIST2D(((0.,0.),(0.,150.),(7924.8000000000002,150.),(7924.8000000000002,0.),(0.,0.)));
#8723=IFCINDEXEDPOLYCURVE(#8722,$,.F.);
#8724=IFCDIRECTION((0.,0.,1.));
#8725=IFCARBITRARYCLOSEDPROFILEDEF(.AREA.,$,#8723);
#8726=IFCCARTESIANPOINT((0.,0.,0.));
#8727=IFCDIRECTION((0.,0.,1.));
#8728=IFCDIRECTION((1.,0.,0.));
#8729=IFCAXIS2PLACEMENT3D(#8726,#8727,#8728);
#8730=IFCEXTRUDEDAREASOLID(#8725,#8729,#8724,3200.4000000000001);
#8731=IFCSHAPEREPRESENTATION(#11,'Body','SweptSolid',(#8730));
#8732=IFCPRODUCTDEFINITIONSHAPE($,$,(#8731));
#8738=IFCCARTESIANPOINT((39319.200000000004,19507.200000000001,20269.200000000001));
#8739=IFCDIRECTION((0.,0.,1.));
#8740=IFCDIRECTION((6.123233995736766E-17,1.,0.));
#8741=IFCAXIS2PLACEMENT3D(#8738,#8739,#8740);
#8742=IFCLOCALPLACEMENT($,#8741);
#8743=IFCWALL('2Tpn3AXZbFj9hFpr$HDEc4',$,'L6|ONEBR_A',$,$,#8764,#8754,$,$);
#8744=IFCCARTESIANPOINTLIST2D(((0.,0.),(0.,150.),(10363.200000000001,150.),(10363.200000000001,0.),(0.,0.)));
#8745=IFCINDEXEDPOLYCURVE(#8744,$,.F.);
#8746=IFCDIRECTION((0.,0.,1.));
#8747=IFCARBITRARYCLOSEDPROFILEDEF(.AREA.,$,#8745);
#8748=IFCCARTESIANPOINT((0.,0.,0.));
#8749=IFCDIRECTION((0.,0.,1.));
#8750=IFCDIRECTION((1.,0.,0.));
#8751=IFCAXIS2PLACEMENT3D(#8748,#8749,#8750);
#8752=IFCEXTRUDEDAREASOLID(#8747,#8751,#8746,3200.4000000000001);
#8753=IFCSHAPEREPRESENTATION(#11,'Body','SweptSolid',(#8752));
#8754=IFCPRODUCTDEFINITIONSHAPE($,$,(#8753));
#8760=IFCCARTESIANPOINT((41148.,19507.200000000001,20269.200000000001));
#8761=IFCDIRECTION((0.,0.,1.));
#8762=IFCDIRECTION((1.,0.,0.));
#8763=IFCAXIS2PLACEMENT3D(#8760,#8761,#8762);
#8764=IFCLOCALPLACEMENT($,#8763);
#8765=IFCWALL('3lbxfR8PL9wOcE6tX6Kffr',$,'L6|ONEBR_A',$,$,#8786,#8776,$,$);
#8766=IFCCARTESIANPOINTLIST2D(((0.,0.),(0.,150.),(10363.200000000001,150.),(10363.200000000001,0.),(0.,0.)));
#8767=IFCINDEXEDPOLYCURVE(#8766,$,.F.);
#8768=IFCDIRECTION((0.,0.,1.));
#8769=IFCARBITRARYCLOSEDPROFILEDEF(.AREA.,$,#8767);
#8770=IFCCARTESIANPOINT((0.,0.,0.));
#8771=IFCDIRECTION((0.,0.,1.));
#8772=IFCDIRECTION((1.,0.,0.));
#8773=IFCAXIS2PLACEMENT3D(#8770,#8771,#8772);
#8774=IFCEXTRUDEDAREASOLID(#8769,#8773,#8768,3200.4000000000001);
#8775=IFCSHAPEREPRESENTATION(#11,'Body','SweptSolid',(#8774));
#8776=IFCPRODUCTDEFINITIONSHAPE($,$,(#8775));
#8782=IFCCARTESIANPOINT((41148.,28651.200000000001,20269.200000000001));
#8783=IFCDIRECTION((0.,0.,1.));
#8784=IFCDIRECTION((1.,0.,0.));
#8785=IFCAXIS2PLACEMENT3D(#8782,#8783,#8784);
#8786=IFCLOCALPLACEMENT($,#8785);
#8787=IFCWALL('3sTRMW3ETAG88GLssfysPj',$,'L6|ONEBR_A',$,$,#8808,#8798,$,$);
#8788=IFCCARTESIANPOINTLIST2D(((0.,0.),(0.,150.),(9144.,150.),(9144.,0.),(0.,0.)));
#8789=IFCINDEXEDPOLYCURVE(#8788,$,.F.);
#8790=IFCDIRECTION((0.,0.,1.));
#8791=IFCARBITRARYCLOSEDPROFILEDEF(.AREA.,$,#8789);
#8792=IFCCARTESIANPOINT((0.,0.,0.));
#8793=IFCDIRECTION((0.,0.,1.));
#8794=IFCDIRECTION((1.,0.,0.));
#8795=IFCAXIS2PLACEMENT3D(#8792,#8793,#8794);
#8796=IFCEXTRUDEDAREASOLID(#8791,#8795,#8790,3200.4000000000001);
#8797=IFCSHAPEREPRESENTATION(#11,'Body','SweptSolid',(#8796));
#8798=IFCPRODUCTDEFINITIONSHAPE($,$,(#8797));
#8804=IFCCARTESIANPOINT((41148.,19507.200000000001,20269.200000000001));
#8805=IFCDIRECTION((0.,0.,1.));
#8806=IFCDIRECTION((6.123233995736766E-17,1.,0.));
#8807=IFCAXIS2PLACEMENT3D(#8804,#8805,#8806);
#8808=IFCLOCALPLACEMENT($,#8807);
#8809=IFCWALL('0dZdFb9xr0MxrkvysRaywb',$,'L6|ONEBR_A',$,$,#8830,#8820,$,$);
#8810=IFCCARTESIANPOINTLIST2D(((0.,0.),(0.,150.),(9144.,150.),(9144.,0.),(0.,0.)));
#8811=IFCINDEXEDPOLYCURVE(#8810,$,.F.);
#8812=IFCDIRECTION((0.,0.,1.));
#8813=IFCARBITRARYCLOSEDPROFILEDEF(.AREA.,$,#8811);
#8814=IFCCARTESIANPOINT((0.,0.,0.));
#8815=IFCDIRECTION((0.,0.,1.));
#8816=IFCDIRECTION((1.,0.,0.));
#8817=IFCAXIS2PLACEMENT3D(#8814,#8815,#8816);
#8818=IFCEXTRUDEDAREASOLID(#8813,#8817,#8812,3200.4000000000001);
#8819=IFCSHAPEREPRESENTATION(#11,'Body','SweptSolid',(#8818));
#8820=IFCPRODUCTDEFINITIONSHAPE($,$,(#8819));
#8826=IFCCARTESIANPOINT((51511.200000000004,19507.200000000001,20269.200000000001));
#8827=IFCDIRECTION((0.,0.,1.));
#8828=IFCDIRECTION((6.123233995736766E-17,1.,0.));
#8829=IFCAXIS2PLACEMENT3D(#8826,#8827,#8828);
#8830=IFCLOCALPLACEMENT($,#8829);
#8831=IFCWALL('0usOE87VP8VfmMn49XLSx5',$,'L6|TWOBR_A',$,$,#8852,#8842,$,$);
#8832=IFCCARTESIANPOINTLIST2D(((0.,0.),(0.,150.),(10972.800000000001,150.),(10972.800000000001,0.),(0.,0.)));
#8833=IFCINDEXEDPOLYCURVE(#8832,$,.F.);
#8834=IFCDIRECTION((0.,0.,1.));
#8835=IFCARBITRARYCLOSEDPROFILEDEF(.AREA.,$,#8833);
#8836=IFCCARTESIANPOINT((0.,0.,0.));
#8837=IFCDIRECTION((0.,0.,1.));
#8838=IFCDIRECTION((1.,0.,0.));
#8839=IFCAXIS2PLACEMENT3D(#8836,#8837,#8838);
#8840=IFCEXTRUDEDAREASOLID(#8835,#8839,#8834,3200.4000000000001);
#8841=IFCSHAPEREPRESENTATION(#11,'Body','SweptSolid',(#8840));
#8842=IFCPRODUCTDEFINITIONSHAPE($,$,(#8841));
#8848=IFCCARTESIANPOINT((1524.,20726.400000000001,20269.200000000001));
#8849=IFCDIRECTION((0.,0.,1.));
#8850=IFCDIRECTION((1.,0.,0.));
#8851=IFCAXIS2PLACEMENT3D(#8848,#8849,#8850);
#8852=IFCLOCALPLACEMENT($,#8851);
#8853=IFCWALL('3oZLL_ZYL7AhMjVr8F4Vkv',$,'L6|TWOBR_A',$,$,#8874,#8864,$,$);
#8854=IFCCARTESIANPOINTLIST2D(((0.,0.),(0.,150.),(10972.800000000001,150.),(10972.800000000001,0.),(0.,0.)));
#8855=IFCINDEXEDPOLYCURVE(#8854,$,.F.);
#8856=IFCDIRECTION((0.,0.,1.));
#8857=IFCARBITRARYCLOSEDPROFILEDEF(.AREA.,$,#8855);
#8858=IFCCARTESIANPOINT((0.,0.,0.));
#8859=IFCDIRECTION((0.,0.,1.));
#8860=IFCDIRECTION((1.,0.,0.));
#8861=IFCAXIS2PLACEMENT3D(#8858,#8859,#8860);
#8862=IFCEXTRUDEDAREASOLID(#8857,#8861,#8856,3200.4000000000001);
#8863=IFCSHAPEREPRESENTATION(#11,'Body','SweptSolid',(#8862));
#8864=IFCPRODUCTDEFINITIONSHAPE($,$,(#8863));
#8870=IFCCARTESIANPOINT((1524.,31089.599999999999,20269.200000000001));
#8871=IFCDIRECTION((0.,0.,1.));
#8872=IFCDIRECTION((1.,0.,0.));
#8873=IFCAXIS2PLACEMENT3D(#8870,#8871,#8872);
#8874=IFCLOCALPLACEMENT($,#8873);
#8875=IFCWALL('1O_uSYsm13e8kagJGUNLg6',$,'L6|TWOBR_A',$,$,#8896,#8886,$,$);
#8876=IFCCARTESIANPOINTLIST2D(((0.,0.),(0.,150.),(10363.200000000001,150.),(10363.200000000001,0.),(0.,0.)));
#8877=IFCINDEXEDPOLYCURVE(#8876,$,.F.);
#8878=IFCDIRECTION((0.,0.,1.));
#8879=IFCARBITRARYCLOSEDPROFILEDEF(.AREA.,$,#8877);
#8880=IFCCARTESIANPOINT((0.,0.,0.));
#8881=IFCDIRECTION((0.,0.,1.));
#8882=IFCDIRECTION((1.,0.,0.));
#8883=IFCAXIS2PLACEMENT3D(#8880,#8881,#8882);
#8884=IFCEXTRUDEDAREASOLID(#8879,#8883,#8878,3200.4000000000001);
#8885=IFCSHAPEREPRESENTATION(#11,'Body','SweptSolid',(#8884));
#8886=IFCPRODUCTDEFINITIONSHAPE($,$,(#8885));
#8892=IFCCARTESIANPOINT((1524.,20726.400000000001,20269.200000000001));
#8893=IFCDIRECTION((0.,0.,1.));
#8894=IFCDIRECTION((6.123233995736766E-17,1.,0.));
#8895=IFCAXIS2PLACEMENT3D(#8892,#8893,#8894);
#8896=IFCLOCALPLACEMENT($,#8895);
#8897=IFCWALL('2K914wvMPDYeF0_90PwCu8',$,'L6|TWOBR_A',$,$,#8918,#8908,$,$);
#8898=IFCCARTESIANPOINTLIST2D(((0.,0.),(0.,150.),(10363.200000000001,150.),(10363.200000000001,0.),(0.,0.)));
#8899=IFCINDEXEDPOLYCURVE(#8898,$,.F.);
#8900=IFCDIRECTION((0.,0.,1.));
#8901=IFCARBITRARYCLOSEDPROFILEDEF(.AREA.,$,#8899);
#8902=IFCCARTESIANPOINT((0.,0.,0.));
#8903=IFCDIRECTION((0.,0.,1.));
#8904=IFCDIRECTION((1.,0.,0.));
#8905=IFCAXIS2PLACEMENT3D(#8902,#8903,#8904);
#8906=IFCEXTRUDEDAREASOLID(#8901,#8905,#8900,3200.4000000000001);
#8907=IFCSHAPEREPRESENTATION(#11,'Body','SweptSolid',(#8906));
#8908=IFCPRODUCTDEFINITIONSHAPE($,$,(#8907));
#8914=IFCCARTESIANPOINT((12496.799999999999,20726.400000000001,20269.200000000001));
#8915=IFCDIRECTION((0.,0.,1.));
#8916=IFCDIRECTION((6.123233995736766E-17,1.,0.));
#8917=IFCAXIS2PLACEMENT3D(#8914,#8915,#8916);
#8918=IFCLOCALPLACEMENT($,#8917);
#8919=IFCWALL('324w7Fx3HCEAvM2SGnABhG',$,'L6|ONEBR_A',$,$,#8940,#8930,$,$);
#8920=IFCCARTESIANPOINTLIST2D(((0.,0.),(0.,150.),(10363.200000000001,150.),(10363.200000000001,0.),(0.,0.)));
#8921=IFCINDEXEDPOLYCURVE(#8920,$,.F.);
#8922=IFCDIRECTION((0.,0.,1.));
#8923=IFCARBITRARYCLOSEDPROFILEDEF(.AREA.,$,#8921);
#8924=IFCCARTESIANPOINT((0.,0.,0.));
#8925=IFCDIRECTION((0.,0.,1.));
#8926=IFCDIRECTION((1.,0.,0.));
#8927=IFCAXIS2PLACEMENT3D(#8924,#8925,#8926);
#8928=IFCEXTRUDEDAREASOLID(#8923,#8927,#8922,3200.4000000000001);
#8929=IFCSHAPEREPRESENTATION(#11,'Body','SweptSolid',(#8928));
#8930=IFCPRODUCTDEFINITIONSHAPE($,$,(#8929));
#8936=IFCCARTESIANPOINT((28956.000000000004,27432.,20269.200000000001));
#8937=IFCDIRECTION((0.,0.,1.));
#8938=IFCDIRECTION((1.,0.,0.));
#8939=IFCAXIS2PLACEMENT3D(#8936,#8937,#8938);
#8940=IFCLOCALPLACEMENT($,#8939);
#8941=IFCWALL('06zO7XQybFCe5RXMoE06ML',$,'L6|ONEBR_A',$,$,#8962,#8952,$,$);
#8942=IFCCARTESIANPOINTLIST2D(((0.,0.),(0.,150.),(10363.200000000001,150.),(10363.200000000001,0.),(0.,0.)));
#8943=IFCINDEXEDPOLYCURVE(#8942,$,.F.);
#8944=IFCDIRECTION((0.,0.,1.));
#8945=IFCARBITRARYCLOSEDPROFILEDEF(.AREA.,$,#8943);
#8946=IFCCARTESIANPOINT((0.,0.,0.));
#8947=IFCDIRECTION((0.,0.,1.));
#8948=IFCDIRECTION((1.,0.,0.));
#8949=IFCAXIS2PLACEMENT3D(#8946,#8947,#8948);
#8950=IFCEXTRUDEDAREASOLID(#8945,#8949,#8944,3200.4000000000001);
#8951=IFCSHAPEREPRESENTATION(#11,'Body','SweptSolid',(#8950));
#8952=IFCPRODUCTDEFINITIONSHAPE($,$,(#8951));
#8958=IFCCARTESIANPOINT((28956.000000000004,36576.,20269.200000000001));
#8959=IFCDIRECTION((0.,0.,1.));
#8960=IFCDIRECTION((1.,0.,0.));
#8961=IFCAXIS2PLACEMENT3D(#8958,#8959,#8960);
#8962=IFCLOCALPLACEMENT($,#8961);
#8963=IFCWALL('2nqgpaI2DFxBbzthLaisgu',$,'L6|ONEBR_A',$,$,#8984,#8974,$,$);
#8964=IFCCARTESIANPOINTLIST2D(((0.,0.),(0.,150.),(9144.,150.),(9144.,0.),(0.,0.)));
#8965=IFCINDEXEDPOLYCURVE(#8964,$,.F.);
#8966=IFCDIRECTION((0.,0.,1.));
#8967=IFCARBITRARYCLOSEDPROFILEDEF(.AREA.,$,#8965);
#8968=IFCCARTESIANPOINT((0.,0.,0.));
#8969=IFCDIRECTION((0.,0.,1.));
#8970=IFCDIRECTION((1.,0.,0.));
#8971=IFCAXIS2PLACEMENT3D(#8968,#8969,#8970);
#8972=IFCEXTRUDEDAREASOLID(#8967,#8971,#8966,3200.4000000000001);
#8973=IFCSHAPEREPRESENTATION(#11,'Body','SweptSolid',(#8972));
#8974=IFCPRODUCTDEFINITIONSHAPE($,$,(#8973));
#8980=IFCCARTESIANPOINT((28956.000000000004,27432.,20269.200000000001));
#8981=IFCDIRECTION((0.,0.,1.));
#8982=IFCDIRECTION((6.123233995736766E-17,1.,0.));
#8983=IFCAXIS2PLACEMENT3D(#8980,#8981,#8982);
#8984=IFCLOCALPLACEMENT($,#8983);
#8985=IFCWALL('1bmcDIVH95NRNWklbUYrNv',$,'L6|ONEBR_A',$,$,#9006,#8996,$,$);
#8986=IFCCARTESIANPOINTLIST2D(((0.,0.),(0.,150.),(9144.,150.),(9144.,0.),(0.,0.)));
#8987=IFCINDEXEDPOLYCURVE(#8986,$,.F.);
#8988=IFCDIRECTION((0.,0.,1.));
#8989=IFCARBITRARYCLOSEDPROFILEDEF(.AREA.,$,#8987);
#8990=IFCCARTESIANPOINT((0.,0.,0.));
#8991=IFCDIRECTION((0.,0.,1.));
#8992=IFCDIRECTION((1.,0.,0.));
#8993=IFCAXIS2PLACEMENT3D(#8990,#8991,#8992);
#8994=IFCEXTRUDEDAREASOLID(#8989,#8993,#8988,3200.4000000000001);
#8995=IFCSHAPEREPRESENTATION(#11,'Body','SweptSolid',(#8994));
#8996=IFCPRODUCTDEFINITIONSHAPE($,$,(#8995));
#9002=IFCCARTESIANPOINT((39319.200000000004,27432.,20269.200000000001));
#9003=IFCDIRECTION((0.,0.,1.));
#9004=IFCDIRECTION((6.123233995736766E-17,1.,0.));
#9005=IFCAXIS2PLACEMENT3D(#9002,#9003,#9004);
#9006=IFCLOCALPLACEMENT($,#9005);
#9007=IFCWALL('22$jwLUJL0PAKicy3FXqsV',$,'L6|TWOBR_A',$,$,#9028,#9018,$,$);
#9008=IFCCARTESIANPOINTLIST2D(((0.,0.),(0.,150.),(10972.800000000001,150.),(10972.800000000001,0.),(0.,0.)));
#9009=IFCINDEXEDPOLYCURVE(#9008,$,.F.);
#9010=IFCDIRECTION((0.,0.,1.));
#9011=IFCARBITRARYCLOSEDPROFILEDEF(.AREA.,$,#9009);
#9012=IFCCARTESIANPOINT((0.,0.,0.));
#9013=IFCDIRECTION((0.,0.,1.));
#9014=IFCDIRECTION((1.,0.,0.));
#9015=IFCAXIS2PLACEMENT3D(#9012,#9013,#9014);
#9016=IFCEXTRUDEDAREASOLID(#9011,#9015,#9010,3200.4000000000001);
#9017=IFCSHAPEREPRESENTATION(#11,'Body','SweptSolid',(#9016));
#9018=IFCPRODUCTDEFINITIONSHAPE($,$,(#9017));
#9024=IFCCARTESIANPOINT((14325.6,28651.200000000001,20269.200000000001));
#9025=IFCDIRECTION((0.,0.,1.));
#9026=IFCDIRECTION((1.,0.,0.));
#9027=IFCAXIS2PLACEMENT3D(#9024,#9025,#9026);
#9028=IFCLOCALPLACEMENT($,#9027);
#9029=IFCWALL('0SPSwVVkr9YQO47S7FM8iA',$,'L6|TWOBR_A',$,$,#9050,#9040,$,$);
#9030=IFCCARTESIANPOINTLIST2D(((0.,0.),(0.,150.),(10972.800000000001,150.),(10972.800000000001,0.),(0.,0.)));
#9031=IFCINDEXEDPOLYCURVE(#9030,$,.F.);
#9032=IFCDIRECTION((0.,0.,1.));
#9033=IFCARBITRARYCLOSEDPROFILEDEF(.AREA.,$,#9031);
#9034=IFCCARTESIANPOINT((0.,0.,0.));
#9035=IFCDIRECTION((0.,0.,1.));
#9036=IFCDIRECTION((1.,0.,0.));
#9037=IFCAXIS2PLACEMENT3D(#9034,#9035,#9036);
#9038=IFCEXTRUDEDAREASOLID(#9033,#9037,#9032,3200.4000000000001);
#9039=IFCSHAPEREPRESENTATION(#11,'Body','SweptSolid',(#9038));
#9040=IFCPRODUCTDEFINITIONSHAPE($,$,(#9039));
#9046=IFCCARTESIANPOINT((14325.6,39014.400000000001,20269.200000000001));
#9047=IFCDIRECTION((0.,0.,1.));
#9048=IFCDIRECTION((1.,0.,0.));
#9049=IFCAXIS2PLACEMENT3D(#9046,#9047,#9048);
#9050=IFCLOCALPLACEMENT($,#9049);
#9051=IFCWALL('05ghEc5dj8xxxU9RavJZyf',$,'L6|TWOBR_A',$,$,#9072,#9062,$,$);
#9052=IFCCARTESIANPOINTLIST2D(((0.,0.),(0.,150.),(10363.200000000001,150.),(10363.200000000001,0.),(0.,0.)));
#9053=IFCINDEXEDPOLYCURVE(#9052,$,.F.);
#9054=IFCDIRECTION((0.,0.,1.));
#9055=IFCARBITRARYCLOSEDPROFILEDEF(.AREA.,$,#9053);
#9056=IFCCARTESIANPOINT((0.,0.,0.));
#9057=IFCDIRECTION((0.,0.,1.));
#9058=IFCDIRECTION((1.,0.,0.));
#9059=IFCAXIS2PLACEMENT3D(#9056,#9057,#9058);
#9060=IFCEXTRUDEDAREASOLID(#9055,#9059,#9054,3200.4000000000001);
#9061=IFCSHAPEREPRESENTATION(#11,'Body','SweptSolid',(#9060));
#9062=IFCPRODUCTDEFINITIONSHAPE($,$,(#9061));
#9068=IFCCARTESIANPOINT((14325.6,28651.200000000001,20269.200000000001));
#9069=IFCDIRECTION((0.,0.,1.));
#9070=IFCDIRECTION((6.123233995736766E-17,1.,0.));
#9071=IFCAXIS2PLACEMENT3D(#9068,#9069,#9070);
#9072=IFCLOCALPLACEMENT($,#9071);
#9073=IFCWALL('2fGKNZWxPA58pkioUns8YE',$,'L6|TWOBR_A',$,$,#9094,#9084,$,$);
#9074=IFCCARTESIANPOINTLIST2D(((0.,0.),(0.,150.),(10363.200000000001,150.),(10363.200000000001,0.),(0.,0.)));
#9075=IFCINDEXEDPOLYCURVE(#9074,$,.F.);
#9076=IFCDIRECTION((0.,0.,1.));
#9077=IFCARBITRARYCLOSEDPROFILEDEF(.AREA.,$,#9075);
#9078=IFCCARTESIANPOINT((0.,0.,0.));
#9079=IFCDIRECTION((0.,0.,1.));
#9080=IFCDIRECTION((1.,0.,0.));
#9081=IFCAXIS2PLACEMENT3D(#9078,#9079,#9080);
#9082=IFCEXTRUDEDAREASOLID(#9077,#9081,#9076,3200.4000000000001);
#9083=IFCSHAPEREPRESENTATION(#11,'Body','SweptSolid',(#9082));
#9084=IFCPRODUCTDEFINITIONSHAPE($,$,(#9083));
#9090=IFCCARTESIANPOINT((25298.400000000001,28651.200000000001,20269.200000000001));
#9091=IFCDIRECTION((0.,0.,1.));
#9092=IFCDIRECTION((6.123233995736766E-17,1.,0.));
#9093=IFCAXIS2PLACEMENT3D(#9090,#9091,#9092);
#9094=IFCLOCALPLACEMENT($,#9093);
#9095=IFCWALL('32RnGEzFLDzuekJ1NlMmq3',$,'L6|ONEBR_A',$,$,#9116,#9106,$,$);
#9096=IFCCARTESIANPOINTLIST2D(((0.,0.),(0.,150.),(10363.200000000001,150.),(10363.200000000001,0.),(0.,0.)));
#9097=IFCINDEXEDPOLYCURVE(#9096,$,.F.);
#9098=IFCDIRECTION((0.,0.,1.));
#9099=IFCARBITRARYCLOSEDPROFILEDEF(.AREA.,$,#9097);
#9100=IFCCARTESIANPOINT((0.,0.,0.));
#9101=IFCDIRECTION((0.,0.,1.));
#9102=IFCDIRECTION((1.,0.,0.));
#9103=IFCAXIS2PLACEMENT3D(#9100,#9101,#9102);
#9104=IFCEXTRUDEDAREASOLID(#9099,#9103,#9098,3200.4000000000001);
#9105=IFCSHAPEREPRESENTATION(#11,'Body','SweptSolid',(#9104));
#9106=IFCPRODUCTDEFINITIONSHAPE($,$,(#9105));
#9112=IFCCARTESIANPOINT((41148.,28651.200000000001,20269.200000000001));
#9113=IFCDIRECTION((0.,0.,1.));
#9114=IFCDIRECTION((1.,0.,0.));
#9115=IFCAXIS2PLACEMENT3D(#9112,#9113,#9114);
#9116=IFCLOCALPLACEMENT($,#9115);
#9117=IFCWALL('2lmFZx1nr42BxuhA2CumT1',$,'L6|ONEBR_A',$,$,#9138,#9128,$,$);
#9118=IFCCARTESIANPOINTLIST2D(((0.,0.),(0.,150.),(10363.200000000001,150.),(10363.200000000001,0.),(0.,0.)));
#9119=IFCINDEXEDPOLYCURVE(#9118,$,.F.);
#9120=IFCDIRECTION((0.,0.,1.));
#9121=IFCARBITRARYCLOSEDPROFILEDEF(.AREA.,$,#9119);
#9122=IFCCARTESIANPOINT((0.,0.,0.));
#9123=IFCDIRECTION((0.,0.,1.));
#9124=IFCDIRECTION((1.,0.,0.));
#9125=IFCAXIS2PLACEMENT3D(#9122,#9123,#9124);
#9126=IFCEXTRUDEDAREASOLID(#9121,#9125,#9120,3200.4000000000001);
#9127=IFCSHAPEREPRESENTATION(#11,'Body','SweptSolid',(#9126));
#9128=IFCPRODUCTDEFINITIONSHAPE($,$,(#9127));
#9134=IFCCARTESIANPOINT((41148.,37795.199999999997,20269.200000000001));
#9135=IFCDIRECTION((0.,0.,1.));
#9136=IFCDIRECTION((1.,0.,0.));
#9137=IFCAXIS2PLACEMENT3D(#9134,#9135,#9136);
#9138=IFCLOCALPLACEMENT($,#9137);
#9139=IFCWALL('1YEpnsVUrE4wlPBSKltmg3',$,'L6|ONEBR_A',$,$,#9160,#9150,$,$);
#9140=IFCCARTESIANPOINTLIST2D(((0.,0.),(0.,150.),(9144.,150.),(9144.,0.),(0.,0.)));
#9141=IFCINDEXEDPOLYCURVE(#9140,$,.F.);
#9142=IFCDIRECTION((0.,0.,1.));
#9143=IFCARBITRARYCLOSEDPROFILEDEF(.AREA.,$,#9141);
#9144=IFCCARTESIANPOINT((0.,0.,0.));
#9145=IFCDIRECTION((0.,0.,1.));
#9146=IFCDIRECTION((1.,0.,0.));
#9147=IFCAXIS2PLACEMENT3D(#9144,#9145,#9146);
#9148=IFCEXTRUDEDAREASOLID(#9143,#9147,#9142,3200.4000000000001);
#9149=IFCSHAPEREPRESENTATION(#11,'Body','SweptSolid',(#9148));
#9150=IFCPRODUCTDEFINITIONSHAPE($,$,(#9149));
#9156=IFCCARTESIANPOINT((41148.,28651.200000000001,20269.200000000001));
#9157=IFCDIRECTION((0.,0.,1.));
#9158=IFCDIRECTION((6.123233995736766E-17,1.,0.));
#9159=IFCAXIS2PLACEMENT3D(#9156,#9157,#9158);
#9160=IFCLOCALPLACEMENT($,#9159);
#9161=IFCWALL('2n70MXPdf0nvTvqa7q_nT3',$,'L6|ONEBR_A',$,$,#9182,#9172,$,$);
#9162=IFCCARTESIANPOINTLIST2D(((0.,0.),(0.,150.),(9144.,150.),(9144.,0.),(0.,0.)));
#9163=IFCINDEXEDPOLYCURVE(#9162,$,.F.);
#9164=IFCDIRECTION((0.,0.,1.));
#9165=IFCARBITRARYCLOSEDPROFILEDEF(.AREA.,$,#9163);
#9166=IFCCARTESIANPOINT((0.,0.,0.));
#9167=IFCDIRECTION((0.,0.,1.));
#9168=IFCDIRECTION((1.,0.,0.));
#9169=IFCAXIS2PLACEMENT3D(#9166,#9167,#9168);
#9170=IFCEXTRUDEDAREASOLID(#9165,#9169,#9164,3200.4000000000001);
#9171=IFCSHAPEREPRESENTATION(#11,'Body','SweptSolid',(#9170));
#9172=IFCPRODUCTDEFINITIONSHAPE($,$,(#9171));
#9178=IFCCARTESIANPOINT((51511.200000000004,28651.200000000001,20269.200000000001));
#9179=IFCDIRECTION((0.,0.,1.));
#9180=IFCDIRECTION((6.123233995736766E-17,1.,0.));
#9181=IFCAXIS2PLACEMENT3D(#9178,#9179,#9180);
#9182=IFCLOCALPLACEMENT($,#9181);
#9183=IFCWALL('2ppRiK_HvC7vQap9dncjKm',$,'L6|STUDIO_A',$,$,#9204,#9194,$,$);
#9184=IFCCARTESIANPOINTLIST2D(((0.,0.),(0.,150.),(9753.6000000000004,150.),(9753.6000000000004,0.),(0.,0.)));
#9185=IFCINDEXEDPOLYCURVE(#9184,$,.F.);
#9186=IFCDIRECTION((0.,0.,1.));
#9187=IFCARBITRARYCLOSEDPROFILEDEF(.AREA.,$,#9185);
#9188=IFCCARTESIANPOINT((0.,0.,0.));
#9189=IFCDIRECTION((0.,0.,1.));
#9190=IFCDIRECTION((1.,0.,0.));
#9191=IFCAXIS2PLACEMENT3D(#9188,#9189,#9190);
#9192=IFCEXTRUDEDAREASOLID(#9187,#9191,#9186,3200.4000000000001);
#9193=IFCSHAPEREPRESENTATION(#11,'Body','SweptSolid',(#9192));
#9194=IFCPRODUCTDEFINITIONSHAPE($,$,(#9193));
#9200=IFCCARTESIANPOINT((2743.2000000000003,31089.599999999999,20269.200000000001));
#9201=IFCDIRECTION((0.,0.,1.));
#9202=IFCDIRECTION((1.,0.,0.));
#9203=IFCAXIS2PLACEMENT3D(#9200,#9201,#9202);
#9204=IFCLOCALPLACEMENT($,#9203);
#9205=IFCWALL('3SFhW3Oin9rh79F$uT3x1K',$,'L6|STUDIO_A',$,$,#9226,#9216,$,$);
#9206=IFCCARTESIANPOINTLIST2D(((0.,0.),(0.,150.),(9753.6000000000004,150.),(9753.6000000000004,0.),(0.,0.)));
#9207=IFCINDEXEDPOLYCURVE(#9206,$,.F.);
#9208=IFCDIRECTION((0.,0.,1.));
#9209=IFCARBITRARYCLOSEDPROFILEDEF(.AREA.,$,#9207);
#9210=IFCCARTESIANPOINT((0.,0.,0.));
#9211=IFCDIRECTION((0.,0.,1.));
#9212=IFCDIRECTION((1.,0.,0.));
#9213=IFCAXIS2PLACEMENT3D(#9210,#9211,#9212);
#9214=IFCEXTRUDEDAREASOLID(#9209,#9213,#9208,3200.4000000000001);
#9215=IFCSHAPEREPRESENTATION(#11,'Body','SweptSolid',(#9214));
#9216=IFCPRODUCTDEFINITIONSHAPE($,$,(#9215));
#9222=IFCCARTESIANPOINT((2743.2000000000003,39014.400000000001,20269.200000000001));
#9223=IFCDIRECTION((0.,0.,1.));
#9224=IFCDIRECTION((1.,0.,0.));
#9225=IFCAXIS2PLACEMENT3D(#9222,#9223,#9224);
#9226=IFCLOCALPLACEMENT($,#9225);
#9227=IFCWALL('0s2Nd34mnBBensZ7$pOrSM',$,'L6|STUDIO_A',$,$,#9248,#9238,$,$);
#9228=IFCCARTESIANPOINTLIST2D(((0.,0.),(0.,150.),(7924.8000000000002,150.),(7924.8000000000002,0.),(0.,0.)));
#9229=IFCINDEXEDPOLYCURVE(#9228,$,.F.);
#9230=IFCDIRECTION((0.,0.,1.));
#9231=IFCARBITRARYCLOSEDPROFILEDEF(.AREA.,$,#9229);
#9232=IFCCARTESIANPOINT((0.,0.,0.));
#9233=IFCDIRECTION((0.,0.,1.));
#9234=IFCDIRECTION((1.,0.,0.));
#9235=IFCAXIS2PLACEMENT3D(#9232,#9233,#9234);
#9236=IFCEXTRUDEDAREASOLID(#9231,#9235,#9230,3200.4000000000001);
#9237=IFCSHAPEREPRESENTATION(#11,'Body','SweptSolid',(#9236));
#9238=IFCPRODUCTDEFINITIONSHAPE($,$,(#9237));
#9244=IFCCARTESIANPOINT((2743.2000000000003,31089.599999999999,20269.200000000001));
#9245=IFCDIRECTION((0.,0.,1.));
#9246=IFCDIRECTION((6.123233995736766E-17,1.,0.));
#9247=IFCAXIS2PLACEMENT3D(#9244,#9245,#9246);
#9248=IFCLOCALPLACEMENT($,#9247);
#9249=IFCWALL('3sTypuRGrCAODh1R5Pjk6b',$,'L6|STUDIO_A',$,$,#9270,#9260,$,$);
#9250=IFCCARTESIANPOINTLIST2D(((0.,0.),(0.,150.),(7924.8000000000002,150.),(7924.8000000000002,0.),(0.,0.)));
#9251=IFCINDEXEDPOLYCURVE(#9250,$,.F.);
#9252=IFCDIRECTION((0.,0.,1.));
#9253=IFCARBITRARYCLOSEDPROFILEDEF(.AREA.,$,#9251);
#9254=IFCCARTESIANPOINT((0.,0.,0.));
#9255=IFCDIRECTION((0.,0.,1.));
#9256=IFCDIRECTION((1.,0.,0.));
#9257=IFCAXIS2PLACEMENT3D(#9254,#9255,#9256);
#9258=IFCEXTRUDEDAREASOLID(#9253,#9257,#9252,3200.4000000000001);
#9259=IFCSHAPEREPRESENTATION(#11,'Body','SweptSolid',(#9258));
#9260=IFCPRODUCTDEFINITIONSHAPE($,$,(#9259));
#9266=IFCCARTESIANPOINT((12496.799999999999,31089.599999999999,20269.200000000001));
#9267=IFCDIRECTION((0.,0.,1.));
#9268=IFCDIRECTION((6.123233995736766E-17,1.,0.));
#9269=IFCAXIS2PLACEMENT3D(#9266,#9267,#9268);
#9270=IFCLOCALPLACEMENT($,#9269);
#9271=IFCWALL('1QJqZNLFvE2BCLsEbgwuWg',$,'L6|TWOBR_A',$,$,#9292,#9282,$,$);
#9272=IFCCARTESIANPOINTLIST2D(((0.,0.),(0.,150.),(10972.800000000001,150.),(10972.800000000001,0.),(0.,0.)));
#9273=IFCINDEXEDPOLYCURVE(#9272,$,.F.);
#9274=IFCDIRECTION((0.,0.,1.));
#9275=IFCARBITRARYCLOSEDPROFILEDEF(.AREA.,$,#9273);
#9276=IFCCARTESIANPOINT((0.,0.,0.));
#9277=IFCDIRECTION((0.,0.,1.));
#9278=IFCDIRECTION((1.,0.,0.));
#9279=IFCAXIS2PLACEMENT3D(#9276,#9277,#9278);
#9280=IFCEXTRUDEDAREASOLID(#9275,#9279,#9274,3200.4000000000001);
#9281=IFCSHAPEREPRESENTATION(#11,'Body','SweptSolid',(#9280));
#9282=IFCPRODUCTDEFINITIONSHAPE($,$,(#9281));
#9288=IFCCARTESIANPOINT((28346.400000000001,36576.,20269.200000000001));
#9289=IFCDIRECTION((0.,0.,1.));
#9290=IFCDIRECTION((1.,0.,0.));
#9291=IFCAXIS2PLACEMENT3D(#9288,#9289,#9290);
#9292=IFCLOCALPLACEMENT($,#9291);
#9293=IFCWALL('2FIZdJzhL3_wqBEiXtvIyV',$,'L6|TWOBR_A',$,$,#9314,#9304,$,$);
#9294=IFCCARTESIANPOINTLIST2D(((0.,0.),(0.,150.),(10972.800000000001,150.),(10972.800000000001,0.),(0.,0.)));
#9295=IFCINDEXEDPOLYCURVE(#9294,$,.F.);
#9296=IFCDIRECTION((0.,0.,1.));
#9297=IFCARBITRARYCLOSEDPROFILEDEF(.AREA.,$,#9295);
#9298=IFCCARTESIANPOINT((0.,0.,0.));
#9299=IFCDIRECTION((0.,0.,1.));
#9300=IFCDIRECTION((1.,0.,0.));
#9301=IFCAXIS2PLACEMENT3D(#9298,#9299,#9300);
#9302=IFCEXTRUDEDAREASOLID(#9297,#9301,#9296,3200.4000000000001);
#9303=IFCSHAPEREPRESENTATION(#11,'Body','SweptSolid',(#9302));
#9304=IFCPRODUCTDEFINITIONSHAPE($,$,(#9303));
#9310=IFCCARTESIANPOINT((28346.400000000001,46939.199999999997,20269.200000000001));
#9311=IFCDIRECTION((0.,0.,1.));
#9312=IFCDIRECTION((1.,0.,0.));
#9313=IFCAXIS2PLACEMENT3D(#9310,#9311,#9312);
#9314=IFCLOCALPLACEMENT($,#9313);
#9315=IFCWALL('3GktBcluz4OuPtY59PiZFw',$,'L6|TWOBR_A',$,$,#9336,#9326,$,$);
#9316=IFCCARTESIANPOINTLIST2D(((0.,0.),(0.,150.),(10363.200000000001,150.),(10363.200000000001,0.),(0.,0.)));
#9317=IFCINDEXEDPOLYCURVE(#9316,$,.F.);
#9318=IFCDIRECTION((0.,0.,1.));
#9319=IFCARBITRARYCLOSEDPROFILEDEF(.AREA.,$,#9317);
#9320=IFCCARTESIANPOINT((0.,0.,0.));
#9321=IFCDIRECTION((0.,0.,1.));
#9322=IFCDIRECTION((1.,0.,0.));
#9323=IFCAXIS2PLACEMENT3D(#9320,#9321,#9322);
#9324=IFCEXTRUDEDAREASOLID(#9319,#9323,#9318,3200.4000000000001);
#9325=IFCSHAPEREPRESENTATION(#11,'Body','SweptSolid',(#9324));
#9326=IFCPRODUCTDEFINITIONSHAPE($,$,(#9325));
#9332=IFCCARTESIANPOINT((28346.400000000001,36576.,20269.200000000001));
#9333=IFCDIRECTION((0.,0.,1.));
#9334=IFCDIRECTION((6.123233995736766E-17,1.,0.));
#9335=IFCAXIS2PLACEMENT3D(#9332,#9333,#9334);
#9336=IFCLOCALPLACEMENT($,#9335);
#9337=IFCWALL('1Gf5WlMiX4UhAaF81rQ4iG',$,'L6|TWOBR_A',$,$,#9358,#9348,$,$);
#9338=IFCCARTESIANPOINTLIST2D(((0.,0.),(0.,150.),(10363.200000000001,150.),(10363.200000000001,0.),(0.,0.)));
#9339=IFCINDEXEDPOLYCURVE(#9338,$,.F.);
#9340=IFCDIRECTION((0.,0.,1.));
#9341=IFCARBITRARYCLOSEDPROFILEDEF(.AREA.,$,#9339);
#9342=IFCCARTESIANPOINT((0.,0.,0.));
#9343=IFCDIRECTION((0.,0.,1.));
#9344=IFCDIRECTION((1.,0.,0.));
#9345=IFCAXIS2PLACEMENT3D(#9342,#9343,#9344);
#9346=IFCEXTRUDEDAREASOLID(#9341,#9345,#9340,3200.4000000000001);
#9347=IFCSHAPEREPRESENTATION(#11,'Body','SweptSolid',(#9346));
#9348=IFCPRODUCTDEFINITIONSHAPE($,$,(#9347));
#9354=IFCCARTESIANPOINT((39319.200000000004,36576.,20269.200000000001));
#9355=IFCDIRECTION((0.,0.,1.));
#9356=IFCDIRECTION((6.123233995736766E-17,1.,0.));
#9357=IFCAXIS2PLACEMENT3D(#9354,#9355,#9356);
#9358=IFCLOCALPLACEMENT($,#9357);
#9359=IFCWALL('105OC2fzf5hfT4o75EcaKl',$,'L6|ONEBR_A',$,$,#9380,#9370,$,$);
#9360=IFCCARTESIANPOINTLIST2D(((0.,0.),(0.,150.),(10363.200000000001,150.),(10363.200000000001,0.),(0.,0.)));
#9361=IFCINDEXEDPOLYCURVE(#9360,$,.F.);
#9362=IFCDIRECTION((0.,0.,1.));
#9363=IFCARBITRARYCLOSEDPROFILEDEF(.AREA.,$,#9361);
#9364=IFCCARTESIANPOINT((0.,0.,0.));
#9365=IFCDIRECTION((0.,0.,1.));
#9366=IFCDIRECTION((1.,0.,0.));
#9367=IFCAXIS2PLACEMENT3D(#9364,#9365,#9366);
#9368=IFCEXTRUDEDAREASOLID(#9363,#9367,#9362,3200.4000000000001);
#9369=IFCSHAPEREPRESENTATION(#11,'Body','SweptSolid',(#9368));
#9370=IFCPRODUCTDEFINITIONSHAPE($,$,(#9369));
#9376=IFCCARTESIANPOINT((41148.,37795.199999999997,20269.200000000001));
#9377=IFCDIRECTION((0.,0.,1.));
#9378=IFCDIRECTION((1.,0.,0.));
#9379=IFCAXIS2PLACEMENT3D(#9376,#9377,#9378);
#9380=IFCLOCALPLACEMENT($,#9379);
#9381=IFCWALL('2AhY0vwnXFXQdo$Jwx1BP4',$,'L6|ONEBR_A',$,$,#9402,#9392,$,$);
#9382=IFCCARTESIANPOINTLIST2D(((0.,0.),(0.,150.),(10363.200000000001,150.),(10363.200000000001,0.),(0.,0.)));
#9383=IFCINDEXEDPOLYCURVE(#9382,$,.F.);
#9384=IFCDIRECTION((0.,0.,1.));
#9385=IFCARBITRARYCLOSEDPROFILEDEF(.AREA.,$,#9383);
#9386=IFCCARTESIANPOINT((0.,0.,0.));
#9387=IFCDIRECTION((0.,0.,1.));
#9388=IFCDIRECTION((1.,0.,0.));
#9389=IFCAXIS2PLACEMENT3D(#9386,#9387,#9388);
#9390=IFCEXTRUDEDAREASOLID(#9385,#9389,#9384,3200.4000000000001);
#9391=IFCSHAPEREPRESENTATION(#11,'Body','SweptSolid',(#9390));
#9392=IFCPRODUCTDEFINITIONSHAPE($,$,(#9391));
#9398=IFCCARTESIANPOINT((41148.,46939.199999999997,20269.200000000001));
#9399=IFCDIRECTION((0.,0.,1.));
#9400=IFCDIRECTION((1.,0.,0.));
#9401=IFCAXIS2PLACEMENT3D(#9398,#9399,#9400);
#9402=IFCLOCALPLACEMENT($,#9401);
#9403=IFCWALL('11B1d_6Lv85OW0jU6Ja$1V',$,'L6|ONEBR_A',$,$,#9424,#9414,$,$);
#9404=IFCCARTESIANPOINTLIST2D(((0.,0.),(0.,150.),(9144.,150.),(9144.,0.),(0.,0.)));
#9405=IFCINDEXEDPOLYCURVE(#9404,$,.F.);
#9406=IFCDIRECTION((0.,0.,1.));
#9407=IFCARBITRARYCLOSEDPROFILEDEF(.AREA.,$,#9405);
#9408=IFCCARTESIANPOINT((0.,0.,0.));
#9409=IFCDIRECTION((0.,0.,1.));
#9410=IFCDIRECTION((1.,0.,0.));
#9411=IFCAXIS2PLACEMENT3D(#9408,#9409,#9410);
#9412=IFCEXTRUDEDAREASOLID(#9407,#9411,#9406,3200.4000000000001);
#9413=IFCSHAPEREPRESENTATION(#11,'Body','SweptSolid',(#9412));
#9414=IFCPRODUCTDEFINITIONSHAPE($,$,(#9413));
#9420=IFCCARTESIANPOINT((41148.,37795.199999999997,20269.200000000001));
#9421=IFCDIRECTION((0.,0.,1.));
#9422=IFCDIRECTION((6.123233995736766E-17,1.,0.));
#9423=IFCAXIS2PLACEMENT3D(#9420,#9421,#9422);
#9424=IFCLOCALPLACEMENT($,#9423);
#9425=IFCWALL('1bjwxM4Pn4tg6NEYEw5xEv',$,'L6|ONEBR_A',$,$,#9446,#9436,$,$);
#9426=IFCCARTESIANPOINTLIST2D(((0.,0.),(0.,150.),(9144.,150.),(9144.,0.),(0.,0.)));
#9427=IFCINDEXEDPOLYCURVE(#9426,$,.F.);
#9428=IFCDIRECTION((0.,0.,1.));
#9429=IFCARBITRARYCLOSEDPROFILEDEF(.AREA.,$,#9427);
#9430=IFCCARTESIANPOINT((0.,0.,0.));
#9431=IFCDIRECTION((0.,0.,1.));
#9432=IFCDIRECTION((1.,0.,0.));
#9433=IFCAXIS2PLACEMENT3D(#9430,#9431,#9432);
#9434=IFCEXTRUDEDAREASOLID(#9429,#9433,#9428,3200.4000000000001);
#9435=IFCSHAPEREPRESENTATION(#11,'Body','SweptSolid',(#9434));
#9436=IFCPRODUCTDEFINITIONSHAPE($,$,(#9435));
#9442=IFCCARTESIANPOINT((51511.200000000004,37795.199999999997,20269.200000000001));
#9443=IFCDIRECTION((0.,0.,1.));
#9444=IFCDIRECTION((6.123233995736766E-17,1.,0.));
#9445=IFCAXIS2PLACEMENT3D(#9442,#9443,#9444);
#9446=IFCLOCALPLACEMENT($,#9445);
#9447=IFCWALL('2oABuAc0jBW8g742Rks3gC',$,'L6|ONEBR_A',$,$,#9468,#9458,$,$);
#9448=IFCCARTESIANPOINTLIST2D(((0.,0.),(0.,150.),(10363.200000000001,150.),(10363.200000000001,0.),(0.,0.)));
#9449=IFCINDEXEDPOLYCURVE(#9448,$,.F.);
#9450=IFCDIRECTION((0.,0.,1.));
#9451=IFCARBITRARYCLOSEDPROFILEDEF(.AREA.,$,#9449);
#9452=IFCCARTESIANPOINT((0.,0.,0.));
#9453=IFCDIRECTION((0.,0.,1.));
#9454=IFCDIRECTION((1.,0.,0.));
#9455=IFCAXIS2PLACEMENT3D(#9452,#9453,#9454);
#9456=IFCEXTRUDEDAREASOLID(#9451,#9455,#9450,3200.4000000000001);
#9457=IFCSHAPEREPRESENTATION(#11,'Body','SweptSolid',(#9456));
#9458=IFCPRODUCTDEFINITIONSHAPE($,$,(#9457));
#9464=IFCCARTESIANPOINT((2133.5999999999999,39014.400000000001,20269.200000000001));
#9465=IFCDIRECTION((0.,0.,1.));
#9466=IFCDIRECTION((1.,0.,0.));
#9467=IFCAXIS2PLACEMENT3D(#9464,#9465,#9466);
#9468=IFCLOCALPLACEMENT($,#9467);
#9469=IFCWALL('2npGW41A545e67Frpsk1oe',$,'L6|ONEBR_A',$,$,#9490,#9480,$,$);
#9470=IFCCARTESIANPOINTLIST2D(((0.,0.),(0.,150.),(10363.200000000001,150.),(10363.200000000001,0.),(0.,0.)));
#9471=IFCINDEXEDPOLYCURVE(#9470,$,.F.);
#9472=IFCDIRECTION((0.,0.,1.));
#9473=IFCARBITRARYCLOSEDPROFILEDEF(.AREA.,$,#9471);
#9474=IFCCARTESIANPOINT((0.,0.,0.));
#9475=IFCDIRECTION((0.,0.,1.));
#9476=IFCDIRECTION((1.,0.,0.));
#9477=IFCAXIS2PLACEMENT3D(#9474,#9475,#9476);
#9478=IFCEXTRUDEDAREASOLID(#9473,#9477,#9472,3200.4000000000001);
#9479=IFCSHAPEREPRESENTATION(#11,'Body','SweptSolid',(#9478));
#9480=IFCPRODUCTDEFINITIONSHAPE($,$,(#9479));
#9486=IFCCARTESIANPOINT((2133.5999999999999,48158.400000000001,20269.200000000001));
#9487=IFCDIRECTION((0.,0.,1.));
#9488=IFCDIRECTION((1.,0.,0.));
#9489=IFCAXIS2PLACEMENT3D(#9486,#9487,#9488);
#9490=IFCLOCALPLACEMENT($,#9489);
#9491=IFCWALL('1HhLJKDKb0KBzsBNNL_7mf',$,'L6|ONEBR_A',$,$,#9512,#9502,$,$);
#9492=IFCCARTESIANPOINTLIST2D(((0.,0.),(0.,150.),(9144.,150.),(9144.,0.),(0.,0.)));
#9493=IFCINDEXEDPOLYCURVE(#9492,$,.F.);
#9494=IFCDIRECTION((0.,0.,1.));
#9495=IFCARBITRARYCLOSEDPROFILEDEF(.AREA.,$,#9493);
#9496=IFCCARTESIANPOINT((0.,0.,0.));
#9497=IFCDIRECTION((0.,0.,1.));
#9498=IFCDIRECTION((1.,0.,0.));
#9499=IFCAXIS2PLACEMENT3D(#9496,#9497,#9498);
#9500=IFCEXTRUDEDAREASOLID(#9495,#9499,#9494,3200.4000000000001);
#9501=IFCSHAPEREPRESENTATION(#11,'Body','SweptSolid',(#9500));
#9502=IFCPRODUCTDEFINITIONSHAPE($,$,(#9501));
#9508=IFCCARTESIANPOINT((2133.5999999999999,39014.400000000001,20269.200000000001));
#9509=IFCDIRECTION((0.,0.,1.));
#9510=IFCDIRECTION((6.123233995736766E-17,1.,0.));
#9511=IFCAXIS2PLACEMENT3D(#9508,#9509,#9510);
#9512=IFCLOCALPLACEMENT($,#9511);
#9513=IFCWALL('19MMZLldD0HecEx0KiyLxI',$,'L6|ONEBR_A',$,$,#9534,#9524,$,$);
#9514=IFCCARTESIANPOINTLIST2D(((0.,0.),(0.,150.),(9144.,150.),(9144.,0.),(0.,0.)));
#9515=IFCINDEXEDPOLYCURVE(#9514,$,.F.);
#9516=IFCDIRECTION((0.,0.,1.));
#9517=IFCARBITRARYCLOSEDPROFILEDEF(.AREA.,$,#9515);
#9518=IFCCARTESIANPOINT((0.,0.,0.));
#9519=IFCDIRECTION((0.,0.,1.));
#9520=IFCDIRECTION((1.,0.,0.));
#9521=IFCAXIS2PLACEMENT3D(#9518,#9519,#9520);
#9522=IFCEXTRUDEDAREASOLID(#9517,#9521,#9516,3200.4000000000001);
#9523=IFCSHAPEREPRESENTATION(#11,'Body','SweptSolid',(#9522));
#9524=IFCPRODUCTDEFINITIONSHAPE($,$,(#9523));
#9530=IFCCARTESIANPOINT((12496.799999999999,39014.400000000001,20269.200000000001));
#9531=IFCDIRECTION((0.,0.,1.));
#9532=IFCDIRECTION((6.123233995736766E-17,1.,0.));
#9533=IFCAXIS2PLACEMENT3D(#9530,#9531,#9532);
#9534=IFCLOCALPLACEMENT($,#9533);
#9535=IFCWALL('1JUPRGPTT5bvgFamCx6jC$',$,'L6|TWOBR_A',$,$,#9556,#9546,$,$);
#9536=IFCCARTESIANPOINTLIST2D(((0.,0.),(0.,150.),(10972.800000000001,150.),(10972.800000000001,0.),(0.,0.)));
#9537=IFCINDEXEDPOLYCURVE(#9536,$,.F.);
#9538=IFCDIRECTION((0.,0.,1.));
#9539=IFCARBITRARYCLOSEDPROFILEDEF(.AREA.,$,#9537);
#9540=IFCCARTESIANPOINT((0.,0.,0.));
#9541=IFCDIRECTION((0.,0.,1.));
#9542=IFCDIRECTION((1.,0.,0.));
#9543=IFCAXIS2PLACEMENT3D(#9540,#9541,#9542);
#9544=IFCEXTRUDEDAREASOLID(#9539,#9543,#9538,3200.4000000000001);
#9545=IFCSHAPEREPRESENTATION(#11,'Body','SweptSolid',(#9544));
#9546=IFCPRODUCTDEFINITIONSHAPE($,$,(#9545));
#9552=IFCCARTESIANPOINT((14325.6,39014.400000000001,20269.200000000001));
#9553=IFCDIRECTION((0.,0.,1.));
#9554=IFCDIRECTION((1.,0.,0.));
#9555=IFCAXIS2PLACEMENT3D(#9552,#9553,#9554);
#9556=IFCLOCALPLACEMENT($,#9555);
#9557=IFCWALL('15hi$zyLj7UfvrOJkitsRy',$,'L6|TWOBR_A',$,$,#9578,#9568,$,$);
#9558=IFCCARTESIANPOINTLIST2D(((0.,0.),(0.,150.),(10972.800000000001,150.),(10972.800000000001,0.),(0.,0.)));
#9559=IFCINDEXEDPOLYCURVE(#9558,$,.F.);
#9560=IFCDIRECTION((0.,0.,1.));
#9561=IFCARBITRARYCLOSEDPROFILEDEF(.AREA.,$,#9559);
#9562=IFCCARTESIANPOINT((0.,0.,0.));
#9563=IFCDIRECTION((0.,0.,1.));
#9564=IFCDIRECTION((1.,0.,0.));
#9565=IFCAXIS2PLACEMENT3D(#9562,#9563,#9564);
#9566=IFCEXTRUDEDAREASOLID(#9561,#9565,#9560,3200.4000000000001);
#9567=IFCSHAPEREPRESENTATION(#11,'Body','SweptSolid',(#9566));
#9568=IFCPRODUCTDEFINITIONSHAPE($,$,(#9567));
#9574=IFCCARTESIANPOINT((14325.6,49377.599999999999,20269.200000000001));
#9575=IFCDIRECTION((0.,0.,1.));
#9576=IFCDIRECTION((1.,0.,0.));
#9577=IFCAXIS2PLACEMENT3D(#9574,#9575,#9576);
#9578=IFCLOCALPLACEMENT($,#9577);
#9579=IFCWALL('3LisEXbHT4z8pkIde8FEn$',$,'L6|TWOBR_A',$,$,#9600,#9590,$,$);
#9580=IFCCARTESIANPOINTLIST2D(((0.,0.),(0.,150.),(10363.200000000001,150.),(10363.200000000001,0.),(0.,0.)));
#9581=IFCINDEXEDPOLYCURVE(#9580,$,.F.);
#9582=IFCDIRECTION((0.,0.,1.));
#9583=IFCARBITRARYCLOSEDPROFILEDEF(.AREA.,$,#9581);
#9584=IFCCARTESIANPOINT((0.,0.,0.));
#9585=IFCDIRECTION((0.,0.,1.));
#9586=IFCDIRECTION((1.,0.,0.));
#9587=IFCAXIS2PLACEMENT3D(#9584,#9585,#9586);
#9588=IFCEXTRUDEDAREASOLID(#9583,#9587,#9582,3200.4000000000001);
#9589=IFCSHAPEREPRESENTATION(#11,'Body','SweptSolid',(#9588));
#9590=IFCPRODUCTDEFINITIONSHAPE($,$,(#9589));
#9596=IFCCARTESIANPOINT((14325.6,39014.400000000001,20269.200000000001));
#9597=IFCDIRECTION((0.,0.,1.));
#9598=IFCDIRECTION((6.123233995736766E-17,1.,0.));
#9599=IFCAXIS2PLACEMENT3D(#9596,#9597,#9598);
#9600=IFCLOCALPLACEMENT($,#9599);
#9601=IFCWALL('0Yd8GtuYz1gB3MqL2U7Yn9',$,'L6|TWOBR_A',$,$,#9622,#9612,$,$);
#9602=IFCCARTESIANPOINTLIST2D(((0.,0.),(0.,150.),(10363.200000000001,150.),(10363.200000000001,0.),(0.,0.)));
#9603=IFCINDEXEDPOLYCURVE(#9602,$,.F.);
#9604=IFCDIRECTION((0.,0.,1.));
#9605=IFCARBITRARYCLOSEDPROFILEDEF(.AREA.,$,#9603);
#9606=IFCCARTESIANPOINT((0.,0.,0.));
#9607=IFCDIRECTION((0.,0.,1.));
#9608=IFCDIRECTION((1.,0.,0.));
#9609=IFCAXIS2PLACEMENT3D(#9606,#9607,#9608);
#9610=IFCEXTRUDEDAREASOLID(#9605,#9609,#9604,3200.4000000000001);
#9611=IFCSHAPEREPRESENTATION(#11,'Body','SweptSolid',(#9610));
#9612=IFCPRODUCTDEFINITIONSHAPE($,$,(#9611));
#9618=IFCCARTESIANPOINT((25298.400000000001,39014.400000000001,20269.200000000001));
#9619=IFCDIRECTION((0.,0.,1.));
#9620=IFCDIRECTION((6.123233995736766E-17,1.,0.));
#9621=IFCAXIS2PLACEMENT3D(#9618,#9619,#9620);
#9622=IFCLOCALPLACEMENT($,#9621);
#9623=IFCWALL('2dSZZqFTb9bOvy6T2ET7Gr',$,'L6|STUDIO_A',$,$,#9644,#9634,$,$);
#9624=IFCCARTESIANPOINTLIST2D(((0.,0.),(0.,150.),(9753.6000000000004,150.),(9753.6000000000004,0.),(0.,0.)));
#9625=IFCINDEXEDPOLYCURVE(#9624,$,.F.);
#9626=IFCDIRECTION((0.,0.,1.));
#9627=IFCARBITRARYCLOSEDPROFILEDEF(.AREA.,$,#9625);
#9628=IFCCARTESIANPOINT((0.,0.,0.));
#9629=IFCDIRECTION((0.,0.,1.));
#9630=IFCDIRECTION((1.,0.,0.));
#9631=IFCAXIS2PLACEMENT3D(#9628,#9629,#9630);
#9632=IFCEXTRUDEDAREASOLID(#9627,#9631,#9626,3200.4000000000001);
#9633=IFCSHAPEREPRESENTATION(#11,'Body','SweptSolid',(#9632));
#9634=IFCPRODUCTDEFINITIONSHAPE($,$,(#9633));
#9640=IFCCARTESIANPOINT((29565.599999999999,46939.199999999997,20269.200000000001));
#9641=IFCDIRECTION((0.,0.,1.));
#9642=IFCDIRECTION((1.,0.,0.));
#9643=IFCAXIS2PLACEMENT3D(#9640,#9641,#9642);
#9644=IFCLOCALPLACEMENT($,#9643);
#9645=IFCWALL('14AYCTUsj8I93PuG7s$q1U',$,'L6|STUDIO_A',$,$,#9666,#9656,$,$);
#9646=IFCCARTESIANPOINTLIST2D(((0.,0.),(0.,150.),(9753.6000000000004,150.),(9753.6000000000004,0.),(0.,0.)));
#9647=IFCINDEXEDPOLYCURVE(#9646,$,.F.);
#9648=IFCDIRECTION((0.,0.,1.));
#9649=IFCARBITRARYCLOSEDPROFILEDEF(.AREA.,$,#9647);
#9650=IFCCARTESIANPOINT((0.,0.,0.));
#9651=IFCDIRECTION((0.,0.,1.));
#9652=IFCDIRECTION((1.,0.,0.));
#9653=IFCAXIS2PLACEMENT3D(#9650,#9651,#9652);
#9654=IFCEXTRUDEDAREASOLID(#9649,#9653,#9648,3200.4000000000001);
#9655=IFCSHAPEREPRESENTATION(#11,'Body','SweptSolid',(#9654));
#9656=IFCPRODUCTDEFINITIONSHAPE($,$,(#9655));
#9662=IFCCARTESIANPOINT((29565.599999999999,54864.,20269.200000000001));
#9663=IFCDIRECTION((0.,0.,1.));
#9664=IFCDIRECTION((1.,0.,0.));
#9665=IFCAXIS2PLACEMENT3D(#9662,#9663,#9664);
#9666=IFCLOCALPLACEMENT($,#9665);
#9667=IFCWALL('0bgkisLNP9Lv0YtG4i5qFf',$,'L6|STUDIO_A',$,$,#9688,#9678,$,$);
#9668=IFCCARTESIANPOINTLIST2D(((0.,0.),(0.,150.),(7924.8000000000002,150.),(7924.8000000000002,0.),(0.,0.)));
#9669=IFCINDEXEDPOLYCURVE(#9668,$,.F.);
#9670=IFCDIRECTION((0.,0.,1.));
#9671=IFCARBITRARYCLOSEDPROFILEDEF(.AREA.,$,#9669);
#9672=IFCCARTESIANPOINT((0.,0.,0.));
#9673=IFCDIRECTION((0.,0.,1.));
#9674=IFCDIRECTION((1.,0.,0.));
#9675=IFCAXIS2PLACEMENT3D(#9672,#9673,#9674);
#9676=IFCEXTRUDEDAREASOLID(#9671,#9675,#9670,3200.4000000000001);
#9677=IFCSHAPEREPRESENTATION(#11,'Body','SweptSolid',(#9676));
#9678=IFCPRODUCTDEFINITIONSHAPE($,$,(#9677));
#9684=IFCCARTESIANPOINT((29565.599999999999,46939.199999999997,20269.200000000001));
#9685=IFCDIRECTION((0.,0.,1.));
#9686=IFCDIRECTION((6.123233995736766E-17,1.,0.));
#9687=IFCAXIS2PLACEMENT3D(#9684,#9685,#9686);
#9688=IFCLOCALPLACEMENT($,#9687);
#9689=IFCWALL('3HL31ORTH1KAwr6_GEo94l',$,'L6|STUDIO_A',$,$,#9710,#9700,$,$);
#9690=IFCCARTESIANPOINTLIST2D(((0.,0.),(0.,150.),(7924.8000000000002,150.),(7924.8000000000002,0.),(0.,0.)));
#9691=IFCINDEXEDPOLYCURVE(#9690,$,.F.);
#9692=IFCDIRECTION((0.,0.,1.));
#9693=IFCARBITRARYCLOSEDPROFILEDEF(.AREA.,$,#9691);
#9694=IFCCARTESIANPOINT((0.,0.,0.));
#9695=IFCDIRECTION((0.,0.,1.));
#9696=IFCDIRECTION((1.,0.,0.));
#9697=IFCAXIS2PLACEMENT3D(#9694,#9695,#9696);
#9698=IFCEXTRUDEDAREASOLID(#9693,#9697,#9692,3200.4000000000001);
#9699=IFCSHAPEREPRESENTATION(#11,'Body','SweptSolid',(#9698));
#9700=IFCPRODUCTDEFINITIONSHAPE($,$,(#9699));
#9706=IFCCARTESIANPOINT((39319.200000000004,46939.199999999997,20269.200000000001));
#9707=IFCDIRECTION((0.,0.,1.));
#9708=IFCDIRECTION((6.123233995736766E-17,1.,0.));
#9709=IFCAXIS2PLACEMENT3D(#9706,#9707,#9708);
#9710=IFCLOCALPLACEMENT($,#9709);
#9711=IFCWALL('39aDjoZKT9yRMOUsJJ9rS1',$,'L7|ONEBR_A',$,$,#9732,#9722,$,$);
#9712=IFCCARTESIANPOINTLIST2D(((0.,0.),(0.,150.),(10363.200000000001,150.),(10363.200000000001,0.),(0.,0.)));
#9713=IFCINDEXEDPOLYCURVE(#9712,$,.F.);
#9714=IFCDIRECTION((0.,0.,1.));
#9715=IFCARBITRARYCLOSEDPROFILEDEF(.AREA.,$,#9713);
#9716=IFCCARTESIANPOINT((0.,0.,0.));
#9717=IFCDIRECTION((0.,0.,1.));
#9718=IFCDIRECTION((1.,0.,0.));
#9719=IFCAXIS2PLACEMENT3D(#9716,#9717,#9718);
#9720=IFCEXTRUDEDAREASOLID(#9715,#9719,#9714,3200.4000000000001);
#9721=IFCSHAPEREPRESENTATION(#11,'Body','SweptSolid',(#9720));
#9722=IFCPRODUCTDEFINITIONSHAPE($,$,(#9721));
#9728=IFCCARTESIANPOINT((2133.5999999999999,10363.200000000001,23469.599999999999));
#9729=IFCDIRECTION((0.,0.,1.));
#9730=IFCDIRECTION((1.,0.,0.));
#9731=IFCAXIS2PLACEMENT3D(#9728,#9729,#9730);
#9732=IFCLOCALPLACEMENT($,#9731);
#9733=IFCWALL('2TU4w1CcD3yvGqoLAXFDib',$,'L7|ONEBR_A',$,$,#9754,#9744,$,$);
#9734=IFCCARTESIANPOINTLIST2D(((0.,0.),(0.,150.),(10363.200000000001,150.),(10363.200000000001,0.),(0.,0.)));
#9735=IFCINDEXEDPOLYCURVE(#9734,$,.F.);
#9736=IFCDIRECTION((0.,0.,1.));
#9737=IFCARBITRARYCLOSEDPROFILEDEF(.AREA.,$,#9735);
#9738=IFCCARTESIANPOINT((0.,0.,0.));
#9739=IFCDIRECTION((0.,0.,1.));
#9740=IFCDIRECTION((1.,0.,0.));
#9741=IFCAXIS2PLACEMENT3D(#9738,#9739,#9740);
#9742=IFCEXTRUDEDAREASOLID(#9737,#9741,#9736,3200.4000000000001);
#9743=IFCSHAPEREPRESENTATION(#11,'Body','SweptSolid',(#9742));
#9744=IFCPRODUCTDEFINITIONSHAPE($,$,(#9743));
#9750=IFCCARTESIANPOINT((2133.5999999999999,19507.200000000001,23469.599999999999));
#9751=IFCDIRECTION((0.,0.,1.));
#9752=IFCDIRECTION((1.,0.,0.));
#9753=IFCAXIS2PLACEMENT3D(#9750,#9751,#9752);
#9754=IFCLOCALPLACEMENT($,#9753);
#9755=IFCWALL('0Hj4c3drf1XxF0868Qnr5i',$,'L7|ONEBR_A',$,$,#9776,#9766,$,$);
#9756=IFCCARTESIANPOINTLIST2D(((0.,0.),(0.,150.),(9144.,150.),(9144.,0.),(0.,0.)));
#9757=IFCINDEXEDPOLYCURVE(#9756,$,.F.);
#9758=IFCDIRECTION((0.,0.,1.));
#9759=IFCARBITRARYCLOSEDPROFILEDEF(.AREA.,$,#9757);
#9760=IFCCARTESIANPOINT((0.,0.,0.));
#9761=IFCDIRECTION((0.,0.,1.));
#9762=IFCDIRECTION((1.,0.,0.));
#9763=IFCAXIS2PLACEMENT3D(#9760,#9761,#9762);
#9764=IFCEXTRUDEDAREASOLID(#9759,#9763,#9758,3200.4000000000001);
#9765=IFCSHAPEREPRESENTATION(#11,'Body','SweptSolid',(#9764));
#9766=IFCPRODUCTDEFINITIONSHAPE($,$,(#9765));
#9772=IFCCARTESIANPOINT((2133.5999999999999,10363.200000000001,23469.599999999999));
#9773=IFCDIRECTION((0.,0.,1.));
#9774=IFCDIRECTION((6.123233995736766E-17,1.,0.));
#9775=IFCAXIS2PLACEMENT3D(#9772,#9773,#9774);
#9776=IFCLOCALPLACEMENT($,#9775);
#9777=IFCWALL('2A4N9P2JPCdeXMbvqnkJ7w',$,'L7|ONEBR_A',$,$,#9798,#9788,$,$);
#9778=IFCCARTESIANPOINTLIST2D(((0.,0.),(0.,150.),(9144.,150.),(9144.,0.),(0.,0.)));
#9779=IFCINDEXEDPOLYCURVE(#9778,$,.F.);
#9780=IFCDIRECTION((0.,0.,1.));
#9781=IFCARBITRARYCLOSEDPROFILEDEF(.AREA.,$,#9779);
#9782=IFCCARTESIANPOINT((0.,0.,0.));
#9783=IFCDIRECTION((0.,0.,1.));
#9784=IFCDIRECTION((1.,0.,0.));
#9785=IFCAXIS2PLACEMENT3D(#9782,#9783,#9784);
#9786=IFCEXTRUDEDAREASOLID(#9781,#9785,#9780,3200.4000000000001);
#9787=IFCSHAPEREPRESENTATION(#11,'Body','SweptSolid',(#9786));
#9788=IFCPRODUCTDEFINITIONSHAPE($,$,(#9787));
#9794=IFCCARTESIANPOINT((12496.799999999999,10363.200000000001,23469.599999999999));
#9795=IFCDIRECTION((0.,0.,1.));
#9796=IFCDIRECTION((6.123233995736766E-17,1.,0.));
#9797=IFCAXIS2PLACEMENT3D(#9794,#9795,#9796);
#9798=IFCLOCALPLACEMENT($,#9797);
#9799=IFCWALL('0wDLqKAhv5muO288HsEV6g',$,'L7|TWOBR_A',$,$,#9820,#9810,$,$);
#9800=IFCCARTESIANPOINTLIST2D(((0.,0.),(0.,150.),(10972.800000000001,150.),(10972.800000000001,0.),(0.,0.)));
#9801=IFCINDEXEDPOLYCURVE(#9800,$,.F.);
#9802=IFCDIRECTION((0.,0.,1.));
#9803=IFCARBITRARYCLOSEDPROFILEDEF(.AREA.,$,#9801);
#9804=IFCCARTESIANPOINT((0.,0.,0.));
#9805=IFCDIRECTION((0.,0.,1.));
#9806=IFCDIRECTION((1.,0.,0.));
#9807=IFCAXIS2PLACEMENT3D(#9804,#9805,#9806);
#9808=IFCEXTRUDEDAREASOLID(#9803,#9807,#9802,3200.4000000000001);
#9809=IFCSHAPEREPRESENTATION(#11,'Body','SweptSolid',(#9808));
#9810=IFCPRODUCTDEFINITIONSHAPE($,$,(#9809));
#9816=IFCCARTESIANPOINT((14325.6,10363.200000000001,23469.599999999999));
#9817=IFCDIRECTION((0.,0.,1.));
#9818=IFCDIRECTION((1.,0.,0.));
#9819=IFCAXIS2PLACEMENT3D(#9816,#9817,#9818);
#9820=IFCLOCALPLACEMENT($,#9819);
#9821=IFCWALL('3emoLRmsv1ROvaiUvJtE9f',$,'L7|TWOBR_A',$,$,#9842,#9832,$,$);
#9822=IFCCARTESIANPOINTLIST2D(((0.,0.),(0.,150.),(10972.800000000001,150.),(10972.800000000001,0.),(0.,0.)));
#9823=IFCINDEXEDPOLYCURVE(#9822,$,.F.);
#9824=IFCDIRECTION((0.,0.,1.));
#9825=IFCARBITRARYCLOSEDPROFILEDEF(.AREA.,$,#9823);
#9826=IFCCARTESIANPOINT((0.,0.,0.));
#9827=IFCDIRECTION((0.,0.,1.));
#9828=IFCDIRECTION((1.,0.,0.));
#9829=IFCAXIS2PLACEMENT3D(#9826,#9827,#9828);
#9830=IFCEXTRUDEDAREASOLID(#9825,#9829,#9824,3200.4000000000001);
#9831=IFCSHAPEREPRESENTATION(#11,'Body','SweptSolid',(#9830));
#9832=IFCPRODUCTDEFINITIONSHAPE($,$,(#9831));
#9838=IFCCARTESIANPOINT((14325.6,20726.400000000001,23469.599999999999));
#9839=IFCDIRECTION((0.,0.,1.));
#9840=IFCDIRECTION((1.,0.,0.));
#9841=IFCAXIS2PLACEMENT3D(#9838,#9839,#9840);
#9842=IFCLOCALPLACEMENT($,#9841);
#9843=IFCWALL('2WqpffPSz59A3xCyr2rLqR',$,'L7|TWOBR_A',$,$,#9864,#9854,$,$);
#9844=IFCCARTESIANPOINTLIST2D(((0.,0.),(0.,150.),(10363.200000000001,150.),(10363.200000000001,0.),(0.,0.)));
#9845=IFCINDEXEDPOLYCURVE(#9844,$,.F.);
#9846=IFCDIRECTION((0.,0.,1.));
#9847=IFCARBITRARYCLOSEDPROFILEDEF(.AREA.,$,#9845);
#9848=IFCCARTESIANPOINT((0.,0.,0.));
#9849=IFCDIRECTION((0.,0.,1.));
#9850=IFCDIRECTION((1.,0.,0.));
#9851=IFCAXIS2PLACEMENT3D(#9848,#9849,#9850);
#9852=IFCEXTRUDEDAREASOLID(#9847,#9851,#9846,3200.4000000000001);
#9853=IFCSHAPEREPRESENTATION(#11,'Body','SweptSolid',(#9852));
#9854=IFCPRODUCTDEFINITIONSHAPE($,$,(#9853));
#9860=IFCCARTESIANPOINT((14325.6,10363.200000000001,23469.599999999999));
#9861=IFCDIRECTION((0.,0.,1.));
#9862=IFCDIRECTION((6.123233995736766E-17,1.,0.));
#9863=IFCAXIS2PLACEMENT3D(#9860,#9861,#9862);
#9864=IFCLOCALPLACEMENT($,#9863);
#9865=IFCWALL('3g9LHfrDHBPA2to82E_vGQ',$,'L7|TWOBR_A',$,$,#9886,#9876,$,$);
#9866=IFCCARTESIANPOINTLIST2D(((0.,0.),(0.,150.),(10363.200000000001,150.),(10363.200000000001,0.),(0.,0.)));
#9867=IFCINDEXEDPOLYCURVE(#9866,$,.F.);
#9868=IFCDIRECTION((0.,0.,1.));
#9869=IFCARBITRARYCLOSEDPROFILEDEF(.AREA.,$,#9867);
#9870=IFCCARTESIANPOINT((0.,0.,0.));
#9871=IFCDIRECTION((0.,0.,1.));
#9872=IFCDIRECTION((1.,0.,0.));
#9873=IFCAXIS2PLACEMENT3D(#9870,#9871,#9872);
#9874=IFCEXTRUDEDAREASOLID(#9869,#9873,#9868,3200.4000000000001);
#9875=IFCSHAPEREPRESENTATION(#11,'Body','SweptSolid',(#9874));
#9876=IFCPRODUCTDEFINITIONSHAPE($,$,(#9875));
#9882=IFCCARTESIANPOINT((25298.400000000001,10363.200000000001,23469.599999999999));
#9883=IFCDIRECTION((0.,0.,1.));
#9884=IFCDIRECTION((6.123233995736766E-17,1.,0.));
#9885=IFCAXIS2PLACEMENT3D(#9882,#9883,#9884);
#9886=IFCLOCALPLACEMENT($,#9885);
#9887=IFCWALL('2bcwRpX_XDHOjks4yA2rop',$,'L7|ONEBR_A',$,$,#9908,#9898,$,$);
#9888=IFCCARTESIANPOINTLIST2D(((0.,0.),(0.,150.),(10363.200000000001,150.),(10363.200000000001,0.),(0.,0.)));
#9889=IFCINDEXEDPOLYCURVE(#9888,$,.F.);
#9890=IFCDIRECTION((0.,0.,1.));
#9891=IFCARBITRARYCLOSEDPROFILEDEF(.AREA.,$,#9889);
#9892=IFCCARTESIANPOINT((0.,0.,0.));
#9893=IFCDIRECTION((0.,0.,1.));
#9894=IFCDIRECTION((1.,0.,0.));
#9895=IFCAXIS2PLACEMENT3D(#9892,#9893,#9894);
#9896=IFCEXTRUDEDAREASOLID(#9891,#9895,#9890,3200.4000000000001);
#9897=IFCSHAPEREPRESENTATION(#11,'Body','SweptSolid',(#9896));
#9898=IFCPRODUCTDEFINITIONSHAPE($,$,(#9897));
#9904=IFCCARTESIANPOINT((28956.000000000004,10363.200000000001,23469.599999999999));
#9905=IFCDIRECTION((0.,0.,1.));
#9906=IFCDIRECTION((1.,0.,0.));
#9907=IFCAXIS2PLACEMENT3D(#9904,#9905,#9906);
#9908=IFCLOCALPLACEMENT($,#9907);
#9909=IFCWALL('3b9Ha08STAYfjAvgAhOvBy',$,'L7|ONEBR_A',$,$,#9930,#9920,$,$);
#9910=IFCCARTESIANPOINTLIST2D(((0.,0.),(0.,150.),(10363.200000000001,150.),(10363.200000000001,0.),(0.,0.)));
#9911=IFCINDEXEDPOLYCURVE(#9910,$,.F.);
#9912=IFCDIRECTION((0.,0.,1.));
#9913=IFCARBITRARYCLOSEDPROFILEDEF(.AREA.,$,#9911);
#9914=IFCCARTESIANPOINT((0.,0.,0.));
#9915=IFCDIRECTION((0.,0.,1.));
#9916=IFCDIRECTION((1.,0.,0.));
#9917=IFCAXIS2PLACEMENT3D(#9914,#9915,#9916);
#9918=IFCEXTRUDEDAREASOLID(#9913,#9917,#9912,3200.4000000000001);
#9919=IFCSHAPEREPRESENTATION(#11,'Body','SweptSolid',(#9918));
#9920=IFCPRODUCTDEFINITIONSHAPE($,$,(#9919));
#9926=IFCCARTESIANPOINT((28956.000000000004,19507.200000000001,23469.599999999999));
#9927=IFCDIRECTION((0.,0.,1.));
#9928=IFCDIRECTION((1.,0.,0.));
#9929=IFCAXIS2PLACEMENT3D(#9926,#9927,#9928);
#9930=IFCLOCALPLACEMENT($,#9929);
#9931=IFCWALL('2CZl452_v8Cv7oRlEnm5El',$,'L7|ONEBR_A',$,$,#9952,#9942,$,$);
#9932=IFCCARTESIANPOINTLIST2D(((0.,0.),(0.,150.),(9144.,150.),(9144.,0.),(0.,0.)));
#9933=IFCINDEXEDPOLYCURVE(#9932,$,.F.);
#9934=IFCDIRECTION((0.,0.,1.));
#9935=IFCARBITRARYCLOSEDPROFILEDEF(.AREA.,$,#9933);
#9936=IFCCARTESIANPOINT((0.,0.,0.));
#9937=IFCDIRECTION((0.,0.,1.));
#9938=IFCDIRECTION((1.,0.,0.));
#9939=IFCAXIS2PLACEMENT3D(#9936,#9937,#9938);
#9940=IFCEXTRUDEDAREASOLID(#9935,#9939,#9934,3200.4000000000001);
#9941=IFCSHAPEREPRESENTATION(#11,'Body','SweptSolid',(#9940));
#9942=IFCPRODUCTDEFINITIONSHAPE($,$,(#9941));
#9948=IFCCARTESIANPOINT((28956.000000000004,10363.200000000001,23469.599999999999));
#9949=IFCDIRECTION((0.,0.,1.));
#9950=IFCDIRECTION((6.123233995736766E-17,1.,0.));
#9951=IFCAXIS2PLACEMENT3D(#9948,#9949,#9950);
#9952=IFCLOCALPLACEMENT($,#9951);
#9953=IFCWALL('12OrHpjJH5bfTxdvUFirnP',$,'L7|ONEBR_A',$,$,#9974,#9964,$,$);
#9954=IFCCARTESIANPOINTLIST2D(((0.,0.),(0.,150.),(9144.,150.),(9144.,0.),(0.,0.)));
#9955=IFCINDEXEDPOLYCURVE(#9954,$,.F.);
#9956=IFCDIRECTION((0.,0.,1.));
#9957=IFCARBITRARYCLOSEDPROFILEDEF(.AREA.,$,#9955);
#9958=IFCCARTESIANPOINT((0.,0.,0.));
#9959=IFCDIRECTION((0.,0.,1.));
#9960=IFCDIRECTION((1.,0.,0.));
#9961=IFCAXIS2PLACEMENT3D(#9958,#9959,#9960);
#9962=IFCEXTRUDEDAREASOLID(#9957,#9961,#9956,3200.4000000000001);
#9963=IFCSHAPEREPRESENTATION(#11,'Body','SweptSolid',(#9962));
#9964=IFCPRODUCTDEFINITIONSHAPE($,$,(#9963));
#9970=IFCCARTESIANPOINT((39319.200000000004,10363.200000000001,23469.599999999999));
#9971=IFCDIRECTION((0.,0.,1.));
#9972=IFCDIRECTION((6.123233995736766E-17,1.,0.));
#9973=IFCAXIS2PLACEMENT3D(#9970,#9971,#9972);
#9974=IFCLOCALPLACEMENT($,#9973);
#9975=IFCWALL('1DhmdVho98su63TJVz9WAz',$,'L7|TWOBR_A',$,$,#9996,#9986,$,$);
#9976=IFCCARTESIANPOINTLIST2D(((0.,0.),(0.,150.),(10972.800000000001,150.),(10972.800000000001,0.),(0.,0.)));
#9977=IFCINDEXEDPOLYCURVE(#9976,$,.F.);
#9978=IFCDIRECTION((0.,0.,1.));
#9979=IFCARBITRARYCLOSEDPROFILEDEF(.AREA.,$,#9977);
#9980=IFCCARTESIANPOINT((0.,0.,0.));
#9981=IFCDIRECTION((0.,0.,1.));
#9982=IFCDIRECTION((1.,0.,0.));
#9983=IFCAXIS2PLACEMENT3D(#9980,#9981,#9982);
#9984=IFCEXTRUDEDAREASOLID(#9979,#9983,#9978,3200.4000000000001);
#9985=IFCSHAPEREPRESENTATION(#11,'Body','SweptSolid',(#9984));
#9986=IFCPRODUCTDEFINITIONSHAPE($,$,(#9985));
#9992=IFCCARTESIANPOINT((41148.,10363.200000000001,23469.599999999999));
#9993=IFCDIRECTION((0.,0.,1.));
#9994=IFCDIRECTION((1.,0.,0.));
#9995=IFCAXIS2PLACEMENT3D(#9992,#9993,#9994);
#9996=IFCLOCALPLACEMENT($,#9995);
#9997=IFCWALL('3GMn$00tb0QfZvgJoPZKW3',$,'L7|TWOBR_A',$,$,#10018,#10008,$,$);
#9998=IFCCARTESIANPOINTLIST2D(((0.,0.),(0.,150.),(10972.800000000001,150.),(10972.800000000001,0.),(0.,0.)));
#9999=IFCINDEXEDPOLYCURVE(#9998,$,.F.);
#10000=IFCDIRECTION((0.,0.,1.));
#10001=IFCARBITRARYCLOSEDPROFILEDEF(.AREA.,$,#9999);
#10002=IFCCARTESIANPOINT((0.,0.,0.));
#10003=IFCDIRECTION((0.,0.,1.));
#10004=IFCDIRECTION((1.,0.,0.));
#10005=IFCAXIS2PLACEMENT3D(#10002,#10003,#10004);
#10006=IFCEXTRUDEDAREASOLID(#10001,#10005,#10000,3200.4000000000001);
#10007=IFCSHAPEREPRESENTATION(#11,'Body','SweptSolid',(#10006));
#10008=IFCPRODUCTDEFINITIONSHAPE($,$,(#10007));
#10014=IFCCARTESIANPOINT((41148.,20726.400000000001,23469.599999999999));
#10015=IFCDIRECTION((0.,0.,1.));
#10016=IFCDIRECTION((1.,0.,0.));
#10017=IFCAXIS2PLACEMENT3D(#10014,#10015,#10016);
#10018=IFCLOCALPLACEMENT($,#10017);
#10019=IFCWALL('2zNmvhTk1Ecwpr5x$b3FdW',$,'L7|TWOBR_A',$,$,#10040,#10030,$,$);
#10020=IFCCARTESIANPOINTLIST2D(((0.,0.),(0.,150.),(10363.200000000001,150.),(10363.200000000001,0.),(0.,0.)));
#10021=IFCINDEXEDPOLYCURVE(#10020,$,.F.);
#10022=IFCDIRECTION((0.,0.,1.));
#10023=IFCARBITRARYCLOSEDPROFILEDEF(.AREA.,$,#10021);
#10024=IFCCARTESIANPOINT((0.,0.,0.));
#10025=IFCDIRECTION((0.,0.,1.));
#10026=IFCDIRECTION((1.,0.,0.));
#10027=IFCAXIS2PLACEMENT3D(#10024,#10025,#10026);
#10028=IFCEXTRUDEDAREASOLID(#10023,#10027,#10022,3200.4000000000001);
#10029=IFCSHAPEREPRESENTATION(#11,'Body','SweptSolid',(#10028));
#10030=IFCPRODUCTDEFINITIONSHAPE($,$,(#10029));
#10036=IFCCARTESIANPOINT((41148.,10363.200000000001,23469.599999999999));
#10037=IFCDIRECTION((0.,0.,1.));
#10038=IFCDIRECTION((6.123233995736766E-17,1.,0.));
#10039=IFCAXIS2PLACEMENT3D(#10036,#10037,#10038);
#10040=IFCLOCALPLACEMENT($,#10039);
#10041=IFCWALL('1V5768biv7hPvMek2k5HKA',$,'L7|TWOBR_A',$,$,#10062,#10052,$,$);
#10042=IFCCARTESIANPOINTLIST2D(((0.,0.),(0.,150.),(10363.200000000001,150.),(10363.200000000001,0.),(0.,0.)));
#10043=IFCINDEXEDPOLYCURVE(#10042,$,.F.);
#10044=IFCDIRECTION((0.,0.,1.));
#10045=IFCARBITRARYCLOSEDPROFILEDEF(.AREA.,$,#10043);
#10046=IFCCARTESIANPOINT((0.,0.,0.));
#10047=IFCDIRECTION((0.,0.,1.));
#10048=IFCDIRECTION((1.,0.,0.));
#10049=IFCAXIS2PLACEMENT3D(#10046,#10047,#10048);
#10050=IFCEXTRUDEDAREASOLID(#10045,#10049,#10044,3200.4000000000001);
#10051=IFCSHAPEREPRESENTATION(#11,'Body','SweptSolid',(#10050));
#10052=IFCPRODUCTDEFINITIONSHAPE($,$,(#10051));
#10058=IFCCARTESIANPOINT((52120.800000000003,10363.200000000001,23469.599999999999));
#10059=IFCDIRECTION((0.,0.,1.));
#10060=IFCDIRECTION((6.123233995736766E-17,1.,0.));
#10061=IFCAXIS2PLACEMENT3D(#10058,#10059,#10060);
#10062=IFCLOCALPLACEMENT($,#10061);
#10063=IFCWALL('25S7cCakD0VPgUgEzicwGH',$,'L7|STUDIO_A',$,$,#10084,#10074,$,$);
#10064=IFCCARTESIANPOINTLIST2D(((0.,0.),(0.,150.),(9753.6000000000004,150.),(9753.6000000000004,0.),(0.,0.)));
#10065=IFCINDEXEDPOLYCURVE(#10064,$,.F.);
#10066=IFCDIRECTION((0.,0.,1.));
#10067=IFCARBITRARYCLOSEDPROFILEDEF(.AREA.,$,#10065);
#10068=IFCCARTESIANPOINT((0.,0.,0.));
#10069=IFCDIRECTION((0.,0.,1.));
#10070=IFCDIRECTION((1.,0.,0.));
#10071=IFCAXIS2PLACEMENT3D(#10068,#10069,#10070);
#10072=IFCEXTRUDEDAREASOLID(#10067,#10071,#10066,3200.4000000000001);
#10073=IFCSHAPEREPRESENTATION(#11,'Body','SweptSolid',(#10072));
#10074=IFCPRODUCTDEFINITIONSHAPE($,$,(#10073));
#10080=IFCCARTESIANPOINT((2743.2000000000003,19507.200000000001,23469.599999999999));
#10081=IFCDIRECTION((0.,0.,1.));
#10082=IFCDIRECTION((1.,0.,0.));
#10083=IFCAXIS2PLACEMENT3D(#10080,#10081,#10082);
#10084=IFCLOCALPLACEMENT($,#10083);
#10085=IFCWALL('3EDU_LuF1AbwjZ03V0TmEA',$,'L7|STUDIO_A',$,$,#10106,#10096,$,$);
#10086=IFCCARTESIANPOINTLIST2D(((0.,0.),(0.,150.),(9753.6000000000004,150.),(9753.6000000000004,0.),(0.,0.)));
#10087=IFCINDEXEDPOLYCURVE(#10086,$,.F.);
#10088=IFCDIRECTION((0.,0.,1.));
#10089=IFCARBITRARYCLOSEDPROFILEDEF(.AREA.,$,#10087);
#10090=IFCCARTESIANPOINT((0.,0.,0.));
#10091=IFCDIRECTION((0.,0.,1.));
#10092=IFCDIRECTION((1.,0.,0.));
#10093=IFCAXIS2PLACEMENT3D(#10090,#10091,#10092);
#10094=IFCEXTRUDEDAREASOLID(#10089,#10093,#10088,3200.4000000000001);
#10095=IFCSHAPEREPRESENTATION(#11,'Body','SweptSolid',(#10094));
#10096=IFCPRODUCTDEFINITIONSHAPE($,$,(#10095));
#10102=IFCCARTESIANPOINT((2743.2000000000003,27432.,23469.599999999999));
#10103=IFCDIRECTION((0.,0.,1.));
#10104=IFCDIRECTION((1.,0.,0.));
#10105=IFCAXIS2PLACEMENT3D(#10102,#10103,#10104);
#10106=IFCLOCALPLACEMENT($,#10105);
#10107=IFCWALL('1RPG0QID17Suuzh$G804hN',$,'L7|STUDIO_A',$,$,#10128,#10118,$,$);
#10108=IFCCARTESIANPOINTLIST2D(((0.,0.),(0.,150.),(7924.8000000000002,150.),(7924.8000000000002,0.),(0.,0.)));
#10109=IFCINDEXEDPOLYCURVE(#10108,$,.F.);
#10110=IFCDIRECTION((0.,0.,1.));
#10111=IFCARBITRARYCLOSEDPROFILEDEF(.AREA.,$,#10109);
#10112=IFCCARTESIANPOINT((0.,0.,0.));
#10113=IFCDIRECTION((0.,0.,1.));
#10114=IFCDIRECTION((1.,0.,0.));
#10115=IFCAXIS2PLACEMENT3D(#10112,#10113,#10114);
#10116=IFCEXTRUDEDAREASOLID(#10111,#10115,#10110,3200.4000000000001);
#10117=IFCSHAPEREPRESENTATION(#11,'Body','SweptSolid',(#10116));
#10118=IFCPRODUCTDEFINITIONSHAPE($,$,(#10117));
#10124=IFCCARTESIANPOINT((2743.2000000000003,19507.200000000001,23469.599999999999));
#10125=IFCDIRECTION((0.,0.,1.));
#10126=IFCDIRECTION((6.123233995736766E-17,1.,0.));
#10127=IFCAXIS2PLACEMENT3D(#10124,#10125,#10126);
#10128=IFCLOCALPLACEMENT($,#10127);
#10129=IFCWALL('0FPgdXbqXFjufBh_Y5fgwK',$,'L7|STUDIO_A',$,$,#10150,#10140,$,$);
#10130=IFCCARTESIANPOINTLIST2D(((0.,0.),(0.,150.),(7924.8000000000002,150.),(7924.8000000000002,0.),(0.,0.)));
#10131=IFCINDEXEDPOLYCURVE(#10130,$,.F.);
#10132=IFCDIRECTION((0.,0.,1.));
#10133=IFCARBITRARYCLOSEDPROFILEDEF(.AREA.,$,#10131);
#10134=IFCCARTESIANPOINT((0.,0.,0.));
#10135=IFCDIRECTION((0.,0.,1.));
#10136=IFCDIRECTION((1.,0.,0.));
#10137=IFCAXIS2PLACEMENT3D(#10134,#10135,#10136);
#10138=IFCEXTRUDEDAREASOLID(#10133,#10137,#10132,3200.4000000000001);
#10139=IFCSHAPEREPRESENTATION(#11,'Body','SweptSolid',(#10138));
#10140=IFCPRODUCTDEFINITIONSHAPE($,$,(#10139));
#10146=IFCCARTESIANPOINT((12496.799999999999,19507.200000000001,23469.599999999999));
#10147=IFCDIRECTION((0.,0.,1.));
#10148=IFCDIRECTION((6.123233995736766E-17,1.,0.));
#10149=IFCAXIS2PLACEMENT3D(#10146,#10147,#10148);
#10150=IFCLOCALPLACEMENT($,#10149);
#10151=IFCWALL('0mJUw_8ST4p86dsrCcrQr7',$,'L7|ONEBR_A',$,$,#10172,#10162,$,$);
#10152=IFCCARTESIANPOINTLIST2D(((0.,0.),(0.,150.),(10363.200000000001,150.),(10363.200000000001,0.),(0.,0.)));
#10153=IFCINDEXEDPOLYCURVE(#10152,$,.F.);
#10154=IFCDIRECTION((0.,0.,1.));
#10155=IFCARBITRARYCLOSEDPROFILEDEF(.AREA.,$,#10153);
#10156=IFCCARTESIANPOINT((0.,0.,0.));
#10157=IFCDIRECTION((0.,0.,1.));
#10158=IFCDIRECTION((1.,0.,0.));
#10159=IFCAXIS2PLACEMENT3D(#10156,#10157,#10158);
#10160=IFCEXTRUDEDAREASOLID(#10155,#10159,#10154,3200.4000000000001);
#10161=IFCSHAPEREPRESENTATION(#11,'Body','SweptSolid',(#10160));
#10162=IFCPRODUCTDEFINITIONSHAPE($,$,(#10161));
#10168=IFCCARTESIANPOINT((28956.000000000004,19507.200000000001,23469.599999999999));
#10169=IFCDIRECTION((0.,0.,1.));
#10170=IFCDIRECTION((1.,0.,0.));
#10171=IFCAXIS2PLACEMENT3D(#10168,#10169,#10170);
#10172=IFCLOCALPLACEMENT($,#10171);
#10173=IFCWALL('00Yapxs$f6yPAuX9WR_gIH',$,'L7|ONEBR_A',$,$,#10194,#10184,$,$);
#10174=IFCCARTESIANPOINTLIST2D(((0.,0.),(0.,150.),(10363.200000000001,150.),(10363.200000000001,0.),(0.,0.)));
#10175=IFCINDEXEDPOLYCURVE(#10174,$,.F.);
#10176=IFCDIRECTION((0.,0.,1.));
#10177=IFCARBITRARYCLOSEDPROFILEDEF(.AREA.,$,#10175);
#10178=IFCCARTESIANPOINT((0.,0.,0.));
#10179=IFCDIRECTION((0.,0.,1.));
#10180=IFCDIRECTION((1.,0.,0.));
#10181=IFCAXIS2PLACEMENT3D(#10178,#10179,#10180);
#10182=IFCEXTRUDEDAREASOLID(#10177,#10181,#10176,3200.4000000000001);
#10183=IFCSHAPEREPRESENTATION(#11,'Body','SweptSolid',(#10182));
#10184=IFCPRODUCTDEFINITIONSHAPE($,$,(#10183));
#10190=IFCCARTESIANPOINT((28956.000000000004,28651.200000000001,23469.599999999999));
#10191=IFCDIRECTION((0.,0.,1.));
#10192=IFCDIRECTION((1.,0.,0.));
#10193=IFCAXIS2PLACEMENT3D(#10190,#10191,#10192);
#10194=IFCLOCALPLACEMENT($,#10193);
#10195=IFCWALL('0YTsj0peH3rhqgXeJ1U7m9',$,'L7|ONEBR_A',$,$,#10216,#10206,$,$);
#10196=IFCCARTESIANPOINTLIST2D(((0.,0.),(0.,150.),(9144.,150.),(9144.,0.),(0.,0.)));
#10197=IFCINDEXEDPOLYCURVE(#10196,$,.F.);
#10198=IFCDIRECTION((0.,0.,1.));
#10199=IFCARBITRARYCLOSEDPROFILEDEF(.AREA.,$,#10197);
#10200=IFCCARTESIANPOINT((0.,0.,0.));
#10201=IFCDIRECTION((0.,0.,1.));
#10202=IFCDIRECTION((1.,0.,0.));
#10203=IFCAXIS2PLACEMENT3D(#10200,#10201,#10202);
#10204=IFCEXTRUDEDAREASOLID(#10199,#10203,#10198,3200.4000000000001);
#10205=IFCSHAPEREPRESENTATION(#11,'Body','SweptSolid',(#10204));
#10206=IFCPRODUCTDEFINITIONSHAPE($,$,(#10205));
#10212=IFCCARTESIANPOINT((28956.000000000004,19507.200000000001,23469.599999999999));
#10213=IFCDIRECTION((0.,0.,1.));
#10214=IFCDIRECTION((6.123233995736766E-17,1.,0.));
#10215=IFCAXIS2PLACEMENT3D(#10212,#10213,#10214);
#10216=IFCLOCALPLACEMENT($,#10215);
#10217=IFCWALL('3wpV03mofABAHmUMRl5$Sc',$,'L7|ONEBR_A',$,$,#10238,#10228,$,$);
#10218=IFCCARTESIANPOINTLIST2D(((0.,0.),(0.,150.),(9144.,150.),(9144.,0.),(0.,0.)));
#10219=IFCINDEXEDPOLYCURVE(#10218,$,.F.);
#10220=IFCDIRECTION((0.,0.,1.));
#10221=IFCARBITRARYCLOSEDPROFILEDEF(.AREA.,$,#10219);
#10222=IFCCARTESIANPOINT((0.,0.,0.));
#10223=IFCDIRECTION((0.,0.,1.));
#10224=IFCDIRECTION((1.,0.,0.));
#10225=IFCAXIS2PLACEMENT3D(#10222,#10223,#10224);
#10226=IFCEXTRUDEDAREASOLID(#10221,#10225,#10220,3200.4000000000001);
#10227=IFCSHAPEREPRESENTATION(#11,'Body','SweptSolid',(#10226));
#10228=IFCPRODUCTDEFINITIONSHAPE($,$,(#10227));
#10234=IFCCARTESIANPOINT((39319.200000000004,19507.200000000001,23469.599999999999));
#10235=IFCDIRECTION((0.,0.,1.));
#10236=IFCDIRECTION((6.123233995736766E-17,1.,0.));
#10237=IFCAXIS2PLACEMENT3D(#10234,#10235,#10236);
#10238=IFCLOCALPLACEMENT($,#10237);
#10239=IFCWALL('3m_SMFSdbApBg41V$_9mPg',$,'L7|ONEBR_A',$,$,#10260,#10250,$,$);
#10240=IFCCARTESIANPOINTLIST2D(((0.,0.),(0.,150.),(10363.200000000001,150.),(10363.200000000001,0.),(0.,0.)));
#10241=IFCINDEXEDPOLYCURVE(#10240,$,.F.);
#10242=IFCDIRECTION((0.,0.,1.));
#10243=IFCARBITRARYCLOSEDPROFILEDEF(.AREA.,$,#10241);
#10244=IFCCARTESIANPOINT((0.,0.,0.));
#10245=IFCDIRECTION((0.,0.,1.));
#10246=IFCDIRECTION((1.,0.,0.));
#10247=IFCAXIS2PLACEMENT3D(#10244,#10245,#10246);
#10248=IFCEXTRUDEDAREASOLID(#10243,#10247,#10242,3200.4000000000001);
#10249=IFCSHAPEREPRESENTATION(#11,'Body','SweptSolid',(#10248));
#10250=IFCPRODUCTDEFINITIONSHAPE($,$,(#10249));
#10256=IFCCARTESIANPOINT((14325.6,20726.400000000001,23469.599999999999));
#10257=IFCDIRECTION((0.,0.,1.));
#10258=IFCDIRECTION((1.,0.,0.));
#10259=IFCAXIS2PLACEMENT3D(#10256,#10257,#10258);
#10260=IFCLOCALPLACEMENT($,#10259);
#10261=IFCWALL('3FkDAUwUr8P8KVtKLtL_WF',$,'L7|ONEBR_A',$,$,#10282,#10272,$,$);
#10262=IFCCARTESIANPOINTLIST2D(((0.,0.),(0.,150.),(10363.200000000001,150.),(10363.200000000001,0.),(0.,0.)));
#10263=IFCINDEXEDPOLYCURVE(#10262,$,.F.);
#10264=IFCDIRECTION((0.,0.,1.));
#10265=IFCARBITRARYCLOSEDPROFILEDEF(.AREA.,$,#10263);
#10266=IFCCARTESIANPOINT((0.,0.,0.));
#10267=IFCDIRECTION((0.,0.,1.));
#10268=IFCDIRECTION((1.,0.,0.));
#10269=IFCAXIS2PLACEMENT3D(#10266,#10267,#10268);
#10270=IFCEXTRUDEDAREASOLID(#10265,#10269,#10264,3200.4000000000001);
#10271=IFCSHAPEREPRESENTATION(#11,'Body','SweptSolid',(#10270));
#10272=IFCPRODUCTDEFINITIONSHAPE($,$,(#10271));
#10278=IFCCARTESIANPOINT((14325.6,29870.399999999998,23469.599999999999));
#10279=IFCDIRECTION((0.,0.,1.));
#10280=IFCDIRECTION((1.,0.,0.));
#10281=IFCAXIS2PLACEMENT3D(#10278,#10279,#10280);
#10282=IFCLOCALPLACEMENT($,#10281);
#10283=IFCWALL('3t1xQt3yzAAvZdA8LBzEkn',$,'L7|ONEBR_A',$,$,#10304,#10294,$,$);
#10284=IFCCARTESIANPOINTLIST2D(((0.,0.),(0.,150.),(9144.,150.),(9144.,0.),(0.,0.)));
#10285=IFCINDEXEDPOLYCURVE(#10284,$,.F.);
#10286=IFCDIRECTION((0.,0.,1.));
#10287=IFCARBITRARYCLOSEDPROFILEDEF(.AREA.,$,#10285);
#10288=IFCCARTESIANPOINT((0.,0.,0.));
#10289=IFCDIRECTION((0.,0.,1.));
#10290=IFCDIRECTION((1.,0.,0.));
#10291=IFCAXIS2PLACEMENT3D(#10288,#10289,#10290);
#10292=IFCEXTRUDEDAREASOLID(#10287,#10291,#10286,3200.4000000000001);
#10293=IFCSHAPEREPRESENTATION(#11,'Body','SweptSolid',(#10292));
#10294=IFCPRODUCTDEFINITIONSHAPE($,$,(#10293));
#10300=IFCCARTESIANPOINT((14325.6,20726.400000000001,23469.599999999999));
#10301=IFCDIRECTION((0.,0.,1.));
#10302=IFCDIRECTION((6.123233995736766E-17,1.,0.));
#10303=IFCAXIS2PLACEMENT3D(#10300,#10301,#10302);
#10304=IFCLOCALPLACEMENT($,#10303);
#10305=IFCWALL('0Ak4hzwp16N9Qa2I3MYMQL',$,'L7|ONEBR_A',$,$,#10326,#10316,$,$);
#10306=IFCCARTESIANPOINTLIST2D(((0.,0.),(0.,150.),(9144.,150.),(9144.,0.),(0.,0.)));
#10307=IFCINDEXEDPOLYCURVE(#10306,$,.F.);
#10308=IFCDIRECTION((0.,0.,1.));
#10309=IFCARBITRARYCLOSEDPROFILEDEF(.AREA.,$,#10307);
#10310=IFCCARTESIANPOINT((0.,0.,0.));
#10311=IFCDIRECTION((0.,0.,1.));
#10312=IFCDIRECTION((1.,0.,0.));
#10313=IFCAXIS2PLACEMENT3D(#10310,#10311,#10312);
#10314=IFCEXTRUDEDAREASOLID(#10309,#10313,#10308,3200.4000000000001);
#10315=IFCSHAPEREPRESENTATION(#11,'Body','SweptSolid',(#10314));
#10316=IFCPRODUCTDEFINITIONSHAPE($,$,(#10315));
#10322=IFCCARTESIANPOINT((24688.799999999999,20726.400000000001,23469.599999999999));
#10323=IFCDIRECTION((0.,0.,1.));
#10324=IFCDIRECTION((6.123233995736766E-17,1.,0.));
#10325=IFCAXIS2PLACEMENT3D(#10322,#10323,#10324);
#10326=IFCLOCALPLACEMENT($,#10325);
#10327=IFCWALL('0IK1kkWeLEWRKzwxLiZF1b',$,'L7|TWOBR_A',$,$,#10348,#10338,$,$);
#10328=IFCCARTESIANPOINTLIST2D(((0.,0.),(0.,150.),(10972.800000000001,150.),(10972.800000000001,0.),(0.,0.)));
#10329=IFCINDEXEDPOLYCURVE(#10328,$,.F.);
#10330=IFCDIRECTION((0.,0.,1.));
#10331=IFCARBITRARYCLOSEDPROFILEDEF(.AREA.,$,#10329);
#10332=IFCCARTESIANPOINT((0.,0.,0.));
#10333=IFCDIRECTION((0.,0.,1.));
#10334=IFCDIRECTION((1.,0.,0.));
#10335=IFCAXIS2PLACEMENT3D(#10332,#10333,#10334);
#10336=IFCEXTRUDEDAREASOLID(#10331,#10335,#10330,3200.4000000000001);
#10337=IFCSHAPEREPRESENTATION(#11,'Body','SweptSolid',(#10336));
#10338=IFCPRODUCTDEFINITIONSHAPE($,$,(#10337));
#10344=IFCCARTESIANPOINT((41148.,20726.400000000001,23469.599999999999));
#10345=IFCDIRECTION((0.,0.,1.));
#10346=IFCDIRECTION((1.,0.,0.));
#10347=IFCAXIS2PLACEMENT3D(#10344,#10345,#10346);
#10348=IFCLOCALPLACEMENT($,#10347);
#10349=IFCWALL('34Kd10ten1mAe8urS6h2xg',$,'L7|TWOBR_A',$,$,#10370,#10360,$,$);
#10350=IFCCARTESIANPOINTLIST2D(((0.,0.),(0.,150.),(10972.800000000001,150.),(10972.800000000001,0.),(0.,0.)));
#10351=IFCINDEXEDPOLYCURVE(#10350,$,.F.);
#10352=IFCDIRECTION((0.,0.,1.));
#10353=IFCARBITRARYCLOSEDPROFILEDEF(.AREA.,$,#10351);
#10354=IFCCARTESIANPOINT((0.,0.,0.));
#10355=IFCDIRECTION((0.,0.,1.));
#10356=IFCDIRECTION((1.,0.,0.));
#10357=IFCAXIS2PLACEMENT3D(#10354,#10355,#10356);
#10358=IFCEXTRUDEDAREASOLID(#10353,#10357,#10352,3200.4000000000001);
#10359=IFCSHAPEREPRESENTATION(#11,'Body','SweptSolid',(#10358));
#10360=IFCPRODUCTDEFINITIONSHAPE($,$,(#10359));
#10366=IFCCARTESIANPOINT((41148.,31089.599999999999,23469.599999999999));
#10367=IFCDIRECTION((0.,0.,1.));
#10368=IFCDIRECTION((1.,0.,0.));
#10369=IFCAXIS2PLACEMENT3D(#10366,#10367,#10368);
#10370=IFCLOCALPLACEMENT($,#10369);
#10371=IFCWALL('1EKnEr_rz34QEKcZKDH8tf',$,'L7|TWOBR_A',$,$,#10392,#10382,$,$);
#10372=IFCCARTESIANPOINTLIST2D(((0.,0.),(0.,150.),(10363.200000000001,150.),(10363.200000000001,0.),(0.,0.)));
#10373=IFCINDEXEDPOLYCURVE(#10372,$,.F.);
#10374=IFCDIRECTION((0.,0.,1.));
#10375=IFCARBITRARYCLOSEDPROFILEDEF(.AREA.,$,#10373);
#10376=IFCCARTESIANPOINT((0.,0.,0.));
#10377=IFCDIRECTION((0.,0.,1.));
#10378=IFCDIRECTION((1.,0.,0.));
#10379=IFCAXIS2PLACEMENT3D(#10376,#10377,#10378);
#10380=IFCEXTRUDEDAREASOLID(#10375,#10379,#10374,3200.4000000000001);
#10381=IFCSHAPEREPRESENTATION(#11,'Body','SweptSolid',(#10380));
#10382=IFCPRODUCTDEFINITIONSHAPE($,$,(#10381));
#10388=IFCCARTESIANPOINT((41148.,20726.400000000001,23469.599999999999));
#10389=IFCDIRECTION((0.,0.,1.));
#10390=IFCDIRECTION((6.123233995736766E-17,1.,0.));
#10391=IFCAXIS2PLACEMENT3D(#10388,#10389,#10390);
#10392=IFCLOCALPLACEMENT($,#10391);
#10393=IFCWALL('0nhkllPJL788e8wppbzHZ0',$,'L7|TWOBR_A',$,$,#10414,#10404,$,$);
#10394=IFCCARTESIANPOINTLIST2D(((0.,0.),(0.,150.),(10363.200000000001,150.),(10363.200000000001,0.),(0.,0.)));
#10395=IFCINDEXEDPOLYCURVE(#10394,$,.F.);
#10396=IFCDIRECTION((0.,0.,1.));
#10397=IFCARBITRARYCLOSEDPROFILEDEF(.AREA.,$,#10395);
#10398=IFCCARTESIANPOINT((0.,0.,0.));
#10399=IFCDIRECTION((0.,0.,1.));
#10400=IFCDIRECTION((1.,0.,0.));
#10401=IFCAXIS2PLACEMENT3D(#10398,#10399,#10400);
#10402=IFCEXTRUDEDAREASOLID(#10397,#10401,#10396,3200.4000000000001);
#10403=IFCSHAPEREPRESENTATION(#11,'Body','SweptSolid',(#10402));
#10404=IFCPRODUCTDEFINITIONSHAPE($,$,(#10403));
#10410=IFCCARTESIANPOINT((52120.800000000003,20726.400000000001,23469.599999999999));
#10411=IFCDIRECTION((0.,0.,1.));
#10412=IFCDIRECTION((6.123233995736766E-17,1.,0.));
#10413=IFCAXIS2PLACEMENT3D(#10410,#10411,#10412);
#10414=IFCLOCALPLACEMENT($,#10413);
#10415=IFCWALL('02bWV6wm989e0gb$Q5MvQw',$,'L7|STUDIO_A',$,$,#10436,#10426,$,$);
#10416=IFCCARTESIANPOINTLIST2D(((0.,0.),(0.,150.),(9753.6000000000004,150.),(9753.6000000000004,0.),(0.,0.)));
#10417=IFCINDEXEDPOLYCURVE(#10416,$,.F.);
#10418=IFCDIRECTION((0.,0.,1.));
#10419=IFCARBITRARYCLOSEDPROFILEDEF(.AREA.,$,#10417);
#10420=IFCCARTESIANPOINT((0.,0.,0.));
#10421=IFCDIRECTION((0.,0.,1.));
#10422=IFCDIRECTION((1.,0.,0.));
#10423=IFCAXIS2PLACEMENT3D(#10420,#10421,#10422);
#10424=IFCEXTRUDEDAREASOLID(#10419,#10423,#10418,3200.4000000000001);
#10425=IFCSHAPEREPRESENTATION(#11,'Body','SweptSolid',(#10424));
#10426=IFCPRODUCTDEFINITIONSHAPE($,$,(#10425));
#10432=IFCCARTESIANPOINT((2743.2000000000003,27432.,23469.599999999999));
#10433=IFCDIRECTION((0.,0.,1.));
#10434=IFCDIRECTION((1.,0.,0.));
#10435=IFCAXIS2PLACEMENT3D(#10432,#10433,#10434);
#10436=IFCLOCALPLACEMENT($,#10435);
#10437=IFCWALL('1qTUPyCsX4NAUq1CUAoSNy',$,'L7|STUDIO_A',$,$,#10458,#10448,$,$);
#10438=IFCCARTESIANPOINTLIST2D(((0.,0.),(0.,150.),(9753.6000000000004,150.),(9753.6000000000004,0.),(0.,0.)));
#10439=IFCINDEXEDPOLYCURVE(#10438,$,.F.);
#10440=IFCDIRECTION((0.,0.,1.));
#10441=IFCARBITRARYCLOSEDPROFILEDEF(.AREA.,$,#10439);
#10442=IFCCARTESIANPOINT((0.,0.,0.));
#10443=IFCDIRECTION((0.,0.,1.));
#10444=IFCDIRECTION((1.,0.,0.));
#10445=IFCAXIS2PLACEMENT3D(#10442,#10443,#10444);
#10446=IFCEXTRUDEDAREASOLID(#10441,#10445,#10440,3200.4000000000001);
#10447=IFCSHAPEREPRESENTATION(#11,'Body','SweptSolid',(#10446));
#10448=IFCPRODUCTDEFINITIONSHAPE($,$,(#10447));
#10454=IFCCARTESIANPOINT((2743.2000000000003,35356.799999999996,23469.599999999999));
#10455=IFCDIRECTION((0.,0.,1.));
#10456=IFCDIRECTION((1.,0.,0.));
#10457=IFCAXIS2PLACEMENT3D(#10454,#10455,#10456);
#10458=IFCLOCALPLACEMENT($,#10457);
#10459=IFCWALL('3zJBvvPujAfxzpqoMzKmyP',$,'L7|STUDIO_A',$,$,#10480,#10470,$,$);
#10460=IFCCARTESIANPOINTLIST2D(((0.,0.),(0.,150.),(7924.8000000000002,150.),(7924.8000000000002,0.),(0.,0.)));
#10461=IFCINDEXEDPOLYCURVE(#10460,$,.F.);
#10462=IFCDIRECTION((0.,0.,1.));
#10463=IFCARBITRARYCLOSEDPROFILEDEF(.AREA.,$,#10461);
#10464=IFCCARTESIANPOINT((0.,0.,0.));
#10465=IFCDIRECTION((0.,0.,1.));
#10466=IFCDIRECTION((1.,0.,0.));
#10467=IFCAXIS2PLACEMENT3D(#10464,#10465,#10466);
#10468=IFCEXTRUDEDAREASOLID(#10463,#10467,#10462,3200.4000000000001);
#10469=IFCSHAPEREPRESENTATION(#11,'Body','SweptSolid',(#10468));
#10470=IFCPRODUCTDEFINITIONSHAPE($,$,(#10469));
#10476=IFCCARTESIANPOINT((2743.2000000000003,27432.,23469.599999999999));
#10477=IFCDIRECTION((0.,0.,1.));
#10478=IFCDIRECTION((6.123233995736766E-17,1.,0.));
#10479=IFCAXIS2PLACEMENT3D(#10476,#10477,#10478);
#10480=IFCLOCALPLACEMENT($,#10479);
#10481=IFCWALL('3K6bj6L9X1JP$erc_4tgoN',$,'L7|STUDIO_A',$,$,#10502,#10492,$,$);
#10482=IFCCARTESIANPOINTLIST2D(((0.,0.),(0.,150.),(7924.8000000000002,150.),(7924.8000000000002,0.),(0.,0.)));
#10483=IFCINDEXEDPOLYCURVE(#10482,$,.F.);
#10484=IFCDIRECTION((0.,0.,1.));
#10485=IFCARBITRARYCLOSEDPROFILEDEF(.AREA.,$,#10483);
#10486=IFCCARTESIANPOINT((0.,0.,0.));
#10487=IFCDIRECTION((0.,0.,1.));
#10488=IFCDIRECTION((1.,0.,0.));
#10489=IFCAXIS2PLACEMENT3D(#10486,#10487,#10488);
#10490=IFCEXTRUDEDAREASOLID(#10485,#10489,#10484,3200.4000000000001);
#10491=IFCSHAPEREPRESENTATION(#11,'Body','SweptSolid',(#10490));
#10492=IFCPRODUCTDEFINITIONSHAPE($,$,(#10491));
#10498=IFCCARTESIANPOINT((12496.799999999999,27432.,23469.599999999999));
#10499=IFCDIRECTION((0.,0.,1.));
#10500=IFCDIRECTION((6.123233995736766E-17,1.,0.));
#10501=IFCAXIS2PLACEMENT3D(#10498,#10499,#10500);
#10502=IFCLOCALPLACEMENT($,#10501);
#10503=IFCWALL('0V99C8X5r5vQBnQhpey8cv',$,'L7|ONEBR_A',$,$,#10524,#10514,$,$);
#10504=IFCCARTESIANPOINTLIST2D(((0.,0.),(0.,150.),(10363.200000000001,150.),(10363.200000000001,0.),(0.,0.)));
#10505=IFCINDEXEDPOLYCURVE(#10504,$,.F.);
#10506=IFCDIRECTION((0.,0.,1.));
#10507=IFCARBITRARYCLOSEDPROFILEDEF(.AREA.,$,#10505);
#10508=IFCCARTESIANPOINT((0.,0.,0.));
#10509=IFCDIRECTION((0.,0.,1.));
#10510=IFCDIRECTION((1.,0.,0.));
#10511=IFCAXIS2PLACEMENT3D(#10508,#10509,#10510);
#10512=IFCEXTRUDEDAREASOLID(#10507,#10511,#10506,3200.4000000000001);
#10513=IFCSHAPEREPRESENTATION(#11,'Body','SweptSolid',(#10512));
#10514=IFCPRODUCTDEFINITIONSHAPE($,$,(#10513));
#10520=IFCCARTESIANPOINT((28956.000000000004,28651.200000000001,23469.599999999999));
#10521=IFCDIRECTION((0.,0.,1.));
#10522=IFCDIRECTION((1.,0.,0.));
#10523=IFCAXIS2PLACEMENT3D(#10520,#10521,#10522);
#10524=IFCLOCALPLACEMENT($,#10523);
#10525=IFCWALL('0pisWbhEr14QfxysiDebi8',$,'L7|ONEBR_A',$,$,#10546,#10536,$,$);
#10526=IFCCARTESIANPOINTLIST2D(((0.,0.),(0.,150.),(10363.200000000001,150.),(10363.200000000001,0.),(0.,0.)));
#10527=IFCINDEXEDPOLYCURVE(#10526,$,.F.);
#10528=IFCDIRECTION((0.,0.,1.));
#10529=IFCARBITRARYCLOSEDPROFILEDEF(.AREA.,$,#10527);
#10530=IFCCARTESIANPOINT((0.,0.,0.));
#10531=IFCDIRECTION((0.,0.,1.));
#10532=IFCDIRECTION((1.,0.,0.));
#10533=IFCAXIS2PLACEMENT3D(#10530,#10531,#10532);
#10534=IFCEXTRUDEDAREASOLID(#10529,#10533,#10528,3200.4000000000001);
#10535=IFCSHAPEREPRESENTATION(#11,'Body','SweptSolid',(#10534));
#10536=IFCPRODUCTDEFINITIONSHAPE($,$,(#10535));
#10542=IFCCARTESIANPOINT((28956.000000000004,37795.199999999997,23469.599999999999));
#10543=IFCDIRECTION((0.,0.,1.));
#10544=IFCDIRECTION((1.,0.,0.));
#10545=IFCAXIS2PLACEMENT3D(#10542,#10543,#10544);
#10546=IFCLOCALPLACEMENT($,#10545);
#10547=IFCWALL('1RbhHCc9TAVAaHIKo3swOm',$,'L7|ONEBR_A',$,$,#10568,#10558,$,$);
#10548=IFCCARTESIANPOINTLIST2D(((0.,0.),(0.,150.),(9144.,150.),(9144.,0.),(0.,0.)));
#10549=IFCINDEXEDPOLYCURVE(#10548,$,.F.);
#10550=IFCDIRECTION((0.,0.,1.));
#10551=IFCARBITRARYCLOSEDPROFILEDEF(.AREA.,$,#10549);
#10552=IFCCARTESIANPOINT((0.,0.,0.));
#10553=IFCDIRECTION((0.,0.,1.));
#10554=IFCDIRECTION((1.,0.,0.));
#10555=IFCAXIS2PLACEMENT3D(#10552,#10553,#10554);
#10556=IFCEXTRUDEDAREASOLID(#10551,#10555,#10550,3200.4000000000001);
#10557=IFCSHAPEREPRESENTATION(#11,'Body','SweptSolid',(#10556));
#10558=IFCPRODUCTDEFINITIONSHAPE($,$,(#10557));
#10564=IFCCARTESIANPOINT((28956.000000000004,28651.200000000001,23469.599999999999));
#10565=IFCDIRECTION((0.,0.,1.));
#10566=IFCDIRECTION((6.123233995736766E-17,1.,0.));
#10567=IFCAXIS2PLACEMENT3D(#10564,#10565,#10566);
#10568=IFCLOCALPLACEMENT($,#10567);
#10569=IFCWALL('04dbdvEnXBNh2kCCLu_9lx',$,'L7|ONEBR_A',$,$,#10590,#10580,$,$);
#10570=IFCCARTESIANPOINTLIST2D(((0.,0.),(0.,150.),(9144.,150.),(9144.,0.),(0.,0.)));
#10571=IFCINDEXEDPOLYCURVE(#10570,$,.F.);
#10572=IFCDIRECTION((0.,0.,1.));
#10573=IFCARBITRARYCLOSEDPROFILEDEF(.AREA.,$,#10571);
#10574=IFCCARTESIANPOINT((0.,0.,0.));
#10575=IFCDIRECTION((0.,0.,1.));
#10576=IFCDIRECTION((1.,0.,0.));
#10577=IFCAXIS2PLACEMENT3D(#10574,#10575,#10576);
#10578=IFCEXTRUDEDAREASOLID(#10573,#10577,#10572,3200.4000000000001);
#10579=IFCSHAPEREPRESENTATION(#11,'Body','SweptSolid',(#10578));
#10580=IFCPRODUCTDEFINITIONSHAPE($,$,(#10579));
#10586=IFCCARTESIANPOINT((39319.200000000004,28651.200000000001,23469.599999999999));
#10587=IFCDIRECTION((0.,0.,1.));
#10588=IFCDIRECTION((6.123233995736766E-17,1.,0.));
#10589=IFCAXIS2PLACEMENT3D(#10586,#10587,#10588);
#10590=IFCLOCALPLACEMENT($,#10589);
#10591=IFCWALL('1WIPYspnDDfh_652qd_lW$',$,'L7|TWOBR_A',$,$,#10612,#10602,$,$);
#10592=IFCCARTESIANPOINTLIST2D(((0.,0.),(0.,150.),(10972.800000000001,150.),(10972.800000000001,0.),(0.,0.)));
#10593=IFCINDEXEDPOLYCURVE(#10592,$,.F.);
#10594=IFCDIRECTION((0.,0.,1.));
#10595=IFCARBITRARYCLOSEDPROFILEDEF(.AREA.,$,#10593);
#10596=IFCCARTESIANPOINT((0.,0.,0.));
#10597=IFCDIRECTION((0.,0.,1.));
#10598=IFCDIRECTION((1.,0.,0.));
#10599=IFCAXIS2PLACEMENT3D(#10596,#10597,#10598);
#10600=IFCEXTRUDEDAREASOLID(#10595,#10599,#10594,3200.4000000000001);
#10601=IFCSHAPEREPRESENTATION(#11,'Body','SweptSolid',(#10600));
#10602=IFCPRODUCTDEFINITIONSHAPE($,$,(#10601));
#10608=IFCCARTESIANPOINT((14325.6,29870.399999999998,23469.599999999999));
#10609=IFCDIRECTION((0.,0.,1.));
#10610=IFCDIRECTION((1.,0.,0.));
#10611=IFCAXIS2PLACEMENT3D(#10608,#10609,#10610);
#10612=IFCLOCALPLACEMENT($,#10611);
#10613=IFCWALL('0OXtZOK7f1avlibBE$xN1q',$,'L7|TWOBR_A',$,$,#10634,#10624,$,$);
#10614=IFCCARTESIANPOINTLIST2D(((0.,0.),(0.,150.),(10972.800000000001,150.),(10972.800000000001,0.),(0.,0.)));
#10615=IFCINDEXEDPOLYCURVE(#10614,$,.F.);
#10616=IFCDIRECTION((0.,0.,1.));
#10617=IFCARBITRARYCLOSEDPROFILEDEF(.AREA.,$,#10615);
#10618=IFCCARTESIANPOINT((0.,0.,0.));
#10619=IFCDIRECTION((0.,0.,1.));
#10620=IFCDIRECTION((1.,0.,0.));
#10621=IFCAXIS2PLACEMENT3D(#10618,#10619,#10620);
#10622=IFCEXTRUDEDAREASOLID(#10617,#10621,#10616,3200.4000000000001);
#10623=IFCSHAPEREPRESENTATION(#11,'Body','SweptSolid',(#10622));
#10624=IFCPRODUCTDEFINITIONSHAPE($,$,(#10623));
#10630=IFCCARTESIANPOINT((14325.6,40233.599999999999,23469.599999999999));
#10631=IFCDIRECTION((0.,0.,1.));
#10632=IFCDIRECTION((1.,0.,0.));
#10633=IFCAXIS2PLACEMENT3D(#10630,#10631,#10632);
#10634=IFCLOCALPLACEMENT($,#10633);
#10635=IFCWALL('3LLWuddZ9DBgAQqm3vweHm',$,'L7|TWOBR_A',$,$,#10656,#10646,$,$);
#10636=IFCCARTESIANPOINTLIST2D(((0.,0.),(0.,150.),(10363.200000000001,150.),(10363.200000000001,0.),(0.,0.)));
#10637=IFCINDEXEDPOLYCURVE(#10636,$,.F.);
#10638=IFCDIRECTION((0.,0.,1.));
#10639=IFCARBITRARYCLOSEDPROFILEDEF(.AREA.,$,#10637);
#10640=IFCCARTESIANPOINT((0.,0.,0.));
#10641=IFCDIRECTION((0.,0.,1.));
#10642=IFCDIRECTION((1.,0.,0.));
#10643=IFCAXIS2PLACEMENT3D(#10640,#10641,#10642);
#10644=IFCEXTRUDEDAREASOLID(#10639,#10643,#10638,3200.4000000000001);
#10645=IFCSHAPEREPRESENTATION(#11,'Body','SweptSolid',(#10644));
#10646=IFCPRODUCTDEFINITIONSHAPE($,$,(#10645));
#10652=IFCCARTESIANPOINT((14325.6,29870.399999999998,23469.599999999999));
#10653=IFCDIRECTION((0.,0.,1.));
#10654=IFCDIRECTION((6.123233995736766E-17,1.,0.));
#10655=IFCAXIS2PLACEMENT3D(#10652,#10653,#10654);
#10656=IFCLOCALPLACEMENT($,#10655);
#10657=IFCWALL('31nHH8Uh10Su7GBGE0LQ6q',$,'L7|TWOBR_A',$,$,#10678,#10668,$,$);
#10658=IFCCARTESIANPOINTLIST2D(((0.,0.),(0.,150.),(10363.200000000001,150.),(10363.200000000001,0.),(0.,0.)));
#10659=IFCINDEXEDPOLYCURVE(#10658,$,.F.);
#10660=IFCDIRECTION((0.,0.,1.));
#10661=IFCARBITRARYCLOSEDPROFILEDEF(.AREA.,$,#10659);
#10662=IFCCARTESIANPOINT((0.,0.,0.));
#10663=IFCDIRECTION((0.,0.,1.));
#10664=IFCDIRECTION((1.,0.,0.));
#10665=IFCAXIS2PLACEMENT3D(#10662,#10663,#10664);
#10666=IFCEXTRUDEDAREASOLID(#10661,#10665,#10660,3200.4000000000001);
#10667=IFCSHAPEREPRESENTATION(#11,'Body','SweptSolid',(#10666));
#10668=IFCPRODUCTDEFINITIONSHAPE($,$,(#10667));
#10674=IFCCARTESIANPOINT((25298.400000000001,29870.399999999998,23469.599999999999));
#10675=IFCDIRECTION((0.,0.,1.));
#10676=IFCDIRECTION((6.123233995736766E-17,1.,0.));
#10677=IFCAXIS2PLACEMENT3D(#10674,#10675,#10676);
#10678=IFCLOCALPLACEMENT($,#10677);
#10679=IFCWALL('3VjJa8Dev10fLMQrobtBIr',$,'L7|ONEBR_A',$,$,#10700,#10690,$,$);
#10680=IFCCARTESIANPOINTLIST2D(((0.,0.),(0.,150.),(10363.200000000001,150.),(10363.200000000001,0.),(0.,0.)));
#10681=IFCINDEXEDPOLYCURVE(#10680,$,.F.);
#10682=IFCDIRECTION((0.,0.,1.));
#10683=IFCARBITRARYCLOSEDPROFILEDEF(.AREA.,$,#10681);
#10684=IFCCARTESIANPOINT((0.,0.,0.));
#10685=IFCDIRECTION((0.,0.,1.));
#10686=IFCDIRECTION((1.,0.,0.));
#10687=IFCAXIS2PLACEMENT3D(#10684,#10685,#10686);
#10688=IFCEXTRUDEDAREASOLID(#10683,#10687,#10682,3200.4000000000001);
#10689=IFCSHAPEREPRESENTATION(#11,'Body','SweptSolid',(#10688));
#10690=IFCPRODUCTDEFINITIONSHAPE($,$,(#10689));
#10696=IFCCARTESIANPOINT((41148.,31089.599999999999,23469.599999999999));
#10697=IFCDIRECTION((0.,0.,1.));
#10698=IFCDIRECTION((1.,0.,0.));
#10699=IFCAXIS2PLACEMENT3D(#10696,#10697,#10698);
#10700=IFCLOCALPLACEMENT($,#10699);
#10701=IFCWALL('0mC4$9cnHBJQWrW$qOh0kc',$,'L7|ONEBR_A',$,$,#10722,#10712,$,$);
#10702=IFCCARTESIANPOINTLIST2D(((0.,0.),(0.,150.),(10363.200000000001,150.),(10363.200000000001,0.),(0.,0.)));
#10703=IFCINDEXEDPOLYCURVE(#10702,$,.F.);
#10704=IFCDIRECTION((0.,0.,1.));
#10705=IFCARBITRARYCLOSEDPROFILEDEF(.AREA.,$,#10703);
#10706=IFCCARTESIANPOINT((0.,0.,0.));
#10707=IFCDIRECTION((0.,0.,1.));
#10708=IFCDIRECTION((1.,0.,0.));
#10709=IFCAXIS2PLACEMENT3D(#10706,#10707,#10708);
#10710=IFCEXTRUDEDAREASOLID(#10705,#10709,#10704,3200.4000000000001);
#10711=IFCSHAPEREPRESENTATION(#11,'Body','SweptSolid',(#10710));
#10712=IFCPRODUCTDEFINITIONSHAPE($,$,(#10711));
#10718=IFCCARTESIANPOINT((41148.,40233.599999999999,23469.599999999999));
#10719=IFCDIRECTION((0.,0.,1.));
#10720=IFCDIRECTION((1.,0.,0.));
#10721=IFCAXIS2PLACEMENT3D(#10718,#10719,#10720);
#10722=IFCLOCALPLACEMENT($,#10721);
#10723=IFCWALL('0jg6NCs_13mvDdYvhWfQtr',$,'L7|ONEBR_A',$,$,#10744,#10734,$,$);
#10724=IFCCARTESIANPOINTLIST2D(((0.,0.),(0.,150.),(9144.,150.),(9144.,0.),(0.,0.)));
#10725=IFCINDEXEDPOLYCURVE(#10724,$,.F.);
#10726=IFCDIRECTION((0.,0.,1.));
#10727=IFCARBITRARYCLOSEDPROFILEDEF(.AREA.,$,#10725);
#10728=IFCCARTESIANPOINT((0.,0.,0.));
#10729=IFCDIRECTION((0.,0.,1.));
#10730=IFCDIRECTION((1.,0.,0.));
#10731=IFCAXIS2PLACEMENT3D(#10728,#10729,#10730);
#10732=IFCEXTRUDEDAREASOLID(#10727,#10731,#10726,3200.4000000000001);
#10733=IFCSHAPEREPRESENTATION(#11,'Body','SweptSolid',(#10732));
#10734=IFCPRODUCTDEFINITIONSHAPE($,$,(#10733));
#10740=IFCCARTESIANPOINT((41148.,31089.599999999999,23469.599999999999));
#10741=IFCDIRECTION((0.,0.,1.));
#10742=IFCDIRECTION((6.123233995736766E-17,1.,0.));
#10743=IFCAXIS2PLACEMENT3D(#10740,#10741,#10742);
#10744=IFCLOCALPLACEMENT($,#10743);
#10745=IFCWALL('17of7xt2X5EeV5AhEMe716',$,'L7|ONEBR_A',$,$,#10766,#10756,$,$);
#10746=IFCCARTESIANPOINTLIST2D(((0.,0.),(0.,150.),(9144.,150.),(9144.,0.),(0.,0.)));
#10747=IFCINDEXEDPOLYCURVE(#10746,$,.F.);
#10748=IFCDIRECTION((0.,0.,1.));
#10749=IFCARBITRARYCLOSEDPROFILEDEF(.AREA.,$,#10747);
#10750=IFCCARTESIANPOINT((0.,0.,0.));
#10751=IFCDIRECTION((0.,0.,1.));
#10752=IFCDIRECTION((1.,0.,0.));
#10753=IFCAXIS2PLACEMENT3D(#10750,#10751,#10752);
#10754=IFCEXTRUDEDAREASOLID(#10749,#10753,#10748,3200.4000000000001);
#10755=IFCSHAPEREPRESENTATION(#11,'Body','SweptSolid',(#10754));
#10756=IFCPRODUCTDEFINITIONSHAPE($,$,(#10755));
#10762=IFCCARTESIANPOINT((51511.200000000004,31089.599999999999,23469.599999999999));
#10763=IFCDIRECTION((0.,0.,1.));
#10764=IFCDIRECTION((6.123233995736766E-17,1.,0.));
#10765=IFCAXIS2PLACEMENT3D(#10762,#10763,#10764);
#10766=IFCLOCALPLACEMENT($,#10765);
#10767=IFCWALL('13xBgfnWP3UQSuxjH76ES5',$,'L7|TWOBR_A',$,$,#10788,#10778,$,$);
#10768=IFCCARTESIANPOINTLIST2D(((0.,0.),(0.,150.),(10972.800000000001,150.),(10972.800000000001,0.),(0.,0.)));
#10769=IFCINDEXEDPOLYCURVE(#10768,$,.F.);
#10770=IFCDIRECTION((0.,0.,1.));
#10771=IFCARBITRARYCLOSEDPROFILEDEF(.AREA.,$,#10769);
#10772=IFCCARTESIANPOINT((0.,0.,0.));
#10773=IFCDIRECTION((0.,0.,1.));
#10774=IFCDIRECTION((1.,0.,0.));
#10775=IFCAXIS2PLACEMENT3D(#10772,#10773,#10774);
#10776=IFCEXTRUDEDAREASOLID(#10771,#10775,#10770,3200.4000000000001);
#10777=IFCSHAPEREPRESENTATION(#11,'Body','SweptSolid',(#10776));
#10778=IFCPRODUCTDEFINITIONSHAPE($,$,(#10777));
#10784=IFCCARTESIANPOINT((1524.,35356.799999999996,23469.599999999999));
#10785=IFCDIRECTION((0.,0.,1.));
#10786=IFCDIRECTION((1.,0.,0.));
#10787=IFCAXIS2PLACEMENT3D(#10784,#10785,#10786);
#10788=IFCLOCALPLACEMENT($,#10787);
#10789=IFCWALL('3MxYjfTgLDp9ByfANff4uu',$,'L7|TWOBR_A',$,$,#10810,#10800,$,$);
#10790=IFCCARTESIANPOINTLIST2D(((0.,0.),(0.,150.),(10972.800000000001,150.),(10972.800000000001,0.),(0.,0.)));
#10791=IFCINDEXEDPOLYCURVE(#10790,$,.F.);
#10792=IFCDIRECTION((0.,0.,1.));
#10793=IFCARBITRARYCLOSEDPROFILEDEF(.AREA.,$,#10791);
#10794=IFCCARTESIANPOINT((0.,0.,0.));
#10795=IFCDIRECTION((0.,0.,1.));
#10796=IFCDIRECTION((1.,0.,0.));
#10797=IFCAXIS2PLACEMENT3D(#10794,#10795,#10796);
#10798=IFCEXTRUDEDAREASOLID(#10793,#10797,#10792,3200.4000000000001);
#10799=IFCSHAPEREPRESENTATION(#11,'Body','SweptSolid',(#10798));
#10800=IFCPRODUCTDEFINITIONSHAPE($,$,(#10799));
#10806=IFCCARTESIANPOINT((1524.,45720.,23469.599999999999));
#10807=IFCDIRECTION((0.,0.,1.));
#10808=IFCDIRECTION((1.,0.,0.));
#10809=IFCAXIS2PLACEMENT3D(#10806,#10807,#10808);
#10810=IFCLOCALPLACEMENT($,#10809);
#10811=IFCWALL('30AKcNgxbCBP63$dY3g42e',$,'L7|TWOBR_A',$,$,#10832,#10822,$,$);
#10812=IFCCARTESIANPOINTLIST2D(((0.,0.),(0.,150.),(10363.200000000001,150.),(10363.200000000001,0.),(0.,0.)));
#10813=IFCINDEXEDPOLYCURVE(#10812,$,.F.);
#10814=IFCDIRECTION((0.,0.,1.));
#10815=IFCARBITRARYCLOSEDPROFILEDEF(.AREA.,$,#10813);
#10816=IFCCARTESIANPOINT((0.,0.,0.));
#10817=IFCDIRECTION((0.,0.,1.));
#10818=IFCDIRECTION((1.,0.,0.));
#10819=IFCAXIS2PLACEMENT3D(#10816,#10817,#10818);
#10820=IFCEXTRUDEDAREASOLID(#10815,#10819,#10814,3200.4000000000001);
#10821=IFCSHAPEREPRESENTATION(#11,'Body','SweptSolid',(#10820));
#10822=IFCPRODUCTDEFINITIONSHAPE($,$,(#10821));
#10828=IFCCARTESIANPOINT((1524.,35356.799999999996,23469.599999999999));
#10829=IFCDIRECTION((0.,0.,1.));
#10830=IFCDIRECTION((6.123233995736766E-17,1.,0.));
#10831=IFCAXIS2PLACEMENT3D(#10828,#10829,#10830);
#10832=IFCLOCALPLACEMENT($,#10831);
#10833=IFCWALL('3bhOKg4TLCWxIhNln7bpBk',$,'L7|TWOBR_A',$,$,#10854,#10844,$,$);
#10834=IFCCARTESIANPOINTLIST2D(((0.,0.),(0.,150.),(10363.200000000001,150.),(10363.200000000001,0.),(0.,0.)));
#10835=IFCINDEXEDPOLYCURVE(#10834,$,.F.);
#10836=IFCDIRECTION((0.,0.,1.));
#10837=IFCARBITRARYCLOSEDPROFILEDEF(.AREA.,$,#10835);
#10838=IFCCARTESIANPOINT((0.,0.,0.));
#10839=IFCDIRECTION((0.,0.,1.));
#10840=IFCDIRECTION((1.,0.,0.));
#10841=IFCAXIS2PLACEMENT3D(#10838,#10839,#10840);
#10842=IFCEXTRUDEDAREASOLID(#10837,#10841,#10836,3200.4000000000001);
#10843=IFCSHAPEREPRESENTATION(#11,'Body','SweptSolid',(#10842));
#10844=IFCPRODUCTDEFINITIONSHAPE($,$,(#10843));
#10850=IFCCARTESIANPOINT((12496.799999999999,35356.799999999996,23469.599999999999));
#10851=IFCDIRECTION((0.,0.,1.));
#10852=IFCDIRECTION((6.123233995736766E-17,1.,0.));
#10853=IFCAXIS2PLACEMENT3D(#10850,#10851,#10852);
#10854=IFCLOCALPLACEMENT($,#10853);
#10855=IFCWALL('08Cpy8lxX7buS1CpQ9Vy9k',$,'L7|ONEBR_A',$,$,#10876,#10866,$,$);
#10856=IFCCARTESIANPOINTLIST2D(((0.,0.),(0.,150.),(10363.200000000001,150.),(10363.200000000001,0.),(0.,0.)));
#10857=IFCINDEXEDPOLYCURVE(#10856,$,.F.);
#10858=IFCDIRECTION((0.,0.,1.));
#10859=IFCARBITRARYCLOSEDPROFILEDEF(.AREA.,$,#10857);
#10860=IFCCARTESIANPOINT((0.,0.,0.));
#10861=IFCDIRECTION((0.,0.,1.));
#10862=IFCDIRECTION((1.,0.,0.));
#10863=IFCAXIS2PLACEMENT3D(#10860,#10861,#10862);
#10864=IFCEXTRUDEDAREASOLID(#10859,#10863,#10858,3200.4000000000001);
#10865=IFCSHAPEREPRESENTATION(#11,'Body','SweptSolid',(#10864));
#10866=IFCPRODUCTDEFINITIONSHAPE($,$,(#10865));
#10872=IFCCARTESIANPOINT((28956.000000000004,37795.199999999997,23469.599999999999));
#10873=IFCDIRECTION((0.,0.,1.));
#10874=IFCDIRECTION((1.,0.,0.));
#10875=IFCAXIS2PLACEMENT3D(#10872,#10873,#10874);
#10876=IFCLOCALPLACEMENT($,#10875);
#10877=IFCWALL('3NUfCoXWf75fFl_J09bgmn',$,'L7|ONEBR_A',$,$,#10898,#10888,$,$);
#10878=IFCCARTESIANPOINTLIST2D(((0.,0.),(0.,150.),(10363.200000000001,150.),(10363.200000000001,0.),(0.,0.)));
#10879=IFCINDEXEDPOLYCURVE(#10878,$,.F.);
#10880=IFCDIRECTION((0.,0.,1.));
#10881=IFCARBITRARYCLOSEDPROFILEDEF(.AREA.,$,#10879);
#10882=IFCCARTESIANPOINT((0.,0.,0.));
#10883=IFCDIRECTION((0.,0.,1.));
#10884=IFCDIRECTION((1.,0.,0.));
#10885=IFCAXIS2PLACEMENT3D(#10882,#10883,#10884);
#10886=IFCEXTRUDEDAREASOLID(#10881,#10885,#10880,3200.4000000000001);
#10887=IFCSHAPEREPRESENTATION(#11,'Body','SweptSolid',(#10886));
#10888=IFCPRODUCTDEFINITIONSHAPE($,$,(#10887));
#10894=IFCCARTESIANPOINT((28956.000000000004,46939.199999999997,23469.599999999999));
#10895=IFCDIRECTION((0.,0.,1.));
#10896=IFCDIRECTION((1.,0.,0.));
#10897=IFCAXIS2PLACEMENT3D(#10894,#10895,#10896);
#10898=IFCLOCALPLACEMENT($,#10897);
#10899=IFCWALL('2m4cBa5qD4EA4NJMIHcGCT',$,'L7|ONEBR_A',$,$,#10920,#10910,$,$);
#10900=IFCCARTESIANPOINTLIST2D(((0.,0.),(0.,150.),(9144.,150.),(9144.,0.),(0.,0.)));
#10901=IFCINDEXEDPOLYCURVE(#10900,$,.F.);
#10902=IFCDIRECTION((0.,0.,1.));
#10903=IFCARBITRARYCLOSEDPROFILEDEF(.AREA.,$,#10901);
#10904=IFCCARTESIANPOINT((0.,0.,0.));
#10905=IFCDIRECTION((0.,0.,1.));
#10906=IFCDIRECTION((1.,0.,0.));
#10907=IFCAXIS2PLACEMENT3D(#10904,#10905,#10906);
#10908=IFCEXTRUDEDAREASOLID(#10903,#10907,#10902,3200.4000000000001);
#10909=IFCSHAPEREPRESENTATION(#11,'Body','SweptSolid',(#10908));
#10910=IFCPRODUCTDEFINITIONSHAPE($,$,(#10909));
#10916=IFCCARTESIANPOINT((28956.000000000004,37795.199999999997,23469.599999999999));
#10917=IFCDIRECTION((0.,0.,1.));
#10918=IFCDIRECTION((6.123233995736766E-17,1.,0.));
#10919=IFCAXIS2PLACEMENT3D(#10916,#10917,#10918);
#10920=IFCLOCALPLACEMENT($,#10919);
#10921=IFCWALL('23RufoudjFUvaOdrUMuDcN',$,'L7|ONEBR_A',$,$,#10942,#10932,$,$);
#10922=IFCCARTESIANPOINTLIST2D(((0.,0.),(0.,150.),(9144.,150.),(9144.,0.),(0.,0.)));
#10923=IFCINDEXEDPOLYCURVE(#10922,$,.F.);
#10924=IFCDIRECTION((0.,0.,1.));
#10925=IFCARBITRARYCLOSEDPROFILEDEF(.AREA.,$,#10923);
#10926=IFCCARTESIANPOINT((0.,0.,0.));
#10927=IFCDIRECTION((0.,0.,1.));
#10928=IFCDIRECTION((1.,0.,0.));
#10929=IFCAXIS2PLACEMENT3D(#10926,#10927,#10928);
#10930=IFCEXTRUDEDAREASOLID(#10925,#10929,#10924,3200.4000000000001);
#10931=IFCSHAPEREPRESENTATION(#11,'Body','SweptSolid',(#10930));
#10932=IFCPRODUCTDEFINITIONSHAPE($,$,(#10931));
#10938=IFCCARTESIANPOINT((39319.200000000004,37795.199999999997,23469.599999999999));
#10939=IFCDIRECTION((0.,0.,1.));
#10940=IFCDIRECTION((6.123233995736766E-17,1.,0.));
#10941=IFCAXIS2PLACEMENT3D(#10938,#10939,#10940);
#10942=IFCLOCALPLACEMENT($,#10941);
#10943=IFCWALL('12s50x57T048NV8tM$ePHH',$,'L7|STUDIO_A',$,$,#10964,#10954,$,$);
#10944=IFCCARTESIANPOINTLIST2D(((0.,0.),(0.,150.),(9753.6000000000004,150.),(9753.6000000000004,0.),(0.,0.)));
#10945=IFCINDEXEDPOLYCURVE(#10944,$,.F.);
#10946=IFCDIRECTION((0.,0.,1.));
#10947=IFCARBITRARYCLOSEDPROFILEDEF(.AREA.,$,#10945);
#10948=IFCCARTESIANPOINT((0.,0.,0.));
#10949=IFCDIRECTION((0.,0.,1.));
#10950=IFCDIRECTION((1.,0.,0.));
#10951=IFCAXIS2PLACEMENT3D(#10948,#10949,#10950);
#10952=IFCEXTRUDEDAREASOLID(#10947,#10951,#10946,3200.4000000000001);
#10953=IFCSHAPEREPRESENTATION(#11,'Body','SweptSolid',(#10952));
#10954=IFCPRODUCTDEFINITIONSHAPE($,$,(#10953));
#10960=IFCCARTESIANPOINT((14325.6,40233.599999999999,23469.599999999999));
#10961=IFCDIRECTION((0.,0.,1.));
#10962=IFCDIRECTION((1.,0.,0.));
#10963=IFCAXIS2PLACEMENT3D(#10960,#10961,#10962);
#10964=IFCLOCALPLACEMENT($,#10963);
#10965=IFCWALL('1pUu$FsOP1SxnRl8wwoCDu',$,'L7|STUDIO_A',$,$,#10986,#10976,$,$);
#10966=IFCCARTESIANPOINTLIST2D(((0.,0.),(0.,150.),(9753.6000000000004,150.),(9753.6000000000004,0.),(0.,0.)));
#10967=IFCINDEXEDPOLYCURVE(#10966,$,.F.);
#10968=IFCDIRECTION((0.,0.,1.));
#10969=IFCARBITRARYCLOSEDPROFILEDEF(.AREA.,$,#10967);
#10970=IFCCARTESIANPOINT((0.,0.,0.));
#10971=IFCDIRECTION((0.,0.,1.));
#10972=IFCDIRECTION((1.,0.,0.));
#10973=IFCAXIS2PLACEMENT3D(#10970,#10971,#10972);
#10974=IFCEXTRUDEDAREASOLID(#10969,#10973,#10968,3200.4000000000001);
#10975=IFCSHAPEREPRESENTATION(#11,'Body','SweptSolid',(#10974));
#10976=IFCPRODUCTDEFINITIONSHAPE($,$,(#10975));
#10982=IFCCARTESIANPOINT((14325.6,48158.400000000001,23469.599999999999));
#10983=IFCDIRECTION((0.,0.,1.));
#10984=IFCDIRECTION((1.,0.,0.));
#10985=IFCAXIS2PLACEMENT3D(#10982,#10983,#10984);
#10986=IFCLOCALPLACEMENT($,#10985);
#10987=IFCWALL('1PHeDf94f3jxcoRKl6amEQ',$,'L7|STUDIO_A',$,$,#11008,#10998,$,$);
#10988=IFCCARTESIANPOINTLIST2D(((0.,0.),(0.,150.),(7924.8000000000002,150.),(7924.8000000000002,0.),(0.,0.)));
#10989=IFCINDEXEDPOLYCURVE(#10988,$,.F.);
#10990=IFCDIRECTION((0.,0.,1.));
#10991=IFCARBITRARYCLOSEDPROFILEDEF(.AREA.,$,#10989);
#10992=IFCCARTESIANPOINT((0.,0.,0.));
#10993=IFCDIRECTION((0.,0.,1.));
#10994=IFCDIRECTION((1.,0.,0.));
#10995=IFCAXIS2PLACEMENT3D(#10992,#10993,#10994);
#10996=IFCEXTRUDEDAREASOLID(#10991,#10995,#10990,3200.4000000000001);
#10997=IFCSHAPEREPRESENTATION(#11,'Body','SweptSolid',(#10996));
#10998=IFCPRODUCTDEFINITIONSHAPE($,$,(#10997));
#11004=IFCCARTESIANPOINT((14325.6,40233.599999999999,23469.599999999999));
#11005=IFCDIRECTION((0.,0.,1.));
#11006=IFCDIRECTION((6.123233995736766E-17,1.,0.));
#11007=IFCAXIS2PLACEMENT3D(#11004,#11005,#11006);
#11008=IFCLOCALPLACEMENT($,#11007);
#11009=IFCWALL('0IqyeN7v18pRkQC3EZciAQ',$,'L7|STUDIO_A',$,$,#11030,#11020,$,$);
#11010=IFCCARTESIANPOINTLIST2D(((0.,0.),(0.,150.),(7924.8000000000002,150.),(7924.8000000000002,0.),(0.,0.)));
#11011=IFCINDEXEDPOLYCURVE(#11010,$,.F.);
#11012=IFCDIRECTION((0.,0.,1.));
#11013=IFCARBITRARYCLOSEDPROFILEDEF(.AREA.,$,#11011);
#11014=IFCCARTESIANPOINT((0.,0.,0.));
#11015=IFCDIRECTION((0.,0.,1.));
#11016=IFCDIRECTION((1.,0.,0.));
#11017=IFCAXIS2PLACEMENT3D(#11014,#11015,#11016);
#11018=IFCEXTRUDEDAREASOLID(#11013,#11017,#11012,3200.4000000000001);
#11019=IFCSHAPEREPRESENTATION(#11,'Body','SweptSolid',(#11018));
#11020=IFCPRODUCTDEFINITIONSHAPE($,$,(#11019));
#11026=IFCCARTESIANPOINT((24079.200000000001,40233.599999999999,23469.599999999999));
#11027=IFCDIRECTION((0.,0.,1.));
#11028=IFCDIRECTION((6.123233995736766E-17,1.,0.));
#11029=IFCAXIS2PLACEMENT3D(#11026,#11027,#11028);
#11030=IFCLOCALPLACEMENT($,#11029);
#11031=IFCWALL('2xZS9Hdd94HxFCEvpTi9Gn',$,'L7|TWOBR_A',$,$,#11052,#11042,$,$);
#11032=IFCCARTESIANPOINTLIST2D(((0.,0.),(0.,150.),(10972.800000000001,150.),(10972.800000000001,0.),(0.,0.)));
#11033=IFCINDEXEDPOLYCURVE(#11032,$,.F.);
#11034=IFCDIRECTION((0.,0.,1.));
#11035=IFCARBITRARYCLOSEDPROFILEDEF(.AREA.,$,#11033);
#11036=IFCCARTESIANPOINT((0.,0.,0.));
#11037=IFCDIRECTION((0.,0.,1.));
#11038=IFCDIRECTION((1.,0.,0.));
#11039=IFCAXIS2PLACEMENT3D(#11036,#11037,#11038);
#11040=IFCEXTRUDEDAREASOLID(#11035,#11039,#11034,3200.4000000000001);
#11041=IFCSHAPEREPRESENTATION(#11,'Body','SweptSolid',(#11040));
#11042=IFCPRODUCTDEFINITIONSHAPE($,$,(#11041));
#11048=IFCCARTESIANPOINT((41148.,40233.599999999999,23469.599999999999));
#11049=IFCDIRECTION((0.,0.,1.));
#11050=IFCDIRECTION((1.,0.,0.));
#11051=IFCAXIS2PLACEMENT3D(#11048,#11049,#11050);
#11052=IFCLOCALPLACEMENT($,#11051);
#11053=IFCWALL('2QM2ipKZ5EeuICyngobEed',$,'L7|TWOBR_A',$,$,#11074,#11064,$,$);
#11054=IFCCARTESIANPOINTLIST2D(((0.,0.),(0.,150.),(10972.800000000001,150.),(10972.800000000001,0.),(0.,0.)));
#11055=IFCINDEXEDPOLYCURVE(#11054,$,.F.);
#11056=IFCDIRECTION((0.,0.,1.));
#11057=IFCARBITRARYCLOSEDPROFILEDEF(.AREA.,$,#11055);
#11058=IFCCARTESIANPOINT((0.,0.,0.));
#11059=IFCDIRECTION((0.,0.,1.));
#11060=IFCDIRECTION((1.,0.,0.));
#11061=IFCAXIS2PLACEMENT3D(#11058,#11059,#11060);
#11062=IFCEXTRUDEDAREASOLID(#11057,#11061,#11056,3200.4000000000001);
#11063=IFCSHAPEREPRESENTATION(#11,'Body','SweptSolid',(#11062));
#11064=IFCPRODUCTDEFINITIONSHAPE($,$,(#11063));
#11070=IFCCARTESIANPOINT((41148.,50596.800000000003,23469.599999999999));
#11071=IFCDIRECTION((0.,0.,1.));
#11072=IFCDIRECTION((1.,0.,0.));
#11073=IFCAXIS2PLACEMENT3D(#11070,#11071,#11072);
#11074=IFCLOCALPLACEMENT($,#11073);
#11075=IFCWALL('2tgO8exs98Lvgt0aVv7tVy',$,'L7|TWOBR_A',$,$,#11096,#11086,$,$);
#11076=IFCCARTESIANPOINTLIST2D(((0.,0.),(0.,150.),(10363.200000000001,150.),(10363.200000000001,0.),(0.,0.)));
#11077=IFCINDEXEDPOLYCURVE(#11076,$,.F.);
#11078=IFCDIRECTION((0.,0.,1.));
#11079=IFCARBITRARYCLOSEDPROFILEDEF(.AREA.,$,#11077);
#11080=IFCCARTESIANPOINT((0.,0.,0.));
#11081=IFCDIRECTION((0.,0.,1.));
#11082=IFCDIRECTION((1.,0.,0.));
#11083=IFCAXIS2PLACEMENT3D(#11080,#11081,#11082);
#11084=IFCEXTRUDEDAREASOLID(#11079,#11083,#11078,3200.4000000000001);
#11085=IFCSHAPEREPRESENTATION(#11,'Body','SweptSolid',(#11084));
#11086=IFCPRODUCTDEFINITIONSHAPE($,$,(#11085));
#11092=IFCCARTESIANPOINT((41148.,40233.599999999999,23469.599999999999));
#11093=IFCDIRECTION((0.,0.,1.));
#11094=IFCDIRECTION((6.123233995736766E-17,1.,0.));
#11095=IFCAXIS2PLACEMENT3D(#11092,#11093,#11094);
#11096=IFCLOCALPLACEMENT($,#11095);
#11097=IFCWALL('1O1u6QB910VBHB5do8OoQa',$,'L7|TWOBR_A',$,$,#11118,#11108,$,$);
#11098=IFCCARTESIANPOINTLIST2D(((0.,0.),(0.,150.),(10363.200000000001,150.),(10363.200000000001,0.),(0.,0.)));
#11099=IFCINDEXEDPOLYCURVE(#11098,$,.F.);
#11100=IFCDIRECTION((0.,0.,1.));
#11101=IFCARBITRARYCLOSEDPROFILEDEF(.AREA.,$,#11099);
#11102=IFCCARTESIANPOINT((0.,0.,0.));
#11103=IFCDIRECTION((0.,0.,1.));
#11104=IFCDIRECTION((1.,0.,0.));
#11105=IFCAXIS2PLACEMENT3D(#11102,#11103,#11104);
#11106=IFCEXTRUDEDAREASOLID(#11101,#11105,#11100,3200.4000000000001);
#11107=IFCSHAPEREPRESENTATION(#11,'Body','SweptSolid',(#11106));
#11108=IFCPRODUCTDEFINITIONSHAPE($,$,(#11107));
#11114=IFCCARTESIANPOINT((52120.800000000003,40233.599999999999,23469.599999999999));
#11115=IFCDIRECTION((0.,0.,1.));
#11116=IFCDIRECTION((6.123233995736766E-17,1.,0.));
#11117=IFCAXIS2PLACEMENT3D(#11114,#11115,#11116);
#11118=IFCLOCALPLACEMENT($,#11117);
#11119=IFCWALL('07MxaZBDP1lvqGqicKEQuI',$,'L7|ONEBR_A',$,$,#11140,#11130,$,$);
#11120=IFCCARTESIANPOINTLIST2D(((0.,0.),(0.,150.),(10363.200000000001,150.),(10363.200000000001,0.),(0.,0.)));
#11121=IFCINDEXEDPOLYCURVE(#11120,$,.F.);
#11122=IFCDIRECTION((0.,0.,1.));
#11123=IFCARBITRARYCLOSEDPROFILEDEF(.AREA.,$,#11121);
#11124=IFCCARTESIANPOINT((0.,0.,0.));
#11125=IFCDIRECTION((0.,0.,1.));
#11126=IFCDIRECTION((1.,0.,0.));
#11127=IFCAXIS2PLACEMENT3D(#11124,#11125,#11126);
#11128=IFCEXTRUDEDAREASOLID(#11123,#11127,#11122,3200.4000000000001);
#11129=IFCSHAPEREPRESENTATION(#11,'Body','SweptSolid',(#11128));
#11130=IFCPRODUCTDEFINITIONSHAPE($,$,(#11129));
#11136=IFCCARTESIANPOINT((2133.5999999999999,45720.,23469.599999999999));
#11137=IFCDIRECTION((0.,0.,1.));
#11138=IFCDIRECTION((1.,0.,0.));
#11139=IFCAXIS2PLACEMENT3D(#11136,#11137,#11138);
#11140=IFCLOCALPLACEMENT($,#11139);
#11141=IFCWALL('3CmufYlPL36g7fCENFO8CO',$,'L7|ONEBR_A',$,$,#11162,#11152,$,$);
#11142=IFCCARTESIANPOINTLIST2D(((0.,0.),(0.,150.),(10363.200000000001,150.),(10363.200000000001,0.),(0.,0.)));
#11143=IFCINDEXEDPOLYCURVE(#11142,$,.F.);
#11144=IFCDIRECTION((0.,0.,1.));
#11145=IFCARBITRARYCLOSEDPROFILEDEF(.AREA.,$,#11143);
#11146=IFCCARTESIANPOINT((0.,0.,0.));
#11147=IFCDIRECTION((0.,0.,1.));
#11148=IFCDIRECTION((1.,0.,0.));
#11149=IFCAXIS2PLACEMENT3D(#11146,#11147,#11148);
#11150=IFCEXTRUDEDAREASOLID(#11145,#11149,#11144,3200.4000000000001);
#11151=IFCSHAPEREPRESENTATION(#11,'Body','SweptSolid',(#11150));
#11152=IFCPRODUCTDEFINITIONSHAPE($,$,(#11151));
#11158=IFCCARTESIANPOINT((2133.5999999999999,54864.,23469.599999999999));
#11159=IFCDIRECTION((0.,0.,1.));
#11160=IFCDIRECTION((1.,0.,0.));
#11161=IFCAXIS2PLACEMENT3D(#11158,#11159,#11160);
#11162=IFCLOCALPLACEMENT($,#11161);
#11163=IFCWALL('1Ksi1VR$91efpq525YNSxP',$,'L7|ONEBR_A',$,$,#11184,#11174,$,$);
#11164=IFCCARTESIANPOINTLIST2D(((0.,0.),(0.,150.),(9144.,150.),(9144.,0.),(0.,0.)));
#11165=IFCINDEXEDPOLYCURVE(#11164,$,.F.);
#11166=IFCDIRECTION((0.,0.,1.));
#11167=IFCARBITRARYCLOSEDPROFILEDEF(.AREA.,$,#11165);
#11168=IFCCARTESIANPOINT((0.,0.,0.));
#11169=IFCDIRECTION((0.,0.,1.));
#11170=IFCDIRECTION((1.,0.,0.));
#11171=IFCAXIS2PLACEMENT3D(#11168,#11169,#11170);
#11172=IFCEXTRUDEDAREASOLID(#11167,#11171,#11166,3200.4000000000001);
#11173=IFCSHAPEREPRESENTATION(#11,'Body','SweptSolid',(#11172));
#11174=IFCPRODUCTDEFINITIONSHAPE($,$,(#11173));
#11180=IFCCARTESIANPOINT((2133.5999999999999,45720.,23469.599999999999));
#11181=IFCDIRECTION((0.,0.,1.));
#11182=IFCDIRECTION((6.123233995736766E-17,1.,0.));
#11183=IFCAXIS2PLACEMENT3D(#11180,#11181,#11182);
#11184=IFCLOCALPLACEMENT($,#11183);
#11185=IFCWALL('3kkxj5Yiv4tupRjE6aJGrp',$,'L7|ONEBR_A',$,$,#11206,#11196,$,$);
#11186=IFCCARTESIANPOINTLIST2D(((0.,0.),(0.,150.),(9144.,150.),(9144.,0.),(0.,0.)));
#11187=IFCINDEXEDPOLYCURVE(#11186,$,.F.);
#11188=IFCDIRECTION((0.,0.,1.));
#11189=IFCARBITRARYCLOSEDPROFILEDEF(.AREA.,$,#11187);
#11190=IFCCARTESIANPOINT((0.,0.,0.));
#11191=IFCDIRECTION((0.,0.,1.));
#11192=IFCDIRECTION((1.,0.,0.));
#11193=IFCAXIS2PLACEMENT3D(#11190,#11191,#11192);
#11194=IFCEXTRUDEDAREASOLID(#11189,#11193,#11188,3200.4000000000001);
#11195=IFCSHAPEREPRESENTATION(#11,'Body','SweptSolid',(#11194));
#11196=IFCPRODUCTDEFINITIONSHAPE($,$,(#11195));
#11202=IFCCARTESIANPOINT((12496.799999999999,45720.,23469.599999999999));
#11203=IFCDIRECTION((0.,0.,1.));
#11204=IFCDIRECTION((6.123233995736766E-17,1.,0.));
#11205=IFCAXIS2PLACEMENT3D(#11202,#11203,#11204);
#11206=IFCLOCALPLACEMENT($,#11205);
#11207=IFCWALL('2FzGhVuS113Ojn198rLCAd',$,'L1|CORE',$,$,#11228,#11218,$,$);
#11208=IFCCARTESIANPOINTLIST2D(((0.,0.),(0.,150.),(10363.200000000001,150.),(10363.200000000001,0.),(0.,0.)));
#11209=IFCINDEXEDPOLYCURVE(#11208,$,.F.);
#11210=IFCDIRECTION((0.,0.,1.));
#11211=IFCARBITRARYCLOSEDPROFILEDEF(.AREA.,$,#11209);
#11212=IFCCARTESIANPOINT((0.,0.,0.));
#11213=IFCDIRECTION((0.,0.,1.));
#11214=IFCDIRECTION((1.,0.,0.));
#11215=IFCAXIS2PLACEMENT3D(#11212,#11213,#11214);
#11216=IFCEXTRUDEDAREASOLID(#11211,#11215,#11210,3200.4000000000001);
#11217=IFCSHAPEREPRESENTATION(#11,'Body','SweptSolid',(#11216));
#11218=IFCPRODUCTDEFINITIONSHAPE($,$,(#11217));
#11224=IFCCARTESIANPOINT((8229.5999999999985,3048.,4267.1999999999998));
#11225=IFCDIRECTION((0.,0.,1.));
#11226=IFCDIRECTION((1.,0.,0.));
#11227=IFCAXIS2PLACEMENT3D(#11224,#11225,#11226);
#11228=IFCLOCALPLACEMENT($,#11227);
#11229=IFCWALL('2QA7McTLX5EfTmRxDXR0rj',$,'L1|CORE',$,$,#11250,#11240,$,$);
#11230=IFCCARTESIANPOINTLIST2D(((0.,0.),(0.,150.),(10363.200000000001,150.),(10363.200000000001,0.),(0.,0.)));
#11231=IFCINDEXEDPOLYCURVE(#11230,$,.F.);
#11232=IFCDIRECTION((0.,0.,1.));
#11233=IFCARBITRARYCLOSEDPROFILEDEF(.AREA.,$,#11231);
#11234=IFCCARTESIANPOINT((0.,0.,0.));
#11235=IFCDIRECTION((0.,0.,1.));
#11236=IFCDIRECTION((1.,0.,0.));
#11237=IFCAXIS2PLACEMENT3D(#11234,#11235,#11236);
#11238=IFCEXTRUDEDAREASOLID(#11233,#11237,#11232,3200.4000000000001);
#11239=IFCSHAPEREPRESENTATION(#11,'Body','SweptSolid',(#11238));
#11240=IFCPRODUCTDEFINITIONSHAPE($,$,(#11239));
#11246=IFCCARTESIANPOINT((8229.5999999999985,10363.200000000001,4267.1999999999998));
#11247=IFCDIRECTION((0.,0.,1.));
#11248=IFCDIRECTION((1.,0.,0.));
#11249=IFCAXIS2PLACEMENT3D(#11246,#11247,#11248);
#11250=IFCLOCALPLACEMENT($,#11249);
#11251=IFCWALL('1mSaXGj9L7sf6FUuQTvLPj',$,'L1|CORE',$,$,#11272,#11262,$,$);
#11252=IFCCARTESIANPOINTLIST2D(((0.,0.),(0.,150.),(7315.2000000000007,150.),(7315.2000000000007,0.),(0.,0.)));
#11253=IFCINDEXEDPOLYCURVE(#11252,$,.F.);
#11254=IFCDIRECTION((0.,0.,1.));
#11255=IFCARBITRARYCLOSEDPROFILEDEF(.AREA.,$,#11253);
#11256=IFCCARTESIANPOINT((0.,0.,0.));
#11257=IFCDIRECTION((0.,0.,1.));
#11258=IFCDIRECTION((1.,0.,0.));
#11259=IFCAXIS2PLACEMENT3D(#11256,#11257,#11258);
#11260=IFCEXTRUDEDAREASOLID(#11255,#11259,#11254,3200.4000000000001);
#11261=IFCSHAPEREPRESENTATION(#11,'Body','SweptSolid',(#11260));
#11262=IFCPRODUCTDEFINITIONSHAPE($,$,(#11261));
#11268=IFCCARTESIANPOINT((8229.5999999999985,3048.,4267.1999999999998));
#11269=IFCDIRECTION((0.,0.,1.));
#11270=IFCDIRECTION((6.123233995736766E-17,1.,0.));
#11271=IFCAXIS2PLACEMENT3D(#11268,#11269,#11270);
#11272=IFCLOCALPLACEMENT($,#11271);
#11273=IFCWALL('3k0UpbLvv9fvjCo8hmYNMD',$,'L1|CORE',$,$,#11294,#11284,$,$);
#11274=IFCCARTESIANPOINTLIST2D(((0.,0.),(0.,150.),(7315.2000000000007,150.),(7315.2000000000007,0.),(0.,0.)));
#11275=IFCINDEXEDPOLYCURVE(#11274,$,.F.);
#11276=IFCDIRECTION((0.,0.,1.));
#11277=IFCARBITRARYCLOSEDPROFILEDEF(.AREA.,$,#11275);
#11278=IFCCARTESIANPOINT((0.,0.,0.));
#11279=IFCDIRECTION((0.,0.,1.));
#11280=IFCDIRECTION((1.,0.,0.));
#11281=IFCAXIS2PLACEMENT3D(#11278,#11279,#11280);
#11282=IFCEXTRUDEDAREASOLID(#11277,#11281,#11276,3200.4000000000001);
#11283=IFCSHAPEREPRESENTATION(#11,'Body','SweptSolid',(#11282));
#11284=IFCPRODUCTDEFINITIONSHAPE($,$,(#11283));
#11290=IFCCARTESIANPOINT((18592.799999999999,3048.,4267.1999999999998));
#11291=IFCDIRECTION((0.,0.,1.));
#11292=IFCDIRECTION((6.123233995736766E-17,1.,0.));
#11293=IFCAXIS2PLACEMENT3D(#11290,#11291,#11292);
#11294=IFCLOCALPLACEMENT($,#11293);
#11295=IFCWALL('3Ses2Wt9r9whZ_45Me8tVd',$,'L1|CORE',$,$,#11316,#11306,$,$);
#11296=IFCCARTESIANPOINTLIST2D(((0.,0.),(0.,150.),(10363.200000000001,150.),(10363.200000000001,0.),(0.,0.)));
#11297=IFCINDEXEDPOLYCURVE(#11296,$,.F.);
#11298=IFCDIRECTION((0.,0.,1.));
#11299=IFCARBITRARYCLOSEDPROFILEDEF(.AREA.,$,#11297);
#11300=IFCCARTESIANPOINT((0.,0.,0.));
#11301=IFCDIRECTION((0.,0.,1.));
#11302=IFCDIRECTION((1.,0.,0.));
#11303=IFCAXIS2PLACEMENT3D(#11300,#11301,#11302);
#11304=IFCEXTRUDEDAREASOLID(#11299,#11303,#11298,3200.4000000000001);
#11305=IFCSHAPEREPRESENTATION(#11,'Body','SweptSolid',(#11304));
#11306=IFCPRODUCTDEFINITIONSHAPE($,$,(#11305));
#11312=IFCCARTESIANPOINT((35052.,3048.,4267.1999999999998));
#11313=IFCDIRECTION((0.,0.,1.));
#11314=IFCDIRECTION((1.,0.,0.));
#11315=IFCAXIS2PLACEMENT3D(#11312,#11313,#11314);
#11316=IFCLOCALPLACEMENT($,#11315);
#11317=IFCWALL('1RqeOdGGDFpQEn9vg$qMFD',$,'L1|CORE',$,$,#11338,#11328,$,$);
#11318=IFCCARTESIANPOINTLIST2D(((0.,0.),(0.,150.),(10363.200000000001,150.),(10363.200000000001,0.),(0.,0.)));
#11319=IFCINDEXEDPOLYCURVE(#11318,$,.F.);
#11320=IFCDIRECTION((0.,0.,1.));
#11321=IFCARBITRARYCLOSEDPROFILEDEF(.AREA.,$,#11319);
#11322=IFCCARTESIANPOINT((0.,0.,0.));
#11323=IFCDIRECTION((0.,0.,1.));
#11324=IFCDIRECTION((1.,0.,0.));
#11325=IFCAXIS2PLACEMENT3D(#11322,#11323,#11324);
#11326=IFCEXTRUDEDAREASOLID(#11321,#11325,#11320,3200.4000000000001);
#11327=IFCSHAPEREPRESENTATION(#11,'Body','SweptSolid',(#11326));
#11328=IFCPRODUCTDEFINITIONSHAPE($,$,(#11327));
#11334=IFCCARTESIANPOINT((35052.,10363.200000000001,4267.1999999999998));
#11335=IFCDIRECTION((0.,0.,1.));
#11336=IFCDIRECTION((1.,0.,0.));
#11337=IFCAXIS2PLACEMENT3D(#11334,#11335,#11336);
#11338=IFCLOCALPLACEMENT($,#11337);
#11339=IFCWALL('0r02xnN3DFw8GrItSiMQ6I',$,'L1|CORE',$,$,#11360,#11350,$,$);
#11340=IFCCARTESIANPOINTLIST2D(((0.,0.),(0.,150.),(7315.2000000000007,150.),(7315.2000000000007,0.),(0.,0.)));
#11341=IFCINDEXEDPOLYCURVE(#11340,$,.F.);
#11342=IFCDIRECTION((0.,0.,1.));
#11343=IFCARBITRARYCLOSEDPROFILEDEF(.AREA.,$,#11341);
#11344=IFCCARTESIANPOINT((0.,0.,0.));
#11345=IFCDIRECTION((0.,0.,1.));
#11346=IFCDIRECTION((1.,0.,0.));
#11347=IFCAXIS2PLACEMENT3D(#11344,#11345,#11346);
#11348=IFCEXTRUDEDAREASOLID(#11343,#11347,#11342,3200.4000000000001);
#11349=IFCSHAPEREPRESENTATION(#11,'Body','SweptSolid',(#11348));
#11350=IFCPRODUCTDEFINITIONSHAPE($,$,(#11349));
#11356=IFCCARTESIANPOINT((35052.,3048.,4267.1999999999998));
#11357=IFCDIRECTION((0.,0.,1.));
#11358=IFCDIRECTION((6.123233995736766E-17,1.,0.));
#11359=IFCAXIS2PLACEMENT3D(#11356,#11357,#11358);
#11360=IFCLOCALPLACEMENT($,#11359);
#11361=IFCWALL('2ECjBkmQzFWf_qGmZ477Vm',$,'L1|CORE',$,$,#11382,#11372,$,$);
#11362=IFCCARTESIANPOINTLIST2D(((0.,0.),(0.,150.),(7315.2000000000007,150.),(7315.2000000000007,0.),(0.,0.)));
#11363=IFCINDEXEDPOLYCURVE(#11362,$,.F.);
#11364=IFCDIRECTION((0.,0.,1.));
#11365=IFCARBITRARYCLOSEDPROFILEDEF(.AREA.,$,#11363);
#11366=IFCCARTESIANPOINT((0.,0.,0.));
#11367=IFCDIRECTION((0.,0.,1.));
#11368=IFCDIRECTION((1.,0.,0.));
#11369=IFCAXIS2PLACEMENT3D(#11366,#11367,#11368);
#11370=IFCEXTRUDEDAREASOLID(#11365,#11369,#11364,3200.4000000000001);
#11371=IFCSHAPEREPRESENTATION(#11,'Body','SweptSolid',(#11370));
#11372=IFCPRODUCTDEFINITIONSHAPE($,$,(#11371));
#11378=IFCCARTESIANPOINT((45415.200000000004,3048.,4267.1999999999998));
#11379=IFCDIRECTION((0.,0.,1.));
#11380=IFCDIRECTION((6.123233995736766E-17,1.,0.));
#11381=IFCAXIS2PLACEMENT3D(#11378,#11379,#11380);
#11382=IFCLOCALPLACEMENT($,#11381);
#11383=IFCWALL('0kZvTBA2jEYuD1U1DxWixs',$,'L2|CORE',$,$,#11404,#11394,$,$);
#11384=IFCCARTESIANPOINTLIST2D(((0.,0.),(0.,150.),(10363.200000000001,150.),(10363.200000000001,0.),(0.,0.)));
#11385=IFCINDEXEDPOLYCURVE(#11384,$,.F.);
#11386=IFCDIRECTION((0.,0.,1.));
#11387=IFCARBITRARYCLOSEDPROFILEDEF(.AREA.,$,#11385);
#11388=IFCCARTESIANPOINT((0.,0.,0.));
#11389=IFCDIRECTION((0.,0.,1.));
#11390=IFCDIRECTION((1.,0.,0.));
#11391=IFCAXIS2PLACEMENT3D(#11388,#11389,#11390);
#11392=IFCEXTRUDEDAREASOLID(#11387,#11391,#11386,3200.4000000000001);
#11393=IFCSHAPEREPRESENTATION(#11,'Body','SweptSolid',(#11392));
#11394=IFCPRODUCTDEFINITIONSHAPE($,$,(#11393));
#11400=IFCCARTESIANPOINT((8229.5999999999985,3048.,7467.5999999999995));
#11401=IFCDIRECTION((0.,0.,1.));
#11402=IFCDIRECTION((1.,0.,0.));
#11403=IFCAXIS2PLACEMENT3D(#11400,#11401,#11402);
#11404=IFCLOCALPLACEMENT($,#11403);
#11405=IFCWALL('1KxL10zOj7Afv$GX8TBElD',$,'L2|CORE',$,$,#11426,#11416,$,$);
#11406=IFCCARTESIANPOINTLIST2D(((0.,0.),(0.,150.),(10363.200000000001,150.),(10363.200000000001,0.),(0.,0.)));
#11407=IFCINDEXEDPOLYCURVE(#11406,$,.F.);
#11408=IFCDIRECTION((0.,0.,1.));
#11409=IFCARBITRARYCLOSEDPROFILEDEF(.AREA.,$,#11407);
#11410=IFCCARTESIANPOINT((0.,0.,0.));
#11411=IFCDIRECTION((0.,0.,1.));
#11412=IFCDIRECTION((1.,0.,0.));
#11413=IFCAXIS2PLACEMENT3D(#11410,#11411,#11412);
#11414=IFCEXTRUDEDAREASOLID(#11409,#11413,#11408,3200.4000000000001);
#11415=IFCSHAPEREPRESENTATION(#11,'Body','SweptSolid',(#11414));
#11416=IFCPRODUCTDEFINITIONSHAPE($,$,(#11415));
#11422=IFCCARTESIANPOINT((8229.5999999999985,10363.200000000001,7467.5999999999995));
#11423=IFCDIRECTION((0.,0.,1.));
#11424=IFCDIRECTION((1.,0.,0.));
#11425=IFCAXIS2PLACEMENT3D(#11422,#11423,#11424);
#11426=IFCLOCALPLACEMENT($,#11425);
#11427=IFCWALL('3IDNWkt8b6d8oar2k5Vw8E',$,'L2|CORE',$,$,#11448,#11438,$,$);
#11428=IFCCARTESIANPOINTLIST2D(((0.,0.),(0.,150.),(7315.2000000000007,150.),(7315.2000000000007,0.),(0.,0.)));
#11429=IFCINDEXEDPOLYCURVE(#11428,$,.F.);
#11430=IFCDIRECTION((0.,0.,1.));
#11431=IFCARBITRARYCLOSEDPROFILEDEF(.AREA.,$,#11429);
#11432=IFCCARTESIANPOINT((0.,0.,0.));
#11433=IFCDIRECTION((0.,0.,1.));
#11434=IFCDIRECTION((1.,0.,0.));
#11435=IFCAXIS2PLACEMENT3D(#11432,#11433,#11434);
#11436=IFCEXTRUDEDAREASOLID(#11431,#11435,#11430,3200.4000000000001);
#11437=IFCSHAPEREPRESENTATION(#11,'Body','SweptSolid',(#11436));
#11438=IFCPRODUCTDEFINITIONSHAPE($,$,(#11437));
#11444=IFCCARTESIANPOINT((8229.5999999999985,3048.,7467.5999999999995));
#11445=IFCDIRECTION((0.,0.,1.));
#11446=IFCDIRECTION((6.123233995736766E-17,1.,0.));
#11447=IFCAXIS2PLACEMENT3D(#11444,#11445,#11446);
#11448=IFCLOCALPLACEMENT($,#11447);
#11449=IFCWALL('35GTbmo_DAK9sw_zYHt19x',$,'L2|CORE',$,$,#11470,#11460,$,$);
#11450=IFCCARTESIANPOINTLIST2D(((0.,0.),(0.,150.),(7315.2000000000007,150.),(7315.2000000000007,0.),(0.,0.)));
#11451=IFCINDEXEDPOLYCURVE(#11450,$,.F.);
#11452=IFCDIRECTION((0.,0.,1.));
#11453=IFCARBITRARYCLOSEDPROFILEDEF(.AREA.,$,#11451);
#11454=IFCCARTESIANPOINT((0.,0.,0.));
#11455=IFCDIRECTION((0.,0.,1.));
#11456=IFCDIRECTION((1.,0.,0.));
#11457=IFCAXIS2PLACEMENT3D(#11454,#11455,#11456);
#11458=IFCEXTRUDEDAREASOLID(#11453,#11457,#11452,3200.4000000000001);
#11459=IFCSHAPEREPRESENTATION(#11,'Body','SweptSolid',(#11458));
#11460=IFCPRODUCTDEFINITIONSHAPE($,$,(#11459));
#11466=IFCCARTESIANPOINT((18592.799999999999,3048.,7467.5999999999995));
#11467=IFCDIRECTION((0.,0.,1.));
#11468=IFCDIRECTION((6.123233995736766E-17,1.,0.));
#11469=IFCAXIS2PLACEMENT3D(#11466,#11467,#11468);
#11470=IFCLOCALPLACEMENT($,#11469);
#11471=IFCWALL('0LFTL_$Rn60Qys7NcrMTwT',$,'L2|CORE',$,$,#11492,#11482,$,$);
#11472=IFCCARTESIANPOINTLIST2D(((0.,0.),(0.,150.),(10363.200000000001,150.),(10363.200000000001,0.),(0.,0.)));
#11473=IFCINDEXEDPOLYCURVE(#11472,$,.F.);
#11474=IFCDIRECTION((0.,0.,1.));
#11475=IFCARBITRARYCLOSEDPROFILEDEF(.AREA.,$,#11473);
#11476=IFCCARTESIANPOINT((0.,0.,0.));
#11477=IFCDIRECTION((0.,0.,1.));
#11478=IFCDIRECTION((1.,0.,0.));
#11479=IFCAXIS2PLACEMENT3D(#11476,#11477,#11478);
#11480=IFCEXTRUDEDAREASOLID(#11475,#11479,#11474,3200.4000000000001);
#11481=IFCSHAPEREPRESENTATION(#11,'Body','SweptSolid',(#11480));
#11482=IFCPRODUCTDEFINITIONSHAPE($,$,(#11481));
#11488=IFCCARTESIANPOINT((35052.,3048.,7467.5999999999995));
#11489=IFCDIRECTION((0.,0.,1.));
#11490=IFCDIRECTION((1.,0.,0.));
#11491=IFCAXIS2PLACEMENT3D(#11488,#11489,#11490);
#11492=IFCLOCALPLACEMENT($,#11491);
#11493=IFCWALL('3SE5MUsLjA_fZQgTG2$WC4',$,'L2|CORE',$,$,#11514,#11504,$,$);
#11494=IFCCARTESIANPOINTLIST2D(((0.,0.),(0.,150.),(10363.200000000001,150.),(10363.200000000001,0.),(0.,0.)));
#11495=IFCINDEXEDPOLYCURVE(#11494,$,.F.);
#11496=IFCDIRECTION((0.,0.,1.));
#11497=IFCARBITRARYCLOSEDPROFILEDEF(.AREA.,$,#11495);
#11498=IFCCARTESIANPOINT((0.,0.,0.));
#11499=IFCDIRECTION((0.,0.,1.));
#11500=IFCDIRECTION((1.,0.,0.));
#11501=IFCAXIS2PLACEMENT3D(#11498,#11499,#11500);
#11502=IFCEXTRUDEDAREASOLID(#11497,#11501,#11496,3200.4000000000001);
#11503=IFCSHAPEREPRESENTATION(#11,'Body','SweptSolid',(#11502));
#11504=IFCPRODUCTDEFINITIONSHAPE($,$,(#11503));
#11510=IFCCARTESIANPOINT((35052.,10363.200000000001,7467.5999999999995));
#11511=IFCDIRECTION((0.,0.,1.));
#11512=IFCDIRECTION((1.,0.,0.));
#11513=IFCAXIS2PLACEMENT3D(#11510,#11511,#11512);
#11514=IFCLOCALPLACEMENT($,#11513);
#11515=IFCWALL('0BbGs3lf99r86bvvGqGJr$',$,'L2|CORE',$,$,#11536,#11526,$,$);
#11516=IFCCARTESIANPOINTLIST2D(((0.,0.),(0.,150.),(7315.2000000000007,150.),(7315.2000000000007,0.),(0.,0.)));
#11517=IFCINDEXEDPOLYCURVE(#11516,$,.F.);
#11518=IFCDIRECTION((0.,0.,1.));
#11519=IFCARBITRARYCLOSEDPROFILEDEF(.AREA.,$,#11517);
#11520=IFCCARTESIANPOINT((0.,0.,0.));
#11521=IFCDIRECTION((0.,0.,1.));
#11522=IFCDIRECTION((1.,0.,0.));
#11523=IFCAXIS2PLACEMENT3D(#11520,#11521,#11522);
#11524=IFCEXTRUDEDAREASOLID(#11519,#11523,#11518,3200.4000000000001);
#11525=IFCSHAPEREPRESENTATION(#11,'Body','SweptSolid',(#11524));
#11526=IFCPRODUCTDEFINITIONSHAPE($,$,(#11525));
#11532=IFCCARTESIANPOINT((35052.,3048.,7467.5999999999995));
#11533=IFCDIRECTION((0.,0.,1.));
#11534=IFCDIRECTION((6.123233995736766E-17,1.,0.));
#11535=IFCAXIS2PLACEMENT3D(#11532,#11533,#11534);
#11536=IFCLOCALPLACEMENT($,#11535);
#11537=IFCWALL('0D94VLnjz7qgyZs9h7vvUO',$,'L2|CORE',$,$,#11558,#11548,$,$);
#11538=IFCCARTESIANPOINTLIST2D(((0.,0.),(0.,150.),(7315.2000000000007,150.),(7315.2000000000007,0.),(0.,0.)));
#11539=IFCINDEXEDPOLYCURVE(#11538,$,.F.);
#11540=IFCDIRECTION((0.,0.,1.));
#11541=IFCARBITRARYCLOSEDPROFILEDEF(.AREA.,$,#11539);
#11542=IFCCARTESIANPOINT((0.,0.,0.));
#11543=IFCDIRECTION((0.,0.,1.));
#11544=IFCDIRECTION((1.,0.,0.));
#11545=IFCAXIS2PLACEMENT3D(#11542,#11543,#11544);
#11546=IFCEXTRUDEDAREASOLID(#11541,#11545,#11540,3200.4000000000001);
#11547=IFCSHAPEREPRESENTATION(#11,'Body','SweptSolid',(#11546));
#11548=IFCPRODUCTDEFINITIONSHAPE($,$,(#11547));
#11554=IFCCARTESIANPOINT((45415.200000000004,3048.,7467.5999999999995));
#11555=IFCDIRECTION((0.,0.,1.));
#11556=IFCDIRECTION((6.123233995736766E-17,1.,0.));
#11557=IFCAXIS2PLACEMENT3D(#11554,#11555,#11556);
#11558=IFCLOCALPLACEMENT($,#11557);
#11559=IFCWALL('1FeIlwFIzEHQ1vtP5$DPTh',$,'L3|CORE',$,$,#11580,#11570,$,$);
#11560=IFCCARTESIANPOINTLIST2D(((0.,0.),(0.,150.),(10363.200000000001,150.),(10363.200000000001,0.),(0.,0.)));
#11561=IFCINDEXEDPOLYCURVE(#11560,$,.F.);
#11562=IFCDIRECTION((0.,0.,1.));
#11563=IFCARBITRARYCLOSEDPROFILEDEF(.AREA.,$,#11561);
#11564=IFCCARTESIANPOINT((0.,0.,0.));
#11565=IFCDIRECTION((0.,0.,1.));
#11566=IFCDIRECTION((1.,0.,0.));
#11567=IFCAXIS2PLACEMENT3D(#11564,#11565,#11566);
#11568=IFCEXTRUDEDAREASOLID(#11563,#11567,#11562,3200.4000000000001);
#11569=IFCSHAPEREPRESENTATION(#11,'Body','SweptSolid',(#11568));
#11570=IFCPRODUCTDEFINITIONSHAPE($,$,(#11569));
#11576=IFCCARTESIANPOINT((8229.5999999999985,3048.,10668.));
#11577=IFCDIRECTION((0.,0.,1.));
#11578=IFCDIRECTION((1.,0.,0.));
#11579=IFCAXIS2PLACEMENT3D(#11576,#11577,#11578);
#11580=IFCLOCALPLACEMENT($,#11579);
#11581=IFCWALL('1shkdNvGP9eRoIDRVx9csb',$,'L3|CORE',$,$,#11602,#11592,$,$);
#11582=IFCCARTESIANPOINTLIST2D(((0.,0.),(0.,150.),(10363.200000000001,150.),(10363.200000000001,0.),(0.,0.)));
#11583=IFCINDEXEDPOLYCURVE(#11582,$,.F.);
#11584=IFCDIRECTION((0.,0.,1.));
#11585=IFCARBITRARYCLOSEDPROFILEDEF(.AREA.,$,#11583);
#11586=IFCCARTESIANPOINT((0.,0.,0.));
#11587=IFCDIRECTION((0.,0.,1.));
#11588=IFCDIRECTION((1.,0.,0.));
#11589=IFCAXIS2PLACEMENT3D(#11586,#11587,#11588);
#11590=IFCEXTRUDEDAREASOLID(#11585,#11589,#11584,3200.4000000000001);
#11591=IFCSHAPEREPRESENTATION(#11,'Body','SweptSolid',(#11590));
#11592=IFCPRODUCTDEFINITIONSHAPE($,$,(#11591));
#11598=IFCCARTESIANPOINT((8229.5999999999985,10363.200000000001,10668.));
#11599=IFCDIRECTION((0.,0.,1.));
#11600=IFCDIRECTION((1.,0.,0.));
#11601=IFCAXIS2PLACEMENT3D(#11598,#11599,#11600);
#11602=IFCLOCALPLACEMENT($,#11601);
#11603=IFCWALL('0HtanuSLP0$OLYc4shjfQy',$,'L3|CORE',$,$,#11624,#11614,$,$);
#11604=IFCCARTESIANPOINTLIST2D(((0.,0.),(0.,150.),(7315.2000000000007,150.),(7315.2000000000007,0.),(0.,0.)));
#11605=IFCINDEXEDPOLYCURVE(#11604,$,.F.);
#11606=IFCDIRECTION((0.,0.,1.));
#11607=IFCARBITRARYCLOSEDPROFILEDEF(.AREA.,$,#11605);
#11608=IFCCARTESIANPOINT((0.,0.,0.));
#11609=IFCDIRECTION((0.,0.,1.));
#11610=IFCDIRECTION((1.,0.,0.));
#11611=IFCAXIS2PLACEMENT3D(#11608,#11609,#11610);
#11612=IFCEXTRUDEDAREASOLID(#11607,#11611,#11606,3200.4000000000001);
#11613=IFCSHAPEREPRESENTATION(#11,'Body','SweptSolid',(#11612));
#11614=IFCPRODUCTDEFINITIONSHAPE($,$,(#11613));
#11620=IFCCARTESIANPOINT((8229.5999999999985,3048.,10668.));
#11621=IFCDIRECTION((0.,0.,1.));
#11622=IFCDIRECTION((6.123233995736766E-17,1.,0.));
#11623=IFCAXIS2PLACEMENT3D(#11620,#11621,#11622);
#11624=IFCLOCALPLACEMENT($,#11623);
#11625=IFCWALL('2RPSuM$$56YhhDXNuWpbvV',$,'L3|CORE',$,$,#11646,#11636,$,$);
#11626=IFCCARTESIANPOINTLIST2D(((0.,0.),(0.,150.),(7315.2000000000007,150.),(7315.2000000000007,0.),(0.,0.)));
#11627=IFCINDEXEDPOLYCURVE(#11626,$,.F.);
#11628=IFCDIRECTION((0.,0.,1.));
#11629=IFCARBITRARYCLOSEDPROFILEDEF(.AREA.,$,#11627);
#11630=IFCCARTESIANPOINT((0.,0.,0.));
#11631=IFCDIRECTION((0.,0.,1.));
#11632=IFCDIRECTION((1.,0.,0.));
#11633=IFCAXIS2PLACEMENT3D(#11630,#11631,#11632);
#11634=IFCEXTRUDEDAREASOLID(#11629,#11633,#11628,3200.4000000000001);
#11635=IFCSHAPEREPRESENTATION(#11,'Body','SweptSolid',(#11634));
#11636=IFCPRODUCTDEFINITIONSHAPE($,$,(#11635));
#11642=IFCCARTESIANPOINT((18592.799999999999,3048.,10668.));
#11643=IFCDIRECTION((0.,0.,1.));
#11644=IFCDIRECTION((6.123233995736766E-17,1.,0.));
#11645=IFCAXIS2PLACEMENT3D(#11642,#11643,#11644);
#11646=IFCLOCALPLACEMENT($,#11645);
#11647=IFCWALL('17nJmzUPj0P8ocKF8mo9CY',$,'L3|CORE',$,$,#11668,#11658,$,$);
#11648=IFCCARTESIANPOINTLIST2D(((0.,0.),(0.,150.),(10363.200000000001,150.),(10363.200000000001,0.),(0.,0.)));
#11649=IFCINDEXEDPOLYCURVE(#11648,$,.F.);
#11650=IFCDIRECTION((0.,0.,1.));
#11651=IFCARBITRARYCLOSEDPROFILEDEF(.AREA.,$,#11649);
#11652=IFCCARTESIANPOINT((0.,0.,0.));
#11653=IFCDIRECTION((0.,0.,1.));
#11654=IFCDIRECTION((1.,0.,0.));
#11655=IFCAXIS2PLACEMENT3D(#11652,#11653,#11654);
#11656=IFCEXTRUDEDAREASOLID(#11651,#11655,#11650,3200.4000000000001);
#11657=IFCSHAPEREPRESENTATION(#11,'Body','SweptSolid',(#11656));
#11658=IFCPRODUCTDEFINITIONSHAPE($,$,(#11657));
#11664=IFCCARTESIANPOINT((35052.,3048.,10668.));
#11665=IFCDIRECTION((0.,0.,1.));
#11666=IFCDIRECTION((1.,0.,0.));
#11667=IFCAXIS2PLACEMENT3D(#11664,#11665,#11666);
#11668=IFCLOCALPLACEMENT($,#11667);
#11669=IFCWALL('3QvWPNYxnCtxDIW0JXxXD$',$,'L3|CORE',$,$,#11690,#11680,$,$);
#11670=IFCCARTESIANPOINTLIST2D(((0.,0.),(0.,150.),(10363.200000000001,150.),(10363.200000000001,0.),(0.,0.)));
#11671=IFCINDEXEDPOLYCURVE(#11670,$,.F.);
#11672=IFCDIRECTION((0.,0.,1.));
#11673=IFCARBITRARYCLOSEDPROFILEDEF(.AREA.,$,#11671);
#11674=IFCCARTESIANPOINT((0.,0.,0.));
#11675=IFCDIRECTION((0.,0.,1.));
#11676=IFCDIRECTION((1.,0.,0.));
#11677=IFCAXIS2PLACEMENT3D(#11674,#11675,#11676);
#11678=IFCEXTRUDEDAREASOLID(#11673,#11677,#11672,3200.4000000000001);
#11679=IFCSHAPEREPRESENTATION(#11,'Body','SweptSolid',(#11678));
#11680=IFCPRODUCTDEFINITIONSHAPE($,$,(#11679));
#11686=IFCCARTESIANPOINT((35052.,10363.200000000001,10668.));
#11687=IFCDIRECTION((0.,0.,1.));
#11688=IFCDIRECTION((1.,0.,0.));
#11689=IFCAXIS2PLACEMENT3D(#11686,#11687,#11688);
#11690=IFCLOCALPLACEMENT($,#11689);
#11691=IFCWALL('1F7nYxH31A9et0_ZnCuzDO',$,'L3|CORE',$,$,#11712,#11702,$,$);
#11692=IFCCARTESIANPOINTLIST2D(((0.,0.),(0.,150.),(7315.2000000000007,150.),(7315.2000000000007,0.),(0.,0.)));
#11693=IFCINDEXEDPOLYCURVE(#11692,$,.F.);
#11694=IFCDIRECTION((0.,0.,1.));
#11695=IFCARBITRARYCLOSEDPROFILEDEF(.AREA.,$,#11693);
#11696=IFCCARTESIANPOINT((0.,0.,0.));
#11697=IFCDIRECTION((0.,0.,1.));
#11698=IFCDIRECTION((1.,0.,0.));
#11699=IFCAXIS2PLACEMENT3D(#11696,#11697,#11698);
#11700=IFCEXTRUDEDAREASOLID(#11695,#11699,#11694,3200.4000000000001);
#11701=IFCSHAPEREPRESENTATION(#11,'Body','SweptSolid',(#11700));
#11702=IFCPRODUCTDEFINITIONSHAPE($,$,(#11701));
#11708=IFCCARTESIANPOINT((35052.,3048.,10668.));
#11709=IFCDIRECTION((0.,0.,1.));
#11710=IFCDIRECTION((6.123233995736766E-17,1.,0.));
#11711=IFCAXIS2PLACEMENT3D(#11708,#11709,#11710);
#11712=IFCLOCALPLACEMENT($,#11711);
#11713=IFCWALL('22gXwYOb97PRyYIKMBgeIi',$,'L3|CORE',$,$,#11734,#11724,$,$);
#11714=IFCCARTESIANPOINTLIST2D(((0.,0.),(0.,150.),(7315.2000000000007,150.),(7315.2000000000007,0.),(0.,0.)));
#11715=IFCINDEXEDPOLYCURVE(#11714,$,.F.);
#11716=IFCDIRECTION((0.,0.,1.));
#11717=IFCARBITRARYCLOSEDPROFILEDEF(.AREA.,$,#11715);
#11718=IFCCARTESIANPOINT((0.,0.,0.));
#11719=IFCDIRECTION((0.,0.,1.));
#11720=IFCDIRECTION((1.,0.,0.));
#11721=IFCAXIS2PLACEMENT3D(#11718,#11719,#11720);
#11722=IFCEXTRUDEDAREASOLID(#11717,#11721,#11716,3200.4000000000001);
#11723=IFCSHAPEREPRESENTATION(#11,'Body','SweptSolid',(#11722));
#11724=IFCPRODUCTDEFINITIONSHAPE($,$,(#11723));
#11730=IFCCARTESIANPOINT((45415.200000000004,3048.,10668.));
#11731=IFCDIRECTION((0.,0.,1.));
#11732=IFCDIRECTION((6.123233995736766E-17,1.,0.));
#11733=IFCAXIS2PLACEMENT3D(#11730,#11731,#11732);
#11734=IFCLOCALPLACEMENT($,#11733);
#11735=IFCWALL('1UUwmG9b5AnfgNBv7oXj8t',$,'L4|CORE',$,$,#11756,#11746,$,$);
#11736=IFCCARTESIANPOINTLIST2D(((0.,0.),(0.,150.),(10363.200000000001,150.),(10363.200000000001,0.),(0.,0.)));
#11737=IFCINDEXEDPOLYCURVE(#11736,$,.F.);
#11738=IFCDIRECTION((0.,0.,1.));
#11739=IFCARBITRARYCLOSEDPROFILEDEF(.AREA.,$,#11737);
#11740=IFCCARTESIANPOINT((0.,0.,0.));
#11741=IFCDIRECTION((0.,0.,1.));
#11742=IFCDIRECTION((1.,0.,0.));
#11743=IFCAXIS2PLACEMENT3D(#11740,#11741,#11742);
#11744=IFCEXTRUDEDAREASOLID(#11739,#11743,#11738,3200.4000000000001);
#11745=IFCSHAPEREPRESENTATION(#11,'Body','SweptSolid',(#11744));
#11746=IFCPRODUCTDEFINITIONSHAPE($,$,(#11745));
#11752=IFCCARTESIANPOINT((8229.5999999999985,3048.,13868.400000000001));
#11753=IFCDIRECTION((0.,0.,1.));
#11754=IFCDIRECTION((1.,0.,0.));
#11755=IFCAXIS2PLACEMENT3D(#11752,#11753,#11754);
#11756=IFCLOCALPLACEMENT($,#11755);
#11757=IFCWALL('3gdbQeGk9CZOUjkhf3wPkY',$,'L4|CORE',$,$,#11778,#11768,$,$);
#11758=IFCCARTESIANPOINTLIST2D(((0.,0.),(0.,150.),(10363.200000000001,150.),(10363.200000000001,0.),(0.,0.)));
#11759=IFCINDEXEDPOLYCURVE(#11758,$,.F.);
#11760=IFCDIRECTION((0.,0.,1.));
#11761=IFCARBITRARYCLOSEDPROFILEDEF(.AREA.,$,#11759);
#11762=IFCCARTESIANPOINT((0.,0.,0.));
#11763=IFCDIRECTION((0.,0.,1.));
#11764=IFCDIRECTION((1.,0.,0.));
#11765=IFCAXIS2PLACEMENT3D(#11762,#11763,#11764);
#11766=IFCEXTRUDEDAREASOLID(#11761,#11765,#11760,3200.4000000000001);
#11767=IFCSHAPEREPRESENTATION(#11,'Body','SweptSolid',(#11766));
#11768=IFCPRODUCTDEFINITIONSHAPE($,$,(#11767));
#11774=IFCCARTESIANPOINT((8229.5999999999985,10363.200000000001,13868.400000000001));
#11775=IFCDIRECTION((0.,0.,1.));
#11776=IFCDIRECTION((1.,0.,0.));
#11777=IFCAXIS2PLACEMENT3D(#11774,#11775,#11776);
#11778=IFCLOCALPLACEMENT($,#11777);
#11779=IFCWALL('3UeyzJ0yL99B0IDZVRRAqg',$,'L4|CORE',$,$,#11800,#11790,$,$);
#11780=IFCCARTESIANPOINTLIST2D(((0.,0.),(0.,150.),(7315.2000000000007,150.),(7315.2000000000007,0.),(0.,0.)));
#11781=IFCINDEXEDPOLYCURVE(#11780,$,.F.);
#11782=IFCDIRECTION((0.,0.,1.));
#11783=IFCARBITRARYCLOSEDPROFILEDEF(.AREA.,$,#11781);
#11784=IFCCARTESIANPOINT((0.,0.,0.));
#11785=IFCDIRECTION((0.,0.,1.));
#11786=IFCDIRECTION((1.,0.,0.));
#11787=IFCAXIS2PLACEMENT3D(#11784,#11785,#11786);
#11788=IFCEXTRUDEDAREASOLID(#11783,#11787,#11782,3200.4000000000001);
#11789=IFCSHAPEREPRESENTATION(#11,'Body','SweptSolid',(#11788));
#11790=IFCPRODUCTDEFINITIONSHAPE($,$,(#11789));
#11796=IFCCARTESIANPOINT((8229.5999999999985,3048.,13868.400000000001));
#11797=IFCDIRECTION((0.,0.,1.));
#11798=IFCDIRECTION((6.123233995736766E-17,1.,0.));
#11799=IFCAXIS2PLACEMENT3D(#11796,#11797,#11798);
#11800=IFCLOCALPLACEMENT($,#11799);
#11801=IFCWALL('0OSNIUfpz1nf5_8ZLAaUL2',$,'L4|CORE',$,$,#11822,#11812,$,$);
#11802=IFCCARTESIANPOINTLIST2D(((0.,0.),(0.,150.),(7315.2000000000007,150.),(7315.2000000000007,0.),(0.,0.)));
#11803=IFCINDEXEDPOLYCURVE(#11802,$,.F.);
#11804=IFCDIRECTION((0.,0.,1.));
#11805=IFCARBITRARYCLOSEDPROFILEDEF(.AREA.,$,#11803);
#11806=IFCCARTESIANPOINT((0.,0.,0.));
#11807=IFCDIRECTION((0.,0.,1.));
#11808=IFCDIRECTION((1.,0.,0.));
#11809=IFCAXIS2PLACEMENT3D(#11806,#11807,#11808);
#11810=IFCEXTRUDEDAREASOLID(#11805,#11809,#11804,3200.4000000000001);
#11811=IFCSHAPEREPRESENTATION(#11,'Body','SweptSolid',(#11810));
#11812=IFCPRODUCTDEFINITIONSHAPE($,$,(#11811));
#11818=IFCCARTESIANPOINT((18592.799999999999,3048.,13868.400000000001));
#11819=IFCDIRECTION((0.,0.,1.));
#11820=IFCDIRECTION((6.123233995736766E-17,1.,0.));
#11821=IFCAXIS2PLACEMENT3D(#11818,#11819,#11820);
#11822=IFCLOCALPLACEMENT($,#11821);
#11823=IFCWALL('38r08waMfEqRioK27IwCVl',$,'L4|CORE',$,$,#11844,#11834,$,$);
#11824=IFCCARTESIANPOINTLIST2D(((0.,0.),(0.,150.),(10363.200000000001,150.),(10363.200000000001,0.),(0.,0.)));
#11825=IFCINDEXEDPOLYCURVE(#11824,$,.F.);
#11826=IFCDIRECTION((0.,0.,1.));
#11827=IFCARBITRARYCLOSEDPROFILEDEF(.AREA.,$,#11825);
#11828=IFCCARTESIANPOINT((0.,0.,0.));
#11829=IFCDIRECTION((0.,0.,1.));
#11830=IFCDIRECTION((1.,0.,0.));
#11831=IFCAXIS2PLACEMENT3D(#11828,#11829,#11830);
#11832=IFCEXTRUDEDAREASOLID(#11827,#11831,#11826,3200.4000000000001);
#11833=IFCSHAPEREPRESENTATION(#11,'Body','SweptSolid',(#11832));
#11834=IFCPRODUCTDEFINITIONSHAPE($,$,(#11833));
#11840=IFCCARTESIANPOINT((35052.,3048.,13868.400000000001));
#11841=IFCDIRECTION((0.,0.,1.));
#11842=IFCDIRECTION((1.,0.,0.));
#11843=IFCAXIS2PLACEMENT3D(#11840,#11841,#11842);
#11844=IFCLOCALPLACEMENT($,#11843);
#11845=IFCWALL('22iUBVQUj6ruD_GJcS4iwr',$,'L4|CORE',$,$,#11866,#11856,$,$);
#11846=IFCCARTESIANPOINTLIST2D(((0.,0.),(0.,150.),(10363.200000000001,150.),(10363.200000000001,0.),(0.,0.)));
#11847=IFCINDEXEDPOLYCURVE(#11846,$,.F.);
#11848=IFCDIRECTION((0.,0.,1.));
#11849=IFCARBITRARYCLOSEDPROFILEDEF(.AREA.,$,#11847);
#11850=IFCCARTESIANPOINT((0.,0.,0.));
#11851=IFCDIRECTION((0.,0.,1.));
#11852=IFCDIRECTION((1.,0.,0.));
#11853=IFCAXIS2PLACEMENT3D(#11850,#11851,#11852);
#11854=IFCEXTRUDEDAREASOLID(#11849,#11853,#11848,3200.4000000000001);
#11855=IFCSHAPEREPRESENTATION(#11,'Body','SweptSolid',(#11854));
#11856=IFCPRODUCTDEFINITIONSHAPE($,$,(#11855));
#11862=IFCCARTESIANPOINT((35052.,10363.200000000001,13868.400000000001));
#11863=IFCDIRECTION((0.,0.,1.));
#11864=IFCDIRECTION((1.,0.,0.));
#11865=IFCAXIS2PLACEMENT3D(#11862,#11863,#11864);
#11866=IFCLOCALPLACEMENT($,#11865);
#11867=IFCWALL('0n5PjHn8z0zQ4FZdbm_u6q',$,'L4|CORE',$,$,#11888,#11878,$,$);
#11868=IFCCARTESIANPOINTLIST2D(((0.,0.),(0.,150.),(7315.2000000000007,150.),(7315.2000000000007,0.),(0.,0.)));
#11869=IFCINDEXEDPOLYCURVE(#11868,$,.F.);
#11870=IFCDIRECTION((0.,0.,1.));
#11871=IFCARBITRARYCLOSEDPROFILEDEF(.AREA.,$,#11869);
#11872=IFCCARTESIANPOINT((0.,0.,0.));
#11873=IFCDIRECTION((0.,0.,1.));
#11874=IFCDIRECTION((1.,0.,0.));
#11875=IFCAXIS2PLACEMENT3D(#11872,#11873,#11874);
#11876=IFCEXTRUDEDAREASOLID(#11871,#11875,#11870,3200.4000000000001);
#11877=IFCSHAPEREPRESENTATION(#11,'Body','SweptSolid',(#11876));
#11878=IFCPRODUCTDEFINITIONSHAPE($,$,(#11877));
#11884=IFCCARTESIANPOINT((35052.,3048.,13868.400000000001));
#11885=IFCDIRECTION((0.,0.,1.));
#11886=IFCDIRECTION((6.123233995736766E-17,1.,0.));
#11887=IFCAXIS2PLACEMENT3D(#11884,#11885,#11886);
#11888=IFCLOCALPLACEMENT($,#11887);
#11889=IFCWALL('1QJrvP369CBBFAUmpc6FxV',$,'L4|CORE',$,$,#11910,#11900,$,$);
#11890=IFCCARTESIANPOINTLIST2D(((0.,0.),(0.,150.),(7315.2000000000007,150.),(7315.2000000000007,0.),(0.,0.)));
#11891=IFCINDEXEDPOLYCURVE(#11890,$,.F.);
#11892=IFCDIRECTION((0.,0.,1.));
#11893=IFCARBITRARYCLOSEDPROFILEDEF(.AREA.,$,#11891);
#11894=IFCCARTESIANPOINT((0.,0.,0.));
#11895=IFCDIRECTION((0.,0.,1.));
#11896=IFCDIRECTION((1.,0.,0.));
#11897=IFCAXIS2PLACEMENT3D(#11894,#11895,#11896);
#11898=IFCEXTRUDEDAREASOLID(#11893,#11897,#11892,3200.4000000000001);
#11899=IFCSHAPEREPRESENTATION(#11,'Body','SweptSolid',(#11898));
#11900=IFCPRODUCTDEFINITIONSHAPE($,$,(#11899));
#11906=IFCCARTESIANPOINT((45415.200000000004,3048.,13868.400000000001));
#11907=IFCDIRECTION((0.,0.,1.));
#11908=IFCDIRECTION((6.123233995736766E-17,1.,0.));
#11909=IFCAXIS2PLACEMENT3D(#11906,#11907,#11908);
#11910=IFCLOCALPLACEMENT($,#11909);
#11911=IFCWALL('0ACcd9Fub4KuBgZW7tb$k0',$,'L5|CORE',$,$,#11932,#11922,$,$);
#11912=IFCCARTESIANPOINTLIST2D(((0.,0.),(0.,150.),(10363.200000000001,150.),(10363.200000000001,0.),(0.,0.)));
#11913=IFCINDEXEDPOLYCURVE(#11912,$,.F.);
#11914=IFCDIRECTION((0.,0.,1.));
#11915=IFCARBITRARYCLOSEDPROFILEDEF(.AREA.,$,#11913);
#11916=IFCCARTESIANPOINT((0.,0.,0.));
#11917=IFCDIRECTION((0.,0.,1.));
#11918=IFCDIRECTION((1.,0.,0.));
#11919=IFCAXIS2PLACEMENT3D(#11916,#11917,#11918);
#11920=IFCEXTRUDEDAREASOLID(#11915,#11919,#11914,3200.4000000000001);
#11921=IFCSHAPEREPRESENTATION(#11,'Body','SweptSolid',(#11920));
#11922=IFCPRODUCTDEFINITIONSHAPE($,$,(#11921));
#11928=IFCCARTESIANPOINT((8229.5999999999985,3048.,17068.799999999999));
#11929=IFCDIRECTION((0.,0.,1.));
#11930=IFCDIRECTION((1.,0.,0.));
#11931=IFCAXIS2PLACEMENT3D(#11928,#11929,#11930);
#11932=IFCLOCALPLACEMENT($,#11931);
#11933=IFCWALL('1Te4QRLl1Da9wedU7BdTIM',$,'L5|CORE',$,$,#11954,#11944,$,$);
#11934=IFCCARTESIANPOINTLIST2D(((0.,0.),(0.,150.),(10363.200000000001,150.),(10363.200000000001,0.),(0.,0.)));
#11935=IFCINDEXEDPOLYCURVE(#11934,$,.F.);
#11936=IFCDIRECTION((0.,0.,1.));
#11937=IFCARBITRARYCLOSEDPROFILEDEF(.AREA.,$,#11935);
#11938=IFCCARTESIANPOINT((0.,0.,0.));
#11939=IFCDIRECTION((0.,0.,1.));
#11940=IFCDIRECTION((1.,0.,0.));
#11941=IFCAXIS2PLACEMENT3D(#11938,#11939,#11940);
#11942=IFCEXTRUDEDAREASOLID(#11937,#11941,#11936,3200.4000000000001);
#11943=IFCSHAPEREPRESENTATION(#11,'Body','SweptSolid',(#11942));
#11944=IFCPRODUCTDEFINITIONSHAPE($,$,(#11943));
#11950=IFCCARTESIANPOINT((8229.5999999999985,10363.200000000001,17068.799999999999));
#11951=IFCDIRECTION((0.,0.,1.));
#11952=IFCDIRECTION((1.,0.,0.));
#11953=IFCAXIS2PLACEMENT3D(#11950,#11951,#11952);
#11954=IFCLOCALPLACEMENT($,#11953);
#11955=IFCWALL('1ES4CcQQD5lvNeWONG7W29',$,'L5|CORE',$,$,#11976,#11966,$,$);
#11956=IFCCARTESIANPOINTLIST2D(((0.,0.),(0.,150.),(7315.2000000000007,150.),(7315.2000000000007,0.),(0.,0.)));
#11957=IFCINDEXEDPOLYCURVE(#11956,$,.F.);
#11958=IFCDIRECTION((0.,0.,1.));
#11959=IFCARBITRARYCLOSEDPROFILEDEF(.AREA.,$,#11957);
#11960=IFCCARTESIANPOINT((0.,0.,0.));
#11961=IFCDIRECTION((0.,0.,1.));
#11962=IFCDIRECTION((1.,0.,0.));
#11963=IFCAXIS2PLACEMENT3D(#11960,#11961,#11962);
#11964=IFCEXTRUDEDAREASOLID(#11959,#11963,#11958,3200.4000000000001);
#11965=IFCSHAPEREPRESENTATION(#11,'Body','SweptSolid',(#11964));
#11966=IFCPRODUCTDEFINITIONSHAPE($,$,(#11965));
#11972=IFCCARTESIANPOINT((8229.5999999999985,3048.,17068.799999999999));
#11973=IFCDIRECTION((0.,0.,1.));
#11974=IFCDIRECTION((6.123233995736766E-17,1.,0.));
#11975=IFCAXIS2PLACEMENT3D(#11972,#11973,#11974);
#11976=IFCLOCALPLACEMENT($,#11975);
#11977=IFCWALL('27RpNlKc91Ig9KqIqB7lqH',$,'L5|CORE',$,$,#11998,#11988,$,$);
#11978=IFCCARTESIANPOINTLIST2D(((0.,0.),(0.,150.),(7315.2000000000007,150.),(7315.2000000000007,0.),(0.,0.)));
#11979=IFCINDEXEDPOLYCURVE(#11978,$,.F.);
#11980=IFCDIRECTION((0.,0.,1.));
#11981=IFCARBITRARYCLOSEDPROFILEDEF(.AREA.,$,#11979);
#11982=IFCCARTESIANPOINT((0.,0.,0.));
#11983=IFCDIRECTION((0.,0.,1.));
#11984=IFCDIRECTION((1.,0.,0.));
#11985=IFCAXIS2PLACEMENT3D(#11982,#11983,#11984);
#11986=IFCEXTRUDEDAREASOLID(#11981,#11985,#11980,3200.4000000000001);
#11987=IFCSHAPEREPRESENTATION(#11,'Body','SweptSolid',(#11986));
#11988=IFCPRODUCTDEFINITIONSHAPE($,$,(#11987));
#11994=IFCCARTESIANPOINT((18592.799999999999,3048.,17068.799999999999));
#11995=IFCDIRECTION((0.,0.,1.));
#11996=IFCDIRECTION((6.123233995736766E-17,1.,0.));
#11997=IFCAXIS2PLACEMENT3D(#11994,#11995,#11996);
#11998=IFCLOCALPLACEMENT($,#11997);
#11999=IFCWALL('2oZVRMyKjAnxUsT5kx6s_8',$,'L5|CORE',$,$,#12020,#12010,$,$);
#12000=IFCCARTESIANPOINTLIST2D(((0.,0.),(0.,150.),(10363.200000000001,150.),(10363.200000000001,0.),(0.,0.)));
#12001=IFCINDEXEDPOLYCURVE(#12000,$,.F.);
#12002=IFCDIRECTION((0.,0.,1.));
#12003=IFCARBITRARYCLOSEDPROFILEDEF(.AREA.,$,#12001);
#12004=IFCCARTESIANPOINT((0.,0.,0.));
#12005=IFCDIRECTION((0.,0.,1.));
#12006=IFCDIRECTION((1.,0.,0.));
#12007=IFCAXIS2PLACEMENT3D(#12004,#12005,#12006);
#12008=IFCEXTRUDEDAREASOLID(#12003,#12007,#12002,3200.4000000000001);
#12009=IFCSHAPEREPRESENTATION(#11,'Body','SweptSolid',(#12008));
#12010=IFCPRODUCTDEFINITIONSHAPE($,$,(#12009));
#12016=IFCCARTESIANPOINT((35052.,3048.,17068.799999999999));
#12017=IFCDIRECTION((0.,0.,1.));
#12018=IFCDIRECTION((1.,0.,0.));
#12019=IFCAXIS2PLACEMENT3D(#12016,#12017,#12018);
#12020=IFCLOCALPLACEMENT($,#12019);
#12021=IFCWALL('2MYZMHSqn7M8m$t2LdxVTe',$,'L5|CORE',$,$,#12042,#12032,$,$);
#12022=IFCCARTESIANPOINTLIST2D(((0.,0.),(0.,150.),(10363.200000000001,150.),(10363.200000000001,0.),(0.,0.)));
#12023=IFCINDEXEDPOLYCURVE(#12022,$,.F.);
#12024=IFCDIRECTION((0.,0.,1.));
#12025=IFCARBITRARYCLOSEDPROFILEDEF(.AREA.,$,#12023);
#12026=IFCCARTESIANPOINT((0.,0.,0.));
#12027=IFCDIRECTION((0.,0.,1.));
#12028=IFCDIRECTION((1.,0.,0.));
#12029=IFCAXIS2PLACEMENT3D(#12026,#12027,#12028);
#12030=IFCEXTRUDEDAREASOLID(#12025,#12029,#12024,3200.4000000000001);
#12031=IFCSHAPEREPRESENTATION(#11,'Body','SweptSolid',(#12030));
#12032=IFCPRODUCTDEFINITIONSHAPE($,$,(#12031));
#12038=IFCCARTESIANPOINT((35052.,10363.200000000001,17068.799999999999));
#12039=IFCDIRECTION((0.,0.,1.));
#12040=IFCDIRECTION((1.,0.,0.));
#12041=IFCAXIS2PLACEMENT3D(#12038,#12039,#12040);
#12042=IFCLOCALPLACEMENT($,#12041);
#12043=IFCWALL('0Os_EUPJPA9gsfu0zPBiAX',$,'L5|CORE',$,$,#12064,#12054,$,$);
#12044=IFCCARTESIANPOINTLIST2D(((0.,0.),(0.,150.),(7315.2000000000007,150.),(7315.2000000000007,0.),(0.,0.)));
#12045=IFCINDEXEDPOLYCURVE(#12044,$,.F.);
#12046=IFCDIRECTION((0.,0.,1.));
#12047=IFCARBITRARYCLOSEDPROFILEDEF(.AREA.,$,#12045);
#12048=IFCCARTESIANPOINT((0.,0.,0.));
#12049=IFCDIRECTION((0.,0.,1.));
#12050=IFCDIRECTION((1.,0.,0.));
#12051=IFCAXIS2PLACEMENT3D(#12048,#12049,#12050);
#12052=IFCEXTRUDEDAREASOLID(#12047,#12051,#12046,3200.4000000000001);
#12053=IFCSHAPEREPRESENTATION(#11,'Body','SweptSolid',(#12052));
#12054=IFCPRODUCTDEFINITIONSHAPE($,$,(#12053));
#12060=IFCCARTESIANPOINT((35052.,3048.,17068.799999999999));
#12061=IFCDIRECTION((0.,0.,1.));
#12062=IFCDIRECTION((6.123233995736766E-17,1.,0.));
#12063=IFCAXIS2PLACEMENT3D(#12060,#12061,#12062);
#12064=IFCLOCALPLACEMENT($,#12063);
#12065=IFCWALL('05U9FFQbb13QnHUd1jrDZr',$,'L5|CORE',$,$,#12086,#12076,$,$);
#12066=IFCCARTESIANPOINTLIST2D(((0.,0.),(0.,150.),(7315.2000000000007,150.),(7315.2000000000007,0.),(0.,0.)));
#12067=IFCINDEXEDPOLYCURVE(#12066,$,.F.);
#12068=IFCDIRECTION((0.,0.,1.));
#12069=IFCARBITRARYCLOSEDPROFILEDEF(.AREA.,$,#12067);
#12070=IFCCARTESIANPOINT((0.,0.,0.));
#12071=IFCDIRECTION((0.,0.,1.));
#12072=IFCDIRECTION((1.,0.,0.));
#12073=IFCAXIS2PLACEMENT3D(#12070,#12071,#12072);
#12074=IFCEXTRUDEDAREASOLID(#12069,#12073,#12068,3200.4000000000001);
#12075=IFCSHAPEREPRESENTATION(#11,'Body','SweptSolid',(#12074));
#12076=IFCPRODUCTDEFINITIONSHAPE($,$,(#12075));
#12082=IFCCARTESIANPOINT((45415.200000000004,3048.,17068.799999999999));
#12083=IFCDIRECTION((0.,0.,1.));
#12084=IFCDIRECTION((6.123233995736766E-17,1.,0.));
#12085=IFCAXIS2PLACEMENT3D(#12082,#12083,#12084);
#12086=IFCLOCALPLACEMENT($,#12085);
#12087=IFCWALL('3Hz_c_h8DCUAKqlbLwB64u',$,'L6|CORE',$,$,#12108,#12098,$,$);
#12088=IFCCARTESIANPOINTLIST2D(((0.,0.),(0.,150.),(10363.200000000001,150.),(10363.200000000001,0.),(0.,0.)));
#12089=IFCINDEXEDPOLYCURVE(#12088,$,.F.);
#12090=IFCDIRECTION((0.,0.,1.));
#12091=IFCARBITRARYCLOSEDPROFILEDEF(.AREA.,$,#12089);
#12092=IFCCARTESIANPOINT((0.,0.,0.));
#12093=IFCDIRECTION((0.,0.,1.));
#12094=IFCDIRECTION((1.,0.,0.));
#12095=IFCAXIS2PLACEMENT3D(#12092,#12093,#12094);
#12096=IFCEXTRUDEDAREASOLID(#12091,#12095,#12090,3200.4000000000001);
#12097=IFCSHAPEREPRESENTATION(#11,'Body','SweptSolid',(#12096));
#12098=IFCPRODUCTDEFINITIONSHAPE($,$,(#12097));
#12104=IFCCARTESIANPOINT((8229.5999999999985,3048.,20269.200000000001));
#12105=IFCDIRECTION((0.,0.,1.));
#12106=IFCDIRECTION((1.,0.,0.));
#12107=IFCAXIS2PLACEMENT3D(#12104,#12105,#12106);
#12108=IFCLOCALPLACEMENT($,#12107);
#12109=IFCWALL('0hbbdkvhP2kgoh5YJPAMcY',$,'L6|CORE',$,$,#12130,#12120,$,$);
#12110=IFCCARTESIANPOINTLIST2D(((0.,0.),(0.,150.),(10363.200000000001,150.),(10363.200000000001,0.),(0.,0.)));
#12111=IFCINDEXEDPOLYCURVE(#12110,$,.F.);
#12112=IFCDIRECTION((0.,0.,1.));
#12113=IFCARBITRARYCLOSEDPROFILEDEF(.AREA.,$,#12111);
#12114=IFCCARTESIANPOINT((0.,0.,0.));
#12115=IFCDIRECTION((0.,0.,1.));
#12116=IFCDIRECTION((1.,0.,0.));
#12117=IFCAXIS2PLACEMENT3D(#12114,#12115,#12116);
#12118=IFCEXTRUDEDAREASOLID(#12113,#12117,#12112,3200.4000000000001);
#12119=IFCSHAPEREPRESENTATION(#11,'Body','SweptSolid',(#12118));
#12120=IFCPRODUCTDEFINITIONSHAPE($,$,(#12119));
#12126=IFCCARTESIANPOINT((8229.5999999999985,10363.200000000001,20269.200000000001));
#12127=IFCDIRECTION((0.,0.,1.));
#12128=IFCDIRECTION((1.,0.,0.));
#12129=IFCAXIS2PLACEMENT3D(#12126,#12127,#12128);
#12130=IFCLOCALPLACEMENT($,#12129);
#12131=IFCWALL('1VXp1NR9j4xRjhMPWtERSh',$,'L6|CORE',$,$,#12152,#12142,$,$);
#12132=IFCCARTESIANPOINTLIST2D(((0.,0.),(0.,150.),(7315.2000000000007,150.),(7315.2000000000007,0.),(0.,0.)));
#12133=IFCINDEXEDPOLYCURVE(#12132,$,.F.);
#12134=IFCDIRECTION((0.,0.,1.));
#12135=IFCARBITRARYCLOSEDPROFILEDEF(.AREA.,$,#12133);
#12136=IFCCARTESIANPOINT((0.,0.,0.));
#12137=IFCDIRECTION((0.,0.,1.));
#12138=IFCDIRECTION((1.,0.,0.));
#12139=IFCAXIS2PLACEMENT3D(#12136,#12137,#12138);
#12140=IFCEXTRUDEDAREASOLID(#12135,#12139,#12134,3200.4000000000001);
#12141=IFCSHAPEREPRESENTATION(#11,'Body','SweptSolid',(#12140));
#12142=IFCPRODUCTDEFINITIONSHAPE($,$,(#12141));
#12148=IFCCARTESIANPOINT((8229.5999999999985,3048.,20269.200000000001));
#12149=IFCDIRECTION((0.,0.,1.));
#12150=IFCDIRECTION((6.123233995736766E-17,1.,0.));
#12151=IFCAXIS2PLACEMENT3D(#12148,#12149,#12150);
#12152=IFCLOCALPLACEMENT($,#12151);
#12153=IFCWALL('32Z8WgjBb1Zen4Ck1cT0eg',$,'L6|CORE',$,$,#12174,#12164,$,$);
#12154=IFCCARTESIANPOINTLIST2D(((0.,0.),(0.,150.),(7315.2000000000007,150.),(7315.2000000000007,0.),(0.,0.)));
#12155=IFCINDEXEDPOLYCURVE(#12154,$,.F.);
#12156=IFCDIRECTION((0.,0.,1.));
#12157=IFCARBITRARYCLOSEDPROFILEDEF(.AREA.,$,#12155);
#12158=IFCCARTESIANPOINT((0.,0.,0.));
#12159=IFCDIRECTION((0.,0.,1.));
#12160=IFCDIRECTION((1.,0.,0.));
#12161=IFCAXIS2PLACEMENT3D(#12158,#12159,#12160);
#12162=IFCEXTRUDEDAREASOLID(#12157,#12161,#12156,3200.4000000000001);
#12163=IFCSHAPEREPRESENTATION(#11,'Body','SweptSolid',(#12162));
#12164=IFCPRODUCTDEFINITIONSHAPE($,$,(#12163));
#12170=IFCCARTESIANPOINT((18592.799999999999,3048.,20269.200000000001));
#12171=IFCDIRECTION((0.,0.,1.));
#12172=IFCDIRECTION((6.123233995736766E-17,1.,0.));
#12173=IFCAXIS2PLACEMENT3D(#12170,#12171,#12172);
#12174=IFCLOCALPLACEMENT($,#12173);
#12175=IFCWALL('1GztvmoQr21RBUHToFd$mB',$,'L6|CORE',$,$,#12196,#12186,$,$);
#12176=IFCCARTESIANPOINTLIST2D(((0.,0.),(0.,150.),(10363.200000000001,150.),(10363.200000000001,0.),(0.,0.)));
#12177=IFCINDEXEDPOLYCURVE(#12176,$,.F.);
#12178=IFCDIRECTION((0.,0.,1.));
#12179=IFCARBITRARYCLOSEDPROFILEDEF(.AREA.,$,#12177);
#12180=IFCCARTESIANPOINT((0.,0.,0.));
#12181=IFCDIRECTION((0.,0.,1.));
#12182=IFCDIRECTION((1.,0.,0.));
#12183=IFCAXIS2PLACEMENT3D(#12180,#12181,#12182);
#12184=IFCEXTRUDEDAREASOLID(#12179,#12183,#12178,3200.4000000000001);
#12185=IFCSHAPEREPRESENTATION(#11,'Body','SweptSolid',(#12184));
#12186=IFCPRODUCTDEFINITIONSHAPE($,$,(#12185));
#12192=IFCCARTESIANPOINT((35052.,3048.,20269.200000000001));
#12193=IFCDIRECTION((0.,0.,1.));
#12194=IFCDIRECTION((1.,0.,0.));
#12195=IFCAXIS2PLACEMENT3D(#12192,#12193,#12194);
#12196=IFCLOCALPLACEMENT($,#12195);
#12197=IFCWALL('0BhlJ92JnFqR358vnoQwDh',$,'L6|CORE',$,$,#12218,#12208,$,$);
#12198=IFCCARTESIANPOINTLIST2D(((0.,0.),(0.,150.),(10363.200000000001,150.),(10363.200000000001,0.),(0.,0.)));
#12199=IFCINDEXEDPOLYCURVE(#12198,$,.F.);
#12200=IFCDIRECTION((0.,0.,1.));
#12201=IFCARBITRARYCLOSEDPROFILEDEF(.AREA.,$,#12199);
#12202=IFCCARTESIANPOINT((0.,0.,0.));
#12203=IFCDIRECTION((0.,0.,1.));
#12204=IFCDIRECTION((1.,0.,0.));
#12205=IFCAXIS2PLACEMENT3D(#12202,#12203,#12204);
#12206=IFCEXTRUDEDAREASOLID(#12201,#12205,#12200,3200.4000000000001);
#12207=IFCSHAPEREPRESENTATION(#11,'Body','SweptSolid',(#12206));
#12208=IFCPRODUCTDEFINITIONSHAPE($,$,(#12207));
#12214=IFCCARTESIANPOINT((35052.,10363.200000000001,20269.200000000001));
#12215=IFCDIRECTION((0.,0.,1.));
#12216=IFCDIRECTION((1.,0.,0.));
#12217=IFCAXIS2PLACEMENT3D(#12214,#12215,#12216);
#12218=IFCLOCALPLACEMENT($,#12217);
#12219=IFCWALL('2kTx$Igz99afTIF9Yz1GvW',$,'L6|CORE',$,$,#12240,#12230,$,$);
#12220=IFCCARTESIANPOINTLIST2D(((0.,0.),(0.,150.),(7315.2000000000007,150.),(7315.2000000000007,0.),(0.,0.)));
#12221=IFCINDEXEDPOLYCURVE(#12220,$,.F.);
#12222=IFCDIRECTION((0.,0.,1.));
#12223=IFCARBITRARYCLOSEDPROFILEDEF(.AREA.,$,#12221);
#12224=IFCCARTESIANPOINT((0.,0.,0.));
#12225=IFCDIRECTION((0.,0.,1.));
#12226=IFCDIRECTION((1.,0.,0.));
#12227=IFCAXIS2PLACEMENT3D(#12224,#12225,#12226);
#12228=IFCEXTRUDEDAREASOLID(#12223,#12227,#12222,3200.4000000000001);
#12229=IFCSHAPEREPRESENTATION(#11,'Body','SweptSolid',(#12228));
#12230=IFCPRODUCTDEFINITIONSHAPE($,$,(#12229));
#12236=IFCCARTESIANPOINT((35052.,3048.,20269.200000000001));
#12237=IFCDIRECTION((0.,0.,1.));
#12238=IFCDIRECTION((6.123233995736766E-17,1.,0.));
#12239=IFCAXIS2PLACEMENT3D(#12236,#12237,#12238);
#12240=IFCLOCALPLACEMENT($,#12239);
#12241=IFCWALL('0HxI46oXP0A8MgPul1BVbE',$,'L6|CORE',$,$,#12262,#12252,$,$);
#12242=IFCCARTESIANPOINTLIST2D(((0.,0.),(0.,150.),(7315.2000000000007,150.),(7315.2000000000007,0.),(0.,0.)));
#12243=IFCINDEXEDPOLYCURVE(#12242,$,.F.);
#12244=IFCDIRECTION((0.,0.,1.));
#12245=IFCARBITRARYCLOSEDPROFILEDEF(.AREA.,$,#12243);
#12246=IFCCARTESIANPOINT((0.,0.,0.));
#12247=IFCDIRECTION((0.,0.,1.));
#12248=IFCDIRECTION((1.,0.,0.));
#12249=IFCAXIS2PLACEMENT3D(#12246,#12247,#12248);
#12250=IFCEXTRUDEDAREASOLID(#12245,#12249,#12244,3200.4000000000001);
#12251=IFCSHAPEREPRESENTATION(#11,'Body','SweptSolid',(#12250));
#12252=IFCPRODUCTDEFINITIONSHAPE($,$,(#12251));
#12258=IFCCARTESIANPOINT((45415.200000000004,3048.,20269.200000000001));
#12259=IFCDIRECTION((0.,0.,1.));
#12260=IFCDIRECTION((6.123233995736766E-17,1.,0.));
#12261=IFCAXIS2PLACEMENT3D(#12258,#12259,#12260);
#12262=IFCLOCALPLACEMENT($,#12261);
#12263=IFCWALL('3o5EseRpT6v8hhpLTgCY$h',$,'L7|CORE',$,$,#12284,#12274,$,$);
#12264=IFCCARTESIANPOINTLIST2D(((0.,0.),(0.,150.),(10363.200000000001,150.),(10363.200000000001,0.),(0.,0.)));
#12265=IFCINDEXEDPOLYCURVE(#12264,$,.F.);
#12266=IFCDIRECTION((0.,0.,1.));
#12267=IFCARBITRARYCLOSEDPROFILEDEF(.AREA.,$,#12265);
#12268=IFCCARTESIANPOINT((0.,0.,0.));
#12269=IFCDIRECTION((0.,0.,1.));
#12270=IFCDIRECTION((1.,0.,0.));
#12271=IFCAXIS2PLACEMENT3D(#12268,#12269,#12270);
#12272=IFCEXTRUDEDAREASOLID(#12267,#12271,#12266,3200.4000000000001);
#12273=IFCSHAPEREPRESENTATION(#11,'Body','SweptSolid',(#12272));
#12274=IFCPRODUCTDEFINITIONSHAPE($,$,(#12273));
#12280=IFCCARTESIANPOINT((8229.5999999999985,3048.,23469.599999999999));
#12281=IFCDIRECTION((0.,0.,1.));
#12282=IFCDIRECTION((1.,0.,0.));
#12283=IFCAXIS2PLACEMENT3D(#12280,#12281,#12282);
#12284=IFCLOCALPLACEMENT($,#12283);
#12285=IFCWALL('0y21MfqzfF3hZaIiMqiSNE',$,'L7|CORE',$,$,#12306,#12296,$,$);
#12286=IFCCARTESIANPOINTLIST2D(((0.,0.),(0.,150.),(10363.200000000001,150.),(10363.200000000001,0.),(0.,0.)));
#12287=IFCINDEXEDPOLYCURVE(#12286,$,.F.);
#12288=IFCDIRECTION((0.,0.,1.));
#12289=IFCARBITRARYCLOSEDPROFILEDEF(.AREA.,$,#12287);
#12290=IFCCARTESIANPOINT((0.,0.,0.));
#12291=IFCDIRECTION((0.,0.,1.));
#12292=IFCDIRECTION((1.,0.,0.));
#12293=IFCAXIS2PLACEMENT3D(#12290,#12291,#12292);
#12294=IFCEXTRUDEDAREASOLID(#12289,#12293,#12288,3200.4000000000001);
#12295=IFCSHAPEREPRESENTATION(#11,'Body','SweptSolid',(#12294));
#12296=IFCPRODUCTDEFINITIONSHAPE($,$,(#12295));
#12302=IFCCARTESIANPOINT((8229.5999999999985,10363.200000000001,23469.599999999999));
#12303=IFCDIRECTION((0.,0.,1.));
#12304=IFCDIRECTION((1.,0.,0.));
#12305=IFCAXIS2PLACEMENT3D(#12302,#12303,#12304);
#12306=IFCLOCALPLACEMENT($,#12305);
#12307=IFCWALL('0K4vyOx5v1hA$1N6JaJibU',$,'L7|CORE',$,$,#12328,#12318,$,$);
#12308=IFCCARTESIANPOINTLIST2D(((0.,0.),(0.,150.),(7315.2000000000007,150.),(7315.2000000000007,0.),(0.,0.)));
#12309=IFCINDEXEDPOLYCURVE(#12308,$,.F.);
#12310=IFCDIRECTION((0.,0.,1.));
#12311=IFCARBITRARYCLOSEDPROFILEDEF(.AREA.,$,#12309);
#12312=IFCCARTESIANPOINT((0.,0.,0.));
#12313=IFCDIRECTION((0.,0.,1.));
#12314=IFCDIRECTION((1.,0.,0.));
#12315=IFCAXIS2PLACEMENT3D(#12312,#12313,#12314);
#12316=IFCEXTRUDEDAREASOLID(#12311,#12315,#12310,3200.4000000000001);
#12317=IFCSHAPEREPRESENTATION(#11,'Body','SweptSolid',(#12316));
#12318=IFCPRODUCTDEFINITIONSHAPE($,$,(#12317));
#12324=IFCCARTESIANPOINT((8229.5999999999985,3048.,23469.599999999999));
#12325=IFCDIRECTION((0.,0.,1.));
#12326=IFCDIRECTION((6.123233995736766E-17,1.,0.));
#12327=IFCAXIS2PLACEMENT3D(#12324,#12325,#12326);
#12328=IFCLOCALPLACEMENT($,#12327);
#12329=IFCWALL('28QfHfn41AEfU1ClYY6sIf',$,'L7|CORE',$,$,#12350,#12340,$,$);
#12330=IFCCARTESIANPOINTLIST2D(((0.,0.),(0.,150.),(7315.2000000000007,150.),(7315.2000000000007,0.),(0.,0.)));
#12331=IFCINDEXEDPOLYCURVE(#12330,$,.F.);
#12332=IFCDIRECTION((0.,0.,1.));
#12333=IFCARBITRARYCLOSEDPROFILEDEF(.AREA.,$,#12331);
#12334=IFCCARTESIANPOINT((0.,0.,0.));
#12335=IFCDIRECTION((0.,0.,1.));
#12336=IFCDIRECTION((1.,0.,0.));
#12337=IFCAXIS2PLACEMENT3D(#12334,#12335,#12336);
#12338=IFCEXTRUDEDAREASOLID(#12333,#12337,#12332,3200.4000000000001);
#12339=IFCSHAPEREPRESENTATION(#11,'Body','SweptSolid',(#12338));
#12340=IFCPRODUCTDEFINITIONSHAPE($,$,(#12339));
#12346=IFCCARTESIANPOINT((18592.799999999999,3048.,23469.599999999999));
#12347=IFCDIRECTION((0.,0.,1.));
#12348=IFCDIRECTION((6.123233995736766E-17,1.,0.));
#12349=IFCAXIS2PLACEMENT3D(#12346,#12347,#12348);
#12350=IFCLOCALPLACEMENT($,#12349);
#12351=IFCWALL('1p802l6_j3Y8Hhuo69FCTs',$,'L7|CORE',$,$,#12372,#12362,$,$);
#12352=IFCCARTESIANPOINTLIST2D(((0.,0.),(0.,150.),(10363.200000000001,150.),(10363.200000000001,0.),(0.,0.)));
#12353=IFCINDEXEDPOLYCURVE(#12352,$,.F.);
#12354=IFCDIRECTION((0.,0.,1.));
#12355=IFCARBITRARYCLOSEDPROFILEDEF(.AREA.,$,#12353);
#12356=IFCCARTESIANPOINT((0.,0.,0.));
#12357=IFCDIRECTION((0.,0.,1.));
#12358=IFCDIRECTION((1.,0.,0.));
#12359=IFCAXIS2PLACEMENT3D(#12356,#12357,#12358);
#12360=IFCEXTRUDEDAREASOLID(#12355,#12359,#12354,3200.4000000000001);
#12361=IFCSHAPEREPRESENTATION(#11,'Body','SweptSolid',(#12360));
#12362=IFCPRODUCTDEFINITIONSHAPE($,$,(#12361));
#12368=IFCCARTESIANPOINT((35052.,3048.,23469.599999999999));
#12369=IFCDIRECTION((0.,0.,1.));
#12370=IFCDIRECTION((1.,0.,0.));
#12371=IFCAXIS2PLACEMENT3D(#12368,#12369,#12370);
#12372=IFCLOCALPLACEMENT($,#12371);
#12373=IFCWALL('0Z0QB9nJD0pPUWrNMBeSbL',$,'L7|CORE',$,$,#12394,#12384,$,$);
#12374=IFCCARTESIANPOINTLIST2D(((0.,0.),(0.,150.),(10363.200000000001,150.),(10363.200000000001,0.),(0.,0.)));
#12375=IFCINDEXEDPOLYCURVE(#12374,$,.F.);
#12376=IFCDIRECTION((0.,0.,1.));
#12377=IFCARBITRARYCLOSEDPROFILEDEF(.AREA.,$,#12375);
#12378=IFCCARTESIANPOINT((0.,0.,0.));
#12379=IFCDIRECTION((0.,0.,1.));
#12380=IFCDIRECTION((1.,0.,0.));
#12381=IFCAXIS2PLACEMENT3D(#12378,#12379,#12380);
#12382=IFCEXTRUDEDAREASOLID(#12377,#12381,#12376,3200.4000000000001);
#12383=IFCSHAPEREPRESENTATION(#11,'Body','SweptSolid',(#12382));
#12384=IFCPRODUCTDEFINITIONSHAPE($,$,(#12383));
#12390=IFCCARTESIANPOINT((35052.,10363.200000000001,23469.599999999999));
#12391=IFCDIRECTION((0.,0.,1.));
#12392=IFCDIRECTION((1.,0.,0.));
#12393=IFCAXIS2PLACEMENT3D(#12390,#12391,#12392);
#12394=IFCLOCALPLACEMENT($,#12393);
#12395=IFCWALL('2f9xOisWT9BeU7aVYnJpvZ',$,'L7|CORE',$,$,#12416,#12406,$,$);
#12396=IFCCARTESIANPOINTLIST2D(((0.,0.),(0.,150.),(7315.2000000000007,150.),(7315.2000000000007,0.),(0.,0.)));
#12397=IFCINDEXEDPOLYCURVE(#12396,$,.F.);
#12398=IFCDIRECTION((0.,0.,1.));
#12399=IFCARBITRARYCLOSEDPROFILEDEF(.AREA.,$,#12397);
#12400=IFCCARTESIANPOINT((0.,0.,0.));
#12401=IFCDIRECTION((0.,0.,1.));
#12402=IFCDIRECTION((1.,0.,0.));
#12403=IFCAXIS2PLACEMENT3D(#12400,#12401,#12402);
#12404=IFCEXTRUDEDAREASOLID(#12399,#12403,#12398,3200.4000000000001);
#12405=IFCSHAPEREPRESENTATION(#11,'Body','SweptSolid',(#12404));
#12406=IFCPRODUCTDEFINITIONSHAPE($,$,(#12405));
#12412=IFCCARTESIANPOINT((35052.,3048.,23469.599999999999));
#12413=IFCDIRECTION((0.,0.,1.));
#12414=IFCDIRECTION((6.123233995736766E-17,1.,0.));
#12415=IFCAXIS2PLACEMENT3D(#12412,#12413,#12414);
#12416=IFCLOCALPLACEMENT($,#12415);
#12417=IFCWALL('2KlM54xQz2nfIrFr_eCIuL',$,'L7|CORE',$,$,#12438,#12428,$,$);
#12418=IFCCARTESIANPOINTLIST2D(((0.,0.),(0.,150.),(7315.2000000000007,150.),(7315.2000000000007,0.),(0.,0.)));
#12419=IFCINDEXEDPOLYCURVE(#12418,$,.F.);
#12420=IFCDIRECTION((0.,0.,1.));
#12421=IFCARBITRARYCLOSEDPROFILEDEF(.AREA.,$,#12419);
#12422=IFCCARTESIANPOINT((0.,0.,0.));
#12423=IFCDIRECTION((0.,0.,1.));
#12424=IFCDIRECTION((1.,0.,0.));
#12425=IFCAXIS2PLACEMENT3D(#12422,#12423,#12424);
#12426=IFCEXTRUDEDAREASOLID(#12421,#12425,#12420,3200.4000000000001);
#12427=IFCSHAPEREPRESENTATION(#11,'Body','SweptSolid',(#12426));
#12428=IFCPRODUCTDEFINITIONSHAPE($,$,(#12427));
#12434=IFCCARTESIANPOINT((45415.200000000004,3048.,23469.599999999999));
#12435=IFCDIRECTION((0.,0.,1.));
#12436=IFCDIRECTION((6.123233995736766E-17,1.,0.));
#12437=IFCAXIS2PLACEMENT3D(#12434,#12435,#12436);
#12438=IFCLOCALPLACEMENT($,#12437);
#12439=IFCWALL('2kIMcaUZD7Y8uYctKxj_gp',$,'L1|AMENITY_LOBBY',$,$,#12460,#12450,$,$);
#12440=IFCCARTESIANPOINTLIST2D(((0.,0.),(0.,150.),(7315.2000000000007,150.),(7315.2000000000007,0.),(0.,0.)));
#12441=IFCINDEXEDPOLYCURVE(#12440,$,.F.);
#12442=IFCDIRECTION((0.,0.,1.));
#12443=IFCARBITRARYCLOSEDPROFILEDEF(.AREA.,$,#12441);
#12444=IFCCARTESIANPOINT((0.,0.,0.));
#12445=IFCDIRECTION((0.,0.,1.));
#12446=IFCDIRECTION((1.,0.,0.));
#12447=IFCAXIS2PLACEMENT3D(#12444,#12445,#12446);
#12448=IFCEXTRUDEDAREASOLID(#12443,#12447,#12442,3200.4000000000001);
#12449=IFCSHAPEREPRESENTATION(#11,'Body','SweptSolid',(#12448));
#12450=IFCPRODUCTDEFINITIONSHAPE($,$,(#12449));
#12456=IFCCARTESIANPOINT((5181.6000000000004,10363.200000000001,4267.1999999999998));
#12457=IFCDIRECTION((0.,0.,1.));
#12458=IFCDIRECTION((1.,0.,0.));
#12459=IFCAXIS2PLACEMENT3D(#12456,#12457,#12458);
#12460=IFCLOCALPLACEMENT($,#12459);
#12461=IFCWALL('0R2J8LzUD53faVoNbNWL6j',$,'L1|AMENITY_LOBBY',$,$,#12482,#12472,$,$);
#12462=IFCCARTESIANPOINTLIST2D(((0.,0.),(0.,150.),(7315.2000000000007,150.),(7315.2000000000007,0.),(0.,0.)));
#12463=IFCINDEXEDPOLYCURVE(#12462,$,.F.);
#12464=IFCDIRECTION((0.,0.,1.));
#12465=IFCARBITRARYCLOSEDPROFILEDEF(.AREA.,$,#12463);
#12466=IFCCARTESIANPOINT((0.,0.,0.));
#12467=IFCDIRECTION((0.,0.,1.));
#12468=IFCDIRECTION((1.,0.,0.));
#12469=IFCAXIS2PLACEMENT3D(#12466,#12467,#12468);
#12470=IFCEXTRUDEDAREASOLID(#12465,#12469,#12464,3200.4000000000001);
#12471=IFCSHAPEREPRESENTATION(#11,'Body','SweptSolid',(#12470));
#12472=IFCPRODUCTDEFINITIONSHAPE($,$,(#12471));
#12478=IFCCARTESIANPOINT((5181.6000000000004,25603.200000000001,4267.1999999999998));
#12479=IFCDIRECTION((0.,0.,1.));
#12480=IFCDIRECTION((1.,0.,0.));
#12481=IFCAXIS2PLACEMENT3D(#12478,#12479,#12480);
#12482=IFCLOCALPLACEMENT($,#12481);
#12483=IFCWALL('16dQggwqr4sOrAAhDBPLMK',$,'L1|AMENITY_LOBBY',$,$,#12504,#12494,$,$);
#12484=IFCCARTESIANPOINTLIST2D(((0.,0.),(0.,150.),(15240.,150.),(15240.,0.),(0.,0.)));
#12485=IFCINDEXEDPOLYCURVE(#12484,$,.F.);
#12486=IFCDIRECTION((0.,0.,1.));
#12487=IFCARBITRARYCLOSEDPROFILEDEF(.AREA.,$,#12485);
#12488=IFCCARTESIANPOINT((0.,0.,0.));
#12489=IFCDIRECTION((0.,0.,1.));
#12490=IFCDIRECTION((1.,0.,0.));
#12491=IFCAXIS2PLACEMENT3D(#12488,#12489,#12490);
#12492=IFCEXTRUDEDAREASOLID(#12487,#12491,#12486,3200.4000000000001);
#12493=IFCSHAPEREPRESENTATION(#11,'Body','SweptSolid',(#12492));
#12494=IFCPRODUCTDEFINITIONSHAPE($,$,(#12493));
#12500=IFCCARTESIANPOINT((5181.6000000000004,10363.200000000001,4267.1999999999998));
#12501=IFCDIRECTION((0.,0.,1.));
#12502=IFCDIRECTION((6.123233995736766E-17,1.,0.));
#12503=IFCAXIS2PLACEMENT3D(#12500,#12501,#12502);
#12504=IFCLOCALPLACEMENT($,#12503);
#12505=IFCWALL('1dyzaqMo9EzerYnF5iygUE',$,'L1|AMENITY_LOBBY',$,$,#12526,#12516,$,$);
#12506=IFCCARTESIANPOINTLIST2D(((0.,0.),(0.,150.),(15240.,150.),(15240.,0.),(0.,0.)));
#12507=IFCINDEXEDPOLYCURVE(#12506,$,.F.);
#12508=IFCDIRECTION((0.,0.,1.));
#12509=IFCARBITRARYCLOSEDPROFILEDEF(.AREA.,$,#12507);
#12510=IFCCARTESIANPOINT((0.,0.,0.));
#12511=IFCDIRECTION((0.,0.,1.));
#12512=IFCDIRECTION((1.,0.,0.));
#12513=IFCAXIS2PLACEMENT3D(#12510,#12511,#12512);
#12514=IFCEXTRUDEDAREASOLID(#12509,#12513,#12508,3200.4000000000001);
#12515=IFCSHAPEREPRESENTATION(#11,'Body','SweptSolid',(#12514));
#12516=IFCPRODUCTDEFINITIONSHAPE($,$,(#12515));
#12522=IFCCARTESIANPOINT((12496.799999999999,10363.200000000001,4267.1999999999998));
#12523=IFCDIRECTION((0.,0.,1.));
#12524=IFCDIRECTION((6.123233995736766E-17,1.,0.));
#12525=IFCAXIS2PLACEMENT3D(#12522,#12523,#12524);
#12526=IFCLOCALPLACEMENT($,#12525);
#12527=IFCWALL('3efjT4k5T8LwxWYNw73iwz',$,'L1|AMENITY_FIT',$,$,#12548,#12538,$,$);
#12528=IFCCARTESIANPOINTLIST2D(((0.,0.),(0.,150.),(7315.2000000000007,150.),(7315.2000000000007,0.),(0.,0.)));
#12529=IFCINDEXEDPOLYCURVE(#12528,$,.F.);
#12530=IFCDIRECTION((0.,0.,1.));
#12531=IFCARBITRARYCLOSEDPROFILEDEF(.AREA.,$,#12529);
#12532=IFCCARTESIANPOINT((0.,0.,0.));
#12533=IFCDIRECTION((0.,0.,1.));
#12534=IFCDIRECTION((1.,0.,0.));
#12535=IFCAXIS2PLACEMENT3D(#12532,#12533,#12534);
#12536=IFCEXTRUDEDAREASOLID(#12531,#12535,#12530,3200.4000000000001);
#12537=IFCSHAPEREPRESENTATION(#11,'Body','SweptSolid',(#12536));
#12538=IFCPRODUCTDEFINITIONSHAPE($,$,(#12537));
#12544=IFCCARTESIANPOINT((5181.6000000000004,25603.200000000001,4267.1999999999998));
#12545=IFCDIRECTION((0.,0.,1.));
#12546=IFCDIRECTION((1.,0.,0.));
#12547=IFCAXIS2PLACEMENT3D(#12544,#12545,#12546);
#12548=IFCLOCALPLACEMENT($,#12547);
#12549=IFCWALL('1FYfmaTTX1f9_Ck23UVQ7I',$,'L1|AMENITY_FIT',$,$,#12570,#12560,$,$);
#12550=IFCCARTESIANPOINTLIST2D(((0.,0.),(0.,150.),(7315.2000000000007,150.),(7315.2000000000007,0.),(0.,0.)));
#12551=IFCINDEXEDPOLYCURVE(#12550,$,.F.);
#12552=IFCDIRECTION((0.,0.,1.));
#12553=IFCARBITRARYCLOSEDPROFILEDEF(.AREA.,$,#12551);
#12554=IFCCARTESIANPOINT((0.,0.,0.));
#12555=IFCDIRECTION((0.,0.,1.));
#12556=IFCDIRECTION((1.,0.,0.));
#12557=IFCAXIS2PLACEMENT3D(#12554,#12555,#12556);
#12558=IFCEXTRUDEDAREASOLID(#12553,#12557,#12552,3200.4000000000001);
#12559=IFCSHAPEREPRESENTATION(#11,'Body','SweptSolid',(#12558));
#12560=IFCPRODUCTDEFINITIONSHAPE($,$,(#12559));
#12566=IFCCARTESIANPOINT((5181.6000000000004,37033.199999999997,4267.1999999999998));
#12567=IFCDIRECTION((0.,0.,1.));
#12568=IFCDIRECTION((1.,0.,0.));
#12569=IFCAXIS2PLACEMENT3D(#12566,#12567,#12568);
#12570=IFCLOCALPLACEMENT($,#12569);
#12571=IFCWALL('3k_zQAttD9ceKdYutdImtB',$,'L1|AMENITY_FIT',$,$,#12592,#12582,$,$);
#12572=IFCCARTESIANPOINTLIST2D(((0.,0.),(0.,150.),(11430.,150.),(11430.,0.),(0.,0.)));
#12573=IFCINDEXEDPOLYCURVE(#12572,$,.F.);
#12574=IFCDIRECTION((0.,0.,1.));
#12575=IFCARBITRARYCLOSEDPROFILEDEF(.AREA.,$,#12573);
#12576=IFCCARTESIANPOINT((0.,0.,0.));
#12577=IFCDIRECTION((0.,0.,1.));
#12578=IFCDIRECTION((1.,0.,0.));
#12579=IFCAXIS2PLACEMENT3D(#12576,#12577,#12578);
#12580=IFCEXTRUDEDAREASOLID(#12575,#12579,#12574,3200.4000000000001);
#12581=IFCSHAPEREPRESENTATION(#11,'Body','SweptSolid',(#12580));
#12582=IFCPRODUCTDEFINITIONSHAPE($,$,(#12581));
#12588=IFCCARTESIANPOINT((5181.6000000000004,25603.200000000001,4267.1999999999998));
#12589=IFCDIRECTION((0.,0.,1.));
#12590=IFCDIRECTION((6.123233995736766E-17,1.,0.));
#12591=IFCAXIS2PLACEMENT3D(#12588,#12589,#12590);
#12592=IFCLOCALPLACEMENT($,#12591);
#12593=IFCWALL('26zZ$jeUX31faAxizDwaiX',$,'L1|AMENITY_FIT',$,$,#12614,#12604,$,$);
#12594=IFCCARTESIANPOINTLIST2D(((0.,0.),(0.,150.),(11430.,150.),(11430.,0.),(0.,0.)));
#12595=IFCINDEXEDPOLYCURVE(#12594,$,.F.);
#12596=IFCDIRECTION((0.,0.,1.));
#12597=IFCARBITRARYCLOSEDPROFILEDEF(.AREA.,$,#12595);
#12598=IFCCARTESIANPOINT((0.,0.,0.));
#12599=IFCDIRECTION((0.,0.,1.));
#12600=IFCDIRECTION((1.,0.,0.));
#12601=IFCAXIS2PLACEMENT3D(#12598,#12599,#12600);
#12602=IFCEXTRUDEDAREASOLID(#12597,#12601,#12596,3200.4000000000001);
#12603=IFCSHAPEREPRESENTATION(#11,'Body','SweptSolid',(#12602));
#12604=IFCPRODUCTDEFINITIONSHAPE($,$,(#12603));
#12610=IFCCARTESIANPOINT((12496.799999999999,25603.200000000001,4267.1999999999998));
#12611=IFCDIRECTION((0.,0.,1.));
#12612=IFCDIRECTION((6.123233995736766E-17,1.,0.));
#12613=IFCAXIS2PLACEMENT3D(#12610,#12611,#12612);
#12614=IFCLOCALPLACEMENT($,#12613);
#12615=IFCWALL('1G$s6A7NH8sPD4ZOfS9GJa',$,'L1|BOH_LOADING',$,$,#12636,#12626,$,$);
#12616=IFCCARTESIANPOINTLIST2D(((0.,0.),(0.,150.),(7315.2000000000007,150.),(7315.2000000000007,0.),(0.,0.)));
#12617=IFCINDEXEDPOLYCURVE(#12616,$,.F.);
#12618=IFCDIRECTION((0.,0.,1.));
#12619=IFCARBITRARYCLOSEDPROFILEDEF(.AREA.,$,#12617);
#12620=IFCCARTESIANPOINT((0.,0.,0.));
#12621=IFCDIRECTION((0.,0.,1.));
#12622=IFCDIRECTION((1.,0.,0.));
#12623=IFCAXIS2PLACEMENT3D(#12620,#12621,#12622);
#12624=IFCEXTRUDEDAREASOLID(#12619,#12623,#12618,3200.4000000000001);
#12625=IFCSHAPEREPRESENTATION(#11,'Body','SweptSolid',(#12624));
#12626=IFCPRODUCTDEFINITIONSHAPE($,$,(#12625));
#12632=IFCCARTESIANPOINT((5181.6000000000004,37033.199999999997,4267.1999999999998));
#12633=IFCDIRECTION((0.,0.,1.));
#12634=IFCDIRECTION((1.,0.,0.));
#12635=IFCAXIS2PLACEMENT3D(#12632,#12633,#12634);
#12636=IFCLOCALPLACEMENT($,#12635);
#12637=IFCWALL('3KrMDPiKX289CPHn0Jo6XL',$,'L1|BOH_LOADING',$,$,#12658,#12648,$,$);
#12638=IFCCARTESIANPOINTLIST2D(((0.,0.),(0.,150.),(7315.2000000000007,150.),(7315.2000000000007,0.),(0.,0.)));
#12639=IFCINDEXEDPOLYCURVE(#12638,$,.F.);
#12640=IFCDIRECTION((0.,0.,1.));
#12641=IFCARBITRARYCLOSEDPROFILEDEF(.AREA.,$,#12639);
#12642=IFCCARTESIANPOINT((0.,0.,0.));
#12643=IFCDIRECTION((0.,0.,1.));
#12644=IFCDIRECTION((1.,0.,0.));
#12645=IFCAXIS2PLACEMENT3D(#12642,#12643,#12644);
#12646=IFCEXTRUDEDAREASOLID(#12641,#12645,#12640,3200.4000000000001);
#12647=IFCSHAPEREPRESENTATION(#11,'Body','SweptSolid',(#12646));
#12648=IFCPRODUCTDEFINITIONSHAPE($,$,(#12647));
#12654=IFCCARTESIANPOINT((5181.6000000000004,44653.200000000004,4267.1999999999998));
#12655=IFCDIRECTION((0.,0.,1.));
#12656=IFCDIRECTION((1.,0.,0.));
#12657=IFCAXIS2PLACEMENT3D(#12654,#12655,#12656);
#12658=IFCLOCALPLACEMENT($,#12657);
#12659=IFCWALL('2hVwg6aljD8BG9B9KZTLV1',$,'L1|BOH_LOADING',$,$,#12680,#12670,$,$);
#12660=IFCCARTESIANPOINTLIST2D(((0.,0.),(0.,150.),(7620.,150.),(7620.,0.),(0.,0.)));
#12661=IFCINDEXEDPOLYCURVE(#12660,$,.F.);
#12662=IFCDIRECTION((0.,0.,1.));
#12663=IFCARBITRARYCLOSEDPROFILEDEF(.AREA.,$,#12661);
#12664=IFCCARTESIANPOINT((0.,0.,0.));
#12665=IFCDIRECTION((0.,0.,1.));
#12666=IFCDIRECTION((1.,0.,0.));
#12667=IFCAXIS2PLACEMENT3D(#12664,#12665,#12666);
#12668=IFCEXTRUDEDAREASOLID(#12663,#12667,#12662,3200.4000000000001);
#12669=IFCSHAPEREPRESENTATION(#11,'Body','SweptSolid',(#12668));
#12670=IFCPRODUCTDEFINITIONSHAPE($,$,(#12669));
#12676=IFCCARTESIANPOINT((5181.6000000000004,37033.199999999997,4267.1999999999998));
#12677=IFCDIRECTION((0.,0.,1.));
#12678=IFCDIRECTION((6.123233995736766E-17,1.,0.));
#12679=IFCAXIS2PLACEMENT3D(#12676,#12677,#12678);
#12680=IFCLOCALPLACEMENT($,#12679);
#12681=IFCWALL('2OyZhyS4PB3xmmdb9Swpiw',$,'L1|BOH_LOADING',$,$,#12702,#12692,$,$);
#12682=IFCCARTESIANPOINTLIST2D(((0.,0.),(0.,150.),(7620.,150.),(7620.,0.),(0.,0.)));
#12683=IFCINDEXEDPOLYCURVE(#12682,$,.F.);
#12684=IFCDIRECTION((0.,0.,1.));
#12685=IFCARBITRARYCLOSEDPROFILEDEF(.AREA.,$,#12683);
#12686=IFCCARTESIANPOINT((0.,0.,0.));
#12687=IFCDIRECTION((0.,0.,1.));
#12688=IFCDIRECTION((1.,0.,0.));
#12689=IFCAXIS2PLACEMENT3D(#12686,#12687,#12688);
#12690=IFCEXTRUDEDAREASOLID(#12685,#12689,#12684,3200.4000000000001);
#12691=IFCSHAPEREPRESENTATION(#11,'Body','SweptSolid',(#12690));
#12692=IFCPRODUCTDEFINITIONSHAPE($,$,(#12691));
#12698=IFCCARTESIANPOINT((12496.799999999999,37033.199999999997,4267.1999999999998));
#12699=IFCDIRECTION((0.,0.,1.));
#12700=IFCDIRECTION((6.123233995736766E-17,1.,0.));
#12701=IFCAXIS2PLACEMENT3D(#12698,#12699,#12700);
#12702=IFCLOCALPLACEMENT($,#12701);
ENDSEC;
END-ISO-10303-21;
