ISO-10303-21;
HEADER;
FILE_DESCRIPTION(('ViewDefinition[DesignTransferView]'),'2;1');
FILE_NAME('/dev/null','2026-09-24T14:04:51-05:00',(''),(''),'IfcOpenShell 0.8.5','IfcOpenShell 0.8.5','Nobody');
FILE_SCHEMA(('IFC4'));
ENDSEC;
DATA;
#1=IFCPROJECT('1FypZjyj52_u4attY9Y7DJ',$,'RNGD parametric design',$,$,$,$,(#10),#5);
#2=IFCSIUNIT(*,.LENGTHUNIT.,.MILLI.,.METRE.);
#3=IFCSIUNIT(*,.AREAUNIT.,$,.SQUARE_METRE.);
#4=IFCSIUNIT(*,.VOLUMEUNIT.,$,.CUBIC_METRE.);
#5=IFCUNITASSIGNMENT((#4,#2,#3));
#6=IFCCARTESIANPOINT((0.,0.,0.));
#7=IFCDIRECTION((0.,0.,1.));
#8=IFCDIRECTION((1.,0.,0.));
#9=IFCAXIS2PLACEMENT3D(#6,#7,#8);
#10=IFCGEOMETRICREPRESENTATIONCONTEXT($,'Model',3,1.0000000000000001E-05,#9,$);
#11=IFCGEOMETRICREPRESENTATIONSUBCONTEXT('Body','Model',*,*,*,*,#10,$,.MODEL_VIEW.,$);
#12=IFCSITE('3DeGpKywD0A9Yhf_FmYRzt',$,'Site',$,$,$,$,$,$,$,$,$,$,$);
#13=IFCBUILDING('1eQtJBXU12KQA7a0mJOXpE',$,'Residential building',$,$,$,$,$,$,$,$,$);
#14=IFCRELAGGREGATES('0e5z5uxX14V8YR0639bwDT',$,$,$,#1,(#12));
#15=IFCRELAGGREGATES('3x9e0vzb9AWwaZP_ImLQqz',$,$,$,#12,(#13));
#16=IFCBUILDINGSTOREY('2r7DwWPR9CTvBmbB4xGvJK',$,'Podium parking',$,$,$,$,$,$,0.);
#17=IFCRELAGGREGATES('2pjYqXz198HB99SuCUObQG',$,$,$,#13,(#23,#18,#22,#19,#20,#21,#16));
#18=IFCBUILDINGSTOREY('1zoHJyLJv9rfcxjsy8u1s4',$,'Level 1',$,$,$,$,$,$,4.2671999999999999);
#19=IFCBUILDINGSTOREY('1azIHAKdP9wQw6GDbZpizW',$,'Level 2',$,$,$,$,$,$,7.4676);
#20=IFCBUILDINGSTOREY('1UhOV$$494Y9sArCCzykmd',$,'Level 3',$,$,$,$,$,$,10.668000000000001);
#21=IFCBUILDINGSTOREY('1iu4zkUAH0QPP6NK8QnfT3',$,'Level 4',$,$,$,$,$,$,13.868400000000001);
#22=IFCBUILDINGSTOREY('0F0w$gumDFPQy8fSt8euWy',$,'Level 5',$,$,$,$,$,$,17.0688);
#23=IFCBUILDINGSTOREY('1802QJq6f5VhpVeZZeuk5T',$,'Roof',$,$,$,$,$,$,20.269200000000001);
#24=IFCSLAB('0rGcjwCmLEeeYbCaLub_ff',$,'SITE|ground',$,$,#42,#31,$,$);
#25=IFCCARTESIANPOINTLIST2D(((0.,0.),(60960.,0.),(60960.,91440.),(0.,91440.),(0.,0.)));
#26=IFCINDEXEDPOLYCURVE(#25,$,$);
#27=IFCDIRECTION((0.,0.,1.));
#28=IFCARBITRARYCLOSEDPROFILEDEF(.AREA.,$,#26);
#29=IFCEXTRUDEDAREASOLID(#28,$,#27,150.);
#30=IFCSHAPEREPRESENTATION(#11,'Body','SweptSolid',(#29));
#31=IFCPRODUCTDEFINITIONSHAPE($,$,(#30));
#37=IFCRELCONTAINEDINSPATIALSTRUCTURE('1CoVbx_B98JgzTq7O$34fu',$,$,$,(#678,#205,#295,#241,#385,#24,#187,#79,#277,#439,#331,#133,#223,#169,#475,#421,#367,#115,#61,#259,#151,#313,#696,#457,#403,#349,#97,#43),#16);
#38=IFCCARTESIANPOINT((0.,0.,-45.720000000000006));
#39=IFCDIRECTION((0.,0.,1.));
#40=IFCDIRECTION((1.,0.,0.));
#41=IFCAXIS2PLACEMENT3D(#38,#39,#40);
#42=IFCLOCALPLACEMENT($,#41);
#43=IFCSLAB('3k9XJ4141BrQHQuF1vKDpn',$,'SITE|easement',$,$,#60,#50,$,$);
#44=IFCCARTESIANPOINTLIST2D(((0.,0.),(6096.,0.),(6096.,91440.),(0.,91440.),(0.,0.)));
#45=IFCINDEXEDPOLYCURVE(#44,$,$);
#46=IFCDIRECTION((0.,0.,1.));
#47=IFCARBITRARYCLOSEDPROFILEDEF(.AREA.,$,#45);
#48=IFCEXTRUDEDAREASOLID(#47,$,#46,20.);
#49=IFCSHAPEREPRESENTATION(#11,'Body','SweptSolid',(#48));
#50=IFCPRODUCTDEFINITIONSHAPE($,$,(#49));
#56=IFCCARTESIANPOINT((54864.,0.,0.));
#57=IFCDIRECTION((0.,0.,1.));
#58=IFCDIRECTION((1.,0.,0.));
#59=IFCAXIS2PLACEMENT3D(#56,#57,#58);
#60=IFCLOCALPLACEMENT($,#59);
#61=IFCSLAB('2paBitjz56W9YLtkfcSO7Y',$,'SITE|stall',$,$,#78,#68,$,$);
#62=IFCCARTESIANPOINTLIST2D(((0.,0.),(2743.2000000000003,0.),(2743.2000000000003,5486.4000000000005),(0.,5486.4000000000005),(0.,0.)));
#63=IFCINDEXEDPOLYCURVE(#62,$,$);
#64=IFCDIRECTION((0.,0.,1.));
#65=IFCARBITRARYCLOSEDPROFILEDEF(.AREA.,$,#63);
#66=IFCEXTRUDEDAREASOLID(#65,$,#64,40.);
#67=IFCSHAPEREPRESENTATION(#11,'Body','SweptSolid',(#66));
#68=IFCPRODUCTDEFINITIONSHAPE($,$,(#67));
#74=IFCCARTESIANPOINT((26822.400000000001,4572.,0.));
#75=IFCDIRECTION((0.,0.,1.));
#76=IFCDIRECTION((1.,0.,0.));
#77=IFCAXIS2PLACEMENT3D(#74,#75,#76);
#78=IFCLOCALPLACEMENT($,#77);
#79=IFCSLAB('2rGE7$V$T1n8A9C8DVld$u',$,'SITE|stall',$,$,#96,#86,$,$);
#80=IFCCARTESIANPOINTLIST2D(((0.,0.),(2743.2000000000003,0.),(2743.2000000000003,5486.4000000000005),(0.,5486.4000000000005),(0.,0.)));
#81=IFCINDEXEDPOLYCURVE(#80,$,$);
#82=IFCDIRECTION((0.,0.,1.));
#83=IFCARBITRARYCLOSEDPROFILEDEF(.AREA.,$,#81);
#84=IFCEXTRUDEDAREASOLID(#83,$,#82,40.);
#85=IFCSHAPEREPRESENTATION(#11,'Body','SweptSolid',(#84));
#86=IFCPRODUCTDEFINITIONSHAPE($,$,(#85));
#92=IFCCARTESIANPOINT((26822.400000000001,15849.6,0.));
#93=IFCDIRECTION((0.,0.,1.));
#94=IFCDIRECTION((1.,0.,0.));
#95=IFCAXIS2PLACEMENT3D(#92,#93,#94);
#96=IFCLOCALPLACEMENT($,#95);
#97=IFCSLAB('0JnwU_t15DoRDtPGHiOibe',$,'SITE|stall',$,$,#114,#104,$,$);
#98=IFCCARTESIANPOINTLIST2D(((0.,0.),(2743.2000000000003,0.),(2743.2000000000003,5486.4000000000005),(0.,5486.4000000000005),(0.,0.)));
#99=IFCINDEXEDPOLYCURVE(#98,$,$);
#100=IFCDIRECTION((0.,0.,1.));
#101=IFCARBITRARYCLOSEDPROFILEDEF(.AREA.,$,#99);
#102=IFCEXTRUDEDAREASOLID(#101,$,#100,40.);
#103=IFCSHAPEREPRESENTATION(#11,'Body','SweptSolid',(#102));
#104=IFCPRODUCTDEFINITIONSHAPE($,$,(#103));
#110=IFCCARTESIANPOINT((26822.400000000001,28651.200000000001,0.));
#111=IFCDIRECTION((0.,0.,1.));
#112=IFCDIRECTION((1.,0.,0.));
#113=IFCAXIS2PLACEMENT3D(#110,#111,#112);
#114=IFCLOCALPLACEMENT($,#113);
#115=IFCSLAB('2xKG1ILJzFMgbnokWH27IE',$,'SITE|stall',$,$,#132,#122,$,$);
#116=IFCCARTESIANPOINTLIST2D(((0.,0.),(2743.2000000000003,0.),(2743.2000000000003,5486.4000000000005),(0.,5486.4000000000005),(0.,0.)));
#117=IFCINDEXEDPOLYCURVE(#116,$,$);
#118=IFCDIRECTION((0.,0.,1.));
#119=IFCARBITRARYCLOSEDPROFILEDEF(.AREA.,$,#117);
#120=IFCEXTRUDEDAREASOLID(#119,$,#118,40.);
#121=IFCSHAPEREPRESENTATION(#11,'Body','SweptSolid',(#120));
#122=IFCPRODUCTDEFINITIONSHAPE($,$,(#121));
#128=IFCCARTESIANPOINT((26822.400000000001,41452.800000000003,0.));
#129=IFCDIRECTION((0.,0.,1.));
#130=IFCDIRECTION((1.,0.,0.));
#131=IFCAXIS2PLACEMENT3D(#128,#129,#130);
#132=IFCLOCALPLACEMENT($,#131);
#133=IFCSLAB('13dpiVQLf6OuDbq1ayPX8J',$,'SITE|stall',$,$,#150,#140,$,$);
#134=IFCCARTESIANPOINTLIST2D(((0.,0.),(2743.2000000000003,0.),(2743.2000000000003,5486.4000000000005),(0.,5486.4000000000005),(0.,0.)));
#135=IFCINDEXEDPOLYCURVE(#134,$,$);
#136=IFCDIRECTION((0.,0.,1.));
#137=IFCARBITRARYCLOSEDPROFILEDEF(.AREA.,$,#135);
#138=IFCEXTRUDEDAREASOLID(#137,$,#136,40.);
#139=IFCSHAPEREPRESENTATION(#11,'Body','SweptSolid',(#138));
#140=IFCPRODUCTDEFINITIONSHAPE($,$,(#139));
#146=IFCCARTESIANPOINT((26822.400000000001,54254.400000000001,0.));
#147=IFCDIRECTION((0.,0.,1.));
#148=IFCDIRECTION((1.,0.,0.));
#149=IFCAXIS2PLACEMENT3D(#146,#147,#148);
#150=IFCLOCALPLACEMENT($,#149);
#151=IFCSLAB('3dztQEnJbBKgxHcWFagWQR',$,'SITE|stall',$,$,#168,#158,$,$);
#152=IFCCARTESIANPOINTLIST2D(((0.,0.),(2743.2000000000003,0.),(2743.2000000000003,5486.4000000000005),(0.,5486.4000000000005),(0.,0.)));
#153=IFCINDEXEDPOLYCURVE(#152,$,$);
#154=IFCDIRECTION((0.,0.,1.));
#155=IFCARBITRARYCLOSEDPROFILEDEF(.AREA.,$,#153);
#156=IFCEXTRUDEDAREASOLID(#155,$,#154,40.);
#157=IFCSHAPEREPRESENTATION(#11,'Body','SweptSolid',(#156));
#158=IFCPRODUCTDEFINITIONSHAPE($,$,(#157));
#164=IFCCARTESIANPOINT((26822.400000000001,67056.,0.));
#165=IFCDIRECTION((0.,0.,1.));
#166=IFCDIRECTION((1.,0.,0.));
#167=IFCAXIS2PLACEMENT3D(#164,#165,#166);
#168=IFCLOCALPLACEMENT($,#167);
#169=IFCSLAB('0E9ZtI$w5FIB2Hf0UIfenu',$,'SITE|stall',$,$,#186,#176,$,$);
#170=IFCCARTESIANPOINTLIST2D(((0.,0.),(2743.2000000000003,0.),(2743.2000000000003,5486.4000000000005),(0.,5486.4000000000005),(0.,0.)));
#171=IFCINDEXEDPOLYCURVE(#170,$,$);
#172=IFCDIRECTION((0.,0.,1.));
#173=IFCARBITRARYCLOSEDPROFILEDEF(.AREA.,$,#171);
#174=IFCEXTRUDEDAREASOLID(#173,$,#172,40.);
#175=IFCSHAPEREPRESENTATION(#11,'Body','SweptSolid',(#174));
#176=IFCPRODUCTDEFINITIONSHAPE($,$,(#175));
#182=IFCCARTESIANPOINT((3048.,79857.600000000006,0.));
#183=IFCDIRECTION((0.,0.,1.));
#184=IFCDIRECTION((1.,0.,0.));
#185=IFCAXIS2PLACEMENT3D(#182,#183,#184);
#186=IFCLOCALPLACEMENT($,#185);
#187=IFCSLAB('320tM6xL12jOe85xYGRFCo',$,'SITE|stall',$,$,#204,#194,$,$);
#188=IFCCARTESIANPOINTLIST2D(((0.,0.),(2743.2000000000003,0.),(2743.2000000000003,5486.4000000000005),(0.,5486.4000000000005),(0.,0.)));
#189=IFCINDEXEDPOLYCURVE(#188,$,$);
#190=IFCDIRECTION((0.,0.,1.));
#191=IFCARBITRARYCLOSEDPROFILEDEF(.AREA.,$,#189);
#192=IFCEXTRUDEDAREASOLID(#191,$,#190,40.);
#193=IFCSHAPEREPRESENTATION(#11,'Body','SweptSolid',(#192));
#194=IFCPRODUCTDEFINITIONSHAPE($,$,(#193));
#200=IFCCARTESIANPOINT((5791.1999999999998,79857.600000000006,0.));
#201=IFCDIRECTION((0.,0.,1.));
#202=IFCDIRECTION((1.,0.,0.));
#203=IFCAXIS2PLACEMENT3D(#200,#201,#202);
#204=IFCLOCALPLACEMENT($,#203);
#205=IFCSLAB('2TsPFiDZD08wvdyLwXVqyn',$,'SITE|stall',$,$,#222,#212,$,$);
#206=IFCCARTESIANPOINTLIST2D(((0.,0.),(2743.2000000000003,0.),(2743.2000000000003,5486.4000000000005),(0.,5486.4000000000005),(0.,0.)));
#207=IFCINDEXEDPOLYCURVE(#206,$,$);
#208=IFCDIRECTION((0.,0.,1.));
#209=IFCARBITRARYCLOSEDPROFILEDEF(.AREA.,$,#207);
#210=IFCEXTRUDEDAREASOLID(#209,$,#208,40.);
#211=IFCSHAPEREPRESENTATION(#11,'Body','SweptSolid',(#210));
#212=IFCPRODUCTDEFINITIONSHAPE($,$,(#211));
#218=IFCCARTESIANPOINT((8534.3999999999996,79857.600000000006,0.));
#219=IFCDIRECTION((0.,0.,1.));
#220=IFCDIRECTION((1.,0.,0.));
#221=IFCAXIS2PLACEMENT3D(#218,#219,#220);
#222=IFCLOCALPLACEMENT($,#221);
#223=IFCSLAB('0MAjiI88H9BPpw0AKkx1Eq',$,'SITE|stall',$,$,#240,#230,$,$);
#224=IFCCARTESIANPOINTLIST2D(((0.,0.),(2743.2000000000003,0.),(2743.2000000000003,5486.4000000000005),(0.,5486.4000000000005),(0.,0.)));
#225=IFCINDEXEDPOLYCURVE(#224,$,$);
#226=IFCDIRECTION((0.,0.,1.));
#227=IFCARBITRARYCLOSEDPROFILEDEF(.AREA.,$,#225);
#228=IFCEXTRUDEDAREASOLID(#227,$,#226,40.);
#229=IFCSHAPEREPRESENTATION(#11,'Body','SweptSolid',(#228));
#230=IFCPRODUCTDEFINITIONSHAPE($,$,(#229));
#236=IFCCARTESIANPOINT((11277.6,79857.600000000006,0.));
#237=IFCDIRECTION((0.,0.,1.));
#238=IFCDIRECTION((1.,0.,0.));
#239=IFCAXIS2PLACEMENT3D(#236,#237,#238);
#240=IFCLOCALPLACEMENT($,#239);
#241=IFCSLAB('00Oh4XKIHCyRN5N$pfmdDy',$,'SITE|stall',$,$,#258,#248,$,$);
#242=IFCCARTESIANPOINTLIST2D(((0.,0.),(2743.2000000000003,0.),(2743.2000000000003,5486.4000000000005),(0.,5486.4000000000005),(0.,0.)));
#243=IFCINDEXEDPOLYCURVE(#242,$,$);
#244=IFCDIRECTION((0.,0.,1.));
#245=IFCARBITRARYCLOSEDPROFILEDEF(.AREA.,$,#243);
#246=IFCEXTRUDEDAREASOLID(#245,$,#244,40.);
#247=IFCSHAPEREPRESENTATION(#11,'Body','SweptSolid',(#246));
#248=IFCPRODUCTDEFINITIONSHAPE($,$,(#247));
#254=IFCCARTESIANPOINT((14020.800000000001,79857.600000000006,0.));
#255=IFCDIRECTION((0.,0.,1.));
#256=IFCDIRECTION((1.,0.,0.));
#257=IFCAXIS2PLACEMENT3D(#254,#255,#256);
#258=IFCLOCALPLACEMENT($,#257);
#259=IFCSLAB('2$2wj3SzT2LguFIGvpP4dl',$,'SITE|stall',$,$,#276,#266,$,$);
#260=IFCCARTESIANPOINTLIST2D(((0.,0.),(2743.2000000000003,0.),(2743.2000000000003,5486.4000000000005),(0.,5486.4000000000005),(0.,0.)));
#261=IFCINDEXEDPOLYCURVE(#260,$,$);
#262=IFCDIRECTION((0.,0.,1.));
#263=IFCARBITRARYCLOSEDPROFILEDEF(.AREA.,$,#261);
#264=IFCEXTRUDEDAREASOLID(#263,$,#262,40.);
#265=IFCSHAPEREPRESENTATION(#11,'Body','SweptSolid',(#264));
#266=IFCPRODUCTDEFINITIONSHAPE($,$,(#265));
#272=IFCCARTESIANPOINT((16764.,79857.600000000006,0.));
#273=IFCDIRECTION((0.,0.,1.));
#274=IFCDIRECTION((1.,0.,0.));
#275=IFCAXIS2PLACEMENT3D(#272,#273,#274);
#276=IFCLOCALPLACEMENT($,#275);
#277=IFCSLAB('2h9rpyn4X4U8PDi9tcb8Ai',$,'SITE|stall',$,$,#294,#284,$,$);
#278=IFCCARTESIANPOINTLIST2D(((0.,0.),(2743.2000000000003,0.),(2743.2000000000003,5486.4000000000005),(0.,5486.4000000000005),(0.,0.)));
#279=IFCINDEXEDPOLYCURVE(#278,$,$);
#280=IFCDIRECTION((0.,0.,1.));
#281=IFCARBITRARYCLOSEDPROFILEDEF(.AREA.,$,#279);
#282=IFCEXTRUDEDAREASOLID(#281,$,#280,40.);
#283=IFCSHAPEREPRESENTATION(#11,'Body','SweptSolid',(#282));
#284=IFCPRODUCTDEFINITIONSHAPE($,$,(#283));
#290=IFCCARTESIANPOINT((19507.200000000001,79857.600000000006,0.));
#291=IFCDIRECTION((0.,0.,1.));
#292=IFCDIRECTION((1.,0.,0.));
#293=IFCAXIS2PLACEMENT3D(#290,#291,#292);
#294=IFCLOCALPLACEMENT($,#293);
#295=IFCSLAB('0U3wrv1hH2WxUBS1w6bCZv',$,'SITE|stall',$,$,#312,#302,$,$);
#296=IFCCARTESIANPOINTLIST2D(((0.,0.),(2743.2000000000003,0.),(2743.2000000000003,5486.4000000000005),(0.,5486.4000000000005),(0.,0.)));
#297=IFCINDEXEDPOLYCURVE(#296,$,$);
#298=IFCDIRECTION((0.,0.,1.));
#299=IFCARBITRARYCLOSEDPROFILEDEF(.AREA.,$,#297);
#300=IFCEXTRUDEDAREASOLID(#299,$,#298,40.);
#301=IFCSHAPEREPRESENTATION(#11,'Body','SweptSolid',(#300));
#302=IFCPRODUCTDEFINITIONSHAPE($,$,(#301));
#308=IFCCARTESIANPOINT((22250.400000000001,79857.600000000006,0.));
#309=IFCDIRECTION((0.,0.,1.));
#310=IFCDIRECTION((1.,0.,0.));
#311=IFCAXIS2PLACEMENT3D(#308,#309,#310);
#312=IFCLOCALPLACEMENT($,#311);
#313=IFCSLAB('3jT78iGRDCsv5jMLEJ3Awt',$,'SITE|stall',$,$,#330,#320,$,$);
#314=IFCCARTESIANPOINTLIST2D(((0.,0.),(2743.2000000000003,0.),(2743.2000000000003,5486.4000000000005),(0.,5486.4000000000005),(0.,0.)));
#315=IFCINDEXEDPOLYCURVE(#314,$,$);
#316=IFCDIRECTION((0.,0.,1.));
#317=IFCARBITRARYCLOSEDPROFILEDEF(.AREA.,$,#315);
#318=IFCEXTRUDEDAREASOLID(#317,$,#316,40.);
#319=IFCSHAPEREPRESENTATION(#11,'Body','SweptSolid',(#318));
#320=IFCPRODUCTDEFINITIONSHAPE($,$,(#319));
#326=IFCCARTESIANPOINT((24993.599999999999,79857.600000000006,0.));
#327=IFCDIRECTION((0.,0.,1.));
#328=IFCDIRECTION((1.,0.,0.));
#329=IFCAXIS2PLACEMENT3D(#326,#327,#328);
#330=IFCLOCALPLACEMENT($,#329);
#331=IFCSLAB('3FSbgdflH3A8HKjdPVXR$G',$,'SITE|stall',$,$,#348,#338,$,$);
#332=IFCCARTESIANPOINTLIST2D(((0.,0.),(2743.2000000000003,0.),(2743.2000000000003,5486.4000000000005),(0.,5486.4000000000005),(0.,0.)));
#333=IFCINDEXEDPOLYCURVE(#332,$,$);
#334=IFCDIRECTION((0.,0.,1.));
#335=IFCARBITRARYCLOSEDPROFILEDEF(.AREA.,$,#333);
#336=IFCEXTRUDEDAREASOLID(#335,$,#334,40.);
#337=IFCSHAPEREPRESENTATION(#11,'Body','SweptSolid',(#336));
#338=IFCPRODUCTDEFINITIONSHAPE($,$,(#337));
#344=IFCCARTESIANPOINT((27736.800000000003,79857.600000000006,0.));
#345=IFCDIRECTION((0.,0.,1.));
#346=IFCDIRECTION((1.,0.,0.));
#347=IFCAXIS2PLACEMENT3D(#344,#345,#346);
#348=IFCLOCALPLACEMENT($,#347);
#349=IFCSLAB('3qwisB5EHDTf7aFaUGvFSf',$,'SITE|stall',$,$,#366,#356,$,$);
#350=IFCCARTESIANPOINTLIST2D(((0.,0.),(2743.2000000000003,0.),(2743.2000000000003,5486.4000000000005),(0.,5486.4000000000005),(0.,0.)));
#351=IFCINDEXEDPOLYCURVE(#350,$,$);
#352=IFCDIRECTION((0.,0.,1.));
#353=IFCARBITRARYCLOSEDPROFILEDEF(.AREA.,$,#351);
#354=IFCEXTRUDEDAREASOLID(#353,$,#352,40.);
#355=IFCSHAPEREPRESENTATION(#11,'Body','SweptSolid',(#354));
#356=IFCPRODUCTDEFINITIONSHAPE($,$,(#355));
#362=IFCCARTESIANPOINT((30480.,79857.600000000006,0.));
#363=IFCDIRECTION((0.,0.,1.));
#364=IFCDIRECTION((1.,0.,0.));
#365=IFCAXIS2PLACEMENT3D(#362,#363,#364);
#366=IFCLOCALPLACEMENT($,#365);
#367=IFCSLAB('1rm9_hdYb8mg$MIxSHXrqj',$,'SITE|stall',$,$,#384,#374,$,$);
#368=IFCCARTESIANPOINTLIST2D(((0.,0.),(2743.2000000000003,0.),(2743.2000000000003,5486.4000000000005),(0.,5486.4000000000005),(0.,0.)));
#369=IFCINDEXEDPOLYCURVE(#368,$,$);
#370=IFCDIRECTION((0.,0.,1.));
#371=IFCARBITRARYCLOSEDPROFILEDEF(.AREA.,$,#369);
#372=IFCEXTRUDEDAREASOLID(#371,$,#370,40.);
#373=IFCSHAPEREPRESENTATION(#11,'Body','SweptSolid',(#372));
#374=IFCPRODUCTDEFINITIONSHAPE($,$,(#373));
#380=IFCCARTESIANPOINT((33223.199999999997,79857.600000000006,0.));
#381=IFCDIRECTION((0.,0.,1.));
#382=IFCDIRECTION((1.,0.,0.));
#383=IFCAXIS2PLACEMENT3D(#380,#381,#382);
#384=IFCLOCALPLACEMENT($,#383);
#385=IFCSLAB('0VoXrQJy14jgUaLxF8kppT',$,'SITE|stall',$,$,#402,#392,$,$);
#386=IFCCARTESIANPOINTLIST2D(((0.,0.),(2743.2000000000003,0.),(2743.2000000000003,5486.4000000000005),(0.,5486.4000000000005),(0.,0.)));
#387=IFCINDEXEDPOLYCURVE(#386,$,$);
#388=IFCDIRECTION((0.,0.,1.));
#389=IFCARBITRARYCLOSEDPROFILEDEF(.AREA.,$,#387);
#390=IFCEXTRUDEDAREASOLID(#389,$,#388,40.);
#391=IFCSHAPEREPRESENTATION(#11,'Body','SweptSolid',(#390));
#392=IFCPRODUCTDEFINITIONSHAPE($,$,(#391));
#398=IFCCARTESIANPOINT((35966.400000000001,79857.600000000006,0.));
#399=IFCDIRECTION((0.,0.,1.));
#400=IFCDIRECTION((1.,0.,0.));
#401=IFCAXIS2PLACEMENT3D(#398,#399,#400);
#402=IFCLOCALPLACEMENT($,#401);
#403=IFCSLAB('1tYRnTdhv0M8im2Ige$5Za',$,'SITE|stall',$,$,#420,#410,$,$);
#404=IFCCARTESIANPOINTLIST2D(((0.,0.),(2743.2000000000003,0.),(2743.2000000000003,5486.4000000000005),(0.,5486.4000000000005),(0.,0.)));
#405=IFCINDEXEDPOLYCURVE(#404,$,$);
#406=IFCDIRECTION((0.,0.,1.));
#407=IFCARBITRARYCLOSEDPROFILEDEF(.AREA.,$,#405);
#408=IFCEXTRUDEDAREASOLID(#407,$,#406,40.);
#409=IFCSHAPEREPRESENTATION(#11,'Body','SweptSolid',(#408));
#410=IFCPRODUCTDEFINITIONSHAPE($,$,(#409));
#416=IFCCARTESIANPOINT((38709.599999999999,79857.600000000006,0.));
#417=IFCDIRECTION((0.,0.,1.));
#418=IFCDIRECTION((1.,0.,0.));
#419=IFCAXIS2PLACEMENT3D(#416,#417,#418);
#420=IFCLOCALPLACEMENT($,#419);
#421=IFCSLAB('19aJ8wzHf5vunM48KcO4lT',$,'SITE|stall',$,$,#438,#428,$,$);
#422=IFCCARTESIANPOINTLIST2D(((0.,0.),(2743.2000000000003,0.),(2743.2000000000003,5486.4000000000005),(0.,5486.4000000000005),(0.,0.)));
#423=IFCINDEXEDPOLYCURVE(#422,$,$);
#424=IFCDIRECTION((0.,0.,1.));
#425=IFCARBITRARYCLOSEDPROFILEDEF(.AREA.,$,#423);
#426=IFCEXTRUDEDAREASOLID(#425,$,#424,40.);
#427=IFCSHAPEREPRESENTATION(#11,'Body','SweptSolid',(#426));
#428=IFCPRODUCTDEFINITIONSHAPE($,$,(#427));
#434=IFCCARTESIANPOINT((41452.800000000003,79857.600000000006,0.));
#435=IFCDIRECTION((0.,0.,1.));
#436=IFCDIRECTION((1.,0.,0.));
#437=IFCAXIS2PLACEMENT3D(#434,#435,#436);
#438=IFCLOCALPLACEMENT($,#437);
#439=IFCSLAB('3Nf0U9q554RRoyu9MyyzSM',$,'SITE|stall',$,$,#456,#446,$,$);
#440=IFCCARTESIANPOINTLIST2D(((0.,0.),(2743.2000000000003,0.),(2743.2000000000003,5486.4000000000005),(0.,5486.4000000000005),(0.,0.)));
#441=IFCINDEXEDPOLYCURVE(#440,$,$);
#442=IFCDIRECTION((0.,0.,1.));
#443=IFCARBITRARYCLOSEDPROFILEDEF(.AREA.,$,#441);
#444=IFCEXTRUDEDAREASOLID(#443,$,#442,40.);
#445=IFCSHAPEREPRESENTATION(#11,'Body','SweptSolid',(#444));
#446=IFCPRODUCTDEFINITIONSHAPE($,$,(#445));
#452=IFCCARTESIANPOINT((44196.000000000007,79857.600000000006,0.));
#453=IFCDIRECTION((0.,0.,1.));
#454=IFCDIRECTION((1.,0.,0.));
#455=IFCAXIS2PLACEMENT3D(#452,#453,#454);
#456=IFCLOCALPLACEMENT($,#455);
#457=IFCSLAB('0$ehB6b6fCev24oTtMcuHs',$,'SITE|stall',$,$,#474,#464,$,$);
#458=IFCCARTESIANPOINTLIST2D(((0.,0.),(2743.2000000000003,0.),(2743.2000000000003,5486.4000000000005),(0.,5486.4000000000005),(0.,0.)));
#459=IFCINDEXEDPOLYCURVE(#458,$,$);
#460=IFCDIRECTION((0.,0.,1.));
#461=IFCARBITRARYCLOSEDPROFILEDEF(.AREA.,$,#459);
#462=IFCEXTRUDEDAREASOLID(#461,$,#460,40.);
#463=IFCSHAPEREPRESENTATION(#11,'Body','SweptSolid',(#462));
#464=IFCPRODUCTDEFINITIONSHAPE($,$,(#463));
#470=IFCCARTESIANPOINT((46939.199999999997,79857.600000000006,0.));
#471=IFCDIRECTION((0.,0.,1.));
#472=IFCDIRECTION((1.,0.,0.));
#473=IFCAXIS2PLACEMENT3D(#470,#471,#472);
#474=IFCLOCALPLACEMENT($,#473);
#475=IFCSLAB('3Vp$i3Doz3GerbOvSFwUFq',$,'SITE|stall',$,$,#492,#482,$,$);
#476=IFCCARTESIANPOINTLIST2D(((0.,0.),(2743.2000000000003,0.),(2743.2000000000003,5486.4000000000005),(0.,5486.4000000000005),(0.,0.)));
#477=IFCINDEXEDPOLYCURVE(#476,$,$);
#478=IFCDIRECTION((0.,0.,1.));
#479=IFCARBITRARYCLOSEDPROFILEDEF(.AREA.,$,#477);
#480=IFCEXTRUDEDAREASOLID(#479,$,#478,40.);
#481=IFCSHAPEREPRESENTATION(#11,'Body','SweptSolid',(#480));
#482=IFCPRODUCTDEFINITIONSHAPE($,$,(#481));
#488=IFCCARTESIANPOINT((49682.400000000001,79857.600000000006,0.));
#489=IFCDIRECTION((0.,0.,1.));
#490=IFCDIRECTION((1.,0.,0.));
#491=IFCAXIS2PLACEMENT3D(#488,#489,#490);
#492=IFCLOCALPLACEMENT($,#491);
#493=IFCSLAB('1aqRQBJP50vuRmFod_vTDT',$,'L1|SLAB',$,$,#511,#500,$,$);
#494=IFCCARTESIANPOINTLIST2D(((0.,0.),(23774.399999999998,0.),(23774.399999999998,72542.399999999994),(0.,72542.399999999994),(0.,0.)));
#495=IFCINDEXEDPOLYCURVE(#494,$,$);
#496=IFCDIRECTION((0.,0.,1.));
#497=IFCARBITRARYCLOSEDPROFILEDEF(.AREA.,$,#495);
#498=IFCEXTRUDEDAREASOLID(#497,$,#496,250.);
#499=IFCSHAPEREPRESENTATION(#11,'Body','SweptSolid',(#498));
#500=IFCPRODUCTDEFINITIONSHAPE($,$,(#499));
#506=IFCRELCONTAINEDINSPATIALSTRUCTURE('2RcZixrTLFkPj$PyZjVAy1',$,$,$,(#1169,#1675,#1257,#1741,#1345,#1807,#2203,#1873,#2269,#1917,#2379,#2841,#2445,#1785,#2225,#1829,#2291,#1895,#2357,#2423,#493,#12213,#2555,#2577,#2621,#2643,#2247,#2709,#2731,#2775,#1983,#12279,#1587,#11333,#1543,#2049,#1653,#2753,#1147,#751,#2511,#861,#2115,#11311,#1719,#1059,#1081,#1125,#1323,#1191,#773,#11399,#1235,#1301,#1763,#1697,#11465,#11443,#1609,#1213,#1279,#11421,#1851,#2181,#971,#12433,#1411,#1433,#1477,#1499,#1103,#1961,#2027,#1631,#2071,#2533,#2137,#12235,#2005,#2599,#1565,#2093,#2665,#12345,#12411,#1939,#12323,#12389,#2687,#1037,#2313,#2335,#2797,#2401,#2819,#2467,#2489,#11377,#795,#817,#839,#883,#905,#949,#927,#1389,#993,#1455,#1521,#1367,#2159,#12191,#11355,#588,#1015,#12301,#12257,#12367),#18);
#507=IFCCARTESIANPOINT((3048.,4572.,4267.1999999999998));
#508=IFCDIRECTION((0.,0.,1.));
#509=IFCDIRECTION((1.,0.,0.));
#510=IFCAXIS2PLACEMENT3D(#507,#508,#509);
#511=IFCLOCALPLACEMENT($,#510);
#512=IFCSLAB('3SAUtTDdD58BGyZkNLJCSr',$,'L2|SLAB',$,$,#530,#519,$,$);
#513=IFCCARTESIANPOINTLIST2D(((0.,0.),(23774.399999999998,0.),(23774.399999999998,72542.399999999994),(0.,72542.399999999994),(0.,0.)));
#514=IFCINDEXEDPOLYCURVE(#513,$,$);
#515=IFCDIRECTION((0.,0.,1.));
#516=IFCARBITRARYCLOSEDPROFILEDEF(.AREA.,$,#514);
#517=IFCEXTRUDEDAREASOLID(#516,$,#515,250.);
#518=IFCSHAPEREPRESENTATION(#11,'Body','SweptSolid',(#517));
#519=IFCPRODUCTDEFINITIONSHAPE($,$,(#518));
#525=IFCRELCONTAINEDINSPATIALSTRUCTURE('3COaIGqCr3iQ8sPWrpiv82',$,$,$,(#2995,#4095,#3083,#3105,#3127,#3171,#3149,#3215,#3677,#3281,#3743,#3193,#3655,#3259,#3325,#3303,#3831,#512,#3457,#3479,#3941,#3545,#4007,#3611,#4051,#4073,#4117,#4513,#4183,#4579,#4645,#4029,#3633,#4491,#4557,#4161,#4139,#4667,#4733,#4381,#4843,#4865,#4909,#4469,#4953,#4931,#11487,#11509,#11553,#11575,#11619,#11597,#4249,#2863,#2885,#2929,#2907,#2973,#3435,#3039,#3897,#3501,#3567,#3369,#3347,#2951,#3413,#3017,#3061,#3523,#3985,#3589,#3237,#3699,#3721,#3765,#4205,#4227,#3809,#4271,#4337,#4799,#4403,#3875,#4447,#3787,#3391,#3853,#4315,#3919,#4359,#4425,#4887,#4535,#4601,#4623,#4689,#4711,#4755,#4777,#3963,#11531,#606,#4821,#4293,#11641),#19);
#526=IFCCARTESIANPOINT((3048.,4572.,7467.5999999999995));
#527=IFCDIRECTION((0.,0.,1.));
#528=IFCDIRECTION((1.,0.,0.));
#529=IFCAXIS2PLACEMENT3D(#526,#527,#528);
#530=IFCLOCALPLACEMENT($,#529);
#531=IFCSLAB('3oHPFrPR1BKfBEMuAALvxN',$,'L3|SLAB',$,$,#549,#538,$,$);
#532=IFCCARTESIANPOINTLIST2D(((0.,0.),(23774.399999999998,0.),(23774.399999999998,72542.399999999994),(0.,72542.399999999994),(0.,0.)));
#533=IFCINDEXEDPOLYCURVE(#532,$,$);
#534=IFCDIRECTION((0.,0.,1.));
#535=IFCARBITRARYCLOSEDPROFILEDEF(.AREA.,$,#533);
#536=IFCEXTRUDEDAREASOLID(#535,$,#534,250.);
#537=IFCSHAPEREPRESENTATION(#11,'Body','SweptSolid',(#536));
#538=IFCPRODUCTDEFINITIONSHAPE($,$,(#537));
#544=IFCRELCONTAINEDINSPATIALSTRUCTURE('2TL_MrjFr2yxTukxy19IcB',$,$,$,(#5899,#6823,#6845,#6889,#6911,#6515,#6977,#6999,#7043,#7065,#6053,#11817,#11729,#11751,#5129,#5349,#5393,#5415,#5877,#5481,#5019,#5547,#4997,#5591,#5459,#5063,#6119,#5437,#5041,#5503,#5965,#5569,#6031,#5987,#531,#5679,#5745,#6207,#6229,#6251,#5855,#6317,#5921,#6383,#6779,#6449,#6427,#5371,#6955,#6295,#6273,#6361,#6405,#6867,#6471,#6933,#11773,#6735,#6669,#6185,#6757,#6339,#6801,#6713,#624,#4975,#5767,#7021,#6625,#5085,#5107,#5151,#5173,#5635,#5239,#5701,#5283,#5305,#5195,#5811,#5217,#5657,#5723,#5261,#5327,#5833,#5789,#11685,#6691,#5943,#5525,#6009,#5613,#6075,#6537,#6141,#11663,#11707,#6647,#6603,#11795,#6581,#6493,#6097,#6559,#6163),#20);
#545=IFCCARTESIANPOINT((3048.,4572.,10668.));
#546=IFCDIRECTION((0.,0.,1.));
#547=IFCDIRECTION((1.,0.,0.));
#548=IFCAXIS2PLACEMENT3D(#545,#546,#547);
#549=IFCLOCALPLACEMENT($,#548);
#550=IFCSLAB('07o8GLS2f4Rvvdicbxd4Rq',$,'L4|SLAB',$,$,#568,#557,$,$);
#551=IFCCARTESIANPOINTLIST2D(((0.,0.),(23774.399999999998,0.),(23774.399999999998,72542.399999999994),(0.,72542.399999999994),(0.,0.)));
#552=IFCINDEXEDPOLYCURVE(#551,$,$);
#553=IFCDIRECTION((0.,0.,1.));
#554=IFCARBITRARYCLOSEDPROFILEDEF(.AREA.,$,#552);
#555=IFCEXTRUDEDAREASOLID(#554,$,#553,250.);
#556=IFCSHAPEREPRESENTATION(#11,'Body','SweptSolid',(#555));
#557=IFCPRODUCTDEFINITIONSHAPE($,$,(#556));
#563=IFCRELCONTAINEDINSPATIALSTRUCTURE('0hTUlpCZL4iwHyagj9VSvJ',$,$,$,(#7351,#7373,#7395,#7417,#7461,#7923,#7527,#550,#7571,#7593,#7439,#8099,#7483,#7945,#7549,#8011,#7747,#8231,#7813,#8297,#8759,#7901,#8363,#8407,#8429,#8473,#8825,#8869,#8935,#9001,#8781,#8385,#8847,#8451,#8913,#8649,#9111,#9133,#9177,#8803,#8319,#8077,#11861,#7175,#8539,#11905,#11949,#11971,#11993,#8143,#7087,#7131,#7153,#7615,#7219,#7681,#7285,#7725,#7329,#7791,#8253,#7857,#7197,#7637,#7241,#11927,#7307,#7769,#7835,#7703,#7879,#7505,#7967,#7989,#8033,#8055,#7659,#8517,#8561,#8583,#8187,#8121,#8627,#9155,#9089,#8693,#642,#8165,#8605,#9067,#8671,#8715,#8737,#8275,#8891,#8957,#8979,#9023,#9045,#8341,#8495,#8209,#7109,#11839,#11883,#7263),#21);
#564=IFCCARTESIANPOINT((3048.,4572.,13868.400000000001));
#565=IFCDIRECTION((0.,0.,1.));
#566=IFCDIRECTION((1.,0.,0.));
#567=IFCAXIS2PLACEMENT3D(#564,#565,#566);
#568=IFCLOCALPLACEMENT($,#567);
#569=IFCSLAB('1hUIg$pSH0N87ZuGUccwT3',$,'L5|SLAB',$,$,#587,#576,$,$);
#570=IFCCARTESIANPOINTLIST2D(((0.,0.),(23774.399999999998,0.),(23774.399999999998,72542.399999999994),(0.,72542.399999999994),(0.,0.)));
#571=IFCINDEXEDPOLYCURVE(#570,$,$);
#572=IFCDIRECTION((0.,0.,1.));
#573=IFCARBITRARYCLOSEDPROFILEDEF(.AREA.,$,#571);
#574=IFCEXTRUDEDAREASOLID(#573,$,#572,250.);
#575=IFCSHAPEREPRESENTATION(#11,'Body','SweptSolid',(#574));
#576=IFCPRODUCTDEFINITIONSHAPE($,$,(#575));
#582=IFCRELCONTAINEDINSPATIALSTRUCTURE('1vsLt70a5A4Ow_IsBHeS2k',$,$,$,(#10695,#10849,#12015,#12081,#12169,#9397,#10519,#10123,#9199,#9661,#9265,#9727,#9331,#9309,#9705,#9837,#9771,#10233,#10299,#9221,#9287,#9749,#9815,#9859,#10387,#10079,#10035,#10497,#10101,#10563,#10167,#10607,#11069,#10211,#10629,#10673,#10739,#11135,#11201,#10585,#10189,#11047,#10651,#10717,#11157,#11223,#11289,#10937,#11025,#12037,#12059,#12103,#12125,#12147,#660,#9243,#569,#9353,#9639,#9419,#9375,#9463,#9925,#9485,#9529,#9991,#10057,#9595,#9441,#9903,#9507,#9969,#9573,#9551,#10013,#9617,#10541,#10145,#9793,#10255,#10277,#10321,#10761,#10365,#10827,#10431,#10893,#9881,#10959,#10343,#11003,#10805,#10409,#10871,#10475,#10453,#10915,#9947,#10981,#11091,#11113,#11179,#10783,#11245,#11267,#9683),#22);
#583=IFCCARTESIANPOINT((3048.,4572.,17068.799999999999));
#584=IFCDIRECTION((0.,0.,1.));
#585=IFCDIRECTION((1.,0.,0.));
#586=IFCAXIS2PLACEMENT3D(#583,#584,#585);
#587=IFCLOCALPLACEMENT($,#586);
#588=IFCSLAB('34eV6zk$fBv9GrSyVdEuGg',$,'L1|SLAB',$,$,#605,#595,$,$);
#589=IFCCARTESIANPOINTLIST2D(((0.,0.),(23774.399999999998,0.),(23774.399999999998,73761.600000000006),(0.,73761.600000000006),(0.,0.)));
#590=IFCINDEXEDPOLYCURVE(#589,$,$);
#591=IFCDIRECTION((0.,0.,1.));
#592=IFCARBITRARYCLOSEDPROFILEDEF(.AREA.,$,#590);
#593=IFCEXTRUDEDAREASOLID(#592,$,#591,250.);
#594=IFCSHAPEREPRESENTATION(#11,'Body','SweptSolid',(#593));
#595=IFCPRODUCTDEFINITIONSHAPE($,$,(#594));
#601=IFCCARTESIANPOINT((29870.399999999998,4572.,4267.1999999999998));
#602=IFCDIRECTION((0.,0.,1.));
#603=IFCDIRECTION((1.,0.,0.));
#604=IFCAXIS2PLACEMENT3D(#601,#602,#603);
#605=IFCLOCALPLACEMENT($,#604);
#606=IFCSLAB('2TW9ERBhX6iedc8PeEwbJm',$,'L2|SLAB',$,$,#623,#613,$,$);
#607=IFCCARTESIANPOINTLIST2D(((0.,0.),(23774.399999999998,0.),(23774.399999999998,73761.600000000006),(0.,73761.600000000006),(0.,0.)));
#608=IFCINDEXEDPOLYCURVE(#607,$,$);
#609=IFCDIRECTION((0.,0.,1.));
#610=IFCARBITRARYCLOSEDPROFILEDEF(.AREA.,$,#608);
#611=IFCEXTRUDEDAREASOLID(#610,$,#609,250.);
#612=IFCSHAPEREPRESENTATION(#11,'Body','SweptSolid',(#611));
#613=IFCPRODUCTDEFINITIONSHAPE($,$,(#612));
#619=IFCCARTESIANPOINT((29870.399999999998,4572.,7467.5999999999995));
#620=IFCDIRECTION((0.,0.,1.));
#621=IFCDIRECTION((1.,0.,0.));
#622=IFCAXIS2PLACEMENT3D(#619,#620,#621);
#623=IFCLOCALPLACEMENT($,#622);
#624=IFCSLAB('1VgVsiI7z2GPQKY20Ez9ld',$,'L3|SLAB',$,$,#641,#631,$,$);
#625=IFCCARTESIANPOINTLIST2D(((0.,0.),(23774.399999999998,0.),(23774.399999999998,73761.600000000006),(0.,73761.600000000006),(0.,0.)));
#626=IFCINDEXEDPOLYCURVE(#625,$,$);
#627=IFCDIRECTION((0.,0.,1.));
#628=IFCARBITRARYCLOSEDPROFILEDEF(.AREA.,$,#626);
#629=IFCEXTRUDEDAREASOLID(#628,$,#627,250.);
#630=IFCSHAPEREPRESENTATION(#11,'Body','SweptSolid',(#629));
#631=IFCPRODUCTDEFINITIONSHAPE($,$,(#630));
#637=IFCCARTESIANPOINT((29870.399999999998,4572.,10668.));
#638=IFCDIRECTION((0.,0.,1.));
#639=IFCDIRECTION((1.,0.,0.));
#640=IFCAXIS2PLACEMENT3D(#637,#638,#639);
#641=IFCLOCALPLACEMENT($,#640);
#642=IFCSLAB('1bnqNe97P8zRGDJmNdjsK_',$,'L4|SLAB',$,$,#659,#649,$,$);
#643=IFCCARTESIANPOINTLIST2D(((0.,0.),(23774.399999999998,0.),(23774.399999999998,73761.600000000006),(0.,73761.600000000006),(0.,0.)));
#644=IFCINDEXEDPOLYCURVE(#643,$,$);
#645=IFCDIRECTION((0.,0.,1.));
#646=IFCARBITRARYCLOSEDPROFILEDEF(.AREA.,$,#644);
#647=IFCEXTRUDEDAREASOLID(#646,$,#645,250.);
#648=IFCSHAPEREPRESENTATION(#11,'Body','SweptSolid',(#647));
#649=IFCPRODUCTDEFINITIONSHAPE($,$,(#648));
#655=IFCCARTESIANPOINT((29870.399999999998,4572.,13868.400000000001));
#656=IFCDIRECTION((0.,0.,1.));
#657=IFCDIRECTION((1.,0.,0.));
#658=IFCAXIS2PLACEMENT3D(#655,#656,#657);
#659=IFCLOCALPLACEMENT($,#658);
#660=IFCSLAB('1jQZJAMGrAQAHv5OK6DNiS',$,'L5|SLAB',$,$,#677,#667,$,$);
#661=IFCCARTESIANPOINTLIST2D(((0.,0.),(23774.399999999998,0.),(23774.399999999998,73761.600000000006),(0.,73761.600000000006),(0.,0.)));
#662=IFCINDEXEDPOLYCURVE(#661,$,$);
#663=IFCDIRECTION((0.,0.,1.));
#664=IFCARBITRARYCLOSEDPROFILEDEF(.AREA.,$,#662);
#665=IFCEXTRUDEDAREASOLID(#664,$,#663,250.);
#666=IFCSHAPEREPRESENTATION(#11,'Body','SweptSolid',(#665));
#667=IFCPRODUCTDEFINITIONSHAPE($,$,(#666));
#673=IFCCARTESIANPOINT((29870.399999999998,4572.,17068.799999999999));
#674=IFCDIRECTION((0.,0.,1.));
#675=IFCDIRECTION((1.,0.,0.));
#676=IFCAXIS2PLACEMENT3D(#673,#674,#675);
#677=IFCLOCALPLACEMENT($,#676);
#678=IFCSLAB('3aNLbXSuH72hpa0Ap1X2DN',$,'P|PODIUM_SLAB',$,$,#695,#685,$,$);
#679=IFCCARTESIANPOINTLIST2D(((0.,0.),(23774.399999999998,0.),(23774.399999999998,72542.399999999994),(0.,72542.399999999994),(0.,0.)));
#680=IFCINDEXEDPOLYCURVE(#679,$,$);
#681=IFCDIRECTION((0.,0.,1.));
#682=IFCARBITRARYCLOSEDPROFILEDEF(.AREA.,$,#680);
#683=IFCEXTRUDEDAREASOLID(#682,$,#681,250.);
#684=IFCSHAPEREPRESENTATION(#11,'Body','SweptSolid',(#683));
#685=IFCPRODUCTDEFINITIONSHAPE($,$,(#684));
#691=IFCCARTESIANPOINT((3048.,4572.,0.));
#692=IFCDIRECTION((0.,0.,1.));
#693=IFCDIRECTION((1.,0.,0.));
#694=IFCAXIS2PLACEMENT3D(#691,#692,#693);
#695=IFCLOCALPLACEMENT($,#694);
#696=IFCSLAB('04eMLzUEzE9Onu1Z6K6cAM',$,'P|PODIUM_SLAB',$,$,#713,#703,$,$);
#697=IFCCARTESIANPOINTLIST2D(((0.,0.),(23774.399999999998,0.),(23774.399999999998,73761.600000000006),(0.,73761.600000000006),(0.,0.)));
#698=IFCINDEXEDPOLYCURVE(#697,$,$);
#699=IFCDIRECTION((0.,0.,1.));
#700=IFCARBITRARYCLOSEDPROFILEDEF(.AREA.,$,#698);
#701=IFCEXTRUDEDAREASOLID(#700,$,#699,250.);
#702=IFCSHAPEREPRESENTATION(#11,'Body','SweptSolid',(#701));
#703=IFCPRODUCTDEFINITIONSHAPE($,$,(#702));
#709=IFCCARTESIANPOINT((29870.399999999998,4572.,0.));
#710=IFCDIRECTION((0.,0.,1.));
#711=IFCDIRECTION((1.,0.,0.));
#712=IFCAXIS2PLACEMENT3D(#709,#710,#711);
#713=IFCLOCALPLACEMENT($,#712);
#714=IFCROOF('20Tiha2JDAPQ$anVPBpW3D',$,'ROOF|SLAB',$,$,#732,#721,$,$);
#715=IFCCARTESIANPOINTLIST2D(((0.,0.),(23774.399999999998,0.),(23774.399999999998,72542.399999999994),(0.,72542.399999999994),(0.,0.)));
#716=IFCINDEXEDPOLYCURVE(#715,$,$);
#717=IFCDIRECTION((0.,0.,1.));
#718=IFCARBITRARYCLOSEDPROFILEDEF(.AREA.,$,#716);
#719=IFCEXTRUDEDAREASOLID(#718,$,#717,300.);
#720=IFCSHAPEREPRESENTATION(#11,'Body','SweptSolid',(#719));
#721=IFCPRODUCTDEFINITIONSHAPE($,$,(#720));
#727=IFCRELCONTAINEDINSPATIALSTRUCTURE('2w5ABzhSnE29uEJ1jglkUz',$,$,$,(#733,#714),#23);
#728=IFCCARTESIANPOINT((3048.,4572.,20269.200000000001));
#729=IFCDIRECTION((0.,0.,1.));
#730=IFCDIRECTION((1.,0.,0.));
#731=IFCAXIS2PLACEMENT3D(#728,#729,#730);
#732=IFCLOCALPLACEMENT($,#731);
#733=IFCROOF('0Jw9IvQUvCX9zXXICanCpI',$,'ROOF|SLAB',$,$,#750,#740,$,$);
#734=IFCCARTESIANPOINTLIST2D(((0.,0.),(23774.399999999998,0.),(23774.399999999998,73761.600000000006),(0.,73761.600000000006),(0.,0.)));
#735=IFCINDEXEDPOLYCURVE(#734,$,$);
#736=IFCDIRECTION((0.,0.,1.));
#737=IFCARBITRARYCLOSEDPROFILEDEF(.AREA.,$,#735);
#738=IFCEXTRUDEDAREASOLID(#737,$,#736,300.);
#739=IFCSHAPEREPRESENTATION(#11,'Body','SweptSolid',(#738));
#740=IFCPRODUCTDEFINITIONSHAPE($,$,(#739));
#746=IFCCARTESIANPOINT((29870.399999999998,4572.,20269.200000000001));
#747=IFCDIRECTION((0.,0.,1.));
#748=IFCDIRECTION((1.,0.,0.));
#749=IFCAXIS2PLACEMENT3D(#746,#747,#748);
#750=IFCLOCALPLACEMENT($,#749);
#751=IFCWALL('0ZgJ1mfr16IgDYQsXzMZv5',$,'L1|ACCESSIBLE_1BR',$,$,#772,#762,$,$);
#752=IFCCARTESIANPOINTLIST2D(((0.,0.),(0.,150.),(10363.200000000001,150.),(10363.200000000001,0.),(0.,0.)));
#753=IFCINDEXEDPOLYCURVE(#752,$,.F.);
#754=IFCDIRECTION((0.,0.,1.));
#755=IFCARBITRARYCLOSEDPROFILEDEF(.AREA.,$,#753);
#756=IFCCARTESIANPOINT((0.,0.,0.));
#757=IFCDIRECTION((0.,0.,1.));
#758=IFCDIRECTION((1.,0.,0.));
#759=IFCAXIS2PLACEMENT3D(#756,#757,#758);
#760=IFCEXTRUDEDAREASOLID(#755,#759,#754,3200.4000000000001);
#761=IFCSHAPEREPRESENTATION(#11,'Body','SweptSolid',(#760));
#762=IFCPRODUCTDEFINITIONSHAPE($,$,(#761));
#768=IFCCARTESIANPOINT((15849.6,11887.199999999999,4267.1999999999998));
#769=IFCDIRECTION((0.,0.,1.));
#770=IFCDIRECTION((1.,0.,0.));
#771=IFCAXIS2PLACEMENT3D(#768,#769,#770);
#772=IFCLOCALPLACEMENT($,#771);
#773=IFCWALL('2SMUTtJLX6Vx6I8upsZRJU',$,'L1|ACCESSIBLE_1BR',$,$,#794,#784,$,$);
#774=IFCCARTESIANPOINTLIST2D(((0.,0.),(0.,150.),(10363.200000000001,150.),(10363.200000000001,0.),(0.,0.)));
#775=IFCINDEXEDPOLYCURVE(#774,$,.F.);
#776=IFCDIRECTION((0.,0.,1.));
#777=IFCARBITRARYCLOSEDPROFILEDEF(.AREA.,$,#775);
#778=IFCCARTESIANPOINT((0.,0.,0.));
#779=IFCDIRECTION((0.,0.,1.));
#780=IFCDIRECTION((1.,0.,0.));
#781=IFCAXIS2PLACEMENT3D(#778,#779,#780);
#782=IFCEXTRUDEDAREASOLID(#777,#781,#776,3200.4000000000001);
#783=IFCSHAPEREPRESENTATION(#11,'Body','SweptSolid',(#782));
#784=IFCPRODUCTDEFINITIONSHAPE($,$,(#783));
#790=IFCCARTESIANPOINT((15849.6,21031.200000000001,4267.1999999999998));
#791=IFCDIRECTION((0.,0.,1.));
#792=IFCDIRECTION((1.,0.,0.));
#793=IFCAXIS2PLACEMENT3D(#790,#791,#792);
#794=IFCLOCALPLACEMENT($,#793);
#795=IFCWALL('16eoZxvXf26PdhGqGwJ5TR',$,'L1|ACCESSIBLE_1BR',$,$,#816,#806,$,$);
#796=IFCCARTESIANPOINTLIST2D(((0.,0.),(0.,150.),(9144.,150.),(9144.,0.),(0.,0.)));
#797=IFCINDEXEDPOLYCURVE(#796,$,.F.);
#798=IFCDIRECTION((0.,0.,1.));
#799=IFCARBITRARYCLOSEDPROFILEDEF(.AREA.,$,#797);
#800=IFCCARTESIANPOINT((0.,0.,0.));
#801=IFCDIRECTION((0.,0.,1.));
#802=IFCDIRECTION((1.,0.,0.));
#803=IFCAXIS2PLACEMENT3D(#800,#801,#802);
#804=IFCEXTRUDEDAREASOLID(#799,#803,#798,3200.4000000000001);
#805=IFCSHAPEREPRESENTATION(#11,'Body','SweptSolid',(#804));
#806=IFCPRODUCTDEFINITIONSHAPE($,$,(#805));
#812=IFCCARTESIANPOINT((15849.6,11887.199999999999,4267.1999999999998));
#813=IFCDIRECTION((0.,0.,1.));
#814=IFCDIRECTION((6.123233995736766E-17,1.,0.));
#815=IFCAXIS2PLACEMENT3D(#812,#813,#814);
#816=IFCLOCALPLACEMENT($,#815);
#817=IFCWALL('0$HdqlfFv5mwZwm3RaSYM4',$,'L1|ACCESSIBLE_1BR',$,$,#838,#828,$,$);
#818=IFCCARTESIANPOINTLIST2D(((0.,0.),(0.,150.),(9144.,150.),(9144.,0.),(0.,0.)));
#819=IFCINDEXEDPOLYCURVE(#818,$,.F.);
#820=IFCDIRECTION((0.,0.,1.));
#821=IFCARBITRARYCLOSEDPROFILEDEF(.AREA.,$,#819);
#822=IFCCARTESIANPOINT((0.,0.,0.));
#823=IFCDIRECTION((0.,0.,1.));
#824=IFCDIRECTION((1.,0.,0.));
#825=IFCAXIS2PLACEMENT3D(#822,#823,#824);
#826=IFCEXTRUDEDAREASOLID(#821,#825,#820,3200.4000000000001);
#827=IFCSHAPEREPRESENTATION(#11,'Body','SweptSolid',(#826));
#828=IFCPRODUCTDEFINITIONSHAPE($,$,(#827));
#834=IFCCARTESIANPOINT((26212.799999999999,11887.199999999999,4267.1999999999998));
#835=IFCDIRECTION((0.,0.,1.));
#836=IFCDIRECTION((6.123233995736766E-17,1.,0.));
#837=IFCAXIS2PLACEMENT3D(#834,#835,#836);
#838=IFCLOCALPLACEMENT($,#837);
#839=IFCWALL('39u$eP$Cv9fh0JjHfQITyd',$,'L1|TWOBR_A',$,$,#860,#850,$,$);
#840=IFCCARTESIANPOINTLIST2D(((0.,0.),(0.,150.),(10972.800000000001,150.),(10972.800000000001,0.),(0.,0.)));
#841=IFCINDEXEDPOLYCURVE(#840,$,.F.);
#842=IFCDIRECTION((0.,0.,1.));
#843=IFCARBITRARYCLOSEDPROFILEDEF(.AREA.,$,#841);
#844=IFCCARTESIANPOINT((0.,0.,0.));
#845=IFCDIRECTION((0.,0.,1.));
#846=IFCDIRECTION((1.,0.,0.));
#847=IFCAXIS2PLACEMENT3D(#844,#845,#846);
#848=IFCEXTRUDEDAREASOLID(#843,#847,#842,3200.4000000000001);
#849=IFCSHAPEREPRESENTATION(#11,'Body','SweptSolid',(#848));
#850=IFCPRODUCTDEFINITIONSHAPE($,$,(#849));
#856=IFCCARTESIANPOINT((29870.399999999998,11887.199999999999,4267.1999999999998));
#857=IFCDIRECTION((0.,0.,1.));
#858=IFCDIRECTION((1.,0.,0.));
#859=IFCAXIS2PLACEMENT3D(#856,#857,#858);
#860=IFCLOCALPLACEMENT($,#859);
#861=IFCWALL('3vjzILenPDKejmTDeVoulw',$,'L1|TWOBR_A',$,$,#882,#872,$,$);
#862=IFCCARTESIANPOINTLIST2D(((0.,0.),(0.,150.),(10972.800000000001,150.),(10972.800000000001,0.),(0.,0.)));
#863=IFCINDEXEDPOLYCURVE(#862,$,.F.);
#864=IFCDIRECTION((0.,0.,1.));
#865=IFCARBITRARYCLOSEDPROFILEDEF(.AREA.,$,#863);
#866=IFCCARTESIANPOINT((0.,0.,0.));
#867=IFCDIRECTION((0.,0.,1.));
#868=IFCDIRECTION((1.,0.,0.));
#869=IFCAXIS2PLACEMENT3D(#866,#867,#868);
#870=IFCEXTRUDEDAREASOLID(#865,#869,#864,3200.4000000000001);
#871=IFCSHAPEREPRESENTATION(#11,'Body','SweptSolid',(#870));
#872=IFCPRODUCTDEFINITIONSHAPE($,$,(#871));
#878=IFCCARTESIANPOINT((29870.399999999998,22250.400000000001,4267.1999999999998));
#879=IFCDIRECTION((0.,0.,1.));
#880=IFCDIRECTION((1.,0.,0.));
#881=IFCAXIS2PLACEMENT3D(#878,#879,#880);
#882=IFCLOCALPLACEMENT($,#881);
#883=IFCWALL('1xXcoYaDzFjA7CNzMmvMCm',$,'L1|TWOBR_A',$,$,#904,#894,$,$);
#884=IFCCARTESIANPOINTLIST2D(((0.,0.),(0.,150.),(10363.200000000001,150.),(10363.200000000001,0.),(0.,0.)));
#885=IFCINDEXEDPOLYCURVE(#884,$,.F.);
#886=IFCDIRECTION((0.,0.,1.));
#887=IFCARBITRARYCLOSEDPROFILEDEF(.AREA.,$,#885);
#888=IFCCARTESIANPOINT((0.,0.,0.));
#889=IFCDIRECTION((0.,0.,1.));
#890=IFCDIRECTION((1.,0.,0.));
#891=IFCAXIS2PLACEMENT3D(#888,#889,#890);
#892=IFCEXTRUDEDAREASOLID(#887,#891,#886,3200.4000000000001);
#893=IFCSHAPEREPRESENTATION(#11,'Body','SweptSolid',(#892));
#894=IFCPRODUCTDEFINITIONSHAPE($,$,(#893));
#900=IFCCARTESIANPOINT((29870.399999999998,11887.199999999999,4267.1999999999998));
#901=IFCDIRECTION((0.,0.,1.));
#902=IFCDIRECTION((6.123233995736766E-17,1.,0.));
#903=IFCAXIS2PLACEMENT3D(#900,#901,#902);
#904=IFCLOCALPLACEMENT($,#903);
#905=IFCWALL('1yLhym4uH4X8CTQWY2ZXHB',$,'L1|TWOBR_A',$,$,#926,#916,$,$);
#906=IFCCARTESIANPOINTLIST2D(((0.,0.),(0.,150.),(10363.200000000001,150.),(10363.200000000001,0.),(0.,0.)));
#907=IFCINDEXEDPOLYCURVE(#906,$,.F.);
#908=IFCDIRECTION((0.,0.,1.));
#909=IFCARBITRARYCLOSEDPROFILEDEF(.AREA.,$,#907);
#910=IFCCARTESIANPOINT((0.,0.,0.));
#911=IFCDIRECTION((0.,0.,1.));
#912=IFCDIRECTION((1.,0.,0.));
#913=IFCAXIS2PLACEMENT3D(#910,#911,#912);
#914=IFCEXTRUDEDAREASOLID(#909,#913,#908,3200.4000000000001);
#915=IFCSHAPEREPRESENTATION(#11,'Body','SweptSolid',(#914));
#916=IFCPRODUCTDEFINITIONSHAPE($,$,(#915));
#922=IFCCARTESIANPOINT((40843.200000000004,11887.199999999999,4267.1999999999998));
#923=IFCDIRECTION((0.,0.,1.));
#924=IFCDIRECTION((6.123233995736766E-17,1.,0.));
#925=IFCAXIS2PLACEMENT3D(#922,#923,#924);
#926=IFCLOCALPLACEMENT($,#925);
#927=IFCWALL('3Pyt6kFqjFzRTNVM1Qqtvd',$,'L1|STUDIO_A',$,$,#948,#938,$,$);
#928=IFCCARTESIANPOINTLIST2D(((0.,0.),(0.,150.),(9753.6000000000004,150.),(9753.6000000000004,0.),(0.,0.)));
#929=IFCINDEXEDPOLYCURVE(#928,$,.F.);
#930=IFCDIRECTION((0.,0.,1.));
#931=IFCARBITRARYCLOSEDPROFILEDEF(.AREA.,$,#929);
#932=IFCCARTESIANPOINT((0.,0.,0.));
#933=IFCDIRECTION((0.,0.,1.));
#934=IFCDIRECTION((1.,0.,0.));
#935=IFCAXIS2PLACEMENT3D(#932,#933,#934);
#936=IFCEXTRUDEDAREASOLID(#931,#935,#930,3200.4000000000001);
#937=IFCSHAPEREPRESENTATION(#11,'Body','SweptSolid',(#936));
#938=IFCPRODUCTDEFINITIONSHAPE($,$,(#937));
#944=IFCCARTESIANPOINT((42672.,11887.199999999999,4267.1999999999998));
#945=IFCDIRECTION((0.,0.,1.));
#946=IFCDIRECTION((1.,0.,0.));
#947=IFCAXIS2PLACEMENT3D(#944,#945,#946);
#948=IFCLOCALPLACEMENT($,#947);
#949=IFCWALL('34Wxr$C29EfxA_N5inY8nO',$,'L1|STUDIO_A',$,$,#970,#960,$,$);
#950=IFCCARTESIANPOINTLIST2D(((0.,0.),(0.,150.),(9753.6000000000004,150.),(9753.6000000000004,0.),(0.,0.)));
#951=IFCINDEXEDPOLYCURVE(#950,$,.F.);
#952=IFCDIRECTION((0.,0.,1.));
#953=IFCARBITRARYCLOSEDPROFILEDEF(.AREA.,$,#951);
#954=IFCCARTESIANPOINT((0.,0.,0.));
#955=IFCDIRECTION((0.,0.,1.));
#956=IFCDIRECTION((1.,0.,0.));
#957=IFCAXIS2PLACEMENT3D(#954,#955,#956);
#958=IFCEXTRUDEDAREASOLID(#953,#957,#952,3200.4000000000001);
#959=IFCSHAPEREPRESENTATION(#11,'Body','SweptSolid',(#958));
#960=IFCPRODUCTDEFINITIONSHAPE($,$,(#959));
#966=IFCCARTESIANPOINT((42672.,19812.,4267.1999999999998));
#967=IFCDIRECTION((0.,0.,1.));
#968=IFCDIRECTION((1.,0.,0.));
#969=IFCAXIS2PLACEMENT3D(#966,#967,#968);
#970=IFCLOCALPLACEMENT($,#969);
#971=IFCWALL('0RrYB05gz1XgRVdrqil2Zo',$,'L1|STUDIO_A',$,$,#992,#982,$,$);
#972=IFCCARTESIANPOINTLIST2D(((0.,0.),(0.,150.),(7924.8000000000002,150.),(7924.8000000000002,0.),(0.,0.)));
#973=IFCINDEXEDPOLYCURVE(#972,$,.F.);
#974=IFCDIRECTION((0.,0.,1.));
#975=IFCARBITRARYCLOSEDPROFILEDEF(.AREA.,$,#973);
#976=IFCCARTESIANPOINT((0.,0.,0.));
#977=IFCDIRECTION((0.,0.,1.));
#978=IFCDIRECTION((1.,0.,0.));
#979=IFCAXIS2PLACEMENT3D(#976,#977,#978);
#980=IFCEXTRUDEDAREASOLID(#975,#979,#974,3200.4000000000001);
#981=IFCSHAPEREPRESENTATION(#11,'Body','SweptSolid',(#980));
#982=IFCPRODUCTDEFINITIONSHAPE($,$,(#981));
#988=IFCCARTESIANPOINT((42672.,11887.199999999999,4267.1999999999998));
#989=IFCDIRECTION((0.,0.,1.));
#990=IFCDIRECTION((6.123233995736766E-17,1.,0.));
#991=IFCAXIS2PLACEMENT3D(#988,#989,#990);
#992=IFCLOCALPLACEMENT($,#991);
#993=IFCWALL('0k4zILyprDOve6HfumWTWh',$,'L1|STUDIO_A',$,$,#1014,#1004,$,$);
#994=IFCCARTESIANPOINTLIST2D(((0.,0.),(0.,150.),(7924.8000000000002,150.),(7924.8000000000002,0.),(0.,0.)));
#995=IFCINDEXEDPOLYCURVE(#994,$,.F.);
#996=IFCDIRECTION((0.,0.,1.));
#997=IFCARBITRARYCLOSEDPROFILEDEF(.AREA.,$,#995);
#998=IFCCARTESIANPOINT((0.,0.,0.));
#999=IFCDIRECTION((0.,0.,1.));
#1000=IFCDIRECTION((1.,0.,0.));
#1001=IFCAXIS2PLACEMENT3D(#998,#999,#1000);
#1002=IFCEXTRUDEDAREASOLID(#997,#1001,#996,3200.4000000000001);
#1003=IFCSHAPEREPRESENTATION(#11,'Body','SweptSolid',(#1002));
#1004=IFCPRODUCTDEFINITIONSHAPE($,$,(#1003));
#1010=IFCCARTESIANPOINT((52425.599999999999,11887.199999999999,4267.1999999999998));
#1011=IFCDIRECTION((0.,0.,1.));
#1012=IFCDIRECTION((6.123233995736766E-17,1.,0.));
#1013=IFCAXIS2PLACEMENT3D(#1010,#1011,#1012);
#1014=IFCLOCALPLACEMENT($,#1013);
#1015=IFCWALL('2xiqXq5FT97vjLJJtJ$Ck3',$,'L1|ACCESSIBLE_1BR',$,$,#1036,#1026,$,$);
#1016=IFCCARTESIANPOINTLIST2D(((0.,0.),(0.,150.),(10363.200000000001,150.),(10363.200000000001,0.),(0.,0.)));
#1017=IFCINDEXEDPOLYCURVE(#1016,$,.F.);
#1018=IFCDIRECTION((0.,0.,1.));
#1019=IFCARBITRARYCLOSEDPROFILEDEF(.AREA.,$,#1017);
#1020=IFCCARTESIANPOINT((0.,0.,0.));
#1021=IFCDIRECTION((0.,0.,1.));
#1022=IFCDIRECTION((1.,0.,0.));
#1023=IFCAXIS2PLACEMENT3D(#1020,#1021,#1022);
#1024=IFCEXTRUDEDAREASOLID(#1019,#1023,#1018,3200.4000000000001);
#1025=IFCSHAPEREPRESENTATION(#11,'Body','SweptSolid',(#1024));
#1026=IFCPRODUCTDEFINITIONSHAPE($,$,(#1025));
#1032=IFCCARTESIANPOINT((42672.,19812.,4267.1999999999998));
#1033=IFCDIRECTION((0.,0.,1.));
#1034=IFCDIRECTION((1.,0.,0.));
#1035=IFCAXIS2PLACEMENT3D(#1032,#1033,#1034);
#1036=IFCLOCALPLACEMENT($,#1035);
#1037=IFCWALL('0F7ToknybDIOOxiZHef21Q',$,'L1|ACCESSIBLE_1BR',$,$,#1058,#1048,$,$);
#1038=IFCCARTESIANPOINTLIST2D(((0.,0.),(0.,150.),(10363.200000000001,150.),(10363.200000000001,0.),(0.,0.)));
#1039=IFCINDEXEDPOLYCURVE(#1038,$,.F.);
#1040=IFCDIRECTION((0.,0.,1.));
#1041=IFCARBITRARYCLOSEDPROFILEDEF(.AREA.,$,#1039);
#1042=IFCCARTESIANPOINT((0.,0.,0.));
#1043=IFCDIRECTION((0.,0.,1.));
#1044=IFCDIRECTION((1.,0.,0.));
#1045=IFCAXIS2PLACEMENT3D(#1042,#1043,#1044);
#1046=IFCEXTRUDEDAREASOLID(#1041,#1045,#1040,3200.4000000000001);
#1047=IFCSHAPEREPRESENTATION(#11,'Body','SweptSolid',(#1046));
#1048=IFCPRODUCTDEFINITIONSHAPE($,$,(#1047));
#1054=IFCCARTESIANPOINT((42672.,28956.000000000004,4267.1999999999998));
#1055=IFCDIRECTION((0.,0.,1.));
#1056=IFCDIRECTION((1.,0.,0.));
#1057=IFCAXIS2PLACEMENT3D(#1054,#1055,#1056);
#1058=IFCLOCALPLACEMENT($,#1057);
#1059=IFCWALL('0XUOb_kj56zgaTIaqMKWai',$,'L1|ACCESSIBLE_1BR',$,$,#1080,#1070,$,$);
#1060=IFCCARTESIANPOINTLIST2D(((0.,0.),(0.,150.),(9144.,150.),(9144.,0.),(0.,0.)));
#1061=IFCINDEXEDPOLYCURVE(#1060,$,.F.);
#1062=IFCDIRECTION((0.,0.,1.));
#1063=IFCARBITRARYCLOSEDPROFILEDEF(.AREA.,$,#1061);
#1064=IFCCARTESIANPOINT((0.,0.,0.));
#1065=IFCDIRECTION((0.,0.,1.));
#1066=IFCDIRECTION((1.,0.,0.));
#1067=IFCAXIS2PLACEMENT3D(#1064,#1065,#1066);
#1068=IFCEXTRUDEDAREASOLID(#1063,#1067,#1062,3200.4000000000001);
#1069=IFCSHAPEREPRESENTATION(#11,'Body','SweptSolid',(#1068));
#1070=IFCPRODUCTDEFINITIONSHAPE($,$,(#1069));
#1076=IFCCARTESIANPOINT((42672.,19812.,4267.1999999999998));
#1077=IFCDIRECTION((0.,0.,1.));
#1078=IFCDIRECTION((6.123233995736766E-17,1.,0.));
#1079=IFCAXIS2PLACEMENT3D(#1076,#1077,#1078);
#1080=IFCLOCALPLACEMENT($,#1079);
#1081=IFCWALL('0w8GJO8O55aRARVL2xBS55',$,'L1|ACCESSIBLE_1BR',$,$,#1102,#1092,$,$);
#1082=IFCCARTESIANPOINTLIST2D(((0.,0.),(0.,150.),(9144.,150.),(9144.,0.),(0.,0.)));
#1083=IFCINDEXEDPOLYCURVE(#1082,$,.F.);
#1084=IFCDIRECTION((0.,0.,1.));
#1085=IFCARBITRARYCLOSEDPROFILEDEF(.AREA.,$,#1083);
#1086=IFCCARTESIANPOINT((0.,0.,0.));
#1087=IFCDIRECTION((0.,0.,1.));
#1088=IFCDIRECTION((1.,0.,0.));
#1089=IFCAXIS2PLACEMENT3D(#1086,#1087,#1088);
#1090=IFCEXTRUDEDAREASOLID(#1085,#1089,#1084,3200.4000000000001);
#1091=IFCSHAPEREPRESENTATION(#11,'Body','SweptSolid',(#1090));
#1092=IFCPRODUCTDEFINITIONSHAPE($,$,(#1091));
#1098=IFCCARTESIANPOINT((53035.200000000004,19812.,4267.1999999999998));
#1099=IFCDIRECTION((0.,0.,1.));
#1100=IFCDIRECTION((6.123233995736766E-17,1.,0.));
#1101=IFCAXIS2PLACEMENT3D(#1098,#1099,#1100);
#1102=IFCLOCALPLACEMENT($,#1101);
#1103=IFCWALL('2IRderCTjAuQ_eIY_5HfaY',$,'L1|TWOBR_A',$,$,#1124,#1114,$,$);
#1104=IFCCARTESIANPOINTLIST2D(((0.,0.),(0.,150.),(10972.800000000001,150.),(10972.800000000001,0.),(0.,0.)));
#1105=IFCINDEXEDPOLYCURVE(#1104,$,.F.);
#1106=IFCDIRECTION((0.,0.,1.));
#1107=IFCARBITRARYCLOSEDPROFILEDEF(.AREA.,$,#1105);
#1108=IFCCARTESIANPOINT((0.,0.,0.));
#1109=IFCDIRECTION((0.,0.,1.));
#1110=IFCDIRECTION((1.,0.,0.));
#1111=IFCAXIS2PLACEMENT3D(#1108,#1109,#1110);
#1112=IFCEXTRUDEDAREASOLID(#1107,#1111,#1106,3200.4000000000001);
#1113=IFCSHAPEREPRESENTATION(#11,'Body','SweptSolid',(#1112));
#1114=IFCPRODUCTDEFINITIONSHAPE($,$,(#1113));
#1120=IFCCARTESIANPOINT((15849.6,21031.200000000001,4267.1999999999998));
#1121=IFCDIRECTION((0.,0.,1.));
#1122=IFCDIRECTION((1.,0.,0.));
#1123=IFCAXIS2PLACEMENT3D(#1120,#1121,#1122);
#1124=IFCLOCALPLACEMENT($,#1123);
#1125=IFCWALL('1JdODRObjBOgwrMbiwtDni',$,'L1|TWOBR_A',$,$,#1146,#1136,$,$);
#1126=IFCCARTESIANPOINTLIST2D(((0.,0.),(0.,150.),(10972.800000000001,150.),(10972.800000000001,0.),(0.,0.)));
#1127=IFCINDEXEDPOLYCURVE(#1126,$,.F.);
#1128=IFCDIRECTION((0.,0.,1.));
#1129=IFCARBITRARYCLOSEDPROFILEDEF(.AREA.,$,#1127);
#1130=IFCCARTESIANPOINT((0.,0.,0.));
#1131=IFCDIRECTION((0.,0.,1.));
#1132=IFCDIRECTION((1.,0.,0.));
#1133=IFCAXIS2PLACEMENT3D(#1130,#1131,#1132);
#1134=IFCEXTRUDEDAREASOLID(#1129,#1133,#1128,3200.4000000000001);
#1135=IFCSHAPEREPRESENTATION(#11,'Body','SweptSolid',(#1134));
#1136=IFCPRODUCTDEFINITIONSHAPE($,$,(#1135));
#1142=IFCCARTESIANPOINT((15849.6,31394.400000000001,4267.1999999999998));
#1143=IFCDIRECTION((0.,0.,1.));
#1144=IFCDIRECTION((1.,0.,0.));
#1145=IFCAXIS2PLACEMENT3D(#1142,#1143,#1144);
#1146=IFCLOCALPLACEMENT($,#1145);
#1147=IFCWALL('0PvrwDqIXCJOsMsYCAUJvz',$,'L1|TWOBR_A',$,$,#1168,#1158,$,$);
#1148=IFCCARTESIANPOINTLIST2D(((0.,0.),(0.,150.),(10363.200000000001,150.),(10363.200000000001,0.),(0.,0.)));
#1149=IFCINDEXEDPOLYCURVE(#1148,$,.F.);
#1150=IFCDIRECTION((0.,0.,1.));
#1151=IFCARBITRARYCLOSEDPROFILEDEF(.AREA.,$,#1149);
#1152=IFCCARTESIANPOINT((0.,0.,0.));
#1153=IFCDIRECTION((0.,0.,1.));
#1154=IFCDIRECTION((1.,0.,0.));
#1155=IFCAXIS2PLACEMENT3D(#1152,#1153,#1154);
#1156=IFCEXTRUDEDAREASOLID(#1151,#1155,#1150,3200.4000000000001);
#1157=IFCSHAPEREPRESENTATION(#11,'Body','SweptSolid',(#1156));
#1158=IFCPRODUCTDEFINITIONSHAPE($,$,(#1157));
#1164=IFCCARTESIANPOINT((15849.6,21031.200000000001,4267.1999999999998));
#1165=IFCDIRECTION((0.,0.,1.));
#1166=IFCDIRECTION((6.123233995736766E-17,1.,0.));
#1167=IFCAXIS2PLACEMENT3D(#1164,#1165,#1166);
#1168=IFCLOCALPLACEMENT($,#1167);
#1169=IFCWALL('1we3myXjTFWPch00igjkzf',$,'L1|TWOBR_A',$,$,#1190,#1180,$,$);
#1170=IFCCARTESIANPOINTLIST2D(((0.,0.),(0.,150.),(10363.200000000001,150.),(10363.200000000001,0.),(0.,0.)));
#1171=IFCINDEXEDPOLYCURVE(#1170,$,.F.);
#1172=IFCDIRECTION((0.,0.,1.));
#1173=IFCARBITRARYCLOSEDPROFILEDEF(.AREA.,$,#1171);
#1174=IFCCARTESIANPOINT((0.,0.,0.));
#1175=IFCDIRECTION((0.,0.,1.));
#1176=IFCDIRECTION((1.,0.,0.));
#1177=IFCAXIS2PLACEMENT3D(#1174,#1175,#1176);
#1178=IFCEXTRUDEDAREASOLID(#1173,#1177,#1172,3200.4000000000001);
#1179=IFCSHAPEREPRESENTATION(#11,'Body','SweptSolid',(#1178));
#1180=IFCPRODUCTDEFINITIONSHAPE($,$,(#1179));
#1186=IFCCARTESIANPOINT((26822.400000000001,21031.200000000001,4267.1999999999998));
#1187=IFCDIRECTION((0.,0.,1.));
#1188=IFCDIRECTION((6.123233995736766E-17,1.,0.));
#1189=IFCAXIS2PLACEMENT3D(#1186,#1187,#1188);
#1190=IFCLOCALPLACEMENT($,#1189);
#1191=IFCWALL('0AGvebBpPFPeGdKt$vSN_E',$,'L1|ACCESSIBLE_1BR',$,$,#1212,#1202,$,$);
#1192=IFCCARTESIANPOINTLIST2D(((0.,0.),(0.,150.),(10363.200000000001,150.),(10363.200000000001,0.),(0.,0.)));
#1193=IFCINDEXEDPOLYCURVE(#1192,$,.F.);
#1194=IFCDIRECTION((0.,0.,1.));
#1195=IFCARBITRARYCLOSEDPROFILEDEF(.AREA.,$,#1193);
#1196=IFCCARTESIANPOINT((0.,0.,0.));
#1197=IFCDIRECTION((0.,0.,1.));
#1198=IFCDIRECTION((1.,0.,0.));
#1199=IFCAXIS2PLACEMENT3D(#1196,#1197,#1198);
#1200=IFCEXTRUDEDAREASOLID(#1195,#1199,#1194,3200.4000000000001);
#1201=IFCSHAPEREPRESENTATION(#11,'Body','SweptSolid',(#1200));
#1202=IFCPRODUCTDEFINITIONSHAPE($,$,(#1201));
#1208=IFCCARTESIANPOINT((30480.,22250.400000000001,4267.1999999999998));
#1209=IFCDIRECTION((0.,0.,1.));
#1210=IFCDIRECTION((1.,0.,0.));
#1211=IFCAXIS2PLACEMENT3D(#1208,#1209,#1210);
#1212=IFCLOCALPLACEMENT($,#1211);
#1213=IFCWALL('3f_JjJAar169EXwm5CqG3j',$,'L1|ACCESSIBLE_1BR',$,$,#1234,#1224,$,$);
#1214=IFCCARTESIANPOINTLIST2D(((0.,0.),(0.,150.),(10363.200000000001,150.),(10363.200000000001,0.),(0.,0.)));
#1215=IFCINDEXEDPOLYCURVE(#1214,$,.F.);
#1216=IFCDIRECTION((0.,0.,1.));
#1217=IFCARBITRARYCLOSEDPROFILEDEF(.AREA.,$,#1215);
#1218=IFCCARTESIANPOINT((0.,0.,0.));
#1219=IFCDIRECTION((0.,0.,1.));
#1220=IFCDIRECTION((1.,0.,0.));
#1221=IFCAXIS2PLACEMENT3D(#1218,#1219,#1220);
#1222=IFCEXTRUDEDAREASOLID(#1217,#1221,#1216,3200.4000000000001);
#1223=IFCSHAPEREPRESENTATION(#11,'Body','SweptSolid',(#1222));
#1224=IFCPRODUCTDEFINITIONSHAPE($,$,(#1223));
#1230=IFCCARTESIANPOINT((30480.,31394.400000000001,4267.1999999999998));
#1231=IFCDIRECTION((0.,0.,1.));
#1232=IFCDIRECTION((1.,0.,0.));
#1233=IFCAXIS2PLACEMENT3D(#1230,#1231,#1232);
#1234=IFCLOCALPLACEMENT($,#1233);
#1235=IFCWALL('0tfNs3Mp90GhI_jq331WPe',$,'L1|ACCESSIBLE_1BR',$,$,#1256,#1246,$,$);
#1236=IFCCARTESIANPOINTLIST2D(((0.,0.),(0.,150.),(9144.,150.),(9144.,0.),(0.,0.)));
#1237=IFCINDEXEDPOLYCURVE(#1236,$,.F.);
#1238=IFCDIRECTION((0.,0.,1.));
#1239=IFCARBITRARYCLOSEDPROFILEDEF(.AREA.,$,#1237);
#1240=IFCCARTESIANPOINT((0.,0.,0.));
#1241=IFCDIRECTION((0.,0.,1.));
#1242=IFCDIRECTION((1.,0.,0.));
#1243=IFCAXIS2PLACEMENT3D(#1240,#1241,#1242);
#1244=IFCEXTRUDEDAREASOLID(#1239,#1243,#1238,3200.4000000000001);
#1245=IFCSHAPEREPRESENTATION(#11,'Body','SweptSolid',(#1244));
#1246=IFCPRODUCTDEFINITIONSHAPE($,$,(#1245));
#1252=IFCCARTESIANPOINT((30480.,22250.400000000001,4267.1999999999998));
#1253=IFCDIRECTION((0.,0.,1.));
#1254=IFCDIRECTION((6.123233995736766E-17,1.,0.));
#1255=IFCAXIS2PLACEMENT3D(#1252,#1253,#1254);
#1256=IFCLOCALPLACEMENT($,#1255);
#1257=IFCWALL('3zA1GBWUj0dvkORTJb2fOb',$,'L1|ACCESSIBLE_1BR',$,$,#1278,#1268,$,$);
#1258=IFCCARTESIANPOINTLIST2D(((0.,0.),(0.,150.),(9144.,150.),(9144.,0.),(0.,0.)));
#1259=IFCINDEXEDPOLYCURVE(#1258,$,.F.);
#1260=IFCDIRECTION((0.,0.,1.));
#1261=IFCARBITRARYCLOSEDPROFILEDEF(.AREA.,$,#1259);
#1262=IFCCARTESIANPOINT((0.,0.,0.));
#1263=IFCDIRECTION((0.,0.,1.));
#1264=IFCDIRECTION((1.,0.,0.));
#1265=IFCAXIS2PLACEMENT3D(#1262,#1263,#1264);
#1266=IFCEXTRUDEDAREASOLID(#1261,#1265,#1260,3200.4000000000001);
#1267=IFCSHAPEREPRESENTATION(#11,'Body','SweptSolid',(#1266));
#1268=IFCPRODUCTDEFINITIONSHAPE($,$,(#1267));
#1274=IFCCARTESIANPOINT((40843.200000000004,22250.400000000001,4267.1999999999998));
#1275=IFCDIRECTION((0.,0.,1.));
#1276=IFCDIRECTION((6.123233995736766E-17,1.,0.));
#1277=IFCAXIS2PLACEMENT3D(#1274,#1275,#1276);
#1278=IFCLOCALPLACEMENT($,#1277);
#1279=IFCWALL('1oU6CH_Az4hwNu7fPY3eF5',$,'L1|TWOBR_A',$,$,#1300,#1290,$,$);
#1280=IFCCARTESIANPOINTLIST2D(((0.,0.),(0.,150.),(10972.800000000001,150.),(10972.800000000001,0.),(0.,0.)));
#1281=IFCINDEXEDPOLYCURVE(#1280,$,.F.);
#1282=IFCDIRECTION((0.,0.,1.));
#1283=IFCARBITRARYCLOSEDPROFILEDEF(.AREA.,$,#1281);
#1284=IFCCARTESIANPOINT((0.,0.,0.));
#1285=IFCDIRECTION((0.,0.,1.));
#1286=IFCDIRECTION((1.,0.,0.));
#1287=IFCAXIS2PLACEMENT3D(#1284,#1285,#1286);
#1288=IFCEXTRUDEDAREASOLID(#1283,#1287,#1282,3200.4000000000001);
#1289=IFCSHAPEREPRESENTATION(#11,'Body','SweptSolid',(#1288));
#1290=IFCPRODUCTDEFINITIONSHAPE($,$,(#1289));
#1296=IFCCARTESIANPOINT((42672.,28956.000000000004,4267.1999999999998));
#1297=IFCDIRECTION((0.,0.,1.));
#1298=IFCDIRECTION((1.,0.,0.));
#1299=IFCAXIS2PLACEMENT3D(#1296,#1297,#1298);
#1300=IFCLOCALPLACEMENT($,#1299);
#1301=IFCWALL('0z8qKJr2f4Av0mW1IK4xDL',$,'L1|TWOBR_A',$,$,#1322,#1312,$,$);
#1302=IFCCARTESIANPOINTLIST2D(((0.,0.),(0.,150.),(10972.800000000001,150.),(10972.800000000001,0.),(0.,0.)));
#1303=IFCINDEXEDPOLYCURVE(#1302,$,.F.);
#1304=IFCDIRECTION((0.,0.,1.));
#1305=IFCARBITRARYCLOSEDPROFILEDEF(.AREA.,$,#1303);
#1306=IFCCARTESIANPOINT((0.,0.,0.));
#1307=IFCDIRECTION((0.,0.,1.));
#1308=IFCDIRECTION((1.,0.,0.));
#1309=IFCAXIS2PLACEMENT3D(#1306,#1307,#1308);
#1310=IFCEXTRUDEDAREASOLID(#1305,#1309,#1304,3200.4000000000001);
#1311=IFCSHAPEREPRESENTATION(#11,'Body','SweptSolid',(#1310));
#1312=IFCPRODUCTDEFINITIONSHAPE($,$,(#1311));
#1318=IFCCARTESIANPOINT((42672.,39319.200000000004,4267.1999999999998));
#1319=IFCDIRECTION((0.,0.,1.));
#1320=IFCDIRECTION((1.,0.,0.));
#1321=IFCAXIS2PLACEMENT3D(#1318,#1319,#1320);
#1322=IFCLOCALPLACEMENT($,#1321);
#1323=IFCWALL('13KYcLycjDjg8D1D_uLfeX',$,'L1|TWOBR_A',$,$,#1344,#1334,$,$);
#1324=IFCCARTESIANPOINTLIST2D(((0.,0.),(0.,150.),(10363.200000000001,150.),(10363.200000000001,0.),(0.,0.)));
#1325=IFCINDEXEDPOLYCURVE(#1324,$,.F.);
#1326=IFCDIRECTION((0.,0.,1.));
#1327=IFCARBITRARYCLOSEDPROFILEDEF(.AREA.,$,#1325);
#1328=IFCCARTESIANPOINT((0.,0.,0.));
#1329=IFCDIRECTION((0.,0.,1.));
#1330=IFCDIRECTION((1.,0.,0.));
#1331=IFCAXIS2PLACEMENT3D(#1328,#1329,#1330);
#1332=IFCEXTRUDEDAREASOLID(#1327,#1331,#1326,3200.4000000000001);
#1333=IFCSHAPEREPRESENTATION(#11,'Body','SweptSolid',(#1332));
#1334=IFCPRODUCTDEFINITIONSHAPE($,$,(#1333));
#1340=IFCCARTESIANPOINT((42672.,28956.000000000004,4267.1999999999998));
#1341=IFCDIRECTION((0.,0.,1.));
#1342=IFCDIRECTION((6.123233995736766E-17,1.,0.));
#1343=IFCAXIS2PLACEMENT3D(#1340,#1341,#1342);
#1344=IFCLOCALPLACEMENT($,#1343);
#1345=IFCWALL('3hBdKwnlHAD9NGh7rEyLJd',$,'L1|TWOBR_A',$,$,#1366,#1356,$,$);
#1346=IFCCARTESIANPOINTLIST2D(((0.,0.),(0.,150.),(10363.200000000001,150.),(10363.200000000001,0.),(0.,0.)));
#1347=IFCINDEXEDPOLYCURVE(#1346,$,.F.);
#1348=IFCDIRECTION((0.,0.,1.));
#1349=IFCARBITRARYCLOSEDPROFILEDEF(.AREA.,$,#1347);
#1350=IFCCARTESIANPOINT((0.,0.,0.));
#1351=IFCDIRECTION((0.,0.,1.));
#1352=IFCDIRECTION((1.,0.,0.));
#1353=IFCAXIS2PLACEMENT3D(#1350,#1351,#1352);
#1354=IFCEXTRUDEDAREASOLID(#1349,#1353,#1348,3200.4000000000001);
#1355=IFCSHAPEREPRESENTATION(#11,'Body','SweptSolid',(#1354));
#1356=IFCPRODUCTDEFINITIONSHAPE($,$,(#1355));
#1362=IFCCARTESIANPOINT((53644.800000000003,28956.000000000004,4267.1999999999998));
#1363=IFCDIRECTION((0.,0.,1.));
#1364=IFCDIRECTION((6.123233995736766E-17,1.,0.));
#1365=IFCAXIS2PLACEMENT3D(#1362,#1363,#1364);
#1366=IFCLOCALPLACEMENT($,#1365);
#1367=IFCWALL('1AxazENY923OcWUPLvJJi6',$,'L1|STUDIO_A',$,$,#1388,#1378,$,$);
#1368=IFCCARTESIANPOINTLIST2D(((0.,0.),(0.,150.),(9753.6000000000004,150.),(9753.6000000000004,0.),(0.,0.)));
#1369=IFCINDEXEDPOLYCURVE(#1368,$,.F.);
#1370=IFCDIRECTION((0.,0.,1.));
#1371=IFCARBITRARYCLOSEDPROFILEDEF(.AREA.,$,#1369);
#1372=IFCCARTESIANPOINT((0.,0.,0.));
#1373=IFCDIRECTION((0.,0.,1.));
#1374=IFCDIRECTION((1.,0.,0.));
#1375=IFCAXIS2PLACEMENT3D(#1372,#1373,#1374);
#1376=IFCEXTRUDEDAREASOLID(#1371,#1375,#1370,3200.4000000000001);
#1377=IFCSHAPEREPRESENTATION(#11,'Body','SweptSolid',(#1376));
#1378=IFCPRODUCTDEFINITIONSHAPE($,$,(#1377));
#1384=IFCCARTESIANPOINT((15849.6,31394.400000000001,4267.1999999999998));
#1385=IFCDIRECTION((0.,0.,1.));
#1386=IFCDIRECTION((1.,0.,0.));
#1387=IFCAXIS2PLACEMENT3D(#1384,#1385,#1386);
#1388=IFCLOCALPLACEMENT($,#1387);
#1389=IFCWALL('3QE3feQUbEigvX8$st$zMu',$,'L1|STUDIO_A',$,$,#1410,#1400,$,$);
#1390=IFCCARTESIANPOINTLIST2D(((0.,0.),(0.,150.),(9753.6000000000004,150.),(9753.6000000000004,0.),(0.,0.)));
#1391=IFCINDEXEDPOLYCURVE(#1390,$,.F.);
#1392=IFCDIRECTION((0.,0.,1.));
#1393=IFCARBITRARYCLOSEDPROFILEDEF(.AREA.,$,#1391);
#1394=IFCCARTESIANPOINT((0.,0.,0.));
#1395=IFCDIRECTION((0.,0.,1.));
#1396=IFCDIRECTION((1.,0.,0.));
#1397=IFCAXIS2PLACEMENT3D(#1394,#1395,#1396);
#1398=IFCEXTRUDEDAREASOLID(#1393,#1397,#1392,3200.4000000000001);
#1399=IFCSHAPEREPRESENTATION(#11,'Body','SweptSolid',(#1398));
#1400=IFCPRODUCTDEFINITIONSHAPE($,$,(#1399));
#1406=IFCCARTESIANPOINT((15849.6,39319.200000000004,4267.1999999999998));
#1407=IFCDIRECTION((0.,0.,1.));
#1408=IFCDIRECTION((1.,0.,0.));
#1409=IFCAXIS2PLACEMENT3D(#1406,#1407,#1408);
#1410=IFCLOCALPLACEMENT($,#1409);
#1411=IFCWALL('0bzyVjz6jBSf_k3e7EPK8O',$,'L1|STUDIO_A',$,$,#1432,#1422,$,$);
#1412=IFCCARTESIANPOINTLIST2D(((0.,0.),(0.,150.),(7924.8000000000002,150.),(7924.8000000000002,0.),(0.,0.)));
#1413=IFCINDEXEDPOLYCURVE(#1412,$,.F.);
#1414=IFCDIRECTION((0.,0.,1.));
#1415=IFCARBITRARYCLOSEDPROFILEDEF(.AREA.,$,#1413);
#1416=IFCCARTESIANPOINT((0.,0.,0.));
#1417=IFCDIRECTION((0.,0.,1.));
#1418=IFCDIRECTION((1.,0.,0.));
#1419=IFCAXIS2PLACEMENT3D(#1416,#1417,#1418);
#1420=IFCEXTRUDEDAREASOLID(#1415,#1419,#1414,3200.4000000000001);
#1421=IFCSHAPEREPRESENTATION(#11,'Body','SweptSolid',(#1420));
#1422=IFCPRODUCTDEFINITIONSHAPE($,$,(#1421));
#1428=IFCCARTESIANPOINT((15849.6,31394.400000000001,4267.1999999999998));
#1429=IFCDIRECTION((0.,0.,1.));
#1430=IFCDIRECTION((6.123233995736766E-17,1.,0.));
#1431=IFCAXIS2PLACEMENT3D(#1428,#1429,#1430);
#1432=IFCLOCALPLACEMENT($,#1431);
#1433=IFCWALL('3kTESZXZ50qhig0NTJDbfW',$,'L1|STUDIO_A',$,$,#1454,#1444,$,$);
#1434=IFCCARTESIANPOINTLIST2D(((0.,0.),(0.,150.),(7924.8000000000002,150.),(7924.8000000000002,0.),(0.,0.)));
#1435=IFCINDEXEDPOLYCURVE(#1434,$,.F.);
#1436=IFCDIRECTION((0.,0.,1.));
#1437=IFCARBITRARYCLOSEDPROFILEDEF(.AREA.,$,#1435);
#1438=IFCCARTESIANPOINT((0.,0.,0.));
#1439=IFCDIRECTION((0.,0.,1.));
#1440=IFCDIRECTION((1.,0.,0.));
#1441=IFCAXIS2PLACEMENT3D(#1438,#1439,#1440);
#1442=IFCEXTRUDEDAREASOLID(#1437,#1441,#1436,3200.4000000000001);
#1443=IFCSHAPEREPRESENTATION(#11,'Body','SweptSolid',(#1442));
#1444=IFCPRODUCTDEFINITIONSHAPE($,$,(#1443));
#1450=IFCCARTESIANPOINT((25603.200000000001,31394.400000000001,4267.1999999999998));
#1451=IFCDIRECTION((0.,0.,1.));
#1452=IFCDIRECTION((6.123233995736766E-17,1.,0.));
#1453=IFCAXIS2PLACEMENT3D(#1450,#1451,#1452);
#1454=IFCLOCALPLACEMENT($,#1453);
#1455=IFCWALL('08IAR9kOH3qvCAgN8RsIDO',$,'L1|ONEBR_A',$,$,#1476,#1466,$,$);
#1456=IFCCARTESIANPOINTLIST2D(((0.,0.),(0.,150.),(10363.200000000001,150.),(10363.200000000001,0.),(0.,0.)));
#1457=IFCINDEXEDPOLYCURVE(#1456,$,.F.);
#1458=IFCDIRECTION((0.,0.,1.));
#1459=IFCARBITRARYCLOSEDPROFILEDEF(.AREA.,$,#1457);
#1460=IFCCARTESIANPOINT((0.,0.,0.));
#1461=IFCDIRECTION((0.,0.,1.));
#1462=IFCDIRECTION((1.,0.,0.));
#1463=IFCAXIS2PLACEMENT3D(#1460,#1461,#1462);
#1464=IFCEXTRUDEDAREASOLID(#1459,#1463,#1458,3200.4000000000001);
#1465=IFCSHAPEREPRESENTATION(#11,'Body','SweptSolid',(#1464));
#1466=IFCPRODUCTDEFINITIONSHAPE($,$,(#1465));
#1472=IFCCARTESIANPOINT((30480.,31394.400000000001,4267.1999999999998));
#1473=IFCDIRECTION((0.,0.,1.));
#1474=IFCDIRECTION((1.,0.,0.));
#1475=IFCAXIS2PLACEMENT3D(#1472,#1473,#1474);
#1476=IFCLOCALPLACEMENT($,#1475);
#1477=IFCWALL('36tRoJNIH4Ch0h8PpEOzm0',$,'L1|ONEBR_A',$,$,#1498,#1488,$,$);
#1478=IFCCARTESIANPOINTLIST2D(((0.,0.),(0.,150.),(10363.200000000001,150.),(10363.200000000001,0.),(0.,0.)));
#1479=IFCINDEXEDPOLYCURVE(#1478,$,.F.);
#1480=IFCDIRECTION((0.,0.,1.));
#1481=IFCARBITRARYCLOSEDPROFILEDEF(.AREA.,$,#1479);
#1482=IFCCARTESIANPOINT((0.,0.,0.));
#1483=IFCDIRECTION((0.,0.,1.));
#1484=IFCDIRECTION((1.,0.,0.));
#1485=IFCAXIS2PLACEMENT3D(#1482,#1483,#1484);
#1486=IFCEXTRUDEDAREASOLID(#1481,#1485,#1480,3200.4000000000001);
#1487=IFCSHAPEREPRESENTATION(#11,'Body','SweptSolid',(#1486));
#1488=IFCPRODUCTDEFINITIONSHAPE($,$,(#1487));
#1494=IFCCARTESIANPOINT((30480.,40538.400000000001,4267.1999999999998));
#1495=IFCDIRECTION((0.,0.,1.));
#1496=IFCDIRECTION((1.,0.,0.));
#1497=IFCAXIS2PLACEMENT3D(#1494,#1495,#1496);
#1498=IFCLOCALPLACEMENT($,#1497);
#1499=IFCWALL('3m6RRmERnCI8rW26$6I7LP',$,'L1|ONEBR_A',$,$,#1520,#1510,$,$);
#1500=IFCCARTESIANPOINTLIST2D(((0.,0.),(0.,150.),(9144.,150.),(9144.,0.),(0.,0.)));
#1501=IFCINDEXEDPOLYCURVE(#1500,$,.F.);
#1502=IFCDIRECTION((0.,0.,1.));
#1503=IFCARBITRARYCLOSEDPROFILEDEF(.AREA.,$,#1501);
#1504=IFCCARTESIANPOINT((0.,0.,0.));
#1505=IFCDIRECTION((0.,0.,1.));
#1506=IFCDIRECTION((1.,0.,0.));
#1507=IFCAXIS2PLACEMENT3D(#1504,#1505,#1506);
#1508=IFCEXTRUDEDAREASOLID(#1503,#1507,#1502,3200.4000000000001);
#1509=IFCSHAPEREPRESENTATION(#11,'Body','SweptSolid',(#1508));
#1510=IFCPRODUCTDEFINITIONSHAPE($,$,(#1509));
#1516=IFCCARTESIANPOINT((30480.,31394.400000000001,4267.1999999999998));
#1517=IFCDIRECTION((0.,0.,1.));
#1518=IFCDIRECTION((6.123233995736766E-17,1.,0.));
#1519=IFCAXIS2PLACEMENT3D(#1516,#1517,#1518);
#1520=IFCLOCALPLACEMENT($,#1519);
#1521=IFCWALL('2iZWUN9Bf65vkdtRTh0Ltx',$,'L1|ONEBR_A',$,$,#1542,#1532,$,$);
#1522=IFCCARTESIANPOINTLIST2D(((0.,0.),(0.,150.),(9144.,150.),(9144.,0.),(0.,0.)));
#1523=IFCINDEXEDPOLYCURVE(#1522,$,.F.);
#1524=IFCDIRECTION((0.,0.,1.));
#1525=IFCARBITRARYCLOSEDPROFILEDEF(.AREA.,$,#1523);
#1526=IFCCARTESIANPOINT((0.,0.,0.));
#1527=IFCDIRECTION((0.,0.,1.));
#1528=IFCDIRECTION((1.,0.,0.));
#1529=IFCAXIS2PLACEMENT3D(#1526,#1527,#1528);
#1530=IFCEXTRUDEDAREASOLID(#1525,#1529,#1524,3200.4000000000001);
#1531=IFCSHAPEREPRESENTATION(#11,'Body','SweptSolid',(#1530));
#1532=IFCPRODUCTDEFINITIONSHAPE($,$,(#1531));
#1538=IFCCARTESIANPOINT((40843.200000000004,31394.400000000001,4267.1999999999998));
#1539=IFCDIRECTION((0.,0.,1.));
#1540=IFCDIRECTION((6.123233995736766E-17,1.,0.));
#1541=IFCAXIS2PLACEMENT3D(#1538,#1539,#1540);
#1542=IFCLOCALPLACEMENT($,#1541);
#1543=IFCWALL('3FKnNfHfn0Q9s6SDOCh9Q2',$,'L1|ONEBR_A',$,$,#1564,#1554,$,$);
#1544=IFCCARTESIANPOINTLIST2D(((0.,0.),(0.,150.),(10363.200000000001,150.),(10363.200000000001,0.),(0.,0.)));
#1545=IFCINDEXEDPOLYCURVE(#1544,$,.F.);
#1546=IFCDIRECTION((0.,0.,1.));
#1547=IFCARBITRARYCLOSEDPROFILEDEF(.AREA.,$,#1545);
#1548=IFCCARTESIANPOINT((0.,0.,0.));
#1549=IFCDIRECTION((0.,0.,1.));
#1550=IFCDIRECTION((1.,0.,0.));
#1551=IFCAXIS2PLACEMENT3D(#1548,#1549,#1550);
#1552=IFCEXTRUDEDAREASOLID(#1547,#1551,#1546,3200.4000000000001);
#1553=IFCSHAPEREPRESENTATION(#11,'Body','SweptSolid',(#1552));
#1554=IFCPRODUCTDEFINITIONSHAPE($,$,(#1553));
#1560=IFCCARTESIANPOINT((15849.6,39319.200000000004,4267.1999999999998));
#1561=IFCDIRECTION((0.,0.,1.));
#1562=IFCDIRECTION((1.,0.,0.));
#1563=IFCAXIS2PLACEMENT3D(#1560,#1561,#1562);
#1564=IFCLOCALPLACEMENT($,#1563);
#1565=IFCWALL('3gjzBXUa10jxq_peJ2NC0n',$,'L1|ONEBR_A',$,$,#1586,#1576,$,$);
#1566=IFCCARTESIANPOINTLIST2D(((0.,0.),(0.,150.),(10363.200000000001,150.),(10363.200000000001,0.),(0.,0.)));
#1567=IFCINDEXEDPOLYCURVE(#1566,$,.F.);
#1568=IFCDIRECTION((0.,0.,1.));
#1569=IFCARBITRARYCLOSEDPROFILEDEF(.AREA.,$,#1567);
#1570=IFCCARTESIANPOINT((0.,0.,0.));
#1571=IFCDIRECTION((0.,0.,1.));
#1572=IFCDIRECTION((1.,0.,0.));
#1573=IFCAXIS2PLACEMENT3D(#1570,#1571,#1572);
#1574=IFCEXTRUDEDAREASOLID(#1569,#1573,#1568,3200.4000000000001);
#1575=IFCSHAPEREPRESENTATION(#11,'Body','SweptSolid',(#1574));
#1576=IFCPRODUCTDEFINITIONSHAPE($,$,(#1575));
#1582=IFCCARTESIANPOINT((15849.6,48463.199999999997,4267.1999999999998));
#1583=IFCDIRECTION((0.,0.,1.));
#1584=IFCDIRECTION((1.,0.,0.));
#1585=IFCAXIS2PLACEMENT3D(#1582,#1583,#1584);
#1586=IFCLOCALPLACEMENT($,#1585);
#1587=IFCWALL('2$UQl7giH1gerjXHSd85_b',$,'L1|ONEBR_A',$,$,#1608,#1598,$,$);
#1588=IFCCARTESIANPOINTLIST2D(((0.,0.),(0.,150.),(9144.,150.),(9144.,0.),(0.,0.)));
#1589=IFCINDEXEDPOLYCURVE(#1588,$,.F.);
#1590=IFCDIRECTION((0.,0.,1.));
#1591=IFCARBITRARYCLOSEDPROFILEDEF(.AREA.,$,#1589);
#1592=IFCCARTESIANPOINT((0.,0.,0.));
#1593=IFCDIRECTION((0.,0.,1.));
#1594=IFCDIRECTION((1.,0.,0.));
#1595=IFCAXIS2PLACEMENT3D(#1592,#1593,#1594);
#1596=IFCEXTRUDEDAREASOLID(#1591,#1595,#1590,3200.4000000000001);
#1597=IFCSHAPEREPRESENTATION(#11,'Body','SweptSolid',(#1596));
#1598=IFCPRODUCTDEFINITIONSHAPE($,$,(#1597));
#1604=IFCCARTESIANPOINT((15849.6,39319.200000000004,4267.1999999999998));
#1605=IFCDIRECTION((0.,0.,1.));
#1606=IFCDIRECTION((6.123233995736766E-17,1.,0.));
#1607=IFCAXIS2PLACEMENT3D(#1604,#1605,#1606);
#1608=IFCLOCALPLACEMENT($,#1607);
#1609=IFCWALL('13GH14dDHDRu7QIiPHhSAC',$,'L1|ONEBR_A',$,$,#1630,#1620,$,$);
#1610=IFCCARTESIANPOINTLIST2D(((0.,0.),(0.,150.),(9144.,150.),(9144.,0.),(0.,0.)));
#1611=IFCINDEXEDPOLYCURVE(#1610,$,.F.);
#1612=IFCDIRECTION((0.,0.,1.));
#1613=IFCARBITRARYCLOSEDPROFILEDEF(.AREA.,$,#1611);
#1614=IFCCARTESIANPOINT((0.,0.,0.));
#1615=IFCDIRECTION((0.,0.,1.));
#1616=IFCDIRECTION((1.,0.,0.));
#1617=IFCAXIS2PLACEMENT3D(#1614,#1615,#1616);
#1618=IFCEXTRUDEDAREASOLID(#1613,#1617,#1612,3200.4000000000001);
#1619=IFCSHAPEREPRESENTATION(#11,'Body','SweptSolid',(#1618));
#1620=IFCPRODUCTDEFINITIONSHAPE($,$,(#1619));
#1626=IFCCARTESIANPOINT((26212.799999999999,39319.200000000004,4267.1999999999998));
#1627=IFCDIRECTION((0.,0.,1.));
#1628=IFCDIRECTION((6.123233995736766E-17,1.,0.));
#1629=IFCAXIS2PLACEMENT3D(#1626,#1627,#1628);
#1630=IFCLOCALPLACEMENT($,#1629);
#1631=IFCWALL('0Ozee7C8f3Lu$0rGvPx_DG',$,'L1|TWOBR_A',$,$,#1652,#1642,$,$);
#1632=IFCCARTESIANPOINTLIST2D(((0.,0.),(0.,150.),(10972.800000000001,150.),(10972.800000000001,0.),(0.,0.)));
#1633=IFCINDEXEDPOLYCURVE(#1632,$,.F.);
#1634=IFCDIRECTION((0.,0.,1.));
#1635=IFCARBITRARYCLOSEDPROFILEDEF(.AREA.,$,#1633);
#1636=IFCCARTESIANPOINT((0.,0.,0.));
#1637=IFCDIRECTION((0.,0.,1.));
#1638=IFCDIRECTION((1.,0.,0.));
#1639=IFCAXIS2PLACEMENT3D(#1636,#1637,#1638);
#1640=IFCEXTRUDEDAREASOLID(#1635,#1639,#1634,3200.4000000000001);
#1641=IFCSHAPEREPRESENTATION(#11,'Body','SweptSolid',(#1640));
#1642=IFCPRODUCTDEFINITIONSHAPE($,$,(#1641));
#1648=IFCCARTESIANPOINT((42672.,39319.200000000004,4267.1999999999998));
#1649=IFCDIRECTION((0.,0.,1.));
#1650=IFCDIRECTION((1.,0.,0.));
#1651=IFCAXIS2PLACEMENT3D(#1648,#1649,#1650);
#1652=IFCLOCALPLACEMENT($,#1651);
#1653=IFCWALL('1JZvoAh655aAlCD8J909cP',$,'L1|TWOBR_A',$,$,#1674,#1664,$,$);
#1654=IFCCARTESIANPOINTLIST2D(((0.,0.),(0.,150.),(10972.800000000001,150.),(10972.800000000001,0.),(0.,0.)));
#1655=IFCINDEXEDPOLYCURVE(#1654,$,.F.);
#1656=IFCDIRECTION((0.,0.,1.));
#1657=IFCARBITRARYCLOSEDPROFILEDEF(.AREA.,$,#1655);
#1658=IFCCARTESIANPOINT((0.,0.,0.));
#1659=IFCDIRECTION((0.,0.,1.));
#1660=IFCDIRECTION((1.,0.,0.));
#1661=IFCAXIS2PLACEMENT3D(#1658,#1659,#1660);
#1662=IFCEXTRUDEDAREASOLID(#1657,#1661,#1656,3200.4000000000001);
#1663=IFCSHAPEREPRESENTATION(#11,'Body','SweptSolid',(#1662));
#1664=IFCPRODUCTDEFINITIONSHAPE($,$,(#1663));
#1670=IFCCARTESIANPOINT((42672.,49682.400000000001,4267.1999999999998));
#1671=IFCDIRECTION((0.,0.,1.));
#1672=IFCDIRECTION((1.,0.,0.));
#1673=IFCAXIS2PLACEMENT3D(#1670,#1671,#1672);
#1674=IFCLOCALPLACEMENT($,#1673);
#1675=IFCWALL('2scgFutTv898pBJF4Zap7x',$,'L1|TWOBR_A',$,$,#1696,#1686,$,$);
#1676=IFCCARTESIANPOINTLIST2D(((0.,0.),(0.,150.),(10363.200000000001,150.),(10363.200000000001,0.),(0.,0.)));
#1677=IFCINDEXEDPOLYCURVE(#1676,$,.F.);
#1678=IFCDIRECTION((0.,0.,1.));
#1679=IFCARBITRARYCLOSEDPROFILEDEF(.AREA.,$,#1677);
#1680=IFCCARTESIANPOINT((0.,0.,0.));
#1681=IFCDIRECTION((0.,0.,1.));
#1682=IFCDIRECTION((1.,0.,0.));
#1683=IFCAXIS2PLACEMENT3D(#1680,#1681,#1682);
#1684=IFCEXTRUDEDAREASOLID(#1679,#1683,#1678,3200.4000000000001);
#1685=IFCSHAPEREPRESENTATION(#11,'Body','SweptSolid',(#1684));
#1686=IFCPRODUCTDEFINITIONSHAPE($,$,(#1685));
#1692=IFCCARTESIANPOINT((42672.,39319.200000000004,4267.1999999999998));
#1693=IFCDIRECTION((0.,0.,1.));
#1694=IFCDIRECTION((6.123233995736766E-17,1.,0.));
#1695=IFCAXIS2PLACEMENT3D(#1692,#1693,#1694);
#1696=IFCLOCALPLACEMENT($,#1695);
#1697=IFCWALL('0_Dq8BnVb0uA0Dj0iy1rUX',$,'L1|TWOBR_A',$,$,#1718,#1708,$,$);
#1698=IFCCARTESIANPOINTLIST2D(((0.,0.),(0.,150.),(10363.200000000001,150.),(10363.200000000001,0.),(0.,0.)));
#1699=IFCINDEXEDPOLYCURVE(#1698,$,.F.);
#1700=IFCDIRECTION((0.,0.,1.));
#1701=IFCARBITRARYCLOSEDPROFILEDEF(.AREA.,$,#1699);
#1702=IFCCARTESIANPOINT((0.,0.,0.));
#1703=IFCDIRECTION((0.,0.,1.));
#1704=IFCDIRECTION((1.,0.,0.));
#1705=IFCAXIS2PLACEMENT3D(#1702,#1703,#1704);
#1706=IFCEXTRUDEDAREASOLID(#1701,#1705,#1700,3200.4000000000001);
#1707=IFCSHAPEREPRESENTATION(#11,'Body','SweptSolid',(#1706));
#1708=IFCPRODUCTDEFINITIONSHAPE($,$,(#1707));
#1714=IFCCARTESIANPOINT((53644.800000000003,39319.200000000004,4267.1999999999998));
#1715=IFCDIRECTION((0.,0.,1.));
#1716=IFCDIRECTION((6.123233995736766E-17,1.,0.));
#1717=IFCAXIS2PLACEMENT3D(#1714,#1715,#1716);
#1718=IFCLOCALPLACEMENT($,#1717);
#1719=IFCWALL('1kdQDRlzD9thC4vB5xoTjd',$,'L1|ONEBR_A',$,$,#1740,#1730,$,$);
#1720=IFCCARTESIANPOINTLIST2D(((0.,0.),(0.,150.),(10363.200000000001,150.),(10363.200000000001,0.),(0.,0.)));
#1721=IFCINDEXEDPOLYCURVE(#1720,$,.F.);
#1722=IFCDIRECTION((0.,0.,1.));
#1723=IFCARBITRARYCLOSEDPROFILEDEF(.AREA.,$,#1721);
#1724=IFCCARTESIANPOINT((0.,0.,0.));
#1725=IFCDIRECTION((0.,0.,1.));
#1726=IFCDIRECTION((1.,0.,0.));
#1727=IFCAXIS2PLACEMENT3D(#1724,#1725,#1726);
#1728=IFCEXTRUDEDAREASOLID(#1723,#1727,#1722,3200.4000000000001);
#1729=IFCSHAPEREPRESENTATION(#11,'Body','SweptSolid',(#1728));
#1730=IFCPRODUCTDEFINITIONSHAPE($,$,(#1729));
#1736=IFCCARTESIANPOINT((30480.,40538.400000000001,4267.1999999999998));
#1737=IFCDIRECTION((0.,0.,1.));
#1738=IFCDIRECTION((1.,0.,0.));
#1739=IFCAXIS2PLACEMENT3D(#1736,#1737,#1738);
#1740=IFCLOCALPLACEMENT($,#1739);
#1741=IFCWALL('04XNdkk_XE8x91psvjsOXl',$,'L1|ONEBR_A',$,$,#1762,#1752,$,$);
#1742=IFCCARTESIANPOINTLIST2D(((0.,0.),(0.,150.),(10363.200000000001,150.),(10363.200000000001,0.),(0.,0.)));
#1743=IFCINDEXEDPOLYCURVE(#1742,$,.F.);
#1744=IFCDIRECTION((0.,0.,1.));
#1745=IFCARBITRARYCLOSEDPROFILEDEF(.AREA.,$,#1743);
#1746=IFCCARTESIANPOINT((0.,0.,0.));
#1747=IFCDIRECTION((0.,0.,1.));
#1748=IFCDIRECTION((1.,0.,0.));
#1749=IFCAXIS2PLACEMENT3D(#1746,#1747,#1748);
#1750=IFCEXTRUDEDAREASOLID(#1745,#1749,#1744,3200.4000000000001);
#1751=IFCSHAPEREPRESENTATION(#11,'Body','SweptSolid',(#1750));
#1752=IFCPRODUCTDEFINITIONSHAPE($,$,(#1751));
#1758=IFCCARTESIANPOINT((30480.,49682.400000000001,4267.1999999999998));
#1759=IFCDIRECTION((0.,0.,1.));
#1760=IFCDIRECTION((1.,0.,0.));
#1761=IFCAXIS2PLACEMENT3D(#1758,#1759,#1760);
#1762=IFCLOCALPLACEMENT($,#1761);
#1763=IFCWALL('26Vhvjnuf2FQYNiGZJXE_i',$,'L1|ONEBR_A',$,$,#1784,#1774,$,$);
#1764=IFCCARTESIANPOINTLIST2D(((0.,0.),(0.,150.),(9144.,150.),(9144.,0.),(0.,0.)));
#1765=IFCINDEXEDPOLYCURVE(#1764,$,.F.);
#1766=IFCDIRECTION((0.,0.,1.));
#1767=IFCARBITRARYCLOSEDPROFILEDEF(.AREA.,$,#1765);
#1768=IFCCARTESIANPOINT((0.,0.,0.));
#1769=IFCDIRECTION((0.,0.,1.));
#1770=IFCDIRECTION((1.,0.,0.));
#1771=IFCAXIS2PLACEMENT3D(#1768,#1769,#1770);
#1772=IFCEXTRUDEDAREASOLID(#1767,#1771,#1766,3200.4000000000001);
#1773=IFCSHAPEREPRESENTATION(#11,'Body','SweptSolid',(#1772));
#1774=IFCPRODUCTDEFINITIONSHAPE($,$,(#1773));
#1780=IFCCARTESIANPOINT((30480.,40538.400000000001,4267.1999999999998));
#1781=IFCDIRECTION((0.,0.,1.));
#1782=IFCDIRECTION((6.123233995736766E-17,1.,0.));
#1783=IFCAXIS2PLACEMENT3D(#1780,#1781,#1782);
#1784=IFCLOCALPLACEMENT($,#1783);
#1785=IFCWALL('3_HcgwuS95dw$TS3oSbr6N',$,'L1|ONEBR_A',$,$,#1806,#1796,$,$);
#1786=IFCCARTESIANPOINTLIST2D(((0.,0.),(0.,150.),(9144.,150.),(9144.,0.),(0.,0.)));
#1787=IFCINDEXEDPOLYCURVE(#1786,$,.F.);
#1788=IFCDIRECTION((0.,0.,1.));
#1789=IFCARBITRARYCLOSEDPROFILEDEF(.AREA.,$,#1787);
#1790=IFCCARTESIANPOINT((0.,0.,0.));
#1791=IFCDIRECTION((0.,0.,1.));
#1792=IFCDIRECTION((1.,0.,0.));
#1793=IFCAXIS2PLACEMENT3D(#1790,#1791,#1792);
#1794=IFCEXTRUDEDAREASOLID(#1789,#1793,#1788,3200.4000000000001);
#1795=IFCSHAPEREPRESENTATION(#11,'Body','SweptSolid',(#1794));
#1796=IFCPRODUCTDEFINITIONSHAPE($,$,(#1795));
#1802=IFCCARTESIANPOINT((40843.200000000004,40538.400000000001,4267.1999999999998));
#1803=IFCDIRECTION((0.,0.,1.));
#1804=IFCDIRECTION((6.123233995736766E-17,1.,0.));
#1805=IFCAXIS2PLACEMENT3D(#1802,#1803,#1804);
#1806=IFCLOCALPLACEMENT($,#1805);
#1807=IFCWALL('2e3nG7WH95489ghXYtHg4e',$,'L1|STUDIO_A',$,$,#1828,#1818,$,$);
#1808=IFCCARTESIANPOINTLIST2D(((0.,0.),(0.,150.),(9753.6000000000004,150.),(9753.6000000000004,0.),(0.,0.)));
#1809=IFCINDEXEDPOLYCURVE(#1808,$,.F.);
#1810=IFCDIRECTION((0.,0.,1.));
#1811=IFCARBITRARYCLOSEDPROFILEDEF(.AREA.,$,#1809);
#1812=IFCCARTESIANPOINT((0.,0.,0.));
#1813=IFCDIRECTION((0.,0.,1.));
#1814=IFCDIRECTION((1.,0.,0.));
#1815=IFCAXIS2PLACEMENT3D(#1812,#1813,#1814);
#1816=IFCEXTRUDEDAREASOLID(#1811,#1815,#1810,3200.4000000000001);
#1817=IFCSHAPEREPRESENTATION(#11,'Body','SweptSolid',(#1816));
#1818=IFCPRODUCTDEFINITIONSHAPE($,$,(#1817));
#1824=IFCCARTESIANPOINT((4267.1999999999998,46177.199999999997,4267.1999999999998));
#1825=IFCDIRECTION((0.,0.,1.));
#1826=IFCDIRECTION((1.,0.,0.));
#1827=IFCAXIS2PLACEMENT3D(#1824,#1825,#1826);
#1828=IFCLOCALPLACEMENT($,#1827);
#1829=IFCWALL('043pA9BOL6Y91_OQyZ4cWM',$,'L1|STUDIO_A',$,$,#1850,#1840,$,$);
#1830=IFCCARTESIANPOINTLIST2D(((0.,0.),(0.,150.),(9753.6000000000004,150.),(9753.6000000000004,0.),(0.,0.)));
#1831=IFCINDEXEDPOLYCURVE(#1830,$,.F.);
#1832=IFCDIRECTION((0.,0.,1.));
#1833=IFCARBITRARYCLOSEDPROFILEDEF(.AREA.,$,#1831);
#1834=IFCCARTESIANPOINT((0.,0.,0.));
#1835=IFCDIRECTION((0.,0.,1.));
#1836=IFCDIRECTION((1.,0.,0.));
#1837=IFCAXIS2PLACEMENT3D(#1834,#1835,#1836);
#1838=IFCEXTRUDEDAREASOLID(#1833,#1837,#1832,3200.4000000000001);
#1839=IFCSHAPEREPRESENTATION(#11,'Body','SweptSolid',(#1838));
#1840=IFCPRODUCTDEFINITIONSHAPE($,$,(#1839));
#1846=IFCCARTESIANPOINT((4267.1999999999998,54102.,4267.1999999999998));
#1847=IFCDIRECTION((0.,0.,1.));
#1848=IFCDIRECTION((1.,0.,0.));
#1849=IFCAXIS2PLACEMENT3D(#1846,#1847,#1848);
#1850=IFCLOCALPLACEMENT($,#1849);
#1851=IFCWALL('17Ey5XHA57L9qdf3AXVo18',$,'L1|STUDIO_A',$,$,#1872,#1862,$,$);
#1852=IFCCARTESIANPOINTLIST2D(((0.,0.),(0.,150.),(7924.8000000000002,150.),(7924.8000000000002,0.),(0.,0.)));
#1853=IFCINDEXEDPOLYCURVE(#1852,$,.F.);
#1854=IFCDIRECTION((0.,0.,1.));
#1855=IFCARBITRARYCLOSEDPROFILEDEF(.AREA.,$,#1853);
#1856=IFCCARTESIANPOINT((0.,0.,0.));
#1857=IFCDIRECTION((0.,0.,1.));
#1858=IFCDIRECTION((1.,0.,0.));
#1859=IFCAXIS2PLACEMENT3D(#1856,#1857,#1858);
#1860=IFCEXTRUDEDAREASOLID(#1855,#1859,#1854,3200.4000000000001);
#1861=IFCSHAPEREPRESENTATION(#11,'Body','SweptSolid',(#1860));
#1862=IFCPRODUCTDEFINITIONSHAPE($,$,(#1861));
#1868=IFCCARTESIANPOINT((4267.1999999999998,46177.199999999997,4267.1999999999998));
#1869=IFCDIRECTION((0.,0.,1.));
#1870=IFCDIRECTION((6.123233995736766E-17,1.,0.));
#1871=IFCAXIS2PLACEMENT3D(#1868,#1869,#1870);
#1872=IFCLOCALPLACEMENT($,#1871);
#1873=IFCWALL('2CZzP$VPXCJR4$zzXy10Rv',$,'L1|STUDIO_A',$,$,#1894,#1884,$,$);
#1874=IFCCARTESIANPOINTLIST2D(((0.,0.),(0.,150.),(7924.8000000000002,150.),(7924.8000000000002,0.),(0.,0.)));
#1875=IFCINDEXEDPOLYCURVE(#1874,$,.F.);
#1876=IFCDIRECTION((0.,0.,1.));
#1877=IFCARBITRARYCLOSEDPROFILEDEF(.AREA.,$,#1875);
#1878=IFCCARTESIANPOINT((0.,0.,0.));
#1879=IFCDIRECTION((0.,0.,1.));
#1880=IFCDIRECTION((1.,0.,0.));
#1881=IFCAXIS2PLACEMENT3D(#1878,#1879,#1880);
#1882=IFCEXTRUDEDAREASOLID(#1877,#1881,#1876,3200.4000000000001);
#1883=IFCSHAPEREPRESENTATION(#11,'Body','SweptSolid',(#1882));
#1884=IFCPRODUCTDEFINITIONSHAPE($,$,(#1883));
#1890=IFCCARTESIANPOINT((14020.800000000001,46177.199999999997,4267.1999999999998));
#1891=IFCDIRECTION((0.,0.,1.));
#1892=IFCDIRECTION((6.123233995736766E-17,1.,0.));
#1893=IFCAXIS2PLACEMENT3D(#1890,#1891,#1892);
#1894=IFCLOCALPLACEMENT($,#1893);
#1895=IFCWALL('1bJyhFLPDDXffY6XUXuOYk',$,'L1|TWOBR_A',$,$,#1916,#1906,$,$);
#1896=IFCCARTESIANPOINTLIST2D(((0.,0.),(0.,150.),(10972.800000000001,150.),(10972.800000000001,0.),(0.,0.)));
#1897=IFCINDEXEDPOLYCURVE(#1896,$,.F.);
#1898=IFCDIRECTION((0.,0.,1.));
#1899=IFCARBITRARYCLOSEDPROFILEDEF(.AREA.,$,#1897);
#1900=IFCCARTESIANPOINT((0.,0.,0.));
#1901=IFCDIRECTION((0.,0.,1.));
#1902=IFCDIRECTION((1.,0.,0.));
#1903=IFCAXIS2PLACEMENT3D(#1900,#1901,#1902);
#1904=IFCEXTRUDEDAREASOLID(#1899,#1903,#1898,3200.4000000000001);
#1905=IFCSHAPEREPRESENTATION(#11,'Body','SweptSolid',(#1904));
#1906=IFCPRODUCTDEFINITIONSHAPE($,$,(#1905));
#1912=IFCCARTESIANPOINT((15849.6,48463.199999999997,4267.1999999999998));
#1913=IFCDIRECTION((0.,0.,1.));
#1914=IFCDIRECTION((1.,0.,0.));
#1915=IFCAXIS2PLACEMENT3D(#1912,#1913,#1914);
#1916=IFCLOCALPLACEMENT($,#1915);
#1917=IFCWALL('1N6yx5uHT3tQ0UR_HvkISq',$,'L1|TWOBR_A',$,$,#1938,#1928,$,$);
#1918=IFCCARTESIANPOINTLIST2D(((0.,0.),(0.,150.),(10972.800000000001,150.),(10972.800000000001,0.),(0.,0.)));
#1919=IFCINDEXEDPOLYCURVE(#1918,$,.F.);
#1920=IFCDIRECTION((0.,0.,1.));
#1921=IFCARBITRARYCLOSEDPROFILEDEF(.AREA.,$,#1919);
#1922=IFCCARTESIANPOINT((0.,0.,0.));
#1923=IFCDIRECTION((0.,0.,1.));
#1924=IFCDIRECTION((1.,0.,0.));
#1925=IFCAXIS2PLACEMENT3D(#1922,#1923,#1924);
#1926=IFCEXTRUDEDAREASOLID(#1921,#1925,#1920,3200.4000000000001);
#1927=IFCSHAPEREPRESENTATION(#11,'Body','SweptSolid',(#1926));
#1928=IFCPRODUCTDEFINITIONSHAPE($,$,(#1927));
#1934=IFCCARTESIANPOINT((15849.6,58826.400000000001,4267.1999999999998));
#1935=IFCDIRECTION((0.,0.,1.));
#1936=IFCDIRECTION((1.,0.,0.));
#1937=IFCAXIS2PLACEMENT3D(#1934,#1935,#1936);
#1938=IFCLOCALPLACEMENT($,#1937);
#1939=IFCWALL('3PE8KuNnT2KvVrnsjyvf8w',$,'L1|TWOBR_A',$,$,#1960,#1950,$,$);
#1940=IFCCARTESIANPOINTLIST2D(((0.,0.),(0.,150.),(10363.200000000001,150.),(10363.200000000001,0.),(0.,0.)));
#1941=IFCINDEXEDPOLYCURVE(#1940,$,.F.);
#1942=IFCDIRECTION((0.,0.,1.));
#1943=IFCARBITRARYCLOSEDPROFILEDEF(.AREA.,$,#1941);
#1944=IFCCARTESIANPOINT((0.,0.,0.));
#1945=IFCDIRECTION((0.,0.,1.));
#1946=IFCDIRECTION((1.,0.,0.));
#1947=IFCAXIS2PLACEMENT3D(#1944,#1945,#1946);
#1948=IFCEXTRUDEDAREASOLID(#1943,#1947,#1942,3200.4000000000001);
#1949=IFCSHAPEREPRESENTATION(#11,'Body','SweptSolid',(#1948));
#1950=IFCPRODUCTDEFINITIONSHAPE($,$,(#1949));
#1956=IFCCARTESIANPOINT((15849.6,48463.199999999997,4267.1999999999998));
#1957=IFCDIRECTION((0.,0.,1.));
#1958=IFCDIRECTION((6.123233995736766E-17,1.,0.));
#1959=IFCAXIS2PLACEMENT3D(#1956,#1957,#1958);
#1960=IFCLOCALPLACEMENT($,#1959);
#1961=IFCWALL('2YMpSIrrPAHug$cLSPiknb',$,'L1|TWOBR_A',$,$,#1982,#1972,$,$);
#1962=IFCCARTESIANPOINTLIST2D(((0.,0.),(0.,150.),(10363.200000000001,150.),(10363.200000000001,0.),(0.,0.)));
#1963=IFCINDEXEDPOLYCURVE(#1962,$,.F.);
#1964=IFCDIRECTION((0.,0.,1.));
#1965=IFCARBITRARYCLOSEDPROFILEDEF(.AREA.,$,#1963);
#1966=IFCCARTESIANPOINT((0.,0.,0.));
#1967=IFCDIRECTION((0.,0.,1.));
#1968=IFCDIRECTION((1.,0.,0.));
#1969=IFCAXIS2PLACEMENT3D(#1966,#1967,#1968);
#1970=IFCEXTRUDEDAREASOLID(#1965,#1969,#1964,3200.4000000000001);
#1971=IFCSHAPEREPRESENTATION(#11,'Body','SweptSolid',(#1970));
#1972=IFCPRODUCTDEFINITIONSHAPE($,$,(#1971));
#1978=IFCCARTESIANPOINT((26822.400000000001,48463.199999999997,4267.1999999999998));
#1979=IFCDIRECTION((0.,0.,1.));
#1980=IFCDIRECTION((6.123233995736766E-17,1.,0.));
#1981=IFCAXIS2PLACEMENT3D(#1978,#1979,#1980);
#1982=IFCLOCALPLACEMENT($,#1981);
#1983=IFCWALL('2FycCTBvXEcgMO4Ju_utoE',$,'L1|ONEBR_A',$,$,#2004,#1994,$,$);
#1984=IFCCARTESIANPOINTLIST2D(((0.,0.),(0.,150.),(10363.200000000001,150.),(10363.200000000001,0.),(0.,0.)));
#1985=IFCINDEXEDPOLYCURVE(#1984,$,.F.);
#1986=IFCDIRECTION((0.,0.,1.));
#1987=IFCARBITRARYCLOSEDPROFILEDEF(.AREA.,$,#1985);
#1988=IFCCARTESIANPOINT((0.,0.,0.));
#1989=IFCDIRECTION((0.,0.,1.));
#1990=IFCDIRECTION((1.,0.,0.));
#1991=IFCAXIS2PLACEMENT3D(#1988,#1989,#1990);
#1992=IFCEXTRUDEDAREASOLID(#1987,#1991,#1986,3200.4000000000001);
#1993=IFCSHAPEREPRESENTATION(#11,'Body','SweptSolid',(#1992));
#1994=IFCPRODUCTDEFINITIONSHAPE($,$,(#1993));
#2000=IFCCARTESIANPOINT((30480.,49682.400000000001,4267.1999999999998));
#2001=IFCDIRECTION((0.,0.,1.));
#2002=IFCDIRECTION((1.,0.,0.));
#2003=IFCAXIS2PLACEMENT3D(#2000,#2001,#2002);
#2004=IFCLOCALPLACEMENT($,#2003);
#2005=IFCWALL('3R77tCZW9Dm9sIT2cJJogF',$,'L1|ONEBR_A',$,$,#2026,#2016,$,$);
#2006=IFCCARTESIANPOINTLIST2D(((0.,0.),(0.,150.),(10363.200000000001,150.),(10363.200000000001,0.),(0.,0.)));
#2007=IFCINDEXEDPOLYCURVE(#2006,$,.F.);
#2008=IFCDIRECTION((0.,0.,1.));
#2009=IFCARBITRARYCLOSEDPROFILEDEF(.AREA.,$,#2007);
#2010=IFCCARTESIANPOINT((0.,0.,0.));
#2011=IFCDIRECTION((0.,0.,1.));
#2012=IFCDIRECTION((1.,0.,0.));
#2013=IFCAXIS2PLACEMENT3D(#2010,#2011,#2012);
#2014=IFCEXTRUDEDAREASOLID(#2009,#2013,#2008,3200.4000000000001);
#2015=IFCSHAPEREPRESENTATION(#11,'Body','SweptSolid',(#2014));
#2016=IFCPRODUCTDEFINITIONSHAPE($,$,(#2015));
#2022=IFCCARTESIANPOINT((30480.,58826.400000000001,4267.1999999999998));
#2023=IFCDIRECTION((0.,0.,1.));
#2024=IFCDIRECTION((1.,0.,0.));
#2025=IFCAXIS2PLACEMENT3D(#2022,#2023,#2024);
#2026=IFCLOCALPLACEMENT($,#2025);
#2027=IFCWALL('1z5HH3v8n6GhnvqWps8BIc',$,'L1|ONEBR_A',$,$,#2048,#2038,$,$);
#2028=IFCCARTESIANPOINTLIST2D(((0.,0.),(0.,150.),(9144.,150.),(9144.,0.),(0.,0.)));
#2029=IFCINDEXEDPOLYCURVE(#2028,$,.F.);
#2030=IFCDIRECTION((0.,0.,1.));
#2031=IFCARBITRARYCLOSEDPROFILEDEF(.AREA.,$,#2029);
#2032=IFCCARTESIANPOINT((0.,0.,0.));
#2033=IFCDIRECTION((0.,0.,1.));
#2034=IFCDIRECTION((1.,0.,0.));
#2035=IFCAXIS2PLACEMENT3D(#2032,#2033,#2034);
#2036=IFCEXTRUDEDAREASOLID(#2031,#2035,#2030,3200.4000000000001);
#2037=IFCSHAPEREPRESENTATION(#11,'Body','SweptSolid',(#2036));
#2038=IFCPRODUCTDEFINITIONSHAPE($,$,(#2037));
#2044=IFCCARTESIANPOINT((30480.,49682.400000000001,4267.1999999999998));
#2045=IFCDIRECTION((0.,0.,1.));
#2046=IFCDIRECTION((6.123233995736766E-17,1.,0.));
#2047=IFCAXIS2PLACEMENT3D(#2044,#2045,#2046);
#2048=IFCLOCALPLACEMENT($,#2047);
#2049=IFCWALL('0KeMxZa_HAVB4oAKE0ebEt',$,'L1|ONEBR_A',$,$,#2070,#2060,$,$);
#2050=IFCCARTESIANPOINTLIST2D(((0.,0.),(0.,150.),(9144.,150.),(9144.,0.),(0.,0.)));
#2051=IFCINDEXEDPOLYCURVE(#2050,$,.F.);
#2052=IFCDIRECTION((0.,0.,1.));
#2053=IFCARBITRARYCLOSEDPROFILEDEF(.AREA.,$,#2051);
#2054=IFCCARTESIANPOINT((0.,0.,0.));
#2055=IFCDIRECTION((0.,0.,1.));
#2056=IFCDIRECTION((1.,0.,0.));
#2057=IFCAXIS2PLACEMENT3D(#2054,#2055,#2056);
#2058=IFCEXTRUDEDAREASOLID(#2053,#2057,#2052,3200.4000000000001);
#2059=IFCSHAPEREPRESENTATION(#11,'Body','SweptSolid',(#2058));
#2060=IFCPRODUCTDEFINITIONSHAPE($,$,(#2059));
#2066=IFCCARTESIANPOINT((40843.200000000004,49682.400000000001,4267.1999999999998));
#2067=IFCDIRECTION((0.,0.,1.));
#2068=IFCDIRECTION((6.123233995736766E-17,1.,0.));
#2069=IFCAXIS2PLACEMENT3D(#2066,#2067,#2068);
#2070=IFCLOCALPLACEMENT($,#2069);
#2071=IFCWALL('3_cb_dH6fB8Q28gDLpF8hU',$,'L1|TWOBR_A',$,$,#2092,#2082,$,$);
#2072=IFCCARTESIANPOINTLIST2D(((0.,0.),(0.,150.),(10972.800000000001,150.),(10972.800000000001,0.),(0.,0.)));
#2073=IFCINDEXEDPOLYCURVE(#2072,$,.F.);
#2074=IFCDIRECTION((0.,0.,1.));
#2075=IFCARBITRARYCLOSEDPROFILEDEF(.AREA.,$,#2073);
#2076=IFCCARTESIANPOINT((0.,0.,0.));
#2077=IFCDIRECTION((0.,0.,1.));
#2078=IFCDIRECTION((1.,0.,0.));
#2079=IFCAXIS2PLACEMENT3D(#2076,#2077,#2078);
#2080=IFCEXTRUDEDAREASOLID(#2075,#2079,#2074,3200.4000000000001);
#2081=IFCSHAPEREPRESENTATION(#11,'Body','SweptSolid',(#2080));
#2082=IFCPRODUCTDEFINITIONSHAPE($,$,(#2081));
#2088=IFCCARTESIANPOINT((42672.,49682.400000000001,4267.1999999999998));
#2089=IFCDIRECTION((0.,0.,1.));
#2090=IFCDIRECTION((1.,0.,0.));
#2091=IFCAXIS2PLACEMENT3D(#2088,#2089,#2090);
#2092=IFCLOCALPLACEMENT($,#2091);
#2093=IFCWALL('0JPXqPBYj5LPKGqxnmaA4v',$,'L1|TWOBR_A',$,$,#2114,#2104,$,$);
#2094=IFCCARTESIANPOINTLIST2D(((0.,0.),(0.,150.),(10972.800000000001,150.),(10972.800000000001,0.),(0.,0.)));
#2095=IFCINDEXEDPOLYCURVE(#2094,$,.F.);
#2096=IFCDIRECTION((0.,0.,1.));
#2097=IFCARBITRARYCLOSEDPROFILEDEF(.AREA.,$,#2095);
#2098=IFCCARTESIANPOINT((0.,0.,0.));
#2099=IFCDIRECTION((0.,0.,1.));
#2100=IFCDIRECTION((1.,0.,0.));
#2101=IFCAXIS2PLACEMENT3D(#2098,#2099,#2100);
#2102=IFCEXTRUDEDAREASOLID(#2097,#2101,#2096,3200.4000000000001);
#2103=IFCSHAPEREPRESENTATION(#11,'Body','SweptSolid',(#2102));
#2104=IFCPRODUCTDEFINITIONSHAPE($,$,(#2103));
#2110=IFCCARTESIANPOINT((42672.,60045.599999999999,4267.1999999999998));
#2111=IFCDIRECTION((0.,0.,1.));
#2112=IFCDIRECTION((1.,0.,0.));
#2113=IFCAXIS2PLACEMENT3D(#2110,#2111,#2112);
#2114=IFCLOCALPLACEMENT($,#2113);
#2115=IFCWALL('3vCrlbopL7seKDMPizJZDA',$,'L1|TWOBR_A',$,$,#2136,#2126,$,$);
#2116=IFCCARTESIANPOINTLIST2D(((0.,0.),(0.,150.),(10363.200000000001,150.),(10363.200000000001,0.),(0.,0.)));
#2117=IFCINDEXEDPOLYCURVE(#2116,$,.F.);
#2118=IFCDIRECTION((0.,0.,1.));
#2119=IFCARBITRARYCLOSEDPROFILEDEF(.AREA.,$,#2117);
#2120=IFCCARTESIANPOINT((0.,0.,0.));
#2121=IFCDIRECTION((0.,0.,1.));
#2122=IFCDIRECTION((1.,0.,0.));
#2123=IFCAXIS2PLACEMENT3D(#2120,#2121,#2122);
#2124=IFCEXTRUDEDAREASOLID(#2119,#2123,#2118,3200.4000000000001);
#2125=IFCSHAPEREPRESENTATION(#11,'Body','SweptSolid',(#2124));
#2126=IFCPRODUCTDEFINITIONSHAPE($,$,(#2125));
#2132=IFCCARTESIANPOINT((42672.,49682.400000000001,4267.1999999999998));
#2133=IFCDIRECTION((0.,0.,1.));
#2134=IFCDIRECTION((6.123233995736766E-17,1.,0.));
#2135=IFCAXIS2PLACEMENT3D(#2132,#2133,#2134);
#2136=IFCLOCALPLACEMENT($,#2135);
#2137=IFCWALL('1DstXlcRfEyeU9nTE9m1ql',$,'L1|TWOBR_A',$,$,#2158,#2148,$,$);
#2138=IFCCARTESIANPOINTLIST2D(((0.,0.),(0.,150.),(10363.200000000001,150.),(10363.200000000001,0.),(0.,0.)));
#2139=IFCINDEXEDPOLYCURVE(#2138,$,.F.);
#2140=IFCDIRECTION((0.,0.,1.));
#2141=IFCARBITRARYCLOSEDPROFILEDEF(.AREA.,$,#2139);
#2142=IFCCARTESIANPOINT((0.,0.,0.));
#2143=IFCDIRECTION((0.,0.,1.));
#2144=IFCDIRECTION((1.,0.,0.));
#2145=IFCAXIS2PLACEMENT3D(#2142,#2143,#2144);
#2146=IFCEXTRUDEDAREASOLID(#2141,#2145,#2140,3200.4000000000001);
#2147=IFCSHAPEREPRESENTATION(#11,'Body','SweptSolid',(#2146));
#2148=IFCPRODUCTDEFINITIONSHAPE($,$,(#2147));
#2154=IFCCARTESIANPOINT((53644.800000000003,49682.400000000001,4267.1999999999998));
#2155=IFCDIRECTION((0.,0.,1.));
#2156=IFCDIRECTION((6.123233995736766E-17,1.,0.));
#2157=IFCAXIS2PLACEMENT3D(#2154,#2155,#2156);
#2158=IFCLOCALPLACEMENT($,#2157);
#2159=IFCWALL('1W26wmr1XCzh068mqZWXIw',$,'L1|ONEBR_A',$,$,#2180,#2170,$,$);
#2160=IFCCARTESIANPOINTLIST2D(((0.,0.),(0.,150.),(10363.200000000001,150.),(10363.200000000001,0.),(0.,0.)));
#2161=IFCINDEXEDPOLYCURVE(#2160,$,.F.);
#2162=IFCDIRECTION((0.,0.,1.));
#2163=IFCARBITRARYCLOSEDPROFILEDEF(.AREA.,$,#2161);
#2164=IFCCARTESIANPOINT((0.,0.,0.));
#2165=IFCDIRECTION((0.,0.,1.));
#2166=IFCDIRECTION((1.,0.,0.));
#2167=IFCAXIS2PLACEMENT3D(#2164,#2165,#2166);
#2168=IFCEXTRUDEDAREASOLID(#2163,#2167,#2162,3200.4000000000001);
#2169=IFCSHAPEREPRESENTATION(#11,'Body','SweptSolid',(#2168));
#2170=IFCPRODUCTDEFINITIONSHAPE($,$,(#2169));
#2176=IFCCARTESIANPOINT((3657.6000000000004,54102.,4267.1999999999998));
#2177=IFCDIRECTION((0.,0.,1.));
#2178=IFCDIRECTION((1.,0.,0.));
#2179=IFCAXIS2PLACEMENT3D(#2176,#2177,#2178);
#2180=IFCLOCALPLACEMENT($,#2179);
#2181=IFCWALL('2t0XT1v$PETQlbHsFlWL3h',$,'L1|ONEBR_A',$,$,#2202,#2192,$,$);
#2182=IFCCARTESIANPOINTLIST2D(((0.,0.),(0.,150.),(10363.200000000001,150.),(10363.200000000001,0.),(0.,0.)));
#2183=IFCINDEXEDPOLYCURVE(#2182,$,.F.);
#2184=IFCDIRECTION((0.,0.,1.));
#2185=IFCARBITRARYCLOSEDPROFILEDEF(.AREA.,$,#2183);
#2186=IFCCARTESIANPOINT((0.,0.,0.));
#2187=IFCDIRECTION((0.,0.,1.));
#2188=IFCDIRECTION((1.,0.,0.));
#2189=IFCAXIS2PLACEMENT3D(#2186,#2187,#2188);
#2190=IFCEXTRUDEDAREASOLID(#2185,#2189,#2184,3200.4000000000001);
#2191=IFCSHAPEREPRESENTATION(#11,'Body','SweptSolid',(#2190));
#2192=IFCPRODUCTDEFINITIONSHAPE($,$,(#2191));
#2198=IFCCARTESIANPOINT((3657.6000000000004,63246.,4267.1999999999998));
#2199=IFCDIRECTION((0.,0.,1.));
#2200=IFCDIRECTION((1.,0.,0.));
#2201=IFCAXIS2PLACEMENT3D(#2198,#2199,#2200);
#2202=IFCLOCALPLACEMENT($,#2201);
#2203=IFCWALL('2FNmKjPP54vBFmisFhf4sJ',$,'L1|ONEBR_A',$,$,#2224,#2214,$,$);
#2204=IFCCARTESIANPOINTLIST2D(((0.,0.),(0.,150.),(9144.,150.),(9144.,0.),(0.,0.)));
#2205=IFCINDEXEDPOLYCURVE(#2204,$,.F.);
#2206=IFCDIRECTION((0.,0.,1.));
#2207=IFCARBITRARYCLOSEDPROFILEDEF(.AREA.,$,#2205);
#2208=IFCCARTESIANPOINT((0.,0.,0.));
#2209=IFCDIRECTION((0.,0.,1.));
#2210=IFCDIRECTION((1.,0.,0.));
#2211=IFCAXIS2PLACEMENT3D(#2208,#2209,#2210);
#2212=IFCEXTRUDEDAREASOLID(#2207,#2211,#2206,3200.4000000000001);
#2213=IFCSHAPEREPRESENTATION(#11,'Body','SweptSolid',(#2212));
#2214=IFCPRODUCTDEFINITIONSHAPE($,$,(#2213));
#2220=IFCCARTESIANPOINT((3657.6000000000004,54102.,4267.1999999999998));
#2221=IFCDIRECTION((0.,0.,1.));
#2222=IFCDIRECTION((6.123233995736766E-17,1.,0.));
#2223=IFCAXIS2PLACEMENT3D(#2220,#2221,#2222);
#2224=IFCLOCALPLACEMENT($,#2223);
#2225=IFCWALL('0sYZVbZ5zFYeBVLsnAyxLd',$,'L1|ONEBR_A',$,$,#2246,#2236,$,$);
#2226=IFCCARTESIANPOINTLIST2D(((0.,0.),(0.,150.),(9144.,150.),(9144.,0.),(0.,0.)));
#2227=IFCINDEXEDPOLYCURVE(#2226,$,.F.);
#2228=IFCDIRECTION((0.,0.,1.));
#2229=IFCARBITRARYCLOSEDPROFILEDEF(.AREA.,$,#2227);
#2230=IFCCARTESIANPOINT((0.,0.,0.));
#2231=IFCDIRECTION((0.,0.,1.));
#2232=IFCDIRECTION((1.,0.,0.));
#2233=IFCAXIS2PLACEMENT3D(#2230,#2231,#2232);
#2234=IFCEXTRUDEDAREASOLID(#2229,#2233,#2228,3200.4000000000001);
#2235=IFCSHAPEREPRESENTATION(#11,'Body','SweptSolid',(#2234));
#2236=IFCPRODUCTDEFINITIONSHAPE($,$,(#2235));
#2242=IFCCARTESIANPOINT((14020.800000000001,54102.,4267.1999999999998));
#2243=IFCDIRECTION((0.,0.,1.));
#2244=IFCDIRECTION((6.123233995736766E-17,1.,0.));
#2245=IFCAXIS2PLACEMENT3D(#2242,#2243,#2244);
#2246=IFCLOCALPLACEMENT($,#2245);
#2247=IFCWALL('12U3yQtLf3Zw_8WZXDmfU5',$,'L1|STUDIO_A',$,$,#2268,#2258,$,$);
#2248=IFCCARTESIANPOINTLIST2D(((0.,0.),(0.,150.),(9753.6000000000004,150.),(9753.6000000000004,0.),(0.,0.)));
#2249=IFCINDEXEDPOLYCURVE(#2248,$,.F.);
#2250=IFCDIRECTION((0.,0.,1.));
#2251=IFCARBITRARYCLOSEDPROFILEDEF(.AREA.,$,#2249);
#2252=IFCCARTESIANPOINT((0.,0.,0.));
#2253=IFCDIRECTION((0.,0.,1.));
#2254=IFCDIRECTION((1.,0.,0.));
#2255=IFCAXIS2PLACEMENT3D(#2252,#2253,#2254);
#2256=IFCEXTRUDEDAREASOLID(#2251,#2255,#2250,3200.4000000000001);
#2257=IFCSHAPEREPRESENTATION(#11,'Body','SweptSolid',(#2256));
#2258=IFCPRODUCTDEFINITIONSHAPE($,$,(#2257));
#2264=IFCCARTESIANPOINT((15849.6,58826.400000000001,4267.1999999999998));
#2265=IFCDIRECTION((0.,0.,1.));
#2266=IFCDIRECTION((1.,0.,0.));
#2267=IFCAXIS2PLACEMENT3D(#2264,#2265,#2266);
#2268=IFCLOCALPLACEMENT($,#2267);
#2269=IFCWALL('0WOOVGp7r2LgqoD0Wosh5X',$,'L1|STUDIO_A',$,$,#2290,#2280,$,$);
#2270=IFCCARTESIANPOINTLIST2D(((0.,0.),(0.,150.),(9753.6000000000004,150.),(9753.6000000000004,0.),(0.,0.)));
#2271=IFCINDEXEDPOLYCURVE(#2270,$,.F.);
#2272=IFCDIRECTION((0.,0.,1.));
#2273=IFCARBITRARYCLOSEDPROFILEDEF(.AREA.,$,#2271);
#2274=IFCCARTESIANPOINT((0.,0.,0.));
#2275=IFCDIRECTION((0.,0.,1.));
#2276=IFCDIRECTION((1.,0.,0.));
#2277=IFCAXIS2PLACEMENT3D(#2274,#2275,#2276);
#2278=IFCEXTRUDEDAREASOLID(#2273,#2277,#2272,3200.4000000000001);
#2279=IFCSHAPEREPRESENTATION(#11,'Body','SweptSolid',(#2278));
#2280=IFCPRODUCTDEFINITIONSHAPE($,$,(#2279));
#2286=IFCCARTESIANPOINT((15849.6,66751.199999999997,4267.1999999999998));
#2287=IFCDIRECTION((0.,0.,1.));
#2288=IFCDIRECTION((1.,0.,0.));
#2289=IFCAXIS2PLACEMENT3D(#2286,#2287,#2288);
#2290=IFCLOCALPLACEMENT($,#2289);
#2291=IFCWALL('0KK0wFTUz06BxLVKV46aGh',$,'L1|STUDIO_A',$,$,#2312,#2302,$,$);
#2292=IFCCARTESIANPOINTLIST2D(((0.,0.),(0.,150.),(7924.8000000000002,150.),(7924.8000000000002,0.),(0.,0.)));
#2293=IFCINDEXEDPOLYCURVE(#2292,$,.F.);
#2294=IFCDIRECTION((0.,0.,1.));
#2295=IFCARBITRARYCLOSEDPROFILEDEF(.AREA.,$,#2293);
#2296=IFCCARTESIANPOINT((0.,0.,0.));
#2297=IFCDIRECTION((0.,0.,1.));
#2298=IFCDIRECTION((1.,0.,0.));
#2299=IFCAXIS2PLACEMENT3D(#2296,#2297,#2298);
#2300=IFCEXTRUDEDAREASOLID(#2295,#2299,#2294,3200.4000000000001);
#2301=IFCSHAPEREPRESENTATION(#11,'Body','SweptSolid',(#2300));
#2302=IFCPRODUCTDEFINITIONSHAPE($,$,(#2301));
#2308=IFCCARTESIANPOINT((15849.6,58826.400000000001,4267.1999999999998));
#2309=IFCDIRECTION((0.,0.,1.));
#2310=IFCDIRECTION((6.123233995736766E-17,1.,0.));
#2311=IFCAXIS2PLACEMENT3D(#2308,#2309,#2310);
#2312=IFCLOCALPLACEMENT($,#2311);
#2313=IFCWALL('0cwf_pgSL0heuAJII9uDV7',$,'L1|STUDIO_A',$,$,#2334,#2324,$,$);
#2314=IFCCARTESIANPOINTLIST2D(((0.,0.),(0.,150.),(7924.8000000000002,150.),(7924.8000000000002,0.),(0.,0.)));
#2315=IFCINDEXEDPOLYCURVE(#2314,$,.F.);
#2316=IFCDIRECTION((0.,0.,1.));
#2317=IFCARBITRARYCLOSEDPROFILEDEF(.AREA.,$,#2315);
#2318=IFCCARTESIANPOINT((0.,0.,0.));
#2319=IFCDIRECTION((0.,0.,1.));
#2320=IFCDIRECTION((1.,0.,0.));
#2321=IFCAXIS2PLACEMENT3D(#2318,#2319,#2320);
#2322=IFCEXTRUDEDAREASOLID(#2317,#2321,#2316,3200.4000000000001);
#2323=IFCSHAPEREPRESENTATION(#11,'Body','SweptSolid',(#2322));
#2324=IFCPRODUCTDEFINITIONSHAPE($,$,(#2323));
#2330=IFCCARTESIANPOINT((25603.200000000001,58826.400000000001,4267.1999999999998));
#2331=IFCDIRECTION((0.,0.,1.));
#2332=IFCDIRECTION((6.123233995736766E-17,1.,0.));
#2333=IFCAXIS2PLACEMENT3D(#2330,#2331,#2332);
#2334=IFCLOCALPLACEMENT($,#2333);
#2335=IFCWALL('0eaQuy2W1ERgCl7SKGzUWj',$,'L1|TWOBR_A',$,$,#2356,#2346,$,$);
#2336=IFCCARTESIANPOINTLIST2D(((0.,0.),(0.,150.),(10972.800000000001,150.),(10972.800000000001,0.),(0.,0.)));
#2337=IFCINDEXEDPOLYCURVE(#2336,$,.F.);
#2338=IFCDIRECTION((0.,0.,1.));
#2339=IFCARBITRARYCLOSEDPROFILEDEF(.AREA.,$,#2337);
#2340=IFCCARTESIANPOINT((0.,0.,0.));
#2341=IFCDIRECTION((0.,0.,1.));
#2342=IFCDIRECTION((1.,0.,0.));
#2343=IFCAXIS2PLACEMENT3D(#2340,#2341,#2342);
#2344=IFCEXTRUDEDAREASOLID(#2339,#2343,#2338,3200.4000000000001);
#2345=IFCSHAPEREPRESENTATION(#11,'Body','SweptSolid',(#2344));
#2346=IFCPRODUCTDEFINITIONSHAPE($,$,(#2345));
#2352=IFCCARTESIANPOINT((29870.399999999998,58826.400000000001,4267.1999999999998));
#2353=IFCDIRECTION((0.,0.,1.));
#2354=IFCDIRECTION((1.,0.,0.));
#2355=IFCAXIS2PLACEMENT3D(#2352,#2353,#2354);
#2356=IFCLOCALPLACEMENT($,#2355);
#2357=IFCWALL('3mWZGpiu95bfnR_z2lHMIn',$,'L1|TWOBR_A',$,$,#2378,#2368,$,$);
#2358=IFCCARTESIANPOINTLIST2D(((0.,0.),(0.,150.),(10972.800000000001,150.),(10972.800000000001,0.),(0.,0.)));
#2359=IFCINDEXEDPOLYCURVE(#2358,$,.F.);
#2360=IFCDIRECTION((0.,0.,1.));
#2361=IFCARBITRARYCLOSEDPROFILEDEF(.AREA.,$,#2359);
#2362=IFCCARTESIANPOINT((0.,0.,0.));
#2363=IFCDIRECTION((0.,0.,1.));
#2364=IFCDIRECTION((1.,0.,0.));
#2365=IFCAXIS2PLACEMENT3D(#2362,#2363,#2364);
#2366=IFCEXTRUDEDAREASOLID(#2361,#2365,#2360,3200.4000000000001);
#2367=IFCSHAPEREPRESENTATION(#11,'Body','SweptSolid',(#2366));
#2368=IFCPRODUCTDEFINITIONSHAPE($,$,(#2367));
#2374=IFCCARTESIANPOINT((29870.399999999998,69189.599999999991,4267.1999999999998));
#2375=IFCDIRECTION((0.,0.,1.));
#2376=IFCDIRECTION((1.,0.,0.));
#2377=IFCAXIS2PLACEMENT3D(#2374,#2375,#2376);
#2378=IFCLOCALPLACEMENT($,#2377);
#2379=IFCWALL('2A4yOFBzHCg8Cvw0MiqNjJ',$,'L1|TWOBR_A',$,$,#2400,#2390,$,$);
#2380=IFCCARTESIANPOINTLIST2D(((0.,0.),(0.,150.),(10363.200000000001,150.),(10363.200000000001,0.),(0.,0.)));
#2381=IFCINDEXEDPOLYCURVE(#2380,$,.F.);
#2382=IFCDIRECTION((0.,0.,1.));
#2383=IFCARBITRARYCLOSEDPROFILEDEF(.AREA.,$,#2381);
#2384=IFCCARTESIANPOINT((0.,0.,0.));
#2385=IFCDIRECTION((0.,0.,1.));
#2386=IFCDIRECTION((1.,0.,0.));
#2387=IFCAXIS2PLACEMENT3D(#2384,#2385,#2386);
#2388=IFCEXTRUDEDAREASOLID(#2383,#2387,#2382,3200.4000000000001);
#2389=IFCSHAPEREPRESENTATION(#11,'Body','SweptSolid',(#2388));
#2390=IFCPRODUCTDEFINITIONSHAPE($,$,(#2389));
#2396=IFCCARTESIANPOINT((29870.399999999998,58826.400000000001,4267.1999999999998));
#2397=IFCDIRECTION((0.,0.,1.));
#2398=IFCDIRECTION((6.123233995736766E-17,1.,0.));
#2399=IFCAXIS2PLACEMENT3D(#2396,#2397,#2398);
#2400=IFCLOCALPLACEMENT($,#2399);
#2401=IFCWALL('04o9tCCwH0HhnIpBispm0w',$,'L1|TWOBR_A',$,$,#2422,#2412,$,$);
#2402=IFCCARTESIANPOINTLIST2D(((0.,0.),(0.,150.),(10363.200000000001,150.),(10363.200000000001,0.),(0.,0.)));
#2403=IFCINDEXEDPOLYCURVE(#2402,$,.F.);
#2404=IFCDIRECTION((0.,0.,1.));
#2405=IFCARBITRARYCLOSEDPROFILEDEF(.AREA.,$,#2403);
#2406=IFCCARTESIANPOINT((0.,0.,0.));
#2407=IFCDIRECTION((0.,0.,1.));
#2408=IFCDIRECTION((1.,0.,0.));
#2409=IFCAXIS2PLACEMENT3D(#2406,#2407,#2408);
#2410=IFCEXTRUDEDAREASOLID(#2405,#2409,#2404,3200.4000000000001);
#2411=IFCSHAPEREPRESENTATION(#11,'Body','SweptSolid',(#2410));
#2412=IFCPRODUCTDEFINITIONSHAPE($,$,(#2411));
#2418=IFCCARTESIANPOINT((40843.200000000004,58826.400000000001,4267.1999999999998));
#2419=IFCDIRECTION((0.,0.,1.));
#2420=IFCDIRECTION((6.123233995736766E-17,1.,0.));
#2421=IFCAXIS2PLACEMENT3D(#2418,#2419,#2420);
#2422=IFCLOCALPLACEMENT($,#2421);
#2423=IFCWALL('37GABPVFz0_xyd7eWXX4F6',$,'L1|ONEBR_A',$,$,#2444,#2434,$,$);
#2424=IFCCARTESIANPOINTLIST2D(((0.,0.),(0.,150.),(10363.200000000001,150.),(10363.200000000001,0.),(0.,0.)));
#2425=IFCINDEXEDPOLYCURVE(#2424,$,.F.);
#2426=IFCDIRECTION((0.,0.,1.));
#2427=IFCARBITRARYCLOSEDPROFILEDEF(.AREA.,$,#2425);
#2428=IFCCARTESIANPOINT((0.,0.,0.));
#2429=IFCDIRECTION((0.,0.,1.));
#2430=IFCDIRECTION((1.,0.,0.));
#2431=IFCAXIS2PLACEMENT3D(#2428,#2429,#2430);
#2432=IFCEXTRUDEDAREASOLID(#2427,#2431,#2426,3200.4000000000001);
#2433=IFCSHAPEREPRESENTATION(#11,'Body','SweptSolid',(#2432));
#2434=IFCPRODUCTDEFINITIONSHAPE($,$,(#2433));
#2440=IFCCARTESIANPOINT((42672.,60045.599999999999,4267.1999999999998));
#2441=IFCDIRECTION((0.,0.,1.));
#2442=IFCDIRECTION((1.,0.,0.));
#2443=IFCAXIS2PLACEMENT3D(#2440,#2441,#2442);
#2444=IFCLOCALPLACEMENT($,#2443);
#2445=IFCWALL('1v5ngTiwbDMOh8JClE0p5A',$,'L1|ONEBR_A',$,$,#2466,#2456,$,$);
#2446=IFCCARTESIANPOINTLIST2D(((0.,0.),(0.,150.),(10363.200000000001,150.),(10363.200000000001,0.),(0.,0.)));
#2447=IFCINDEXEDPOLYCURVE(#2446,$,.F.);
#2448=IFCDIRECTION((0.,0.,1.));
#2449=IFCARBITRARYCLOSEDPROFILEDEF(.AREA.,$,#2447);
#2450=IFCCARTESIANPOINT((0.,0.,0.));
#2451=IFCDIRECTION((0.,0.,1.));
#2452=IFCDIRECTION((1.,0.,0.));
#2453=IFCAXIS2PLACEMENT3D(#2450,#2451,#2452);
#2454=IFCEXTRUDEDAREASOLID(#2449,#2453,#2448,3200.4000000000001);
#2455=IFCSHAPEREPRESENTATION(#11,'Body','SweptSolid',(#2454));
#2456=IFCPRODUCTDEFINITIONSHAPE($,$,(#2455));
#2462=IFCCARTESIANPOINT((42672.,69189.599999999991,4267.1999999999998));
#2463=IFCDIRECTION((0.,0.,1.));
#2464=IFCDIRECTION((1.,0.,0.));
#2465=IFCAXIS2PLACEMENT3D(#2462,#2463,#2464);
#2466=IFCLOCALPLACEMENT($,#2465);
#2467=IFCWALL('3qsxTwkAH4OO2O5AExPPTl',$,'L1|ONEBR_A',$,$,#2488,#2478,$,$);
#2468=IFCCARTESIANPOINTLIST2D(((0.,0.),(0.,150.),(9144.,150.),(9144.,0.),(0.,0.)));
#2469=IFCINDEXEDPOLYCURVE(#2468,$,.F.);
#2470=IFCDIRECTION((0.,0.,1.));
#2471=IFCARBITRARYCLOSEDPROFILEDEF(.AREA.,$,#2469);
#2472=IFCCARTESIANPOINT((0.,0.,0.));
#2473=IFCDIRECTION((0.,0.,1.));
#2474=IFCDIRECTION((1.,0.,0.));
#2475=IFCAXIS2PLACEMENT3D(#2472,#2473,#2474);
#2476=IFCEXTRUDEDAREASOLID(#2471,#2475,#2470,3200.4000000000001);
#2477=IFCSHAPEREPRESENTATION(#11,'Body','SweptSolid',(#2476));
#2478=IFCPRODUCTDEFINITIONSHAPE($,$,(#2477));
#2484=IFCCARTESIANPOINT((42672.,60045.599999999999,4267.1999999999998));
#2485=IFCDIRECTION((0.,0.,1.));
#2486=IFCDIRECTION((6.123233995736766E-17,1.,0.));
#2487=IFCAXIS2PLACEMENT3D(#2484,#2485,#2486);
#2488=IFCLOCALPLACEMENT($,#2487);
#2489=IFCWALL('11pFLArAz3deHeip5LBGbc',$,'L1|ONEBR_A',$,$,#2510,#2500,$,$);
#2490=IFCCARTESIANPOINTLIST2D(((0.,0.),(0.,150.),(9144.,150.),(9144.,0.),(0.,0.)));
#2491=IFCINDEXEDPOLYCURVE(#2490,$,.F.);
#2492=IFCDIRECTION((0.,0.,1.));
#2493=IFCARBITRARYCLOSEDPROFILEDEF(.AREA.,$,#2491);
#2494=IFCCARTESIANPOINT((0.,0.,0.));
#2495=IFCDIRECTION((0.,0.,1.));
#2496=IFCDIRECTION((1.,0.,0.));
#2497=IFCAXIS2PLACEMENT3D(#2494,#2495,#2496);
#2498=IFCEXTRUDEDAREASOLID(#2493,#2497,#2492,3200.4000000000001);
#2499=IFCSHAPEREPRESENTATION(#11,'Body','SweptSolid',(#2498));
#2500=IFCPRODUCTDEFINITIONSHAPE($,$,(#2499));
#2506=IFCCARTESIANPOINT((53035.200000000004,60045.599999999999,4267.1999999999998));
#2507=IFCDIRECTION((0.,0.,1.));
#2508=IFCDIRECTION((6.123233995736766E-17,1.,0.));
#2509=IFCAXIS2PLACEMENT3D(#2506,#2507,#2508);
#2510=IFCLOCALPLACEMENT($,#2509);
#2511=IFCWALL('3vj7jRUwL1SQgGlIpt_ZPb',$,'L1|ONEBR_A',$,$,#2532,#2522,$,$);
#2512=IFCCARTESIANPOINTLIST2D(((0.,0.),(0.,150.),(10363.200000000001,150.),(10363.200000000001,0.),(0.,0.)));
#2513=IFCINDEXEDPOLYCURVE(#2512,$,.F.);
#2514=IFCDIRECTION((0.,0.,1.));
#2515=IFCARBITRARYCLOSEDPROFILEDEF(.AREA.,$,#2513);
#2516=IFCCARTESIANPOINT((0.,0.,0.));
#2517=IFCDIRECTION((0.,0.,1.));
#2518=IFCDIRECTION((1.,0.,0.));
#2519=IFCAXIS2PLACEMENT3D(#2516,#2517,#2518);
#2520=IFCEXTRUDEDAREASOLID(#2515,#2519,#2514,3200.4000000000001);
#2521=IFCSHAPEREPRESENTATION(#11,'Body','SweptSolid',(#2520));
#2522=IFCPRODUCTDEFINITIONSHAPE($,$,(#2521));
#2528=IFCCARTESIANPOINT((3657.6000000000004,63246.,4267.1999999999998));
#2529=IFCDIRECTION((0.,0.,1.));
#2530=IFCDIRECTION((1.,0.,0.));
#2531=IFCAXIS2PLACEMENT3D(#2528,#2529,#2530);
#2532=IFCLOCALPLACEMENT($,#2531);
#2533=IFCWALL('24db4wG0X7D9vzlUZ75D_F',$,'L1|ONEBR_A',$,$,#2554,#2544,$,$);
#2534=IFCCARTESIANPOINTLIST2D(((0.,0.),(0.,150.),(10363.200000000001,150.),(10363.200000000001,0.),(0.,0.)));
#2535=IFCINDEXEDPOLYCURVE(#2534,$,.F.);
#2536=IFCDIRECTION((0.,0.,1.));
#2537=IFCARBITRARYCLOSEDPROFILEDEF(.AREA.,$,#2535);
#2538=IFCCARTESIANPOINT((0.,0.,0.));
#2539=IFCDIRECTION((0.,0.,1.));
#2540=IFCDIRECTION((1.,0.,0.));
#2541=IFCAXIS2PLACEMENT3D(#2538,#2539,#2540);
#2542=IFCEXTRUDEDAREASOLID(#2537,#2541,#2536,3200.4000000000001);
#2543=IFCSHAPEREPRESENTATION(#11,'Body','SweptSolid',(#2542));
#2544=IFCPRODUCTDEFINITIONSHAPE($,$,(#2543));
#2550=IFCCARTESIANPOINT((3657.6000000000004,72390.,4267.1999999999998));
#2551=IFCDIRECTION((0.,0.,1.));
#2552=IFCDIRECTION((1.,0.,0.));
#2553=IFCAXIS2PLACEMENT3D(#2550,#2551,#2552);
#2554=IFCLOCALPLACEMENT($,#2553);
#2555=IFCWALL('096MigB4z8QB7P11prlQDv',$,'L1|ONEBR_A',$,$,#2576,#2566,$,$);
#2556=IFCCARTESIANPOINTLIST2D(((0.,0.),(0.,150.),(9144.,150.),(9144.,0.),(0.,0.)));
#2557=IFCINDEXEDPOLYCURVE(#2556,$,.F.);
#2558=IFCDIRECTION((0.,0.,1.));
#2559=IFCARBITRARYCLOSEDPROFILEDEF(.AREA.,$,#2557);
#2560=IFCCARTESIANPOINT((0.,0.,0.));
#2561=IFCDIRECTION((0.,0.,1.));
#2562=IFCDIRECTION((1.,0.,0.));
#2563=IFCAXIS2PLACEMENT3D(#2560,#2561,#2562);
#2564=IFCEXTRUDEDAREASOLID(#2559,#2563,#2558,3200.4000000000001);
#2565=IFCSHAPEREPRESENTATION(#11,'Body','SweptSolid',(#2564));
#2566=IFCPRODUCTDEFINITIONSHAPE($,$,(#2565));
#2572=IFCCARTESIANPOINT((3657.6000000000004,63246.,4267.1999999999998));
#2573=IFCDIRECTION((0.,0.,1.));
#2574=IFCDIRECTION((6.123233995736766E-17,1.,0.));
#2575=IFCAXIS2PLACEMENT3D(#2572,#2573,#2574);
#2576=IFCLOCALPLACEMENT($,#2575);
#2577=IFCWALL('3LbCYsKS5C9RWpgineyifJ',$,'L1|ONEBR_A',$,$,#2598,#2588,$,$);
#2578=IFCCARTESIANPOINTLIST2D(((0.,0.),(0.,150.),(9144.,150.),(9144.,0.),(0.,0.)));
#2579=IFCINDEXEDPOLYCURVE(#2578,$,.F.);
#2580=IFCDIRECTION((0.,0.,1.));
#2581=IFCARBITRARYCLOSEDPROFILEDEF(.AREA.,$,#2579);
#2582=IFCCARTESIANPOINT((0.,0.,0.));
#2583=IFCDIRECTION((0.,0.,1.));
#2584=IFCDIRECTION((1.,0.,0.));
#2585=IFCAXIS2PLACEMENT3D(#2582,#2583,#2584);
#2586=IFCEXTRUDEDAREASOLID(#2581,#2585,#2580,3200.4000000000001);
#2587=IFCSHAPEREPRESENTATION(#11,'Body','SweptSolid',(#2586));
#2588=IFCPRODUCTDEFINITIONSHAPE($,$,(#2587));
#2594=IFCCARTESIANPOINT((14020.800000000001,63246.,4267.1999999999998));
#2595=IFCDIRECTION((0.,0.,1.));
#2596=IFCDIRECTION((6.123233995736766E-17,1.,0.));
#2597=IFCAXIS2PLACEMENT3D(#2594,#2595,#2596);
#2598=IFCLOCALPLACEMENT($,#2597);
#2599=IFCWALL('1DQeP89GT9Rv4Xr7zBNH9D',$,'L1|TWOBR_A',$,$,#2620,#2610,$,$);
#2600=IFCCARTESIANPOINTLIST2D(((0.,0.),(0.,150.),(10972.800000000001,150.),(10972.800000000001,0.),(0.,0.)));
#2601=IFCINDEXEDPOLYCURVE(#2600,$,.F.);
#2602=IFCDIRECTION((0.,0.,1.));
#2603=IFCARBITRARYCLOSEDPROFILEDEF(.AREA.,$,#2601);
#2604=IFCCARTESIANPOINT((0.,0.,0.));
#2605=IFCDIRECTION((0.,0.,1.));
#2606=IFCDIRECTION((1.,0.,0.));
#2607=IFCAXIS2PLACEMENT3D(#2604,#2605,#2606);
#2608=IFCEXTRUDEDAREASOLID(#2603,#2607,#2602,3200.4000000000001);
#2609=IFCSHAPEREPRESENTATION(#11,'Body','SweptSolid',(#2608));
#2610=IFCPRODUCTDEFINITIONSHAPE($,$,(#2609));
#2616=IFCCARTESIANPOINT((15849.6,66751.199999999997,4267.1999999999998));
#2617=IFCDIRECTION((0.,0.,1.));
#2618=IFCDIRECTION((1.,0.,0.));
#2619=IFCAXIS2PLACEMENT3D(#2616,#2617,#2618);
#2620=IFCLOCALPLACEMENT($,#2619);
#2621=IFCWALL('0T4rStOs19huVOj3Acd_dJ',$,'L1|TWOBR_A',$,$,#2642,#2632,$,$);
#2622=IFCCARTESIANPOINTLIST2D(((0.,0.),(0.,150.),(10972.800000000001,150.),(10972.800000000001,0.),(0.,0.)));
#2623=IFCINDEXEDPOLYCURVE(#2622,$,.F.);
#2624=IFCDIRECTION((0.,0.,1.));
#2625=IFCARBITRARYCLOSEDPROFILEDEF(.AREA.,$,#2623);
#2626=IFCCARTESIANPOINT((0.,0.,0.));
#2627=IFCDIRECTION((0.,0.,1.));
#2628=IFCDIRECTION((1.,0.,0.));
#2629=IFCAXIS2PLACEMENT3D(#2626,#2627,#2628);
#2630=IFCEXTRUDEDAREASOLID(#2625,#2629,#2624,3200.4000000000001);
#2631=IFCSHAPEREPRESENTATION(#11,'Body','SweptSolid',(#2630));
#2632=IFCPRODUCTDEFINITIONSHAPE($,$,(#2631));
#2638=IFCCARTESIANPOINT((15849.6,77114.400000000009,4267.1999999999998));
#2639=IFCDIRECTION((0.,0.,1.));
#2640=IFCDIRECTION((1.,0.,0.));
#2641=IFCAXIS2PLACEMENT3D(#2638,#2639,#2640);
#2642=IFCLOCALPLACEMENT($,#2641);
#2643=IFCWALL('2Gs0NATdfF1wsMpZf7SBOM',$,'L1|TWOBR_A',$,$,#2664,#2654,$,$);
#2644=IFCCARTESIANPOINTLIST2D(((0.,0.),(0.,150.),(10363.200000000001,150.),(10363.200000000001,0.),(0.,0.)));
#2645=IFCINDEXEDPOLYCURVE(#2644,$,.F.);
#2646=IFCDIRECTION((0.,0.,1.));
#2647=IFCARBITRARYCLOSEDPROFILEDEF(.AREA.,$,#2645);
#2648=IFCCARTESIANPOINT((0.,0.,0.));
#2649=IFCDIRECTION((0.,0.,1.));
#2650=IFCDIRECTION((1.,0.,0.));
#2651=IFCAXIS2PLACEMENT3D(#2648,#2649,#2650);
#2652=IFCEXTRUDEDAREASOLID(#2647,#2651,#2646,3200.4000000000001);
#2653=IFCSHAPEREPRESENTATION(#11,'Body','SweptSolid',(#2652));
#2654=IFCPRODUCTDEFINITIONSHAPE($,$,(#2653));
#2660=IFCCARTESIANPOINT((15849.6,66751.199999999997,4267.1999999999998));
#2661=IFCDIRECTION((0.,0.,1.));
#2662=IFCDIRECTION((6.123233995736766E-17,1.,0.));
#2663=IFCAXIS2PLACEMENT3D(#2660,#2661,#2662);
#2664=IFCLOCALPLACEMENT($,#2663);
#2665=IFCWALL('3obCL8HgP1gxq4YD3Rk$25',$,'L1|TWOBR_A',$,$,#2686,#2676,$,$);
#2666=IFCCARTESIANPOINTLIST2D(((0.,0.),(0.,150.),(10363.200000000001,150.),(10363.200000000001,0.),(0.,0.)));
#2667=IFCINDEXEDPOLYCURVE(#2666,$,.F.);
#2668=IFCDIRECTION((0.,0.,1.));
#2669=IFCARBITRARYCLOSEDPROFILEDEF(.AREA.,$,#2667);
#2670=IFCCARTESIANPOINT((0.,0.,0.));
#2671=IFCDIRECTION((0.,0.,1.));
#2672=IFCDIRECTION((1.,0.,0.));
#2673=IFCAXIS2PLACEMENT3D(#2670,#2671,#2672);
#2674=IFCEXTRUDEDAREASOLID(#2669,#2673,#2668,3200.4000000000001);
#2675=IFCSHAPEREPRESENTATION(#11,'Body','SweptSolid',(#2674));
#2676=IFCPRODUCTDEFINITIONSHAPE($,$,(#2675));
#2682=IFCCARTESIANPOINT((26822.400000000001,66751.199999999997,4267.1999999999998));
#2683=IFCDIRECTION((0.,0.,1.));
#2684=IFCDIRECTION((6.123233995736766E-17,1.,0.));
#2685=IFCAXIS2PLACEMENT3D(#2682,#2683,#2684);
#2686=IFCLOCALPLACEMENT($,#2685);
#2687=IFCWALL('0H80jiYZnAUBIXlIQ7Sv_l',$,'L1|STUDIO_A',$,$,#2708,#2698,$,$);
#2688=IFCCARTESIANPOINTLIST2D(((0.,0.),(0.,150.),(9753.6000000000004,150.),(9753.6000000000004,0.),(0.,0.)));
#2689=IFCINDEXEDPOLYCURVE(#2688,$,.F.);
#2690=IFCDIRECTION((0.,0.,1.));
#2691=IFCARBITRARYCLOSEDPROFILEDEF(.AREA.,$,#2689);
#2692=IFCCARTESIANPOINT((0.,0.,0.));
#2693=IFCDIRECTION((0.,0.,1.));
#2694=IFCDIRECTION((1.,0.,0.));
#2695=IFCAXIS2PLACEMENT3D(#2692,#2693,#2694);
#2696=IFCEXTRUDEDAREASOLID(#2691,#2695,#2690,3200.4000000000001);
#2697=IFCSHAPEREPRESENTATION(#11,'Body','SweptSolid',(#2696));
#2698=IFCPRODUCTDEFINITIONSHAPE($,$,(#2697));
#2704=IFCCARTESIANPOINT((31089.599999999999,69189.599999999991,4267.1999999999998));
#2705=IFCDIRECTION((0.,0.,1.));
#2706=IFCDIRECTION((1.,0.,0.));
#2707=IFCAXIS2PLACEMENT3D(#2704,#2705,#2706);
#2708=IFCLOCALPLACEMENT($,#2707);
#2709=IFCWALL('2cR4T7r$j6YRS9ZLIP0yCV',$,'L1|STUDIO_A',$,$,#2730,#2720,$,$);
#2710=IFCCARTESIANPOINTLIST2D(((0.,0.),(0.,150.),(9753.6000000000004,150.),(9753.6000000000004,0.),(0.,0.)));
#2711=IFCINDEXEDPOLYCURVE(#2710,$,.F.);
#2712=IFCDIRECTION((0.,0.,1.));
#2713=IFCARBITRARYCLOSEDPROFILEDEF(.AREA.,$,#2711);
#2714=IFCCARTESIANPOINT((0.,0.,0.));
#2715=IFCDIRECTION((0.,0.,1.));
#2716=IFCDIRECTION((1.,0.,0.));
#2717=IFCAXIS2PLACEMENT3D(#2714,#2715,#2716);
#2718=IFCEXTRUDEDAREASOLID(#2713,#2717,#2712,3200.4000000000001);
#2719=IFCSHAPEREPRESENTATION(#11,'Body','SweptSolid',(#2718));
#2720=IFCPRODUCTDEFINITIONSHAPE($,$,(#2719));
#2726=IFCCARTESIANPOINT((31089.599999999999,77114.400000000009,4267.1999999999998));
#2727=IFCDIRECTION((0.,0.,1.));
#2728=IFCDIRECTION((1.,0.,0.));
#2729=IFCAXIS2PLACEMENT3D(#2726,#2727,#2728);
#2730=IFCLOCALPLACEMENT($,#2729);
#2731=IFCWALL('3yRtZm8rL2nAOG3gRuv9VB',$,'L1|STUDIO_A',$,$,#2752,#2742,$,$);
#2732=IFCCARTESIANPOINTLIST2D(((0.,0.),(0.,150.),(7924.8000000000002,150.),(7924.8000000000002,0.),(0.,0.)));
#2733=IFCINDEXEDPOLYCURVE(#2732,$,.F.);
#2734=IFCDIRECTION((0.,0.,1.));
#2735=IFCARBITRARYCLOSEDPROFILEDEF(.AREA.,$,#2733);
#2736=IFCCARTESIANPOINT((0.,0.,0.));
#2737=IFCDIRECTION((0.,0.,1.));
#2738=IFCDIRECTION((1.,0.,0.));
#2739=IFCAXIS2PLACEMENT3D(#2736,#2737,#2738);
#2740=IFCEXTRUDEDAREASOLID(#2735,#2739,#2734,3200.4000000000001);
#2741=IFCSHAPEREPRESENTATION(#11,'Body','SweptSolid',(#2740));
#2742=IFCPRODUCTDEFINITIONSHAPE($,$,(#2741));
#2748=IFCCARTESIANPOINT((31089.599999999999,69189.599999999991,4267.1999999999998));
#2749=IFCDIRECTION((0.,0.,1.));
#2750=IFCDIRECTION((6.123233995736766E-17,1.,0.));
#2751=IFCAXIS2PLACEMENT3D(#2748,#2749,#2750);
#2752=IFCLOCALPLACEMENT($,#2751);
#2753=IFCWALL('21SjPS75L8EPMdKgYI0CWb',$,'L1|STUDIO_A',$,$,#2774,#2764,$,$);
#2754=IFCCARTESIANPOINTLIST2D(((0.,0.),(0.,150.),(7924.8000000000002,150.),(7924.8000000000002,0.),(0.,0.)));
#2755=IFCINDEXEDPOLYCURVE(#2754,$,.F.);
#2756=IFCDIRECTION((0.,0.,1.));
#2757=IFCARBITRARYCLOSEDPROFILEDEF(.AREA.,$,#2755);
#2758=IFCCARTESIANPOINT((0.,0.,0.));
#2759=IFCDIRECTION((0.,0.,1.));
#2760=IFCDIRECTION((1.,0.,0.));
#2761=IFCAXIS2PLACEMENT3D(#2758,#2759,#2760);
#2762=IFCEXTRUDEDAREASOLID(#2757,#2761,#2756,3200.4000000000001);
#2763=IFCSHAPEREPRESENTATION(#11,'Body','SweptSolid',(#2762));
#2764=IFCPRODUCTDEFINITIONSHAPE($,$,(#2763));
#2770=IFCCARTESIANPOINT((40843.200000000004,69189.599999999991,4267.1999999999998));
#2771=IFCDIRECTION((0.,0.,1.));
#2772=IFCDIRECTION((6.123233995736766E-17,1.,0.));
#2773=IFCAXIS2PLACEMENT3D(#2770,#2771,#2772);
#2774=IFCLOCALPLACEMENT($,#2773);
#2775=IFCWALL('17aaPSHH58rfSrEyqCkThP',$,'L1|ONEBR_A',$,$,#2796,#2786,$,$);
#2776=IFCCARTESIANPOINTLIST2D(((0.,0.),(0.,150.),(10363.200000000001,150.),(10363.200000000001,0.),(0.,0.)));
#2777=IFCINDEXEDPOLYCURVE(#2776,$,.F.);
#2778=IFCDIRECTION((0.,0.,1.));
#2779=IFCARBITRARYCLOSEDPROFILEDEF(.AREA.,$,#2777);
#2780=IFCCARTESIANPOINT((0.,0.,0.));
#2781=IFCDIRECTION((0.,0.,1.));
#2782=IFCDIRECTION((1.,0.,0.));
#2783=IFCAXIS2PLACEMENT3D(#2780,#2781,#2782);
#2784=IFCEXTRUDEDAREASOLID(#2779,#2783,#2778,3200.4000000000001);
#2785=IFCSHAPEREPRESENTATION(#11,'Body','SweptSolid',(#2784));
#2786=IFCPRODUCTDEFINITIONSHAPE($,$,(#2785));
#2792=IFCCARTESIANPOINT((42672.,69189.599999999991,4267.1999999999998));
#2793=IFCDIRECTION((0.,0.,1.));
#2794=IFCDIRECTION((1.,0.,0.));
#2795=IFCAXIS2PLACEMENT3D(#2792,#2793,#2794);
#2796=IFCLOCALPLACEMENT($,#2795);
#2797=IFCWALL('0BLe0WOA50BhxTw72C5FGa',$,'L1|ONEBR_A',$,$,#2818,#2808,$,$);
#2798=IFCCARTESIANPOINTLIST2D(((0.,0.),(0.,150.),(10363.200000000001,150.),(10363.200000000001,0.),(0.,0.)));
#2799=IFCINDEXEDPOLYCURVE(#2798,$,.F.);
#2800=IFCDIRECTION((0.,0.,1.));
#2801=IFCARBITRARYCLOSEDPROFILEDEF(.AREA.,$,#2799);
#2802=IFCCARTESIANPOINT((0.,0.,0.));
#2803=IFCDIRECTION((0.,0.,1.));
#2804=IFCDIRECTION((1.,0.,0.));
#2805=IFCAXIS2PLACEMENT3D(#2802,#2803,#2804);
#2806=IFCEXTRUDEDAREASOLID(#2801,#2805,#2800,3200.4000000000001);
#2807=IFCSHAPEREPRESENTATION(#11,'Body','SweptSolid',(#2806));
#2808=IFCPRODUCTDEFINITIONSHAPE($,$,(#2807));
#2814=IFCCARTESIANPOINT((42672.,78333.600000000006,4267.1999999999998));
#2815=IFCDIRECTION((0.,0.,1.));
#2816=IFCDIRECTION((1.,0.,0.));
#2817=IFCAXIS2PLACEMENT3D(#2814,#2815,#2816);
#2818=IFCLOCALPLACEMENT($,#2817);
#2819=IFCWALL('2ZqG_leXDAqQ6mVa0D2Sr2',$,'L1|ONEBR_A',$,$,#2840,#2830,$,$);
#2820=IFCCARTESIANPOINTLIST2D(((0.,0.),(0.,150.),(9144.,150.),(9144.,0.),(0.,0.)));
#2821=IFCINDEXEDPOLYCURVE(#2820,$,.F.);
#2822=IFCDIRECTION((0.,0.,1.));
#2823=IFCARBITRARYCLOSEDPROFILEDEF(.AREA.,$,#2821);
#2824=IFCCARTESIANPOINT((0.,0.,0.));
#2825=IFCDIRECTION((0.,0.,1.));
#2826=IFCDIRECTION((1.,0.,0.));
#2827=IFCAXIS2PLACEMENT3D(#2824,#2825,#2826);
#2828=IFCEXTRUDEDAREASOLID(#2823,#2827,#2822,3200.4000000000001);
#2829=IFCSHAPEREPRESENTATION(#11,'Body','SweptSolid',(#2828));
#2830=IFCPRODUCTDEFINITIONSHAPE($,$,(#2829));
#2836=IFCCARTESIANPOINT((42672.,69189.599999999991,4267.1999999999998));
#2837=IFCDIRECTION((0.,0.,1.));
#2838=IFCDIRECTION((6.123233995736766E-17,1.,0.));
#2839=IFCAXIS2PLACEMENT3D(#2836,#2837,#2838);
#2840=IFCLOCALPLACEMENT($,#2839);
#2841=IFCWALL('16cjJY3ajFavbOO9zstU4u',$,'L1|ONEBR_A',$,$,#2862,#2852,$,$);
#2842=IFCCARTESIANPOINTLIST2D(((0.,0.),(0.,150.),(9144.,150.),(9144.,0.),(0.,0.)));
#2843=IFCINDEXEDPOLYCURVE(#2842,$,.F.);
#2844=IFCDIRECTION((0.,0.,1.));
#2845=IFCARBITRARYCLOSEDPROFILEDEF(.AREA.,$,#2843);
#2846=IFCCARTESIANPOINT((0.,0.,0.));
#2847=IFCDIRECTION((0.,0.,1.));
#2848=IFCDIRECTION((1.,0.,0.));
#2849=IFCAXIS2PLACEMENT3D(#2846,#2847,#2848);
#2850=IFCEXTRUDEDAREASOLID(#2845,#2849,#2844,3200.4000000000001);
#2851=IFCSHAPEREPRESENTATION(#11,'Body','SweptSolid',(#2850));
#2852=IFCPRODUCTDEFINITIONSHAPE($,$,(#2851));
#2858=IFCCARTESIANPOINT((53035.200000000004,69189.599999999991,4267.1999999999998));
#2859=IFCDIRECTION((0.,0.,1.));
#2860=IFCDIRECTION((6.123233995736766E-17,1.,0.));
#2861=IFCAXIS2PLACEMENT3D(#2858,#2859,#2860);
#2862=IFCLOCALPLACEMENT($,#2861);
#2863=IFCWALL('2U$qzoQMX1K9HhBhGCEEMh',$,'L2|TWOBR_A',$,$,#2884,#2874,$,$);
#2864=IFCCARTESIANPOINTLIST2D(((0.,0.),(0.,150.),(10972.800000000001,150.),(10972.800000000001,0.),(0.,0.)));
#2865=IFCINDEXEDPOLYCURVE(#2864,$,.F.);
#2866=IFCDIRECTION((0.,0.,1.));
#2867=IFCARBITRARYCLOSEDPROFILEDEF(.AREA.,$,#2865);
#2868=IFCCARTESIANPOINT((0.,0.,0.));
#2869=IFCDIRECTION((0.,0.,1.));
#2870=IFCDIRECTION((1.,0.,0.));
#2871=IFCAXIS2PLACEMENT3D(#2868,#2869,#2870);
#2872=IFCEXTRUDEDAREASOLID(#2867,#2871,#2866,3200.4000000000001);
#2873=IFCSHAPEREPRESENTATION(#11,'Body','SweptSolid',(#2872));
#2874=IFCPRODUCTDEFINITIONSHAPE($,$,(#2873));
#2880=IFCCARTESIANPOINT((3048.,11887.199999999999,7467.5999999999995));
#2881=IFCDIRECTION((0.,0.,1.));
#2882=IFCDIRECTION((1.,0.,0.));
#2883=IFCAXIS2PLACEMENT3D(#2880,#2881,#2882);
#2884=IFCLOCALPLACEMENT($,#2883);
#2885=IFCWALL('2wI1dSjk55yxR6jHzkjgk0',$,'L2|TWOBR_A',$,$,#2906,#2896,$,$);
#2886=IFCCARTESIANPOINTLIST2D(((0.,0.),(0.,150.),(10972.800000000001,150.),(10972.800000000001,0.),(0.,0.)));
#2887=IFCINDEXEDPOLYCURVE(#2886,$,.F.);
#2888=IFCDIRECTION((0.,0.,1.));
#2889=IFCARBITRARYCLOSEDPROFILEDEF(.AREA.,$,#2887);
#2890=IFCCARTESIANPOINT((0.,0.,0.));
#2891=IFCDIRECTION((0.,0.,1.));
#2892=IFCDIRECTION((1.,0.,0.));
#2893=IFCAXIS2PLACEMENT3D(#2890,#2891,#2892);
#2894=IFCEXTRUDEDAREASOLID(#2889,#2893,#2888,3200.4000000000001);
#2895=IFCSHAPEREPRESENTATION(#11,'Body','SweptSolid',(#2894));
#2896=IFCPRODUCTDEFINITIONSHAPE($,$,(#2895));
#2902=IFCCARTESIANPOINT((3048.,22250.400000000001,7467.5999999999995));
#2903=IFCDIRECTION((0.,0.,1.));
#2904=IFCDIRECTION((1.,0.,0.));
#2905=IFCAXIS2PLACEMENT3D(#2902,#2903,#2904);
#2906=IFCLOCALPLACEMENT($,#2905);
#2907=IFCWALL('1ng1Dj2HvAEuKiEXkl_0ls',$,'L2|TWOBR_A',$,$,#2928,#2918,$,$);
#2908=IFCCARTESIANPOINTLIST2D(((0.,0.),(0.,150.),(10363.200000000001,150.),(10363.200000000001,0.),(0.,0.)));
#2909=IFCINDEXEDPOLYCURVE(#2908,$,.F.);
#2910=IFCDIRECTION((0.,0.,1.));
#2911=IFCARBITRARYCLOSEDPROFILEDEF(.AREA.,$,#2909);
#2912=IFCCARTESIANPOINT((0.,0.,0.));
#2913=IFCDIRECTION((0.,0.,1.));
#2914=IFCDIRECTION((1.,0.,0.));
#2915=IFCAXIS2PLACEMENT3D(#2912,#2913,#2914);
#2916=IFCEXTRUDEDAREASOLID(#2911,#2915,#2910,3200.4000000000001);
#2917=IFCSHAPEREPRESENTATION(#11,'Body','SweptSolid',(#2916));
#2918=IFCPRODUCTDEFINITIONSHAPE($,$,(#2917));
#2924=IFCCARTESIANPOINT((3048.,11887.199999999999,7467.5999999999995));
#2925=IFCDIRECTION((0.,0.,1.));
#2926=IFCDIRECTION((6.123233995736766E-17,1.,0.));
#2927=IFCAXIS2PLACEMENT3D(#2924,#2925,#2926);
#2928=IFCLOCALPLACEMENT($,#2927);
#2929=IFCWALL('3NX9rLCWbAsPF$7n6xwfLh',$,'L2|TWOBR_A',$,$,#2950,#2940,$,$);
#2930=IFCCARTESIANPOINTLIST2D(((0.,0.),(0.,150.),(10363.200000000001,150.),(10363.200000000001,0.),(0.,0.)));
#2931=IFCINDEXEDPOLYCURVE(#2930,$,.F.);
#2932=IFCDIRECTION((0.,0.,1.));
#2933=IFCARBITRARYCLOSEDPROFILEDEF(.AREA.,$,#2931);
#2934=IFCCARTESIANPOINT((0.,0.,0.));
#2935=IFCDIRECTION((0.,0.,1.));
#2936=IFCDIRECTION((1.,0.,0.));
#2937=IFCAXIS2PLACEMENT3D(#2934,#2935,#2936);
#2938=IFCEXTRUDEDAREASOLID(#2933,#2937,#2932,3200.4000000000001);
#2939=IFCSHAPEREPRESENTATION(#11,'Body','SweptSolid',(#2938));
#2940=IFCPRODUCTDEFINITIONSHAPE($,$,(#2939));
#2946=IFCCARTESIANPOINT((14020.800000000001,11887.199999999999,7467.5999999999995));
#2947=IFCDIRECTION((0.,0.,1.));
#2948=IFCDIRECTION((6.123233995736766E-17,1.,0.));
#2949=IFCAXIS2PLACEMENT3D(#2946,#2947,#2948);
#2950=IFCLOCALPLACEMENT($,#2949);
#2951=IFCWALL('3VfO6_L6T45hhmC9KWwjYn',$,'L2|ONEBR_A',$,$,#2972,#2962,$,$);
#2952=IFCCARTESIANPOINTLIST2D(((0.,0.),(0.,150.),(10363.200000000001,150.),(10363.200000000001,0.),(0.,0.)));
#2953=IFCINDEXEDPOLYCURVE(#2952,$,.F.);
#2954=IFCDIRECTION((0.,0.,1.));
#2955=IFCARBITRARYCLOSEDPROFILEDEF(.AREA.,$,#2953);
#2956=IFCCARTESIANPOINT((0.,0.,0.));
#2957=IFCDIRECTION((0.,0.,1.));
#2958=IFCDIRECTION((1.,0.,0.));
#2959=IFCAXIS2PLACEMENT3D(#2956,#2957,#2958);
#2960=IFCEXTRUDEDAREASOLID(#2955,#2959,#2954,3200.4000000000001);
#2961=IFCSHAPEREPRESENTATION(#11,'Body','SweptSolid',(#2960));
#2962=IFCPRODUCTDEFINITIONSHAPE($,$,(#2961));
#2968=IFCCARTESIANPOINT((15849.6,11887.199999999999,7467.5999999999995));
#2969=IFCDIRECTION((0.,0.,1.));
#2970=IFCDIRECTION((1.,0.,0.));
#2971=IFCAXIS2PLACEMENT3D(#2968,#2969,#2970);
#2972=IFCLOCALPLACEMENT($,#2971);
#2973=IFCWALL('0NjHKYUknBB8xc2RBJMeR9',$,'L2|ONEBR_A',$,$,#2994,#2984,$,$);
#2974=IFCCARTESIANPOINTLIST2D(((0.,0.),(0.,150.),(10363.200000000001,150.),(10363.200000000001,0.),(0.,0.)));
#2975=IFCINDEXEDPOLYCURVE(#2974,$,.F.);
#2976=IFCDIRECTION((0.,0.,1.));
#2977=IFCARBITRARYCLOSEDPROFILEDEF(.AREA.,$,#2975);
#2978=IFCCARTESIANPOINT((0.,0.,0.));
#2979=IFCDIRECTION((0.,0.,1.));
#2980=IFCDIRECTION((1.,0.,0.));
#2981=IFCAXIS2PLACEMENT3D(#2978,#2979,#2980);
#2982=IFCEXTRUDEDAREASOLID(#2977,#2981,#2976,3200.4000000000001);
#2983=IFCSHAPEREPRESENTATION(#11,'Body','SweptSolid',(#2982));
#2984=IFCPRODUCTDEFINITIONSHAPE($,$,(#2983));
#2990=IFCCARTESIANPOINT((15849.6,21031.200000000001,7467.5999999999995));
#2991=IFCDIRECTION((0.,0.,1.));
#2992=IFCDIRECTION((1.,0.,0.));
#2993=IFCAXIS2PLACEMENT3D(#2990,#2991,#2992);
#2994=IFCLOCALPLACEMENT($,#2993);
#2995=IFCWALL('3x7prbTor8Ae$OOAw4s8an',$,'L2|ONEBR_A',$,$,#3016,#3006,$,$);
#2996=IFCCARTESIANPOINTLIST2D(((0.,0.),(0.,150.),(9144.,150.),(9144.,0.),(0.,0.)));
#2997=IFCINDEXEDPOLYCURVE(#2996,$,.F.);
#2998=IFCDIRECTION((0.,0.,1.));
#2999=IFCARBITRARYCLOSEDPROFILEDEF(.AREA.,$,#2997);
#3000=IFCCARTESIANPOINT((0.,0.,0.));
#3001=IFCDIRECTION((0.,0.,1.));
#3002=IFCDIRECTION((1.,0.,0.));
#3003=IFCAXIS2PLACEMENT3D(#3000,#3001,#3002);
#3004=IFCEXTRUDEDAREASOLID(#2999,#3003,#2998,3200.4000000000001);
#3005=IFCSHAPEREPRESENTATION(#11,'Body','SweptSolid',(#3004));
#3006=IFCPRODUCTDEFINITIONSHAPE($,$,(#3005));
#3012=IFCCARTESIANPOINT((15849.6,11887.199999999999,7467.5999999999995));
#3013=IFCDIRECTION((0.,0.,1.));
#3014=IFCDIRECTION((6.123233995736766E-17,1.,0.));
#3015=IFCAXIS2PLACEMENT3D(#3012,#3013,#3014);
#3016=IFCLOCALPLACEMENT($,#3015);
#3017=IFCWALL('1925hWyzbBGgkE67mwiovu',$,'L2|ONEBR_A',$,$,#3038,#3028,$,$);
#3018=IFCCARTESIANPOINTLIST2D(((0.,0.),(0.,150.),(9144.,150.),(9144.,0.),(0.,0.)));
#3019=IFCINDEXEDPOLYCURVE(#3018,$,.F.);
#3020=IFCDIRECTION((0.,0.,1.));
#3021=IFCARBITRARYCLOSEDPROFILEDEF(.AREA.,$,#3019);
#3022=IFCCARTESIANPOINT((0.,0.,0.));
#3023=IFCDIRECTION((0.,0.,1.));
#3024=IFCDIRECTION((1.,0.,0.));
#3025=IFCAXIS2PLACEMENT3D(#3022,#3023,#3024);
#3026=IFCEXTRUDEDAREASOLID(#3021,#3025,#3020,3200.4000000000001);
#3027=IFCSHAPEREPRESENTATION(#11,'Body','SweptSolid',(#3026));
#3028=IFCPRODUCTDEFINITIONSHAPE($,$,(#3027));
#3034=IFCCARTESIANPOINT((26212.799999999999,11887.199999999999,7467.5999999999995));
#3035=IFCDIRECTION((0.,0.,1.));
#3036=IFCDIRECTION((6.123233995736766E-17,1.,0.));
#3037=IFCAXIS2PLACEMENT3D(#3034,#3035,#3036);
#3038=IFCLOCALPLACEMENT($,#3037);
#3039=IFCWALL('0jKxWYj3PB1AMGSWGJhg_S',$,'L2|TWOBR_A',$,$,#3060,#3050,$,$);
#3040=IFCCARTESIANPOINTLIST2D(((0.,0.),(0.,150.),(10972.800000000001,150.),(10972.800000000001,0.),(0.,0.)));
#3041=IFCINDEXEDPOLYCURVE(#3040,$,.F.);
#3042=IFCDIRECTION((0.,0.,1.));
#3043=IFCARBITRARYCLOSEDPROFILEDEF(.AREA.,$,#3041);
#3044=IFCCARTESIANPOINT((0.,0.,0.));
#3045=IFCDIRECTION((0.,0.,1.));
#3046=IFCDIRECTION((1.,0.,0.));
#3047=IFCAXIS2PLACEMENT3D(#3044,#3045,#3046);
#3048=IFCEXTRUDEDAREASOLID(#3043,#3047,#3042,3200.4000000000001);
#3049=IFCSHAPEREPRESENTATION(#11,'Body','SweptSolid',(#3048));
#3050=IFCPRODUCTDEFINITIONSHAPE($,$,(#3049));
#3056=IFCCARTESIANPOINT((29870.399999999998,11887.199999999999,7467.5999999999995));
#3057=IFCDIRECTION((0.,0.,1.));
#3058=IFCDIRECTION((1.,0.,0.));
#3059=IFCAXIS2PLACEMENT3D(#3056,#3057,#3058);
#3060=IFCLOCALPLACEMENT($,#3059);
#3061=IFCWALL('1pJRqSZ2jFCuNkZiKqp$_V',$,'L2|TWOBR_A',$,$,#3082,#3072,$,$);
#3062=IFCCARTESIANPOINTLIST2D(((0.,0.),(0.,150.),(10972.800000000001,150.),(10972.800000000001,0.),(0.,0.)));
#3063=IFCINDEXEDPOLYCURVE(#3062,$,.F.);
#3064=IFCDIRECTION((0.,0.,1.));
#3065=IFCARBITRARYCLOSEDPROFILEDEF(.AREA.,$,#3063);
#3066=IFCCARTESIANPOINT((0.,0.,0.));
#3067=IFCDIRECTION((0.,0.,1.));
#3068=IFCDIRECTION((1.,0.,0.));
#3069=IFCAXIS2PLACEMENT3D(#3066,#3067,#3068);
#3070=IFCEXTRUDEDAREASOLID(#3065,#3069,#3064,3200.4000000000001);
#3071=IFCSHAPEREPRESENTATION(#11,'Body','SweptSolid',(#3070));
#3072=IFCPRODUCTDEFINITIONSHAPE($,$,(#3071));
#3078=IFCCARTESIANPOINT((29870.399999999998,22250.400000000001,7467.5999999999995));
#3079=IFCDIRECTION((0.,0.,1.));
#3080=IFCDIRECTION((1.,0.,0.));
#3081=IFCAXIS2PLACEMENT3D(#3078,#3079,#3080);
#3082=IFCLOCALPLACEMENT($,#3081);
#3083=IFCWALL('3D5WOk_LL0Z86VgIf0i0IA',$,'L2|TWOBR_A',$,$,#3104,#3094,$,$);
#3084=IFCCARTESIANPOINTLIST2D(((0.,0.),(0.,150.),(10363.200000000001,150.),(10363.200000000001,0.),(0.,0.)));
#3085=IFCINDEXEDPOLYCURVE(#3084,$,.F.);
#3086=IFCDIRECTION((0.,0.,1.));
#3087=IFCARBITRARYCLOSEDPROFILEDEF(.AREA.,$,#3085);
#3088=IFCCARTESIANPOINT((0.,0.,0.));
#3089=IFCDIRECTION((0.,0.,1.));
#3090=IFCDIRECTION((1.,0.,0.));
#3091=IFCAXIS2PLACEMENT3D(#3088,#3089,#3090);
#3092=IFCEXTRUDEDAREASOLID(#3087,#3091,#3086,3200.4000000000001);
#3093=IFCSHAPEREPRESENTATION(#11,'Body','SweptSolid',(#3092));
#3094=IFCPRODUCTDEFINITIONSHAPE($,$,(#3093));
#3100=IFCCARTESIANPOINT((29870.399999999998,11887.199999999999,7467.5999999999995));
#3101=IFCDIRECTION((0.,0.,1.));
#3102=IFCDIRECTION((6.123233995736766E-17,1.,0.));
#3103=IFCAXIS2PLACEMENT3D(#3100,#3101,#3102);
#3104=IFCLOCALPLACEMENT($,#3103);
#3105=IFCWALL('21rW5ggcn5gv5$PiG7dGsV',$,'L2|TWOBR_A',$,$,#3126,#3116,$,$);
#3106=IFCCARTESIANPOINTLIST2D(((0.,0.),(0.,150.),(10363.200000000001,150.),(10363.200000000001,0.),(0.,0.)));
#3107=IFCINDEXEDPOLYCURVE(#3106,$,.F.);
#3108=IFCDIRECTION((0.,0.,1.));
#3109=IFCARBITRARYCLOSEDPROFILEDEF(.AREA.,$,#3107);
#3110=IFCCARTESIANPOINT((0.,0.,0.));
#3111=IFCDIRECTION((0.,0.,1.));
#3112=IFCDIRECTION((1.,0.,0.));
#3113=IFCAXIS2PLACEMENT3D(#3110,#3111,#3112);
#3114=IFCEXTRUDEDAREASOLID(#3109,#3113,#3108,3200.4000000000001);
#3115=IFCSHAPEREPRESENTATION(#11,'Body','SweptSolid',(#3114));
#3116=IFCPRODUCTDEFINITIONSHAPE($,$,(#3115));
#3122=IFCCARTESIANPOINT((40843.200000000004,11887.199999999999,7467.5999999999995));
#3123=IFCDIRECTION((0.,0.,1.));
#3124=IFCDIRECTION((6.123233995736766E-17,1.,0.));
#3125=IFCAXIS2PLACEMENT3D(#3122,#3123,#3124);
#3126=IFCLOCALPLACEMENT($,#3125);
#3127=IFCWALL('3GRpGfP3r9KvN0uQBEc7qq',$,'L2|STUDIO_A',$,$,#3148,#3138,$,$);
#3128=IFCCARTESIANPOINTLIST2D(((0.,0.),(0.,150.),(9753.6000000000004,150.),(9753.6000000000004,0.),(0.,0.)));
#3129=IFCINDEXEDPOLYCURVE(#3128,$,.F.);
#3130=IFCDIRECTION((0.,0.,1.));
#3131=IFCARBITRARYCLOSEDPROFILEDEF(.AREA.,$,#3129);
#3132=IFCCARTESIANPOINT((0.,0.,0.));
#3133=IFCDIRECTION((0.,0.,1.));
#3134=IFCDIRECTION((1.,0.,0.));
#3135=IFCAXIS2PLACEMENT3D(#3132,#3133,#3134);
#3136=IFCEXTRUDEDAREASOLID(#3131,#3135,#3130,3200.4000000000001);
#3137=IFCSHAPEREPRESENTATION(#11,'Body','SweptSolid',(#3136));
#3138=IFCPRODUCTDEFINITIONSHAPE($,$,(#3137));
#3144=IFCCARTESIANPOINT((42672.,11887.199999999999,7467.5999999999995));
#3145=IFCDIRECTION((0.,0.,1.));
#3146=IFCDIRECTION((1.,0.,0.));
#3147=IFCAXIS2PLACEMENT3D(#3144,#3145,#3146);
#3148=IFCLOCALPLACEMENT($,#3147);
#3149=IFCWALL('2Maasy5oP3IAYkLttlT6G3',$,'L2|STUDIO_A',$,$,#3170,#3160,$,$);
#3150=IFCCARTESIANPOINTLIST2D(((0.,0.),(0.,150.),(9753.6000000000004,150.),(9753.6000000000004,0.),(0.,0.)));
#3151=IFCINDEXEDPOLYCURVE(#3150,$,.F.);
#3152=IFCDIRECTION((0.,0.,1.));
#3153=IFCARBITRARYCLOSEDPROFILEDEF(.AREA.,$,#3151);
#3154=IFCCARTESIANPOINT((0.,0.,0.));
#3155=IFCDIRECTION((0.,0.,1.));
#3156=IFCDIRECTION((1.,0.,0.));
#3157=IFCAXIS2PLACEMENT3D(#3154,#3155,#3156);
#3158=IFCEXTRUDEDAREASOLID(#3153,#3157,#3152,3200.4000000000001);
#3159=IFCSHAPEREPRESENTATION(#11,'Body','SweptSolid',(#3158));
#3160=IFCPRODUCTDEFINITIONSHAPE($,$,(#3159));
#3166=IFCCARTESIANPOINT((42672.,19812.,7467.5999999999995));
#3167=IFCDIRECTION((0.,0.,1.));
#3168=IFCDIRECTION((1.,0.,0.));
#3169=IFCAXIS2PLACEMENT3D(#3166,#3167,#3168);
#3170=IFCLOCALPLACEMENT($,#3169);
#3171=IFCWALL('2whl3z7Hb0XQM9QE_DSJ5K',$,'L2|STUDIO_A',$,$,#3192,#3182,$,$);
#3172=IFCCARTESIANPOINTLIST2D(((0.,0.),(0.,150.),(7924.8000000000002,150.),(7924.8000000000002,0.),(0.,0.)));
#3173=IFCINDEXEDPOLYCURVE(#3172,$,.F.);
#3174=IFCDIRECTION((0.,0.,1.));
#3175=IFCARBITRARYCLOSEDPROFILEDEF(.AREA.,$,#3173);
#3176=IFCCARTESIANPOINT((0.,0.,0.));
#3177=IFCDIRECTION((0.,0.,1.));
#3178=IFCDIRECTION((1.,0.,0.));
#3179=IFCAXIS2PLACEMENT3D(#3176,#3177,#3178);
#3180=IFCEXTRUDEDAREASOLID(#3175,#3179,#3174,3200.4000000000001);
#3181=IFCSHAPEREPRESENTATION(#11,'Body','SweptSolid',(#3180));
#3182=IFCPRODUCTDEFINITIONSHAPE($,$,(#3181));
#3188=IFCCARTESIANPOINT((42672.,11887.199999999999,7467.5999999999995));
#3189=IFCDIRECTION((0.,0.,1.));
#3190=IFCDIRECTION((6.123233995736766E-17,1.,0.));
#3191=IFCAXIS2PLACEMENT3D(#3188,#3189,#3190);
#3192=IFCLOCALPLACEMENT($,#3191);
#3193=IFCWALL('3$mn2RrOL8g8imRH3fla_h',$,'L2|STUDIO_A',$,$,#3214,#3204,$,$);
#3194=IFCCARTESIANPOINTLIST2D(((0.,0.),(0.,150.),(7924.8000000000002,150.),(7924.8000000000002,0.),(0.,0.)));
#3195=IFCINDEXEDPOLYCURVE(#3194,$,.F.);
#3196=IFCDIRECTION((0.,0.,1.));
#3197=IFCARBITRARYCLOSEDPROFILEDEF(.AREA.,$,#3195);
#3198=IFCCARTESIANPOINT((0.,0.,0.));
#3199=IFCDIRECTION((0.,0.,1.));
#3200=IFCDIRECTION((1.,0.,0.));
#3201=IFCAXIS2PLACEMENT3D(#3198,#3199,#3200);
#3202=IFCEXTRUDEDAREASOLID(#3197,#3201,#3196,3200.4000000000001);
#3203=IFCSHAPEREPRESENTATION(#11,'Body','SweptSolid',(#3202));
#3204=IFCPRODUCTDEFINITIONSHAPE($,$,(#3203));
#3210=IFCCARTESIANPOINT((52425.599999999999,11887.199999999999,7467.5999999999995));
#3211=IFCDIRECTION((0.,0.,1.));
#3212=IFCDIRECTION((6.123233995736766E-17,1.,0.));
#3213=IFCAXIS2PLACEMENT3D(#3210,#3211,#3212);
#3214=IFCLOCALPLACEMENT($,#3213);
#3215=IFCWALL('3i8cuw0r53avaCeVFcU7BC',$,'L2|ONEBR_A',$,$,#3236,#3226,$,$);
#3216=IFCCARTESIANPOINTLIST2D(((0.,0.),(0.,150.),(10363.200000000001,150.),(10363.200000000001,0.),(0.,0.)));
#3217=IFCINDEXEDPOLYCURVE(#3216,$,.F.);
#3218=IFCDIRECTION((0.,0.,1.));
#3219=IFCARBITRARYCLOSEDPROFILEDEF(.AREA.,$,#3217);
#3220=IFCCARTESIANPOINT((0.,0.,0.));
#3221=IFCDIRECTION((0.,0.,1.));
#3222=IFCDIRECTION((1.,0.,0.));
#3223=IFCAXIS2PLACEMENT3D(#3220,#3221,#3222);
#3224=IFCEXTRUDEDAREASOLID(#3219,#3223,#3218,3200.4000000000001);
#3225=IFCSHAPEREPRESENTATION(#11,'Body','SweptSolid',(#3224));
#3226=IFCPRODUCTDEFINITIONSHAPE($,$,(#3225));
#3232=IFCCARTESIANPOINT((42672.,19812.,7467.5999999999995));
#3233=IFCDIRECTION((0.,0.,1.));
#3234=IFCDIRECTION((1.,0.,0.));
#3235=IFCAXIS2PLACEMENT3D(#3232,#3233,#3234);
#3236=IFCLOCALPLACEMENT($,#3235);
#3237=IFCWALL('2RKbKpTzn6pvpiA_ehw_hH',$,'L2|ONEBR_A',$,$,#3258,#3248,$,$);
#3238=IFCCARTESIANPOINTLIST2D(((0.,0.),(0.,150.),(10363.200000000001,150.),(10363.200000000001,0.),(0.,0.)));
#3239=IFCINDEXEDPOLYCURVE(#3238,$,.F.);
#3240=IFCDIRECTION((0.,0.,1.));
#3241=IFCARBITRARYCLOSEDPROFILEDEF(.AREA.,$,#3239);
#3242=IFCCARTESIANPOINT((0.,0.,0.));
#3243=IFCDIRECTION((0.,0.,1.));
#3244=IFCDIRECTION((1.,0.,0.));
#3245=IFCAXIS2PLACEMENT3D(#3242,#3243,#3244);
#3246=IFCEXTRUDEDAREASOLID(#3241,#3245,#3240,3200.4000000000001);
#3247=IFCSHAPEREPRESENTATION(#11,'Body','SweptSolid',(#3246));
#3248=IFCPRODUCTDEFINITIONSHAPE($,$,(#3247));
#3254=IFCCARTESIANPOINT((42672.,28956.000000000004,7467.5999999999995));
#3255=IFCDIRECTION((0.,0.,1.));
#3256=IFCDIRECTION((1.,0.,0.));
#3257=IFCAXIS2PLACEMENT3D(#3254,#3255,#3256);
#3258=IFCLOCALPLACEMENT($,#3257);
#3259=IFCWALL('3zPK631a5A$hAb3mSl8EUc',$,'L2|ONEBR_A',$,$,#3280,#3270,$,$);
#3260=IFCCARTESIANPOINTLIST2D(((0.,0.),(0.,150.),(9144.,150.),(9144.,0.),(0.,0.)));
#3261=IFCINDEXEDPOLYCURVE(#3260,$,.F.);
#3262=IFCDIRECTION((0.,0.,1.));
#3263=IFCARBITRARYCLOSEDPROFILEDEF(.AREA.,$,#3261);
#3264=IFCCARTESIANPOINT((0.,0.,0.));
#3265=IFCDIRECTION((0.,0.,1.));
#3266=IFCDIRECTION((1.,0.,0.));
#3267=IFCAXIS2PLACEMENT3D(#3264,#3265,#3266);
#3268=IFCEXTRUDEDAREASOLID(#3263,#3267,#3262,3200.4000000000001);
#3269=IFCSHAPEREPRESENTATION(#11,'Body','SweptSolid',(#3268));
#3270=IFCPRODUCTDEFINITIONSHAPE($,$,(#3269));
#3276=IFCCARTESIANPOINT((42672.,19812.,7467.5999999999995));
#3277=IFCDIRECTION((0.,0.,1.));
#3278=IFCDIRECTION((6.123233995736766E-17,1.,0.));
#3279=IFCAXIS2PLACEMENT3D(#3276,#3277,#3278);
#3280=IFCLOCALPLACEMENT($,#3279);
#3281=IFCWALL('3nSz0T3RHAWwbOIm$lCT9J',$,'L2|ONEBR_A',$,$,#3302,#3292,$,$);
#3282=IFCCARTESIANPOINTLIST2D(((0.,0.),(0.,150.),(9144.,150.),(9144.,0.),(0.,0.)));
#3283=IFCINDEXEDPOLYCURVE(#3282,$,.F.);
#3284=IFCDIRECTION((0.,0.,1.));
#3285=IFCARBITRARYCLOSEDPROFILEDEF(.AREA.,$,#3283);
#3286=IFCCARTESIANPOINT((0.,0.,0.));
#3287=IFCDIRECTION((0.,0.,1.));
#3288=IFCDIRECTION((1.,0.,0.));
#3289=IFCAXIS2PLACEMENT3D(#3286,#3287,#3288);
#3290=IFCEXTRUDEDAREASOLID(#3285,#3289,#3284,3200.4000000000001);
#3291=IFCSHAPEREPRESENTATION(#11,'Body','SweptSolid',(#3290));
#3292=IFCPRODUCTDEFINITIONSHAPE($,$,(#3291));
#3298=IFCCARTESIANPOINT((53035.200000000004,19812.,7467.5999999999995));
#3299=IFCDIRECTION((0.,0.,1.));
#3300=IFCDIRECTION((6.123233995736766E-17,1.,0.));
#3301=IFCAXIS2PLACEMENT3D(#3298,#3299,#3300);
#3302=IFCLOCALPLACEMENT($,#3301);
#3303=IFCWALL('2T$BQhYjPB0ATjZFDng7a0',$,'L2|ONEBR_A',$,$,#3324,#3314,$,$);
#3304=IFCCARTESIANPOINTLIST2D(((0.,0.),(0.,150.),(10363.200000000001,150.),(10363.200000000001,0.),(0.,0.)));
#3305=IFCINDEXEDPOLYCURVE(#3304,$,.F.);
#3306=IFCDIRECTION((0.,0.,1.));
#3307=IFCARBITRARYCLOSEDPROFILEDEF(.AREA.,$,#3305);
#3308=IFCCARTESIANPOINT((0.,0.,0.));
#3309=IFCDIRECTION((0.,0.,1.));
#3310=IFCDIRECTION((1.,0.,0.));
#3311=IFCAXIS2PLACEMENT3D(#3308,#3309,#3310);
#3312=IFCEXTRUDEDAREASOLID(#3307,#3311,#3306,3200.4000000000001);
#3313=IFCSHAPEREPRESENTATION(#11,'Body','SweptSolid',(#3312));
#3314=IFCPRODUCTDEFINITIONSHAPE($,$,(#3313));
#3320=IFCCARTESIANPOINT((15849.6,21031.200000000001,7467.5999999999995));
#3321=IFCDIRECTION((0.,0.,1.));
#3322=IFCDIRECTION((1.,0.,0.));
#3323=IFCAXIS2PLACEMENT3D(#3320,#3321,#3322);
#3324=IFCLOCALPLACEMENT($,#3323);
#3325=IFCWALL('3To1o3ILD2OfK3H4exrwII',$,'L2|ONEBR_A',$,$,#3346,#3336,$,$);
#3326=IFCCARTESIANPOINTLIST2D(((0.,0.),(0.,150.),(10363.200000000001,150.),(10363.200000000001,0.),(0.,0.)));
#3327=IFCINDEXEDPOLYCURVE(#3326,$,.F.);
#3328=IFCDIRECTION((0.,0.,1.));
#3329=IFCARBITRARYCLOSEDPROFILEDEF(.AREA.,$,#3327);
#3330=IFCCARTESIANPOINT((0.,0.,0.));
#3331=IFCDIRECTION((0.,0.,1.));
#3332=IFCDIRECTION((1.,0.,0.));
#3333=IFCAXIS2PLACEMENT3D(#3330,#3331,#3332);
#3334=IFCEXTRUDEDAREASOLID(#3329,#3333,#3328,3200.4000000000001);
#3335=IFCSHAPEREPRESENTATION(#11,'Body','SweptSolid',(#3334));
#3336=IFCPRODUCTDEFINITIONSHAPE($,$,(#3335));
#3342=IFCCARTESIANPOINT((15849.6,30175.200000000001,7467.5999999999995));
#3343=IFCDIRECTION((0.,0.,1.));
#3344=IFCDIRECTION((1.,0.,0.));
#3345=IFCAXIS2PLACEMENT3D(#3342,#3343,#3344);
#3346=IFCLOCALPLACEMENT($,#3345);
#3347=IFCWALL('3fQuSAsfP11BpvzqXRwLDJ',$,'L2|ONEBR_A',$,$,#3368,#3358,$,$);
#3348=IFCCARTESIANPOINTLIST2D(((0.,0.),(0.,150.),(9144.,150.),(9144.,0.),(0.,0.)));
#3349=IFCINDEXEDPOLYCURVE(#3348,$,.F.);
#3350=IFCDIRECTION((0.,0.,1.));
#3351=IFCARBITRARYCLOSEDPROFILEDEF(.AREA.,$,#3349);
#3352=IFCCARTESIANPOINT((0.,0.,0.));
#3353=IFCDIRECTION((0.,0.,1.));
#3354=IFCDIRECTION((1.,0.,0.));
#3355=IFCAXIS2PLACEMENT3D(#3352,#3353,#3354);
#3356=IFCEXTRUDEDAREASOLID(#3351,#3355,#3350,3200.4000000000001);
#3357=IFCSHAPEREPRESENTATION(#11,'Body','SweptSolid',(#3356));
#3358=IFCPRODUCTDEFINITIONSHAPE($,$,(#3357));
#3364=IFCCARTESIANPOINT((15849.6,21031.200000000001,7467.5999999999995));
#3365=IFCDIRECTION((0.,0.,1.));
#3366=IFCDIRECTION((6.123233995736766E-17,1.,0.));
#3367=IFCAXIS2PLACEMENT3D(#3364,#3365,#3366);
#3368=IFCLOCALPLACEMENT($,#3367);
#3369=IFCWALL('32MBGTxk9FXAriBG6Vxhp_',$,'L2|ONEBR_A',$,$,#3390,#3380,$,$);
#3370=IFCCARTESIANPOINTLIST2D(((0.,0.),(0.,150.),(9144.,150.),(9144.,0.),(0.,0.)));
#3371=IFCINDEXEDPOLYCURVE(#3370,$,.F.);
#3372=IFCDIRECTION((0.,0.,1.));
#3373=IFCARBITRARYCLOSEDPROFILEDEF(.AREA.,$,#3371);
#3374=IFCCARTESIANPOINT((0.,0.,0.));
#3375=IFCDIRECTION((0.,0.,1.));
#3376=IFCDIRECTION((1.,0.,0.));
#3377=IFCAXIS2PLACEMENT3D(#3374,#3375,#3376);
#3378=IFCEXTRUDEDAREASOLID(#3373,#3377,#3372,3200.4000000000001);
#3379=IFCSHAPEREPRESENTATION(#11,'Body','SweptSolid',(#3378));
#3380=IFCPRODUCTDEFINITIONSHAPE($,$,(#3379));
#3386=IFCCARTESIANPOINT((26212.799999999999,21031.200000000001,7467.5999999999995));
#3387=IFCDIRECTION((0.,0.,1.));
#3388=IFCDIRECTION((6.123233995736766E-17,1.,0.));
#3389=IFCAXIS2PLACEMENT3D(#3386,#3387,#3388);
#3390=IFCLOCALPLACEMENT($,#3389);
#3391=IFCWALL('00me_Oz8z23Pn4TWGBXzlF',$,'L2|TWOBR_A',$,$,#3412,#3402,$,$);
#3392=IFCCARTESIANPOINTLIST2D(((0.,0.),(0.,150.),(10972.800000000001,150.),(10972.800000000001,0.),(0.,0.)));
#3393=IFCINDEXEDPOLYCURVE(#3392,$,.F.);
#3394=IFCDIRECTION((0.,0.,1.));
#3395=IFCARBITRARYCLOSEDPROFILEDEF(.AREA.,$,#3393);
#3396=IFCCARTESIANPOINT((0.,0.,0.));
#3397=IFCDIRECTION((0.,0.,1.));
#3398=IFCDIRECTION((1.,0.,0.));
#3399=IFCAXIS2PLACEMENT3D(#3396,#3397,#3398);
#3400=IFCEXTRUDEDAREASOLID(#3395,#3399,#3394,3200.4000000000001);
#3401=IFCSHAPEREPRESENTATION(#11,'Body','SweptSolid',(#3400));
#3402=IFCPRODUCTDEFINITIONSHAPE($,$,(#3401));
#3408=IFCCARTESIANPOINT((3048.,22250.400000000001,7467.5999999999995));
#3409=IFCDIRECTION((0.,0.,1.));
#3410=IFCDIRECTION((1.,0.,0.));
#3411=IFCAXIS2PLACEMENT3D(#3408,#3409,#3410);
#3412=IFCLOCALPLACEMENT($,#3411);
#3413=IFCWALL('3AwqL7uMf7DPwdkTTtWwo2',$,'L2|TWOBR_A',$,$,#3434,#3424,$,$);
#3414=IFCCARTESIANPOINTLIST2D(((0.,0.),(0.,150.),(10972.800000000001,150.),(10972.800000000001,0.),(0.,0.)));
#3415=IFCINDEXEDPOLYCURVE(#3414,$,.F.);
#3416=IFCDIRECTION((0.,0.,1.));
#3417=IFCARBITRARYCLOSEDPROFILEDEF(.AREA.,$,#3415);
#3418=IFCCARTESIANPOINT((0.,0.,0.));
#3419=IFCDIRECTION((0.,0.,1.));
#3420=IFCDIRECTION((1.,0.,0.));
#3421=IFCAXIS2PLACEMENT3D(#3418,#3419,#3420);
#3422=IFCEXTRUDEDAREASOLID(#3417,#3421,#3416,3200.4000000000001);
#3423=IFCSHAPEREPRESENTATION(#11,'Body','SweptSolid',(#3422));
#3424=IFCPRODUCTDEFINITIONSHAPE($,$,(#3423));
#3430=IFCCARTESIANPOINT((3048.,32613.599999999999,7467.5999999999995));
#3431=IFCDIRECTION((0.,0.,1.));
#3432=IFCDIRECTION((1.,0.,0.));
#3433=IFCAXIS2PLACEMENT3D(#3430,#3431,#3432);
#3434=IFCLOCALPLACEMENT($,#3433);
#3435=IFCWALL('3TgZWHVwz7JwvfZWFXFV5o',$,'L2|TWOBR_A',$,$,#3456,#3446,$,$);
#3436=IFCCARTESIANPOINTLIST2D(((0.,0.),(0.,150.),(10363.200000000001,150.),(10363.200000000001,0.),(0.,0.)));
#3437=IFCINDEXEDPOLYCURVE(#3436,$,.F.);
#3438=IFCDIRECTION((0.,0.,1.));
#3439=IFCARBITRARYCLOSEDPROFILEDEF(.AREA.,$,#3437);
#3440=IFCCARTESIANPOINT((0.,0.,0.));
#3441=IFCDIRECTION((0.,0.,1.));
#3442=IFCDIRECTION((1.,0.,0.));
#3443=IFCAXIS2PLACEMENT3D(#3440,#3441,#3442);
#3444=IFCEXTRUDEDAREASOLID(#3439,#3443,#3438,3200.4000000000001);
#3445=IFCSHAPEREPRESENTATION(#11,'Body','SweptSolid',(#3444));
#3446=IFCPRODUCTDEFINITIONSHAPE($,$,(#3445));
#3452=IFCCARTESIANPOINT((3048.,22250.400000000001,7467.5999999999995));
#3453=IFCDIRECTION((0.,0.,1.));
#3454=IFCDIRECTION((6.123233995736766E-17,1.,0.));
#3455=IFCAXIS2PLACEMENT3D(#3452,#3453,#3454);
#3456=IFCLOCALPLACEMENT($,#3455);
#3457=IFCWALL('30Ah52uDPBdhTMiHdFpD6j',$,'L2|TWOBR_A',$,$,#3478,#3468,$,$);
#3458=IFCCARTESIANPOINTLIST2D(((0.,0.),(0.,150.),(10363.200000000001,150.),(10363.200000000001,0.),(0.,0.)));
#3459=IFCINDEXEDPOLYCURVE(#3458,$,.F.);
#3460=IFCDIRECTION((0.,0.,1.));
#3461=IFCARBITRARYCLOSEDPROFILEDEF(.AREA.,$,#3459);
#3462=IFCCARTESIANPOINT((0.,0.,0.));
#3463=IFCDIRECTION((0.,0.,1.));
#3464=IFCDIRECTION((1.,0.,0.));
#3465=IFCAXIS2PLACEMENT3D(#3462,#3463,#3464);
#3466=IFCEXTRUDEDAREASOLID(#3461,#3465,#3460,3200.4000000000001);
#3467=IFCSHAPEREPRESENTATION(#11,'Body','SweptSolid',(#3466));
#3468=IFCPRODUCTDEFINITIONSHAPE($,$,(#3467));
#3474=IFCCARTESIANPOINT((14020.800000000001,22250.400000000001,7467.5999999999995));
#3475=IFCDIRECTION((0.,0.,1.));
#3476=IFCDIRECTION((6.123233995736766E-17,1.,0.));
#3477=IFCAXIS2PLACEMENT3D(#3474,#3475,#3476);
#3478=IFCLOCALPLACEMENT($,#3477);
#3479=IFCWALL('3N1YlqejT6Dea6BnHEnpT4',$,'L2|STUDIO_A',$,$,#3500,#3490,$,$);
#3480=IFCCARTESIANPOINTLIST2D(((0.,0.),(0.,150.),(9753.6000000000004,150.),(9753.6000000000004,0.),(0.,0.)));
#3481=IFCINDEXEDPOLYCURVE(#3480,$,.F.);
#3482=IFCDIRECTION((0.,0.,1.));
#3483=IFCARBITRARYCLOSEDPROFILEDEF(.AREA.,$,#3481);
#3484=IFCCARTESIANPOINT((0.,0.,0.));
#3485=IFCDIRECTION((0.,0.,1.));
#3486=IFCDIRECTION((1.,0.,0.));
#3487=IFCAXIS2PLACEMENT3D(#3484,#3485,#3486);
#3488=IFCEXTRUDEDAREASOLID(#3483,#3487,#3482,3200.4000000000001);
#3489=IFCSHAPEREPRESENTATION(#11,'Body','SweptSolid',(#3488));
#3490=IFCPRODUCTDEFINITIONSHAPE($,$,(#3489));
#3496=IFCCARTESIANPOINT((31089.599999999999,22250.400000000001,7467.5999999999995));
#3497=IFCDIRECTION((0.,0.,1.));
#3498=IFCDIRECTION((1.,0.,0.));
#3499=IFCAXIS2PLACEMENT3D(#3496,#3497,#3498);
#3500=IFCLOCALPLACEMENT($,#3499);
#3501=IFCWALL('2PHVu9lUTF4vpXxKPRori6',$,'L2|STUDIO_A',$,$,#3522,#3512,$,$);
#3502=IFCCARTESIANPOINTLIST2D(((0.,0.),(0.,150.),(9753.6000000000004,150.),(9753.6000000000004,0.),(0.,0.)));
#3503=IFCINDEXEDPOLYCURVE(#3502,$,.F.);
#3504=IFCDIRECTION((0.,0.,1.));
#3505=IFCARBITRARYCLOSEDPROFILEDEF(.AREA.,$,#3503);
#3506=IFCCARTESIANPOINT((0.,0.,0.));
#3507=IFCDIRECTION((0.,0.,1.));
#3508=IFCDIRECTION((1.,0.,0.));
#3509=IFCAXIS2PLACEMENT3D(#3506,#3507,#3508);
#3510=IFCEXTRUDEDAREASOLID(#3505,#3509,#3504,3200.4000000000001);
#3511=IFCSHAPEREPRESENTATION(#11,'Body','SweptSolid',(#3510));
#3512=IFCPRODUCTDEFINITIONSHAPE($,$,(#3511));
#3518=IFCCARTESIANPOINT((31089.599999999999,30175.200000000001,7467.5999999999995));
#3519=IFCDIRECTION((0.,0.,1.));
#3520=IFCDIRECTION((1.,0.,0.));
#3521=IFCAXIS2PLACEMENT3D(#3518,#3519,#3520);
#3522=IFCLOCALPLACEMENT($,#3521);
#3523=IFCWALL('2phY0Ws7TF0e0HFYSLZREc',$,'L2|STUDIO_A',$,$,#3544,#3534,$,$);
#3524=IFCCARTESIANPOINTLIST2D(((0.,0.),(0.,150.),(7924.8000000000002,150.),(7924.8000000000002,0.),(0.,0.)));
#3525=IFCINDEXEDPOLYCURVE(#3524,$,.F.);
#3526=IFCDIRECTION((0.,0.,1.));
#3527=IFCARBITRARYCLOSEDPROFILEDEF(.AREA.,$,#3525);
#3528=IFCCARTESIANPOINT((0.,0.,0.));
#3529=IFCDIRECTION((0.,0.,1.));
#3530=IFCDIRECTION((1.,0.,0.));
#3531=IFCAXIS2PLACEMENT3D(#3528,#3529,#3530);
#3532=IFCEXTRUDEDAREASOLID(#3527,#3531,#3526,3200.4000000000001);
#3533=IFCSHAPEREPRESENTATION(#11,'Body','SweptSolid',(#3532));
#3534=IFCPRODUCTDEFINITIONSHAPE($,$,(#3533));
#3540=IFCCARTESIANPOINT((31089.599999999999,22250.400000000001,7467.5999999999995));
#3541=IFCDIRECTION((0.,0.,1.));
#3542=IFCDIRECTION((6.123233995736766E-17,1.,0.));
#3543=IFCAXIS2PLACEMENT3D(#3540,#3541,#3542);
#3544=IFCLOCALPLACEMENT($,#3543);
#3545=IFCWALL('0CvY09x4bAIOBI1sofcK$z',$,'L2|STUDIO_A',$,$,#3566,#3556,$,$);
#3546=IFCCARTESIANPOINTLIST2D(((0.,0.),(0.,150.),(7924.8000000000002,150.),(7924.8000000000002,0.),(0.,0.)));
#3547=IFCINDEXEDPOLYCURVE(#3546,$,.F.);
#3548=IFCDIRECTION((0.,0.,1.));
#3549=IFCARBITRARYCLOSEDPROFILEDEF(.AREA.,$,#3547);
#3550=IFCCARTESIANPOINT((0.,0.,0.));
#3551=IFCDIRECTION((0.,0.,1.));
#3552=IFCDIRECTION((1.,0.,0.));
#3553=IFCAXIS2PLACEMENT3D(#3550,#3551,#3552);
#3554=IFCEXTRUDEDAREASOLID(#3549,#3553,#3548,3200.4000000000001);
#3555=IFCSHAPEREPRESENTATION(#11,'Body','SweptSolid',(#3554));
#3556=IFCPRODUCTDEFINITIONSHAPE($,$,(#3555));
#3562=IFCCARTESIANPOINT((40843.200000000004,22250.400000000001,7467.5999999999995));
#3563=IFCDIRECTION((0.,0.,1.));
#3564=IFCDIRECTION((6.123233995736766E-17,1.,0.));
#3565=IFCAXIS2PLACEMENT3D(#3562,#3563,#3564);
#3566=IFCLOCALPLACEMENT($,#3565);
#3567=IFCWALL('0ll0FphK9AXex2$AxT$O1M',$,'L2|ONEBR_A',$,$,#3588,#3578,$,$);
#3568=IFCCARTESIANPOINTLIST2D(((0.,0.),(0.,150.),(10363.200000000001,150.),(10363.200000000001,0.),(0.,0.)));
#3569=IFCINDEXEDPOLYCURVE(#3568,$,.F.);
#3570=IFCDIRECTION((0.,0.,1.));
#3571=IFCARBITRARYCLOSEDPROFILEDEF(.AREA.,$,#3569);
#3572=IFCCARTESIANPOINT((0.,0.,0.));
#3573=IFCDIRECTION((0.,0.,1.));
#3574=IFCDIRECTION((1.,0.,0.));
#3575=IFCAXIS2PLACEMENT3D(#3572,#3573,#3574);
#3576=IFCEXTRUDEDAREASOLID(#3571,#3575,#3570,3200.4000000000001);
#3577=IFCSHAPEREPRESENTATION(#11,'Body','SweptSolid',(#3576));
#3578=IFCPRODUCTDEFINITIONSHAPE($,$,(#3577));
#3584=IFCCARTESIANPOINT((42672.,28956.000000000004,7467.5999999999995));
#3585=IFCDIRECTION((0.,0.,1.));
#3586=IFCDIRECTION((1.,0.,0.));
#3587=IFCAXIS2PLACEMENT3D(#3584,#3585,#3586);
#3588=IFCLOCALPLACEMENT($,#3587);
#3589=IFCWALL('0l_$5En4PD4vAWiiUHH3my',$,'L2|ONEBR_A',$,$,#3610,#3600,$,$);
#3590=IFCCARTESIANPOINTLIST2D(((0.,0.),(0.,150.),(10363.200000000001,150.),(10363.200000000001,0.),(0.,0.)));
#3591=IFCINDEXEDPOLYCURVE(#3590,$,.F.);
#3592=IFCDIRECTION((0.,0.,1.));
#3593=IFCARBITRARYCLOSEDPROFILEDEF(.AREA.,$,#3591);
#3594=IFCCARTESIANPOINT((0.,0.,0.));
#3595=IFCDIRECTION((0.,0.,1.));
#3596=IFCDIRECTION((1.,0.,0.));
#3597=IFCAXIS2PLACEMENT3D(#3594,#3595,#3596);
#3598=IFCEXTRUDEDAREASOLID(#3593,#3597,#3592,3200.4000000000001);
#3599=IFCSHAPEREPRESENTATION(#11,'Body','SweptSolid',(#3598));
#3600=IFCPRODUCTDEFINITIONSHAPE($,$,(#3599));
#3606=IFCCARTESIANPOINT((42672.,38100.,7467.5999999999995));
#3607=IFCDIRECTION((0.,0.,1.));
#3608=IFCDIRECTION((1.,0.,0.));
#3609=IFCAXIS2PLACEMENT3D(#3606,#3607,#3608);
#3610=IFCLOCALPLACEMENT($,#3609);
#3611=IFCWALL('0lY8LdmnD3HuoxasZKEvYv',$,'L2|ONEBR_A',$,$,#3632,#3622,$,$);
#3612=IFCCARTESIANPOINTLIST2D(((0.,0.),(0.,150.),(9144.,150.),(9144.,0.),(0.,0.)));
#3613=IFCINDEXEDPOLYCURVE(#3612,$,.F.);
#3614=IFCDIRECTION((0.,0.,1.));
#3615=IFCARBITRARYCLOSEDPROFILEDEF(.AREA.,$,#3613);
#3616=IFCCARTESIANPOINT((0.,0.,0.));
#3617=IFCDIRECTION((0.,0.,1.));
#3618=IFCDIRECTION((1.,0.,0.));
#3619=IFCAXIS2PLACEMENT3D(#3616,#3617,#3618);
#3620=IFCEXTRUDEDAREASOLID(#3615,#3619,#3614,3200.4000000000001);
#3621=IFCSHAPEREPRESENTATION(#11,'Body','SweptSolid',(#3620));
#3622=IFCPRODUCTDEFINITIONSHAPE($,$,(#3621));
#3628=IFCCARTESIANPOINT((42672.,28956.000000000004,7467.5999999999995));
#3629=IFCDIRECTION((0.,0.,1.));
#3630=IFCDIRECTION((6.123233995736766E-17,1.,0.));
#3631=IFCAXIS2PLACEMENT3D(#3628,#3629,#3630);
#3632=IFCLOCALPLACEMENT($,#3631);
#3633=IFCWALL('0xPs4B7v1BHOVDYOJCOmSf',$,'L2|ONEBR_A',$,$,#3654,#3644,$,$);
#3634=IFCCARTESIANPOINTLIST2D(((0.,0.),(0.,150.),(9144.,150.),(9144.,0.),(0.,0.)));
#3635=IFCINDEXEDPOLYCURVE(#3634,$,.F.);
#3636=IFCDIRECTION((0.,0.,1.));
#3637=IFCARBITRARYCLOSEDPROFILEDEF(.AREA.,$,#3635);
#3638=IFCCARTESIANPOINT((0.,0.,0.));
#3639=IFCDIRECTION((0.,0.,1.));
#3640=IFCDIRECTION((1.,0.,0.));
#3641=IFCAXIS2PLACEMENT3D(#3638,#3639,#3640);
#3642=IFCEXTRUDEDAREASOLID(#3637,#3641,#3636,3200.4000000000001);
#3643=IFCSHAPEREPRESENTATION(#11,'Body','SweptSolid',(#3642));
#3644=IFCPRODUCTDEFINITIONSHAPE($,$,(#3643));
#3650=IFCCARTESIANPOINT((53035.200000000004,28956.000000000004,7467.5999999999995));
#3651=IFCDIRECTION((0.,0.,1.));
#3652=IFCDIRECTION((6.123233995736766E-17,1.,0.));
#3653=IFCAXIS2PLACEMENT3D(#3650,#3651,#3652);
#3654=IFCLOCALPLACEMENT($,#3653);
#3655=IFCWALL('0TwCVYTBH7PPjvC7ete0xZ',$,'L2|TWOBR_A',$,$,#3676,#3666,$,$);
#3656=IFCCARTESIANPOINTLIST2D(((0.,0.),(0.,150.),(10972.800000000001,150.),(10972.800000000001,0.),(0.,0.)));
#3657=IFCINDEXEDPOLYCURVE(#3656,$,.F.);
#3658=IFCDIRECTION((0.,0.,1.));
#3659=IFCARBITRARYCLOSEDPROFILEDEF(.AREA.,$,#3657);
#3660=IFCCARTESIANPOINT((0.,0.,0.));
#3661=IFCDIRECTION((0.,0.,1.));
#3662=IFCDIRECTION((1.,0.,0.));
#3663=IFCAXIS2PLACEMENT3D(#3660,#3661,#3662);
#3664=IFCEXTRUDEDAREASOLID(#3659,#3663,#3658,3200.4000000000001);
#3665=IFCSHAPEREPRESENTATION(#11,'Body','SweptSolid',(#3664));
#3666=IFCPRODUCTDEFINITIONSHAPE($,$,(#3665));
#3672=IFCCARTESIANPOINT((15849.6,30175.200000000001,7467.5999999999995));
#3673=IFCDIRECTION((0.,0.,1.));
#3674=IFCDIRECTION((1.,0.,0.));
#3675=IFCAXIS2PLACEMENT3D(#3672,#3673,#3674);
#3676=IFCLOCALPLACEMENT($,#3675);
#3677=IFCWALL('2DdfYg4Qr6q9YlKDHLmr0Q',$,'L2|TWOBR_A',$,$,#3698,#3688,$,$);
#3678=IFCCARTESIANPOINTLIST2D(((0.,0.),(0.,150.),(10972.800000000001,150.),(10972.800000000001,0.),(0.,0.)));
#3679=IFCINDEXEDPOLYCURVE(#3678,$,.F.);
#3680=IFCDIRECTION((0.,0.,1.));
#3681=IFCARBITRARYCLOSEDPROFILEDEF(.AREA.,$,#3679);
#3682=IFCCARTESIANPOINT((0.,0.,0.));
#3683=IFCDIRECTION((0.,0.,1.));
#3684=IFCDIRECTION((1.,0.,0.));
#3685=IFCAXIS2PLACEMENT3D(#3682,#3683,#3684);
#3686=IFCEXTRUDEDAREASOLID(#3681,#3685,#3680,3200.4000000000001);
#3687=IFCSHAPEREPRESENTATION(#11,'Body','SweptSolid',(#3686));
#3688=IFCPRODUCTDEFINITIONSHAPE($,$,(#3687));
#3694=IFCCARTESIANPOINT((15849.6,40538.400000000001,7467.5999999999995));
#3695=IFCDIRECTION((0.,0.,1.));
#3696=IFCDIRECTION((1.,0.,0.));
#3697=IFCAXIS2PLACEMENT3D(#3694,#3695,#3696);
#3698=IFCLOCALPLACEMENT($,#3697);
#3699=IFCWALL('2mA9p039TFWxbaRpcksZqs',$,'L2|TWOBR_A',$,$,#3720,#3710,$,$);
#3700=IFCCARTESIANPOINTLIST2D(((0.,0.),(0.,150.),(10363.200000000001,150.),(10363.200000000001,0.),(0.,0.)));
#3701=IFCINDEXEDPOLYCURVE(#3700,$,.F.);
#3702=IFCDIRECTION((0.,0.,1.));
#3703=IFCARBITRARYCLOSEDPROFILEDEF(.AREA.,$,#3701);
#3704=IFCCARTESIANPOINT((0.,0.,0.));
#3705=IFCDIRECTION((0.,0.,1.));
#3706=IFCDIRECTION((1.,0.,0.));
#3707=IFCAXIS2PLACEMENT3D(#3704,#3705,#3706);
#3708=IFCEXTRUDEDAREASOLID(#3703,#3707,#3702,3200.4000000000001);
#3709=IFCSHAPEREPRESENTATION(#11,'Body','SweptSolid',(#3708));
#3710=IFCPRODUCTDEFINITIONSHAPE($,$,(#3709));
#3716=IFCCARTESIANPOINT((15849.6,30175.200000000001,7467.5999999999995));
#3717=IFCDIRECTION((0.,0.,1.));
#3718=IFCDIRECTION((6.123233995736766E-17,1.,0.));
#3719=IFCAXIS2PLACEMENT3D(#3716,#3717,#3718);
#3720=IFCLOCALPLACEMENT($,#3719);
#3721=IFCWALL('1Q90me1QL8ZeY_t1ABSfKy',$,'L2|TWOBR_A',$,$,#3742,#3732,$,$);
#3722=IFCCARTESIANPOINTLIST2D(((0.,0.),(0.,150.),(10363.200000000001,150.),(10363.200000000001,0.),(0.,0.)));
#3723=IFCINDEXEDPOLYCURVE(#3722,$,.F.);
#3724=IFCDIRECTION((0.,0.,1.));
#3725=IFCARBITRARYCLOSEDPROFILEDEF(.AREA.,$,#3723);
#3726=IFCCARTESIANPOINT((0.,0.,0.));
#3727=IFCDIRECTION((0.,0.,1.));
#3728=IFCDIRECTION((1.,0.,0.));
#3729=IFCAXIS2PLACEMENT3D(#3726,#3727,#3728);
#3730=IFCEXTRUDEDAREASOLID(#3725,#3729,#3724,3200.4000000000001);
#3731=IFCSHAPEREPRESENTATION(#11,'Body','SweptSolid',(#3730));
#3732=IFCPRODUCTDEFINITIONSHAPE($,$,(#3731));
#3738=IFCCARTESIANPOINT((26822.400000000001,30175.200000000001,7467.5999999999995));
#3739=IFCDIRECTION((0.,0.,1.));
#3740=IFCDIRECTION((6.123233995736766E-17,1.,0.));
#3741=IFCAXIS2PLACEMENT3D(#3738,#3739,#3740);
#3742=IFCLOCALPLACEMENT($,#3741);
#3743=IFCWALL('2ojAjp5oHAY9t0EgcbASZ3',$,'L2|ONEBR_A',$,$,#3764,#3754,$,$);
#3744=IFCCARTESIANPOINTLIST2D(((0.,0.),(0.,150.),(10363.200000000001,150.),(10363.200000000001,0.),(0.,0.)));
#3745=IFCINDEXEDPOLYCURVE(#3744,$,.F.);
#3746=IFCDIRECTION((0.,0.,1.));
#3747=IFCARBITRARYCLOSEDPROFILEDEF(.AREA.,$,#3745);
#3748=IFCCARTESIANPOINT((0.,0.,0.));
#3749=IFCDIRECTION((0.,0.,1.));
#3750=IFCDIRECTION((1.,0.,0.));
#3751=IFCAXIS2PLACEMENT3D(#3748,#3749,#3750);
#3752=IFCEXTRUDEDAREASOLID(#3747,#3751,#3746,3200.4000000000001);
#3753=IFCSHAPEREPRESENTATION(#11,'Body','SweptSolid',(#3752));
#3754=IFCPRODUCTDEFINITIONSHAPE($,$,(#3753));
#3760=IFCCARTESIANPOINT((30480.,30175.200000000001,7467.5999999999995));
#3761=IFCDIRECTION((0.,0.,1.));
#3762=IFCDIRECTION((1.,0.,0.));
#3763=IFCAXIS2PLACEMENT3D(#3760,#3761,#3762);
#3764=IFCLOCALPLACEMENT($,#3763);
#3765=IFCWALL('2wp0HTEo53dQtkZtMi9Dll',$,'L2|ONEBR_A',$,$,#3786,#3776,$,$);
#3766=IFCCARTESIANPOINTLIST2D(((0.,0.),(0.,150.),(10363.200000000001,150.),(10363.200000000001,0.),(0.,0.)));
#3767=IFCINDEXEDPOLYCURVE(#3766,$,.F.);
#3768=IFCDIRECTION((0.,0.,1.));
#3769=IFCARBITRARYCLOSEDPROFILEDEF(.AREA.,$,#3767);
#3770=IFCCARTESIANPOINT((0.,0.,0.));
#3771=IFCDIRECTION((0.,0.,1.));
#3772=IFCDIRECTION((1.,0.,0.));
#3773=IFCAXIS2PLACEMENT3D(#3770,#3771,#3772);
#3774=IFCEXTRUDEDAREASOLID(#3769,#3773,#3768,3200.4000000000001);
#3775=IFCSHAPEREPRESENTATION(#11,'Body','SweptSolid',(#3774));
#3776=IFCPRODUCTDEFINITIONSHAPE($,$,(#3775));
#3782=IFCCARTESIANPOINT((30480.,39319.200000000004,7467.5999999999995));
#3783=IFCDIRECTION((0.,0.,1.));
#3784=IFCDIRECTION((1.,0.,0.));
#3785=IFCAXIS2PLACEMENT3D(#3782,#3783,#3784);
#3786=IFCLOCALPLACEMENT($,#3785);
#3787=IFCWALL('3n7JMHQ9r8RuyDYVdunBXq',$,'L2|ONEBR_A',$,$,#3808,#3798,$,$);
#3788=IFCCARTESIANPOINTLIST2D(((0.,0.),(0.,150.),(9144.,150.),(9144.,0.),(0.,0.)));
#3789=IFCINDEXEDPOLYCURVE(#3788,$,.F.);
#3790=IFCDIRECTION((0.,0.,1.));
#3791=IFCARBITRARYCLOSEDPROFILEDEF(.AREA.,$,#3789);
#3792=IFCCARTESIANPOINT((0.,0.,0.));
#3793=IFCDIRECTION((0.,0.,1.));
#3794=IFCDIRECTION((1.,0.,0.));
#3795=IFCAXIS2PLACEMENT3D(#3792,#3793,#3794);
#3796=IFCEXTRUDEDAREASOLID(#3791,#3795,#3790,3200.4000000000001);
#3797=IFCSHAPEREPRESENTATION(#11,'Body','SweptSolid',(#3796));
#3798=IFCPRODUCTDEFINITIONSHAPE($,$,(#3797));
#3804=IFCCARTESIANPOINT((30480.,30175.200000000001,7467.5999999999995));
#3805=IFCDIRECTION((0.,0.,1.));
#3806=IFCDIRECTION((6.123233995736766E-17,1.,0.));
#3807=IFCAXIS2PLACEMENT3D(#3804,#3805,#3806);
#3808=IFCLOCALPLACEMENT($,#3807);
#3809=IFCWALL('2ANDDa8eP1PAR465aklUPF',$,'L2|ONEBR_A',$,$,#3830,#3820,$,$);
#3810=IFCCARTESIANPOINTLIST2D(((0.,0.),(0.,150.),(9144.,150.),(9144.,0.),(0.,0.)));
#3811=IFCINDEXEDPOLYCURVE(#3810,$,.F.);
#3812=IFCDIRECTION((0.,0.,1.));
#3813=IFCARBITRARYCLOSEDPROFILEDEF(.AREA.,$,#3811);
#3814=IFCCARTESIANPOINT((0.,0.,0.));
#3815=IFCDIRECTION((0.,0.,1.));
#3816=IFCDIRECTION((1.,0.,0.));
#3817=IFCAXIS2PLACEMENT3D(#3814,#3815,#3816);
#3818=IFCEXTRUDEDAREASOLID(#3813,#3817,#3812,3200.4000000000001);
#3819=IFCSHAPEREPRESENTATION(#11,'Body','SweptSolid',(#3818));
#3820=IFCPRODUCTDEFINITIONSHAPE($,$,(#3819));
#3826=IFCCARTESIANPOINT((40843.200000000004,30175.200000000001,7467.5999999999995));
#3827=IFCDIRECTION((0.,0.,1.));
#3828=IFCDIRECTION((6.123233995736766E-17,1.,0.));
#3829=IFCAXIS2PLACEMENT3D(#3826,#3827,#3828);
#3830=IFCLOCALPLACEMENT($,#3829);
#3831=IFCWALL('1m$8U7XUX4ke2I8WSzmzfI',$,'L2|TWOBR_A',$,$,#3852,#3842,$,$);
#3832=IFCCARTESIANPOINTLIST2D(((0.,0.),(0.,150.),(10972.800000000001,150.),(10972.800000000001,0.),(0.,0.)));
#3833=IFCINDEXEDPOLYCURVE(#3832,$,.F.);
#3834=IFCDIRECTION((0.,0.,1.));
#3835=IFCARBITRARYCLOSEDPROFILEDEF(.AREA.,$,#3833);
#3836=IFCCARTESIANPOINT((0.,0.,0.));
#3837=IFCDIRECTION((0.,0.,1.));
#3838=IFCDIRECTION((1.,0.,0.));
#3839=IFCAXIS2PLACEMENT3D(#3836,#3837,#3838);
#3840=IFCEXTRUDEDAREASOLID(#3835,#3839,#3834,3200.4000000000001);
#3841=IFCSHAPEREPRESENTATION(#11,'Body','SweptSolid',(#3840));
#3842=IFCPRODUCTDEFINITIONSHAPE($,$,(#3841));
#3848=IFCCARTESIANPOINT((3048.,32613.599999999999,7467.5999999999995));
#3849=IFCDIRECTION((0.,0.,1.));
#3850=IFCDIRECTION((1.,0.,0.));
#3851=IFCAXIS2PLACEMENT3D(#3848,#3849,#3850);
#3852=IFCLOCALPLACEMENT($,#3851);
#3853=IFCWALL('1SR2H2r6n4TutChCEqjsy5',$,'L2|TWOBR_A',$,$,#3874,#3864,$,$);
#3854=IFCCARTESIANPOINTLIST2D(((0.,0.),(0.,150.),(10972.800000000001,150.),(10972.800000000001,0.),(0.,0.)));
#3855=IFCINDEXEDPOLYCURVE(#3854,$,.F.);
#3856=IFCDIRECTION((0.,0.,1.));
#3857=IFCARBITRARYCLOSEDPROFILEDEF(.AREA.,$,#3855);
#3858=IFCCARTESIANPOINT((0.,0.,0.));
#3859=IFCDIRECTION((0.,0.,1.));
#3860=IFCDIRECTION((1.,0.,0.));
#3861=IFCAXIS2PLACEMENT3D(#3858,#3859,#3860);
#3862=IFCEXTRUDEDAREASOLID(#3857,#3861,#3856,3200.4000000000001);
#3863=IFCSHAPEREPRESENTATION(#11,'Body','SweptSolid',(#3862));
#3864=IFCPRODUCTDEFINITIONSHAPE($,$,(#3863));
#3870=IFCCARTESIANPOINT((3048.,42976.800000000003,7467.5999999999995));
#3871=IFCDIRECTION((0.,0.,1.));
#3872=IFCDIRECTION((1.,0.,0.));
#3873=IFCAXIS2PLACEMENT3D(#3870,#3871,#3872);
#3874=IFCLOCALPLACEMENT($,#3873);
#3875=IFCWALL('36fU6GQa58fg4GXweinrsk',$,'L2|TWOBR_A',$,$,#3896,#3886,$,$);
#3876=IFCCARTESIANPOINTLIST2D(((0.,0.),(0.,150.),(10363.200000000001,150.),(10363.200000000001,0.),(0.,0.)));
#3877=IFCINDEXEDPOLYCURVE(#3876,$,.F.);
#3878=IFCDIRECTION((0.,0.,1.));
#3879=IFCARBITRARYCLOSEDPROFILEDEF(.AREA.,$,#3877);
#3880=IFCCARTESIANPOINT((0.,0.,0.));
#3881=IFCDIRECTION((0.,0.,1.));
#3882=IFCDIRECTION((1.,0.,0.));
#3883=IFCAXIS2PLACEMENT3D(#3880,#3881,#3882);
#3884=IFCEXTRUDEDAREASOLID(#3879,#3883,#3878,3200.4000000000001);
#3885=IFCSHAPEREPRESENTATION(#11,'Body','SweptSolid',(#3884));
#3886=IFCPRODUCTDEFINITIONSHAPE($,$,(#3885));
#3892=IFCCARTESIANPOINT((3048.,32613.599999999999,7467.5999999999995));
#3893=IFCDIRECTION((0.,0.,1.));
#3894=IFCDIRECTION((6.123233995736766E-17,1.,0.));
#3895=IFCAXIS2PLACEMENT3D(#3892,#3893,#3894);
#3896=IFCLOCALPLACEMENT($,#3895);
#3897=IFCWALL('1GzPlOTl16PuIdjoCRuVx5',$,'L2|TWOBR_A',$,$,#3918,#3908,$,$);
#3898=IFCCARTESIANPOINTLIST2D(((0.,0.),(0.,150.),(10363.200000000001,150.),(10363.200000000001,0.),(0.,0.)));
#3899=IFCINDEXEDPOLYCURVE(#3898,$,.F.);
#3900=IFCDIRECTION((0.,0.,1.));
#3901=IFCARBITRARYCLOSEDPROFILEDEF(.AREA.,$,#3899);
#3902=IFCCARTESIANPOINT((0.,0.,0.));
#3903=IFCDIRECTION((0.,0.,1.));
#3904=IFCDIRECTION((1.,0.,0.));
#3905=IFCAXIS2PLACEMENT3D(#3902,#3903,#3904);
#3906=IFCEXTRUDEDAREASOLID(#3901,#3905,#3900,3200.4000000000001);
#3907=IFCSHAPEREPRESENTATION(#11,'Body','SweptSolid',(#3906));
#3908=IFCPRODUCTDEFINITIONSHAPE($,$,(#3907));
#3914=IFCCARTESIANPOINT((14020.800000000001,32613.599999999999,7467.5999999999995));
#3915=IFCDIRECTION((0.,0.,1.));
#3916=IFCDIRECTION((6.123233995736766E-17,1.,0.));
#3917=IFCAXIS2PLACEMENT3D(#3914,#3915,#3916);
#3918=IFCLOCALPLACEMENT($,#3917);
#3919=IFCWALL('0fCm0CQUbEyfC_4nJADEpb',$,'L2|ONEBR_A',$,$,#3940,#3930,$,$);
#3920=IFCCARTESIANPOINTLIST2D(((0.,0.),(0.,150.),(10363.200000000001,150.),(10363.200000000001,0.),(0.,0.)));
#3921=IFCINDEXEDPOLYCURVE(#3920,$,.F.);
#3922=IFCDIRECTION((0.,0.,1.));
#3923=IFCARBITRARYCLOSEDPROFILEDEF(.AREA.,$,#3921);
#3924=IFCCARTESIANPOINT((0.,0.,0.));
#3925=IFCDIRECTION((0.,0.,1.));
#3926=IFCDIRECTION((1.,0.,0.));
#3927=IFCAXIS2PLACEMENT3D(#3924,#3925,#3926);
#3928=IFCEXTRUDEDAREASOLID(#3923,#3927,#3922,3200.4000000000001);
#3929=IFCSHAPEREPRESENTATION(#11,'Body','SweptSolid',(#3928));
#3930=IFCPRODUCTDEFINITIONSHAPE($,$,(#3929));
#3936=IFCCARTESIANPOINT((42672.,38100.,7467.5999999999995));
#3937=IFCDIRECTION((0.,0.,1.));
#3938=IFCDIRECTION((1.,0.,0.));
#3939=IFCAXIS2PLACEMENT3D(#3936,#3937,#3938);
#3940=IFCLOCALPLACEMENT($,#3939);
#3941=IFCWALL('2v_uiRFZX86hJpnKMSyx$t',$,'L2|ONEBR_A',$,$,#3962,#3952,$,$);
#3942=IFCCARTESIANPOINTLIST2D(((0.,0.),(0.,150.),(10363.200000000001,150.),(10363.200000000001,0.),(0.,0.)));
#3943=IFCINDEXEDPOLYCURVE(#3942,$,.F.);
#3944=IFCDIRECTION((0.,0.,1.));
#3945=IFCARBITRARYCLOSEDPROFILEDEF(.AREA.,$,#3943);
#3946=IFCCARTESIANPOINT((0.,0.,0.));
#3947=IFCDIRECTION((0.,0.,1.));
#3948=IFCDIRECTION((1.,0.,0.));
#3949=IFCAXIS2PLACEMENT3D(#3946,#3947,#3948);
#3950=IFCEXTRUDEDAREASOLID(#3945,#3949,#3944,3200.4000000000001);
#3951=IFCSHAPEREPRESENTATION(#11,'Body','SweptSolid',(#3950));
#3952=IFCPRODUCTDEFINITIONSHAPE($,$,(#3951));
#3958=IFCCARTESIANPOINT((42672.,47244.,7467.5999999999995));
#3959=IFCDIRECTION((0.,0.,1.));
#3960=IFCDIRECTION((1.,0.,0.));
#3961=IFCAXIS2PLACEMENT3D(#3958,#3959,#3960);
#3962=IFCLOCALPLACEMENT($,#3961);
#3963=IFCWALL('1vXPneUMX6Q9LjoCOQRIRE',$,'L2|ONEBR_A',$,$,#3984,#3974,$,$);
#3964=IFCCARTESIANPOINTLIST2D(((0.,0.),(0.,150.),(9144.,150.),(9144.,0.),(0.,0.)));
#3965=IFCINDEXEDPOLYCURVE(#3964,$,.F.);
#3966=IFCDIRECTION((0.,0.,1.));
#3967=IFCARBITRARYCLOSEDPROFILEDEF(.AREA.,$,#3965);
#3968=IFCCARTESIANPOINT((0.,0.,0.));
#3969=IFCDIRECTION((0.,0.,1.));
#3970=IFCDIRECTION((1.,0.,0.));
#3971=IFCAXIS2PLACEMENT3D(#3968,#3969,#3970);
#3972=IFCEXTRUDEDAREASOLID(#3967,#3971,#3966,3200.4000000000001);
#3973=IFCSHAPEREPRESENTATION(#11,'Body','SweptSolid',(#3972));
#3974=IFCPRODUCTDEFINITIONSHAPE($,$,(#3973));
#3980=IFCCARTESIANPOINT((42672.,38100.,7467.5999999999995));
#3981=IFCDIRECTION((0.,0.,1.));
#3982=IFCDIRECTION((6.123233995736766E-17,1.,0.));
#3983=IFCAXIS2PLACEMENT3D(#3980,#3981,#3982);
#3984=IFCLOCALPLACEMENT($,#3983);
#3985=IFCWALL('0ADJgMebfEqvSwt_78vAQL',$,'L2|ONEBR_A',$,$,#4006,#3996,$,$);
#3986=IFCCARTESIANPOINTLIST2D(((0.,0.),(0.,150.),(9144.,150.),(9144.,0.),(0.,0.)));
#3987=IFCINDEXEDPOLYCURVE(#3986,$,.F.);
#3988=IFCDIRECTION((0.,0.,1.));
#3989=IFCARBITRARYCLOSEDPROFILEDEF(.AREA.,$,#3987);
#3990=IFCCARTESIANPOINT((0.,0.,0.));
#3991=IFCDIRECTION((0.,0.,1.));
#3992=IFCDIRECTION((1.,0.,0.));
#3993=IFCAXIS2PLACEMENT3D(#3990,#3991,#3992);
#3994=IFCEXTRUDEDAREASOLID(#3989,#3993,#3988,3200.4000000000001);
#3995=IFCSHAPEREPRESENTATION(#11,'Body','SweptSolid',(#3994));
#3996=IFCPRODUCTDEFINITIONSHAPE($,$,(#3995));
#4002=IFCCARTESIANPOINT((53035.200000000004,38100.,7467.5999999999995));
#4003=IFCDIRECTION((0.,0.,1.));
#4004=IFCDIRECTION((6.123233995736766E-17,1.,0.));
#4005=IFCAXIS2PLACEMENT3D(#4002,#4003,#4004);
#4006=IFCLOCALPLACEMENT($,#4005);
#4007=IFCWALL('3nJ2QP2mH2aAMgjYtEL5fQ',$,'L2|STUDIO_A',$,$,#4028,#4018,$,$);
#4008=IFCCARTESIANPOINTLIST2D(((0.,0.),(0.,150.),(9753.6000000000004,150.),(9753.6000000000004,0.),(0.,0.)));
#4009=IFCINDEXEDPOLYCURVE(#4008,$,.F.);
#4010=IFCDIRECTION((0.,0.,1.));
#4011=IFCARBITRARYCLOSEDPROFILEDEF(.AREA.,$,#4009);
#4012=IFCCARTESIANPOINT((0.,0.,0.));
#4013=IFCDIRECTION((0.,0.,1.));
#4014=IFCDIRECTION((1.,0.,0.));
#4015=IFCAXIS2PLACEMENT3D(#4012,#4013,#4014);
#4016=IFCEXTRUDEDAREASOLID(#4011,#4015,#4010,3200.4000000000001);
#4017=IFCSHAPEREPRESENTATION(#11,'Body','SweptSolid',(#4016));
#4018=IFCPRODUCTDEFINITIONSHAPE($,$,(#4017));
#4024=IFCCARTESIANPOINT((31089.599999999999,39319.200000000004,7467.5999999999995));
#4025=IFCDIRECTION((0.,0.,1.));
#4026=IFCDIRECTION((1.,0.,0.));
#4027=IFCAXIS2PLACEMENT3D(#4024,#4025,#4026);
#4028=IFCLOCALPLACEMENT($,#4027);
#4029=IFCWALL('1KdRUur1bEiQozB6Esv2iT',$,'L2|STUDIO_A',$,$,#4050,#4040,$,$);
#4030=IFCCARTESIANPOINTLIST2D(((0.,0.),(0.,150.),(9753.6000000000004,150.),(9753.6000000000004,0.),(0.,0.)));
#4031=IFCINDEXEDPOLYCURVE(#4030,$,.F.);
#4032=IFCDIRECTION((0.,0.,1.));
#4033=IFCARBITRARYCLOSEDPROFILEDEF(.AREA.,$,#4031);
#4034=IFCCARTESIANPOINT((0.,0.,0.));
#4035=IFCDIRECTION((0.,0.,1.));
#4036=IFCDIRECTION((1.,0.,0.));
#4037=IFCAXIS2PLACEMENT3D(#4034,#4035,#4036);
#4038=IFCEXTRUDEDAREASOLID(#4033,#4037,#4032,3200.4000000000001);
#4039=IFCSHAPEREPRESENTATION(#11,'Body','SweptSolid',(#4038));
#4040=IFCPRODUCTDEFINITIONSHAPE($,$,(#4039));
#4046=IFCCARTESIANPOINT((31089.599999999999,47244.,7467.5999999999995));
#4047=IFCDIRECTION((0.,0.,1.));
#4048=IFCDIRECTION((1.,0.,0.));
#4049=IFCAXIS2PLACEMENT3D(#4046,#4047,#4048);
#4050=IFCLOCALPLACEMENT($,#4049);
#4051=IFCWALL('2BzZhlUPvAwgkYkv$Cc8Jm',$,'L2|STUDIO_A',$,$,#4072,#4062,$,$);
#4052=IFCCARTESIANPOINTLIST2D(((0.,0.),(0.,150.),(7924.8000000000002,150.),(7924.8000000000002,0.),(0.,0.)));
#4053=IFCINDEXEDPOLYCURVE(#4052,$,.F.);
#4054=IFCDIRECTION((0.,0.,1.));
#4055=IFCARBITRARYCLOSEDPROFILEDEF(.AREA.,$,#4053);
#4056=IFCCARTESIANPOINT((0.,0.,0.));
#4057=IFCDIRECTION((0.,0.,1.));
#4058=IFCDIRECTION((1.,0.,0.));
#4059=IFCAXIS2PLACEMENT3D(#4056,#4057,#4058);
#4060=IFCEXTRUDEDAREASOLID(#4055,#4059,#4054,3200.4000000000001);
#4061=IFCSHAPEREPRESENTATION(#11,'Body','SweptSolid',(#4060));
#4062=IFCPRODUCTDEFINITIONSHAPE($,$,(#4061));
#4068=IFCCARTESIANPOINT((31089.599999999999,39319.200000000004,7467.5999999999995));
#4069=IFCDIRECTION((0.,0.,1.));
#4070=IFCDIRECTION((6.123233995736766E-17,1.,0.));
#4071=IFCAXIS2PLACEMENT3D(#4068,#4069,#4070);
#4072=IFCLOCALPLACEMENT($,#4071);
#4073=IFCWALL('1E5aOW4av9qQZIOdQj9iXZ',$,'L2|STUDIO_A',$,$,#4094,#4084,$,$);
#4074=IFCCARTESIANPOINTLIST2D(((0.,0.),(0.,150.),(7924.8000000000002,150.),(7924.8000000000002,0.),(0.,0.)));
#4075=IFCINDEXEDPOLYCURVE(#4074,$,.F.);
#4076=IFCDIRECTION((0.,0.,1.));
#4077=IFCARBITRARYCLOSEDPROFILEDEF(.AREA.,$,#4075);
#4078=IFCCARTESIANPOINT((0.,0.,0.));
#4079=IFCDIRECTION((0.,0.,1.));
#4080=IFCDIRECTION((1.,0.,0.));
#4081=IFCAXIS2PLACEMENT3D(#4078,#4079,#4080);
#4082=IFCEXTRUDEDAREASOLID(#4077,#4081,#4076,3200.4000000000001);
#4083=IFCSHAPEREPRESENTATION(#11,'Body','SweptSolid',(#4082));
#4084=IFCPRODUCTDEFINITIONSHAPE($,$,(#4083));
#4090=IFCCARTESIANPOINT((40843.200000000004,39319.200000000004,7467.5999999999995));
#4091=IFCDIRECTION((0.,0.,1.));
#4092=IFCDIRECTION((6.123233995736766E-17,1.,0.));
#4093=IFCAXIS2PLACEMENT3D(#4090,#4091,#4092);
#4094=IFCLOCALPLACEMENT($,#4093);
#4095=IFCWALL('361kZdE5LB_QxoCR50QhDP',$,'L2|TWOBR_A',$,$,#4116,#4106,$,$);
#4096=IFCCARTESIANPOINTLIST2D(((0.,0.),(0.,150.),(10972.800000000001,150.),(10972.800000000001,0.),(0.,0.)));
#4097=IFCINDEXEDPOLYCURVE(#4096,$,.F.);
#4098=IFCDIRECTION((0.,0.,1.));
#4099=IFCARBITRARYCLOSEDPROFILEDEF(.AREA.,$,#4097);
#4100=IFCCARTESIANPOINT((0.,0.,0.));
#4101=IFCDIRECTION((0.,0.,1.));
#4102=IFCDIRECTION((1.,0.,0.));
#4103=IFCAXIS2PLACEMENT3D(#4100,#4101,#4102);
#4104=IFCEXTRUDEDAREASOLID(#4099,#4103,#4098,3200.4000000000001);
#4105=IFCSHAPEREPRESENTATION(#11,'Body','SweptSolid',(#4104));
#4106=IFCPRODUCTDEFINITIONSHAPE($,$,(#4105));
#4112=IFCCARTESIANPOINT((15849.6,40538.400000000001,7467.5999999999995));
#4113=IFCDIRECTION((0.,0.,1.));
#4114=IFCDIRECTION((1.,0.,0.));
#4115=IFCAXIS2PLACEMENT3D(#4112,#4113,#4114);
#4116=IFCLOCALPLACEMENT($,#4115);
#4117=IFCWALL('2f__67mF19vPC29yjn8odp',$,'L2|TWOBR_A',$,$,#4138,#4128,$,$);
#4118=IFCCARTESIANPOINTLIST2D(((0.,0.),(0.,150.),(10972.800000000001,150.),(10972.800000000001,0.),(0.,0.)));
#4119=IFCINDEXEDPOLYCURVE(#4118,$,.F.);
#4120=IFCDIRECTION((0.,0.,1.));
#4121=IFCARBITRARYCLOSEDPROFILEDEF(.AREA.,$,#4119);
#4122=IFCCARTESIANPOINT((0.,0.,0.));
#4123=IFCDIRECTION((0.,0.,1.));
#4124=IFCDIRECTION((1.,0.,0.));
#4125=IFCAXIS2PLACEMENT3D(#4122,#4123,#4124);
#4126=IFCEXTRUDEDAREASOLID(#4121,#4125,#4120,3200.4000000000001);
#4127=IFCSHAPEREPRESENTATION(#11,'Body','SweptSolid',(#4126));
#4128=IFCPRODUCTDEFINITIONSHAPE($,$,(#4127));
#4134=IFCCARTESIANPOINT((15849.6,50901.599999999999,7467.5999999999995));
#4135=IFCDIRECTION((0.,0.,1.));
#4136=IFCDIRECTION((1.,0.,0.));
#4137=IFCAXIS2PLACEMENT3D(#4134,#4135,#4136);
#4138=IFCLOCALPLACEMENT($,#4137);
#4139=IFCWALL('3ejkLwqy93mhLQ3Q5nRR3D',$,'L2|TWOBR_A',$,$,#4160,#4150,$,$);
#4140=IFCCARTESIANPOINTLIST2D(((0.,0.),(0.,150.),(10363.200000000001,150.),(10363.200000000001,0.),(0.,0.)));
#4141=IFCINDEXEDPOLYCURVE(#4140,$,.F.);
#4142=IFCDIRECTION((0.,0.,1.));
#4143=IFCARBITRARYCLOSEDPROFILEDEF(.AREA.,$,#4141);
#4144=IFCCARTESIANPOINT((0.,0.,0.));
#4145=IFCDIRECTION((0.,0.,1.));
#4146=IFCDIRECTION((1.,0.,0.));
#4147=IFCAXIS2PLACEMENT3D(#4144,#4145,#4146);
#4148=IFCEXTRUDEDAREASOLID(#4143,#4147,#4142,3200.4000000000001);
#4149=IFCSHAPEREPRESENTATION(#11,'Body','SweptSolid',(#4148));
#4150=IFCPRODUCTDEFINITIONSHAPE($,$,(#4149));
#4156=IFCCARTESIANPOINT((15849.6,40538.400000000001,7467.5999999999995));
#4157=IFCDIRECTION((0.,0.,1.));
#4158=IFCDIRECTION((6.123233995736766E-17,1.,0.));
#4159=IFCAXIS2PLACEMENT3D(#4156,#4157,#4158);
#4160=IFCLOCALPLACEMENT($,#4159);
#4161=IFCWALL('0YHN4Xl8f6gv8R16BQB3GK',$,'L2|TWOBR_A',$,$,#4182,#4172,$,$);
#4162=IFCCARTESIANPOINTLIST2D(((0.,0.),(0.,150.),(10363.200000000001,150.),(10363.200000000001,0.),(0.,0.)));
#4163=IFCINDEXEDPOLYCURVE(#4162,$,.F.);
#4164=IFCDIRECTION((0.,0.,1.));
#4165=IFCARBITRARYCLOSEDPROFILEDEF(.AREA.,$,#4163);
#4166=IFCCARTESIANPOINT((0.,0.,0.));
#4167=IFCDIRECTION((0.,0.,1.));
#4168=IFCDIRECTION((1.,0.,0.));
#4169=IFCAXIS2PLACEMENT3D(#4166,#4167,#4168);
#4170=IFCEXTRUDEDAREASOLID(#4165,#4169,#4164,3200.4000000000001);
#4171=IFCSHAPEREPRESENTATION(#11,'Body','SweptSolid',(#4170));
#4172=IFCPRODUCTDEFINITIONSHAPE($,$,(#4171));
#4178=IFCCARTESIANPOINT((26822.400000000001,40538.400000000001,7467.5999999999995));
#4179=IFCDIRECTION((0.,0.,1.));
#4180=IFCDIRECTION((6.123233995736766E-17,1.,0.));
#4181=IFCAXIS2PLACEMENT3D(#4178,#4179,#4180);
#4182=IFCLOCALPLACEMENT($,#4181);
#4183=IFCWALL('24Sgb0hNH4YAlGBcfBPoQs',$,'L2|ONEBR_A',$,$,#4204,#4194,$,$);
#4184=IFCCARTESIANPOINTLIST2D(((0.,0.),(0.,150.),(10363.200000000001,150.),(10363.200000000001,0.),(0.,0.)));
#4185=IFCINDEXEDPOLYCURVE(#4184,$,.F.);
#4186=IFCDIRECTION((0.,0.,1.));
#4187=IFCARBITRARYCLOSEDPROFILEDEF(.AREA.,$,#4185);
#4188=IFCCARTESIANPOINT((0.,0.,0.));
#4189=IFCDIRECTION((0.,0.,1.));
#4190=IFCDIRECTION((1.,0.,0.));
#4191=IFCAXIS2PLACEMENT3D(#4188,#4189,#4190);
#4192=IFCEXTRUDEDAREASOLID(#4187,#4191,#4186,3200.4000000000001);
#4193=IFCSHAPEREPRESENTATION(#11,'Body','SweptSolid',(#4192));
#4194=IFCPRODUCTDEFINITIONSHAPE($,$,(#4193));
#4200=IFCCARTESIANPOINT((3657.6000000000004,42976.800000000003,7467.5999999999995));
#4201=IFCDIRECTION((0.,0.,1.));
#4202=IFCDIRECTION((1.,0.,0.));
#4203=IFCAXIS2PLACEMENT3D(#4200,#4201,#4202);
#4204=IFCLOCALPLACEMENT($,#4203);
#4205=IFCWALL('03rp6SKx19meyjVmAFebSD',$,'L2|ONEBR_A',$,$,#4226,#4216,$,$);
#4206=IFCCARTESIANPOINTLIST2D(((0.,0.),(0.,150.),(10363.200000000001,150.),(10363.200000000001,0.),(0.,0.)));
#4207=IFCINDEXEDPOLYCURVE(#4206,$,.F.);
#4208=IFCDIRECTION((0.,0.,1.));
#4209=IFCARBITRARYCLOSEDPROFILEDEF(.AREA.,$,#4207);
#4210=IFCCARTESIANPOINT((0.,0.,0.));
#4211=IFCDIRECTION((0.,0.,1.));
#4212=IFCDIRECTION((1.,0.,0.));
#4213=IFCAXIS2PLACEMENT3D(#4210,#4211,#4212);
#4214=IFCEXTRUDEDAREASOLID(#4209,#4213,#4208,3200.4000000000001);
#4215=IFCSHAPEREPRESENTATION(#11,'Body','SweptSolid',(#4214));
#4216=IFCPRODUCTDEFINITIONSHAPE($,$,(#4215));
#4222=IFCCARTESIANPOINT((3657.6000000000004,52120.800000000003,7467.5999999999995));
#4223=IFCDIRECTION((0.,0.,1.));
#4224=IFCDIRECTION((1.,0.,0.));
#4225=IFCAXIS2PLACEMENT3D(#4222,#4223,#4224);
#4226=IFCLOCALPLACEMENT($,#4225);
#4227=IFCWALL('3c93R3GA1EPfJuN9jHgaYr',$,'L2|ONEBR_A',$,$,#4248,#4238,$,$);
#4228=IFCCARTESIANPOINTLIST2D(((0.,0.),(0.,150.),(9144.,150.),(9144.,0.),(0.,0.)));
#4229=IFCINDEXEDPOLYCURVE(#4228,$,.F.);
#4230=IFCDIRECTION((0.,0.,1.));
#4231=IFCARBITRARYCLOSEDPROFILEDEF(.AREA.,$,#4229);
#4232=IFCCARTESIANPOINT((0.,0.,0.));
#4233=IFCDIRECTION((0.,0.,1.));
#4234=IFCDIRECTION((1.,0.,0.));
#4235=IFCAXIS2PLACEMENT3D(#4232,#4233,#4234);
#4236=IFCEXTRUDEDAREASOLID(#4231,#4235,#4230,3200.4000000000001);
#4237=IFCSHAPEREPRESENTATION(#11,'Body','SweptSolid',(#4236));
#4238=IFCPRODUCTDEFINITIONSHAPE($,$,(#4237));
#4244=IFCCARTESIANPOINT((3657.6000000000004,42976.800000000003,7467.5999999999995));
#4245=IFCDIRECTION((0.,0.,1.));
#4246=IFCDIRECTION((6.123233995736766E-17,1.,0.));
#4247=IFCAXIS2PLACEMENT3D(#4244,#4245,#4246);
#4248=IFCLOCALPLACEMENT($,#4247);
#4249=IFCWALL('065YE9JbrFBuuDXdZCKwWe',$,'L2|ONEBR_A',$,$,#4270,#4260,$,$);
#4250=IFCCARTESIANPOINTLIST2D(((0.,0.),(0.,150.),(9144.,150.),(9144.,0.),(0.,0.)));
#4251=IFCINDEXEDPOLYCURVE(#4250,$,.F.);
#4252=IFCDIRECTION((0.,0.,1.));
#4253=IFCARBITRARYCLOSEDPROFILEDEF(.AREA.,$,#4251);
#4254=IFCCARTESIANPOINT((0.,0.,0.));
#4255=IFCDIRECTION((0.,0.,1.));
#4256=IFCDIRECTION((1.,0.,0.));
#4257=IFCAXIS2PLACEMENT3D(#4254,#4255,#4256);
#4258=IFCEXTRUDEDAREASOLID(#4253,#4257,#4252,3200.4000000000001);
#4259=IFCSHAPEREPRESENTATION(#11,'Body','SweptSolid',(#4258));
#4260=IFCPRODUCTDEFINITIONSHAPE($,$,(#4259));
#4266=IFCCARTESIANPOINT((14020.800000000001,42976.800000000003,7467.5999999999995));
#4267=IFCDIRECTION((0.,0.,1.));
#4268=IFCDIRECTION((6.123233995736766E-17,1.,0.));
#4269=IFCAXIS2PLACEMENT3D(#4266,#4267,#4268);
#4270=IFCLOCALPLACEMENT($,#4269);
#4271=IFCWALL('1y9DzNioz1CeAZGlauI20P',$,'L2|ONEBR_A',$,$,#4292,#4282,$,$);
#4272=IFCCARTESIANPOINTLIST2D(((0.,0.),(0.,150.),(10363.200000000001,150.),(10363.200000000001,0.),(0.,0.)));
#4273=IFCINDEXEDPOLYCURVE(#4272,$,.F.);
#4274=IFCDIRECTION((0.,0.,1.));
#4275=IFCARBITRARYCLOSEDPROFILEDEF(.AREA.,$,#4273);
#4276=IFCCARTESIANPOINT((0.,0.,0.));
#4277=IFCDIRECTION((0.,0.,1.));
#4278=IFCDIRECTION((1.,0.,0.));
#4279=IFCAXIS2PLACEMENT3D(#4276,#4277,#4278);
#4280=IFCEXTRUDEDAREASOLID(#4275,#4279,#4274,3200.4000000000001);
#4281=IFCSHAPEREPRESENTATION(#11,'Body','SweptSolid',(#4280));
#4282=IFCPRODUCTDEFINITIONSHAPE($,$,(#4281));
#4288=IFCCARTESIANPOINT((30480.,47244.,7467.5999999999995));
#4289=IFCDIRECTION((0.,0.,1.));
#4290=IFCDIRECTION((1.,0.,0.));
#4291=IFCAXIS2PLACEMENT3D(#4288,#4289,#4290);
#4292=IFCLOCALPLACEMENT($,#4291);
#4293=IFCWALL('2ltQFSlGPA3eLwthrBkZEL',$,'L2|ONEBR_A',$,$,#4314,#4304,$,$);
#4294=IFCCARTESIANPOINTLIST2D(((0.,0.),(0.,150.),(10363.200000000001,150.),(10363.200000000001,0.),(0.,0.)));
#4295=IFCINDEXEDPOLYCURVE(#4294,$,.F.);
#4296=IFCDIRECTION((0.,0.,1.));
#4297=IFCARBITRARYCLOSEDPROFILEDEF(.AREA.,$,#4295);
#4298=IFCCARTESIANPOINT((0.,0.,0.));
#4299=IFCDIRECTION((0.,0.,1.));
#4300=IFCDIRECTION((1.,0.,0.));
#4301=IFCAXIS2PLACEMENT3D(#4298,#4299,#4300);
#4302=IFCEXTRUDEDAREASOLID(#4297,#4301,#4296,3200.4000000000001);
#4303=IFCSHAPEREPRESENTATION(#11,'Body','SweptSolid',(#4302));
#4304=IFCPRODUCTDEFINITIONSHAPE($,$,(#4303));
#4310=IFCCARTESIANPOINT((30480.,56388.000000000007,7467.5999999999995));
#4311=IFCDIRECTION((0.,0.,1.));
#4312=IFCDIRECTION((1.,0.,0.));
#4313=IFCAXIS2PLACEMENT3D(#4310,#4311,#4312);
#4314=IFCLOCALPLACEMENT($,#4313);
#4315=IFCWALL('18Rna3jb13ZhKKjG3RwGYZ',$,'L2|ONEBR_A',$,$,#4336,#4326,$,$);
#4316=IFCCARTESIANPOINTLIST2D(((0.,0.),(0.,150.),(9144.,150.),(9144.,0.),(0.,0.)));
#4317=IFCINDEXEDPOLYCURVE(#4316,$,.F.);
#4318=IFCDIRECTION((0.,0.,1.));
#4319=IFCARBITRARYCLOSEDPROFILEDEF(.AREA.,$,#4317);
#4320=IFCCARTESIANPOINT((0.,0.,0.));
#4321=IFCDIRECTION((0.,0.,1.));
#4322=IFCDIRECTION((1.,0.,0.));
#4323=IFCAXIS2PLACEMENT3D(#4320,#4321,#4322);
#4324=IFCEXTRUDEDAREASOLID(#4319,#4323,#4318,3200.4000000000001);
#4325=IFCSHAPEREPRESENTATION(#11,'Body','SweptSolid',(#4324));
#4326=IFCPRODUCTDEFINITIONSHAPE($,$,(#4325));
#4332=IFCCARTESIANPOINT((30480.,47244.,7467.5999999999995));
#4333=IFCDIRECTION((0.,0.,1.));
#4334=IFCDIRECTION((6.123233995736766E-17,1.,0.));
#4335=IFCAXIS2PLACEMENT3D(#4332,#4333,#4334);
#4336=IFCLOCALPLACEMENT($,#4335);
#4337=IFCWALL('1BE9EfAM975fggOLqF7OnS',$,'L2|ONEBR_A',$,$,#4358,#4348,$,$);
#4338=IFCCARTESIANPOINTLIST2D(((0.,0.),(0.,150.),(9144.,150.),(9144.,0.),(0.,0.)));
#4339=IFCINDEXEDPOLYCURVE(#4338,$,.F.);
#4340=IFCDIRECTION((0.,0.,1.));
#4341=IFCARBITRARYCLOSEDPROFILEDEF(.AREA.,$,#4339);
#4342=IFCCARTESIANPOINT((0.,0.,0.));
#4343=IFCDIRECTION((0.,0.,1.));
#4344=IFCDIRECTION((1.,0.,0.));
#4345=IFCAXIS2PLACEMENT3D(#4342,#4343,#4344);
#4346=IFCEXTRUDEDAREASOLID(#4341,#4345,#4340,3200.4000000000001);
#4347=IFCSHAPEREPRESENTATION(#11,'Body','SweptSolid',(#4346));
#4348=IFCPRODUCTDEFINITIONSHAPE($,$,(#4347));
#4354=IFCCARTESIANPOINT((40843.200000000004,47244.,7467.5999999999995));
#4355=IFCDIRECTION((0.,0.,1.));
#4356=IFCDIRECTION((6.123233995736766E-17,1.,0.));
#4357=IFCAXIS2PLACEMENT3D(#4354,#4355,#4356);
#4358=IFCLOCALPLACEMENT($,#4357);
#4359=IFCWALL('2hSQkXFbXBTe4IgZSkjIUv',$,'L2|TWOBR_A',$,$,#4380,#4370,$,$);
#4360=IFCCARTESIANPOINTLIST2D(((0.,0.),(0.,150.),(10972.800000000001,150.),(10972.800000000001,0.),(0.,0.)));
#4361=IFCINDEXEDPOLYCURVE(#4360,$,.F.);
#4362=IFCDIRECTION((0.,0.,1.));
#4363=IFCARBITRARYCLOSEDPROFILEDEF(.AREA.,$,#4361);
#4364=IFCCARTESIANPOINT((0.,0.,0.));
#4365=IFCDIRECTION((0.,0.,1.));
#4366=IFCDIRECTION((1.,0.,0.));
#4367=IFCAXIS2PLACEMENT3D(#4364,#4365,#4366);
#4368=IFCEXTRUDEDAREASOLID(#4363,#4367,#4362,3200.4000000000001);
#4369=IFCSHAPEREPRESENTATION(#11,'Body','SweptSolid',(#4368));
#4370=IFCPRODUCTDEFINITIONSHAPE($,$,(#4369));
#4376=IFCCARTESIANPOINT((42672.,47244.,7467.5999999999995));
#4377=IFCDIRECTION((0.,0.,1.));
#4378=IFCDIRECTION((1.,0.,0.));
#4379=IFCAXIS2PLACEMENT3D(#4376,#4377,#4378);
#4380=IFCLOCALPLACEMENT($,#4379);
#4381=IFCWALL('1jRFBOImT1XwRwdU2IRkWL',$,'L2|TWOBR_A',$,$,#4402,#4392,$,$);
#4382=IFCCARTESIANPOINTLIST2D(((0.,0.),(0.,150.),(10972.800000000001,150.),(10972.800000000001,0.),(0.,0.)));
#4383=IFCINDEXEDPOLYCURVE(#4382,$,.F.);
#4384=IFCDIRECTION((0.,0.,1.));
#4385=IFCARBITRARYCLOSEDPROFILEDEF(.AREA.,$,#4383);
#4386=IFCCARTESIANPOINT((0.,0.,0.));
#4387=IFCDIRECTION((0.,0.,1.));
#4388=IFCDIRECTION((1.,0.,0.));
#4389=IFCAXIS2PLACEMENT3D(#4386,#4387,#4388);
#4390=IFCEXTRUDEDAREASOLID(#4385,#4389,#4384,3200.4000000000001);
#4391=IFCSHAPEREPRESENTATION(#11,'Body','SweptSolid',(#4390));
#4392=IFCPRODUCTDEFINITIONSHAPE($,$,(#4391));
#4398=IFCCARTESIANPOINT((42672.,57607.200000000004,7467.5999999999995));
#4399=IFCDIRECTION((0.,0.,1.));
#4400=IFCDIRECTION((1.,0.,0.));
#4401=IFCAXIS2PLACEMENT3D(#4398,#4399,#4400);
#4402=IFCLOCALPLACEMENT($,#4401);
#4403=IFCWALL('2jhTffLQTAMBT1TjoeKXXd',$,'L2|TWOBR_A',$,$,#4424,#4414,$,$);
#4404=IFCCARTESIANPOINTLIST2D(((0.,0.),(0.,150.),(10363.200000000001,150.),(10363.200000000001,0.),(0.,0.)));
#4405=IFCINDEXEDPOLYCURVE(#4404,$,.F.);
#4406=IFCDIRECTION((0.,0.,1.));
#4407=IFCARBITRARYCLOSEDPROFILEDEF(.AREA.,$,#4405);
#4408=IFCCARTESIANPOINT((0.,0.,0.));
#4409=IFCDIRECTION((0.,0.,1.));
#4410=IFCDIRECTION((1.,0.,0.));
#4411=IFCAXIS2PLACEMENT3D(#4408,#4409,#4410);
#4412=IFCEXTRUDEDAREASOLID(#4407,#4411,#4406,3200.4000000000001);
#4413=IFCSHAPEREPRESENTATION(#11,'Body','SweptSolid',(#4412));
#4414=IFCPRODUCTDEFINITIONSHAPE($,$,(#4413));
#4420=IFCCARTESIANPOINT((42672.,47244.,7467.5999999999995));
#4421=IFCDIRECTION((0.,0.,1.));
#4422=IFCDIRECTION((6.123233995736766E-17,1.,0.));
#4423=IFCAXIS2PLACEMENT3D(#4420,#4421,#4422);
#4424=IFCLOCALPLACEMENT($,#4423);
#4425=IFCWALL('3JtRaDaTn7heqGulH3uOH4',$,'L2|TWOBR_A',$,$,#4446,#4436,$,$);
#4426=IFCCARTESIANPOINTLIST2D(((0.,0.),(0.,150.),(10363.200000000001,150.),(10363.200000000001,0.),(0.,0.)));
#4427=IFCINDEXEDPOLYCURVE(#4426,$,.F.);
#4428=IFCDIRECTION((0.,0.,1.));
#4429=IFCARBITRARYCLOSEDPROFILEDEF(.AREA.,$,#4427);
#4430=IFCCARTESIANPOINT((0.,0.,0.));
#4431=IFCDIRECTION((0.,0.,1.));
#4432=IFCDIRECTION((1.,0.,0.));
#4433=IFCAXIS2PLACEMENT3D(#4430,#4431,#4432);
#4434=IFCEXTRUDEDAREASOLID(#4429,#4433,#4428,3200.4000000000001);
#4435=IFCSHAPEREPRESENTATION(#11,'Body','SweptSolid',(#4434));
#4436=IFCPRODUCTDEFINITIONSHAPE($,$,(#4435));
#4442=IFCCARTESIANPOINT((53644.800000000003,47244.,7467.5999999999995));
#4443=IFCDIRECTION((0.,0.,1.));
#4444=IFCDIRECTION((6.123233995736766E-17,1.,0.));
#4445=IFCAXIS2PLACEMENT3D(#4442,#4443,#4444);
#4446=IFCLOCALPLACEMENT($,#4445);
#4447=IFCWALL('3hj$ypkuP5pxaVAWq3iwDZ',$,'L2|STUDIO_A',$,$,#4468,#4458,$,$);
#4448=IFCCARTESIANPOINTLIST2D(((0.,0.),(0.,150.),(9753.6000000000004,150.),(9753.6000000000004,0.),(0.,0.)));
#4449=IFCINDEXEDPOLYCURVE(#4448,$,.F.);
#4450=IFCDIRECTION((0.,0.,1.));
#4451=IFCARBITRARYCLOSEDPROFILEDEF(.AREA.,$,#4449);
#4452=IFCCARTESIANPOINT((0.,0.,0.));
#4453=IFCDIRECTION((0.,0.,1.));
#4454=IFCDIRECTION((1.,0.,0.));
#4455=IFCAXIS2PLACEMENT3D(#4452,#4453,#4454);
#4456=IFCEXTRUDEDAREASOLID(#4451,#4455,#4450,3200.4000000000001);
#4457=IFCSHAPEREPRESENTATION(#11,'Body','SweptSolid',(#4456));
#4458=IFCPRODUCTDEFINITIONSHAPE($,$,(#4457));
#4464=IFCCARTESIANPOINT((15849.6,50901.599999999999,7467.5999999999995));
#4465=IFCDIRECTION((0.,0.,1.));
#4466=IFCDIRECTION((1.,0.,0.));
#4467=IFCAXIS2PLACEMENT3D(#4464,#4465,#4466);
#4468=IFCLOCALPLACEMENT($,#4467);
#4469=IFCWALL('2caO9xcNvCeO6EoHc3dDia',$,'L2|STUDIO_A',$,$,#4490,#4480,$,$);
#4470=IFCCARTESIANPOINTLIST2D(((0.,0.),(0.,150.),(9753.6000000000004,150.),(9753.6000000000004,0.),(0.,0.)));
#4471=IFCINDEXEDPOLYCURVE(#4470,$,.F.);
#4472=IFCDIRECTION((0.,0.,1.));
#4473=IFCARBITRARYCLOSEDPROFILEDEF(.AREA.,$,#4471);
#4474=IFCCARTESIANPOINT((0.,0.,0.));
#4475=IFCDIRECTION((0.,0.,1.));
#4476=IFCDIRECTION((1.,0.,0.));
#4477=IFCAXIS2PLACEMENT3D(#4474,#4475,#4476);
#4478=IFCEXTRUDEDAREASOLID(#4473,#4477,#4472,3200.4000000000001);
#4479=IFCSHAPEREPRESENTATION(#11,'Body','SweptSolid',(#4478));
#4480=IFCPRODUCTDEFINITIONSHAPE($,$,(#4479));
#4486=IFCCARTESIANPOINT((15849.6,58826.400000000001,7467.5999999999995));
#4487=IFCDIRECTION((0.,0.,1.));
#4488=IFCDIRECTION((1.,0.,0.));
#4489=IFCAXIS2PLACEMENT3D(#4486,#4487,#4488);
#4490=IFCLOCALPLACEMENT($,#4489);
#4491=IFCWALL('0Tkrk5cif9aw0CVhcUgLGm',$,'L2|STUDIO_A',$,$,#4512,#4502,$,$);
#4492=IFCCARTESIANPOINTLIST2D(((0.,0.),(0.,150.),(7924.8000000000002,150.),(7924.8000000000002,0.),(0.,0.)));
#4493=IFCINDEXEDPOLYCURVE(#4492,$,.F.);
#4494=IFCDIRECTION((0.,0.,1.));
#4495=IFCARBITRARYCLOSEDPROFILEDEF(.AREA.,$,#4493);
#4496=IFCCARTESIANPOINT((0.,0.,0.));
#4497=IFCDIRECTION((0.,0.,1.));
#4498=IFCDIRECTION((1.,0.,0.));
#4499=IFCAXIS2PLACEMENT3D(#4496,#4497,#4498);
#4500=IFCEXTRUDEDAREASOLID(#4495,#4499,#4494,3200.4000000000001);
#4501=IFCSHAPEREPRESENTATION(#11,'Body','SweptSolid',(#4500));
#4502=IFCPRODUCTDEFINITIONSHAPE($,$,(#4501));
#4508=IFCCARTESIANPOINT((15849.6,50901.599999999999,7467.5999999999995));
#4509=IFCDIRECTION((0.,0.,1.));
#4510=IFCDIRECTION((6.123233995736766E-17,1.,0.));
#4511=IFCAXIS2PLACEMENT3D(#4508,#4509,#4510);
#4512=IFCLOCALPLACEMENT($,#4511);
#4513=IFCWALL('1nMiDJC0f9KRBLfUixbDO1',$,'L2|STUDIO_A',$,$,#4534,#4524,$,$);
#4514=IFCCARTESIANPOINTLIST2D(((0.,0.),(0.,150.),(7924.8000000000002,150.),(7924.8000000000002,0.),(0.,0.)));
#4515=IFCINDEXEDPOLYCURVE(#4514,$,.F.);
#4516=IFCDIRECTION((0.,0.,1.));
#4517=IFCARBITRARYCLOSEDPROFILEDEF(.AREA.,$,#4515);
#4518=IFCCARTESIANPOINT((0.,0.,0.));
#4519=IFCDIRECTION((0.,0.,1.));
#4520=IFCDIRECTION((1.,0.,0.));
#4521=IFCAXIS2PLACEMENT3D(#4518,#4519,#4520);
#4522=IFCEXTRUDEDAREASOLID(#4517,#4521,#4516,3200.4000000000001);
#4523=IFCSHAPEREPRESENTATION(#11,'Body','SweptSolid',(#4522));
#4524=IFCPRODUCTDEFINITIONSHAPE($,$,(#4523));
#4530=IFCCARTESIANPOINT((25603.200000000001,50901.599999999999,7467.5999999999995));
#4531=IFCDIRECTION((0.,0.,1.));
#4532=IFCDIRECTION((6.123233995736766E-17,1.,0.));
#4533=IFCAXIS2PLACEMENT3D(#4530,#4531,#4532);
#4534=IFCLOCALPLACEMENT($,#4533);
#4535=IFCWALL('3uVCtdc9HCTPUeNo8cJCta',$,'L2|ONEBR_A',$,$,#4556,#4546,$,$);
#4536=IFCCARTESIANPOINTLIST2D(((0.,0.),(0.,150.),(10363.200000000001,150.),(10363.200000000001,0.),(0.,0.)));
#4537=IFCINDEXEDPOLYCURVE(#4536,$,.F.);
#4538=IFCDIRECTION((0.,0.,1.));
#4539=IFCARBITRARYCLOSEDPROFILEDEF(.AREA.,$,#4537);
#4540=IFCCARTESIANPOINT((0.,0.,0.));
#4541=IFCDIRECTION((0.,0.,1.));
#4542=IFCDIRECTION((1.,0.,0.));
#4543=IFCAXIS2PLACEMENT3D(#4540,#4541,#4542);
#4544=IFCEXTRUDEDAREASOLID(#4539,#4543,#4538,3200.4000000000001);
#4545=IFCSHAPEREPRESENTATION(#11,'Body','SweptSolid',(#4544));
#4546=IFCPRODUCTDEFINITIONSHAPE($,$,(#4545));
#4552=IFCCARTESIANPOINT((3657.6000000000004,52120.800000000003,7467.5999999999995));
#4553=IFCDIRECTION((0.,0.,1.));
#4554=IFCDIRECTION((1.,0.,0.));
#4555=IFCAXIS2PLACEMENT3D(#4552,#4553,#4554);
#4556=IFCLOCALPLACEMENT($,#4555);
#4557=IFCWALL('3CzW5B6NH62hDBZimdSU1a',$,'L2|ONEBR_A',$,$,#4578,#4568,$,$);
#4558=IFCCARTESIANPOINTLIST2D(((0.,0.),(0.,150.),(10363.200000000001,150.),(10363.200000000001,0.),(0.,0.)));
#4559=IFCINDEXEDPOLYCURVE(#4558,$,.F.);
#4560=IFCDIRECTION((0.,0.,1.));
#4561=IFCARBITRARYCLOSEDPROFILEDEF(.AREA.,$,#4559);
#4562=IFCCARTESIANPOINT((0.,0.,0.));
#4563=IFCDIRECTION((0.,0.,1.));
#4564=IFCDIRECTION((1.,0.,0.));
#4565=IFCAXIS2PLACEMENT3D(#4562,#4563,#4564);
#4566=IFCEXTRUDEDAREASOLID(#4561,#4565,#4560,3200.4000000000001);
#4567=IFCSHAPEREPRESENTATION(#11,'Body','SweptSolid',(#4566));
#4568=IFCPRODUCTDEFINITIONSHAPE($,$,(#4567));
#4574=IFCCARTESIANPOINT((3657.6000000000004,61264.800000000003,7467.5999999999995));
#4575=IFCDIRECTION((0.,0.,1.));
#4576=IFCDIRECTION((1.,0.,0.));
#4577=IFCAXIS2PLACEMENT3D(#4574,#4575,#4576);
#4578=IFCLOCALPLACEMENT($,#4577);
#4579=IFCWALL('3RjNzYtun7Bha41rf3f1wO',$,'L2|ONEBR_A',$,$,#4600,#4590,$,$);
#4580=IFCCARTESIANPOINTLIST2D(((0.,0.),(0.,150.),(9144.,150.),(9144.,0.),(0.,0.)));
#4581=IFCINDEXEDPOLYCURVE(#4580,$,.F.);
#4582=IFCDIRECTION((0.,0.,1.));
#4583=IFCARBITRARYCLOSEDPROFILEDEF(.AREA.,$,#4581);
#4584=IFCCARTESIANPOINT((0.,0.,0.));
#4585=IFCDIRECTION((0.,0.,1.));
#4586=IFCDIRECTION((1.,0.,0.));
#4587=IFCAXIS2PLACEMENT3D(#4584,#4585,#4586);
#4588=IFCEXTRUDEDAREASOLID(#4583,#4587,#4582,3200.4000000000001);
#4589=IFCSHAPEREPRESENTATION(#11,'Body','SweptSolid',(#4588));
#4590=IFCPRODUCTDEFINITIONSHAPE($,$,(#4589));
#4596=IFCCARTESIANPOINT((3657.6000000000004,52120.800000000003,7467.5999999999995));
#4597=IFCDIRECTION((0.,0.,1.));
#4598=IFCDIRECTION((6.123233995736766E-17,1.,0.));
#4599=IFCAXIS2PLACEMENT3D(#4596,#4597,#4598);
#4600=IFCLOCALPLACEMENT($,#4599);
#4601=IFCWALL('0_rbaBKDL7A8bUJQaMc7Lk',$,'L2|ONEBR_A',$,$,#4622,#4612,$,$);
#4602=IFCCARTESIANPOINTLIST2D(((0.,0.),(0.,150.),(9144.,150.),(9144.,0.),(0.,0.)));
#4603=IFCINDEXEDPOLYCURVE(#4602,$,.F.);
#4604=IFCDIRECTION((0.,0.,1.));
#4605=IFCARBITRARYCLOSEDPROFILEDEF(.AREA.,$,#4603);
#4606=IFCCARTESIANPOINT((0.,0.,0.));
#4607=IFCDIRECTION((0.,0.,1.));
#4608=IFCDIRECTION((1.,0.,0.));
#4609=IFCAXIS2PLACEMENT3D(#4606,#4607,#4608);
#4610=IFCEXTRUDEDAREASOLID(#4605,#4609,#4604,3200.4000000000001);
#4611=IFCSHAPEREPRESENTATION(#11,'Body','SweptSolid',(#4610));
#4612=IFCPRODUCTDEFINITIONSHAPE($,$,(#4611));
#4618=IFCCARTESIANPOINT((14020.800000000001,52120.800000000003,7467.5999999999995));
#4619=IFCDIRECTION((0.,0.,1.));
#4620=IFCDIRECTION((6.123233995736766E-17,1.,0.));
#4621=IFCAXIS2PLACEMENT3D(#4618,#4619,#4620);
#4622=IFCLOCALPLACEMENT($,#4621);
#4623=IFCWALL('0ua0Y7NZ10nuuuknpv2d25',$,'L2|TWOBR_A',$,$,#4644,#4634,$,$);
#4624=IFCCARTESIANPOINTLIST2D(((0.,0.),(0.,150.),(10972.800000000001,150.),(10972.800000000001,0.),(0.,0.)));
#4625=IFCINDEXEDPOLYCURVE(#4624,$,.F.);
#4626=IFCDIRECTION((0.,0.,1.));
#4627=IFCARBITRARYCLOSEDPROFILEDEF(.AREA.,$,#4625);
#4628=IFCCARTESIANPOINT((0.,0.,0.));
#4629=IFCDIRECTION((0.,0.,1.));
#4630=IFCDIRECTION((1.,0.,0.));
#4631=IFCAXIS2PLACEMENT3D(#4628,#4629,#4630);
#4632=IFCEXTRUDEDAREASOLID(#4627,#4631,#4626,3200.4000000000001);
#4633=IFCSHAPEREPRESENTATION(#11,'Body','SweptSolid',(#4632));
#4634=IFCPRODUCTDEFINITIONSHAPE($,$,(#4633));
#4640=IFCCARTESIANPOINT((29870.399999999998,56388.000000000007,7467.5999999999995));
#4641=IFCDIRECTION((0.,0.,1.));
#4642=IFCDIRECTION((1.,0.,0.));
#4643=IFCAXIS2PLACEMENT3D(#4640,#4641,#4642);
#4644=IFCLOCALPLACEMENT($,#4643);
#4645=IFCWALL('3cDy3q1EP0eu5DRXvWKy3I',$,'L2|TWOBR_A',$,$,#4666,#4656,$,$);
#4646=IFCCARTESIANPOINTLIST2D(((0.,0.),(0.,150.),(10972.800000000001,150.),(10972.800000000001,0.),(0.,0.)));
#4647=IFCINDEXEDPOLYCURVE(#4646,$,.F.);
#4648=IFCDIRECTION((0.,0.,1.));
#4649=IFCARBITRARYCLOSEDPROFILEDEF(.AREA.,$,#4647);
#4650=IFCCARTESIANPOINT((0.,0.,0.));
#4651=IFCDIRECTION((0.,0.,1.));
#4652=IFCDIRECTION((1.,0.,0.));
#4653=IFCAXIS2PLACEMENT3D(#4650,#4651,#4652);
#4654=IFCEXTRUDEDAREASOLID(#4649,#4653,#4648,3200.4000000000001);
#4655=IFCSHAPEREPRESENTATION(#11,'Body','SweptSolid',(#4654));
#4656=IFCPRODUCTDEFINITIONSHAPE($,$,(#4655));
#4662=IFCCARTESIANPOINT((29870.399999999998,66751.199999999997,7467.5999999999995));
#4663=IFCDIRECTION((0.,0.,1.));
#4664=IFCDIRECTION((1.,0.,0.));
#4665=IFCAXIS2PLACEMENT3D(#4662,#4663,#4664);
#4666=IFCLOCALPLACEMENT($,#4665);
#4667=IFCWALL('3jKHqCQ1r6H8_lyzNmnq9R',$,'L2|TWOBR_A',$,$,#4688,#4678,$,$);
#4668=IFCCARTESIANPOINTLIST2D(((0.,0.),(0.,150.),(10363.200000000001,150.),(10363.200000000001,0.),(0.,0.)));
#4669=IFCINDEXEDPOLYCURVE(#4668,$,.F.);
#4670=IFCDIRECTION((0.,0.,1.));
#4671=IFCARBITRARYCLOSEDPROFILEDEF(.AREA.,$,#4669);
#4672=IFCCARTESIANPOINT((0.,0.,0.));
#4673=IFCDIRECTION((0.,0.,1.));
#4674=IFCDIRECTION((1.,0.,0.));
#4675=IFCAXIS2PLACEMENT3D(#4672,#4673,#4674);
#4676=IFCEXTRUDEDAREASOLID(#4671,#4675,#4670,3200.4000000000001);
#4677=IFCSHAPEREPRESENTATION(#11,'Body','SweptSolid',(#4676));
#4678=IFCPRODUCTDEFINITIONSHAPE($,$,(#4677));
#4684=IFCCARTESIANPOINT((29870.399999999998,56388.000000000007,7467.5999999999995));
#4685=IFCDIRECTION((0.,0.,1.));
#4686=IFCDIRECTION((6.123233995736766E-17,1.,0.));
#4687=IFCAXIS2PLACEMENT3D(#4684,#4685,#4686);
#4688=IFCLOCALPLACEMENT($,#4687);
#4689=IFCWALL('2DsZbn9EX8Ev5obnQwSoDv',$,'L2|TWOBR_A',$,$,#4710,#4700,$,$);
#4690=IFCCARTESIANPOINTLIST2D(((0.,0.),(0.,150.),(10363.200000000001,150.),(10363.200000000001,0.),(0.,0.)));
#4691=IFCINDEXEDPOLYCURVE(#4690,$,.F.);
#4692=IFCDIRECTION((0.,0.,1.));
#4693=IFCARBITRARYCLOSEDPROFILEDEF(.AREA.,$,#4691);
#4694=IFCCARTESIANPOINT((0.,0.,0.));
#4695=IFCDIRECTION((0.,0.,1.));
#4696=IFCDIRECTION((1.,0.,0.));
#4697=IFCAXIS2PLACEMENT3D(#4694,#4695,#4696);
#4698=IFCEXTRUDEDAREASOLID(#4693,#4697,#4692,3200.4000000000001);
#4699=IFCSHAPEREPRESENTATION(#11,'Body','SweptSolid',(#4698));
#4700=IFCPRODUCTDEFINITIONSHAPE($,$,(#4699));
#4706=IFCCARTESIANPOINT((40843.200000000004,56388.000000000007,7467.5999999999995));
#4707=IFCDIRECTION((0.,0.,1.));
#4708=IFCDIRECTION((6.123233995736766E-17,1.,0.));
#4709=IFCAXIS2PLACEMENT3D(#4706,#4707,#4708);
#4710=IFCLOCALPLACEMENT($,#4709);
#4711=IFCWALL('39DNEhoiv4CgG25M4ecdre',$,'L2|ONEBR_A',$,$,#4732,#4722,$,$);
#4712=IFCCARTESIANPOINTLIST2D(((0.,0.),(0.,150.),(10363.200000000001,150.),(10363.200000000001,0.),(0.,0.)));
#4713=IFCINDEXEDPOLYCURVE(#4712,$,.F.);
#4714=IFCDIRECTION((0.,0.,1.));
#4715=IFCARBITRARYCLOSEDPROFILEDEF(.AREA.,$,#4713);
#4716=IFCCARTESIANPOINT((0.,0.,0.));
#4717=IFCDIRECTION((0.,0.,1.));
#4718=IFCDIRECTION((1.,0.,0.));
#4719=IFCAXIS2PLACEMENT3D(#4716,#4717,#4718);
#4720=IFCEXTRUDEDAREASOLID(#4715,#4719,#4714,3200.4000000000001);
#4721=IFCSHAPEREPRESENTATION(#11,'Body','SweptSolid',(#4720));
#4722=IFCPRODUCTDEFINITIONSHAPE($,$,(#4721));
#4728=IFCCARTESIANPOINT((42672.,57607.200000000004,7467.5999999999995));
#4729=IFCDIRECTION((0.,0.,1.));
#4730=IFCDIRECTION((1.,0.,0.));
#4731=IFCAXIS2PLACEMENT3D(#4728,#4729,#4730);
#4732=IFCLOCALPLACEMENT($,#4731);
#4733=IFCWALL('2i4m5KWSP58OEhLr3wSxhq',$,'L2|ONEBR_A',$,$,#4754,#4744,$,$);
#4734=IFCCARTESIANPOINTLIST2D(((0.,0.),(0.,150.),(10363.200000000001,150.),(10363.200000000001,0.),(0.,0.)));
#4735=IFCINDEXEDPOLYCURVE(#4734,$,.F.);
#4736=IFCDIRECTION((0.,0.,1.));
#4737=IFCARBITRARYCLOSEDPROFILEDEF(.AREA.,$,#4735);
#4738=IFCCARTESIANPOINT((0.,0.,0.));
#4739=IFCDIRECTION((0.,0.,1.));
#4740=IFCDIRECTION((1.,0.,0.));
#4741=IFCAXIS2PLACEMENT3D(#4738,#4739,#4740);
#4742=IFCEXTRUDEDAREASOLID(#4737,#4741,#4736,3200.4000000000001);
#4743=IFCSHAPEREPRESENTATION(#11,'Body','SweptSolid',(#4742));
#4744=IFCPRODUCTDEFINITIONSHAPE($,$,(#4743));
#4750=IFCCARTESIANPOINT((42672.,66751.199999999997,7467.5999999999995));
#4751=IFCDIRECTION((0.,0.,1.));
#4752=IFCDIRECTION((1.,0.,0.));
#4753=IFCAXIS2PLACEMENT3D(#4750,#4751,#4752);
#4754=IFCLOCALPLACEMENT($,#4753);
#4755=IFCWALL('0a8hdI8gTBChlClN_phtmk',$,'L2|ONEBR_A',$,$,#4776,#4766,$,$);
#4756=IFCCARTESIANPOINTLIST2D(((0.,0.),(0.,150.),(9144.,150.),(9144.,0.),(0.,0.)));
#4757=IFCINDEXEDPOLYCURVE(#4756,$,.F.);
#4758=IFCDIRECTION((0.,0.,1.));
#4759=IFCARBITRARYCLOSEDPROFILEDEF(.AREA.,$,#4757);
#4760=IFCCARTESIANPOINT((0.,0.,0.));
#4761=IFCDIRECTION((0.,0.,1.));
#4762=IFCDIRECTION((1.,0.,0.));
#4763=IFCAXIS2PLACEMENT3D(#4760,#4761,#4762);
#4764=IFCEXTRUDEDAREASOLID(#4759,#4763,#4758,3200.4000000000001);
#4765=IFCSHAPEREPRESENTATION(#11,'Body','SweptSolid',(#4764));
#4766=IFCPRODUCTDEFINITIONSHAPE($,$,(#4765));
#4772=IFCCARTESIANPOINT((42672.,57607.200000000004,7467.5999999999995));
#4773=IFCDIRECTION((0.,0.,1.));
#4774=IFCDIRECTION((6.123233995736766E-17,1.,0.));
#4775=IFCAXIS2PLACEMENT3D(#4772,#4773,#4774);
#4776=IFCLOCALPLACEMENT($,#4775);
#4777=IFCWALL('19mOBpfp97J8QfBGY0PNua',$,'L2|ONEBR_A',$,$,#4798,#4788,$,$);
#4778=IFCCARTESIANPOINTLIST2D(((0.,0.),(0.,150.),(9144.,150.),(9144.,0.),(0.,0.)));
#4779=IFCINDEXEDPOLYCURVE(#4778,$,.F.);
#4780=IFCDIRECTION((0.,0.,1.));
#4781=IFCARBITRARYCLOSEDPROFILEDEF(.AREA.,$,#4779);
#4782=IFCCARTESIANPOINT((0.,0.,0.));
#4783=IFCDIRECTION((0.,0.,1.));
#4784=IFCDIRECTION((1.,0.,0.));
#4785=IFCAXIS2PLACEMENT3D(#4782,#4783,#4784);
#4786=IFCEXTRUDEDAREASOLID(#4781,#4785,#4780,3200.4000000000001);
#4787=IFCSHAPEREPRESENTATION(#11,'Body','SweptSolid',(#4786));
#4788=IFCPRODUCTDEFINITIONSHAPE($,$,(#4787));
#4794=IFCCARTESIANPOINT((53035.200000000004,57607.200000000004,7467.5999999999995));
#4795=IFCDIRECTION((0.,0.,1.));
#4796=IFCDIRECTION((6.123233995736766E-17,1.,0.));
#4797=IFCAXIS2PLACEMENT3D(#4794,#4795,#4796);
#4798=IFCLOCALPLACEMENT($,#4797);
#4799=IFCWALL('0DqpiNGKr4Kx1GiWIQEaTp',$,'L2|TWOBR_A',$,$,#4820,#4810,$,$);
#4800=IFCCARTESIANPOINTLIST2D(((0.,0.),(0.,150.),(10972.800000000001,150.),(10972.800000000001,0.),(0.,0.)));
#4801=IFCINDEXEDPOLYCURVE(#4800,$,.F.);
#4802=IFCDIRECTION((0.,0.,1.));
#4803=IFCARBITRARYCLOSEDPROFILEDEF(.AREA.,$,#4801);
#4804=IFCCARTESIANPOINT((0.,0.,0.));
#4805=IFCDIRECTION((0.,0.,1.));
#4806=IFCDIRECTION((1.,0.,0.));
#4807=IFCAXIS2PLACEMENT3D(#4804,#4805,#4806);
#4808=IFCEXTRUDEDAREASOLID(#4803,#4807,#4802,3200.4000000000001);
#4809=IFCSHAPEREPRESENTATION(#11,'Body','SweptSolid',(#4808));
#4810=IFCPRODUCTDEFINITIONSHAPE($,$,(#4809));
#4816=IFCCARTESIANPOINT((15849.6,58826.400000000001,7467.5999999999995));
#4817=IFCDIRECTION((0.,0.,1.));
#4818=IFCDIRECTION((1.,0.,0.));
#4819=IFCAXIS2PLACEMENT3D(#4816,#4817,#4818);
#4820=IFCLOCALPLACEMENT($,#4819);
#4821=IFCWALL('22f_lrl_r7FeL79JrGaMDV',$,'L2|TWOBR_A',$,$,#4842,#4832,$,$);
#4822=IFCCARTESIANPOINTLIST2D(((0.,0.),(0.,150.),(10972.800000000001,150.),(10972.800000000001,0.),(0.,0.)));
#4823=IFCINDEXEDPOLYCURVE(#4822,$,.F.);
#4824=IFCDIRECTION((0.,0.,1.));
#4825=IFCARBITRARYCLOSEDPROFILEDEF(.AREA.,$,#4823);
#4826=IFCCARTESIANPOINT((0.,0.,0.));
#4827=IFCDIRECTION((0.,0.,1.));
#4828=IFCDIRECTION((1.,0.,0.));
#4829=IFCAXIS2PLACEMENT3D(#4826,#4827,#4828);
#4830=IFCEXTRUDEDAREASOLID(#4825,#4829,#4824,3200.4000000000001);
#4831=IFCSHAPEREPRESENTATION(#11,'Body','SweptSolid',(#4830));
#4832=IFCPRODUCTDEFINITIONSHAPE($,$,(#4831));
#4838=IFCCARTESIANPOINT((15849.6,69189.599999999991,7467.5999999999995));
#4839=IFCDIRECTION((0.,0.,1.));
#4840=IFCDIRECTION((1.,0.,0.));
#4841=IFCAXIS2PLACEMENT3D(#4838,#4839,#4840);
#4842=IFCLOCALPLACEMENT($,#4841);
#4843=IFCWALL('12egygqx90VAwKb$lB8C16',$,'L2|TWOBR_A',$,$,#4864,#4854,$,$);
#4844=IFCCARTESIANPOINTLIST2D(((0.,0.),(0.,150.),(10363.200000000001,150.),(10363.200000000001,0.),(0.,0.)));
#4845=IFCINDEXEDPOLYCURVE(#4844,$,.F.);
#4846=IFCDIRECTION((0.,0.,1.));
#4847=IFCARBITRARYCLOSEDPROFILEDEF(.AREA.,$,#4845);
#4848=IFCCARTESIANPOINT((0.,0.,0.));
#4849=IFCDIRECTION((0.,0.,1.));
#4850=IFCDIRECTION((1.,0.,0.));
#4851=IFCAXIS2PLACEMENT3D(#4848,#4849,#4850);
#4852=IFCEXTRUDEDAREASOLID(#4847,#4851,#4846,3200.4000000000001);
#4853=IFCSHAPEREPRESENTATION(#11,'Body','SweptSolid',(#4852));
#4854=IFCPRODUCTDEFINITIONSHAPE($,$,(#4853));
#4860=IFCCARTESIANPOINT((15849.6,58826.400000000001,7467.5999999999995));
#4861=IFCDIRECTION((0.,0.,1.));
#4862=IFCDIRECTION((6.123233995736766E-17,1.,0.));
#4863=IFCAXIS2PLACEMENT3D(#4860,#4861,#4862);
#4864=IFCLOCALPLACEMENT($,#4863);
#4865=IFCWALL('2ai9mMqVv4iO8fzoeV9eJM',$,'L2|TWOBR_A',$,$,#4886,#4876,$,$);
#4866=IFCCARTESIANPOINTLIST2D(((0.,0.),(0.,150.),(10363.200000000001,150.),(10363.200000000001,0.),(0.,0.)));
#4867=IFCINDEXEDPOLYCURVE(#4866,$,.F.);
#4868=IFCDIRECTION((0.,0.,1.));
#4869=IFCARBITRARYCLOSEDPROFILEDEF(.AREA.,$,#4867);
#4870=IFCCARTESIANPOINT((0.,0.,0.));
#4871=IFCDIRECTION((0.,0.,1.));
#4872=IFCDIRECTION((1.,0.,0.));
#4873=IFCAXIS2PLACEMENT3D(#4870,#4871,#4872);
#4874=IFCEXTRUDEDAREASOLID(#4869,#4873,#4868,3200.4000000000001);
#4875=IFCSHAPEREPRESENTATION(#11,'Body','SweptSolid',(#4874));
#4876=IFCPRODUCTDEFINITIONSHAPE($,$,(#4875));
#4882=IFCCARTESIANPOINT((26822.400000000001,58826.400000000001,7467.5999999999995));
#4883=IFCDIRECTION((0.,0.,1.));
#4884=IFCDIRECTION((6.123233995736766E-17,1.,0.));
#4885=IFCAXIS2PLACEMENT3D(#4882,#4883,#4884);
#4886=IFCLOCALPLACEMENT($,#4885);
#4887=IFCWALL('26Kh7gWpfCWBZVQmiMsFHn',$,'L2|ONEBR_A',$,$,#4908,#4898,$,$);
#4888=IFCCARTESIANPOINTLIST2D(((0.,0.),(0.,150.),(10363.200000000001,150.),(10363.200000000001,0.),(0.,0.)));
#4889=IFCINDEXEDPOLYCURVE(#4888,$,.F.);
#4890=IFCDIRECTION((0.,0.,1.));
#4891=IFCARBITRARYCLOSEDPROFILEDEF(.AREA.,$,#4889);
#4892=IFCCARTESIANPOINT((0.,0.,0.));
#4893=IFCDIRECTION((0.,0.,1.));
#4894=IFCDIRECTION((1.,0.,0.));
#4895=IFCAXIS2PLACEMENT3D(#4892,#4893,#4894);
#4896=IFCEXTRUDEDAREASOLID(#4891,#4895,#4890,3200.4000000000001);
#4897=IFCSHAPEREPRESENTATION(#11,'Body','SweptSolid',(#4896));
#4898=IFCPRODUCTDEFINITIONSHAPE($,$,(#4897));
#4904=IFCCARTESIANPOINT((3657.6000000000004,61264.800000000003,7467.5999999999995));
#4905=IFCDIRECTION((0.,0.,1.));
#4906=IFCDIRECTION((1.,0.,0.));
#4907=IFCAXIS2PLACEMENT3D(#4904,#4905,#4906);
#4908=IFCLOCALPLACEMENT($,#4907);
#4909=IFCWALL('13tqlNnt9Cxxt7F6STnS_V',$,'L2|ONEBR_A',$,$,#4930,#4920,$,$);
#4910=IFCCARTESIANPOINTLIST2D(((0.,0.),(0.,150.),(10363.200000000001,150.),(10363.200000000001,0.),(0.,0.)));
#4911=IFCINDEXEDPOLYCURVE(#4910,$,.F.);
#4912=IFCDIRECTION((0.,0.,1.));
#4913=IFCARBITRARYCLOSEDPROFILEDEF(.AREA.,$,#4911);
#4914=IFCCARTESIANPOINT((0.,0.,0.));
#4915=IFCDIRECTION((0.,0.,1.));
#4916=IFCDIRECTION((1.,0.,0.));
#4917=IFCAXIS2PLACEMENT3D(#4914,#4915,#4916);
#4918=IFCEXTRUDEDAREASOLID(#4913,#4917,#4912,3200.4000000000001);
#4919=IFCSHAPEREPRESENTATION(#11,'Body','SweptSolid',(#4918));
#4920=IFCPRODUCTDEFINITIONSHAPE($,$,(#4919));
#4926=IFCCARTESIANPOINT((3657.6000000000004,70408.800000000003,7467.5999999999995));
#4927=IFCDIRECTION((0.,0.,1.));
#4928=IFCDIRECTION((1.,0.,0.));
#4929=IFCAXIS2PLACEMENT3D(#4926,#4927,#4928);
#4930=IFCLOCALPLACEMENT($,#4929);
#4931=IFCWALL('2_FYo8WDXAnuEy3j4tvegS',$,'L2|ONEBR_A',$,$,#4952,#4942,$,$);
#4932=IFCCARTESIANPOINTLIST2D(((0.,0.),(0.,150.),(9144.,150.),(9144.,0.),(0.,0.)));
#4933=IFCINDEXEDPOLYCURVE(#4932,$,.F.);
#4934=IFCDIRECTION((0.,0.,1.));
#4935=IFCARBITRARYCLOSEDPROFILEDEF(.AREA.,$,#4933);
#4936=IFCCARTESIANPOINT((0.,0.,0.));
#4937=IFCDIRECTION((0.,0.,1.));
#4938=IFCDIRECTION((1.,0.,0.));
#4939=IFCAXIS2PLACEMENT3D(#4936,#4937,#4938);
#4940=IFCEXTRUDEDAREASOLID(#4935,#4939,#4934,3200.4000000000001);
#4941=IFCSHAPEREPRESENTATION(#11,'Body','SweptSolid',(#4940));
#4942=IFCPRODUCTDEFINITIONSHAPE($,$,(#4941));
#4948=IFCCARTESIANPOINT((3657.6000000000004,61264.800000000003,7467.5999999999995));
#4949=IFCDIRECTION((0.,0.,1.));
#4950=IFCDIRECTION((6.123233995736766E-17,1.,0.));
#4951=IFCAXIS2PLACEMENT3D(#4948,#4949,#4950);
#4952=IFCLOCALPLACEMENT($,#4951);
#4953=IFCWALL('0cYrIfECvFk9epxwlJ32zD',$,'L2|ONEBR_A',$,$,#4974,#4964,$,$);
#4954=IFCCARTESIANPOINTLIST2D(((0.,0.),(0.,150.),(9144.,150.),(9144.,0.),(0.,0.)));
#4955=IFCINDEXEDPOLYCURVE(#4954,$,.F.);
#4956=IFCDIRECTION((0.,0.,1.));
#4957=IFCARBITRARYCLOSEDPROFILEDEF(.AREA.,$,#4955);
#4958=IFCCARTESIANPOINT((0.,0.,0.));
#4959=IFCDIRECTION((0.,0.,1.));
#4960=IFCDIRECTION((1.,0.,0.));
#4961=IFCAXIS2PLACEMENT3D(#4958,#4959,#4960);
#4962=IFCEXTRUDEDAREASOLID(#4957,#4961,#4956,3200.4000000000001);
#4963=IFCSHAPEREPRESENTATION(#11,'Body','SweptSolid',(#4962));
#4964=IFCPRODUCTDEFINITIONSHAPE($,$,(#4963));
#4970=IFCCARTESIANPOINT((14020.800000000001,61264.800000000003,7467.5999999999995));
#4971=IFCDIRECTION((0.,0.,1.));
#4972=IFCDIRECTION((6.123233995736766E-17,1.,0.));
#4973=IFCAXIS2PLACEMENT3D(#4970,#4971,#4972);
#4974=IFCLOCALPLACEMENT($,#4973);
#4975=IFCWALL('3TbAk3JKnCqwKgjJi$yYJg',$,'L3|STUDIO_A',$,$,#4996,#4986,$,$);
#4976=IFCCARTESIANPOINTLIST2D(((0.,0.),(0.,150.),(9753.6000000000004,150.),(9753.6000000000004,0.),(0.,0.)));
#4977=IFCINDEXEDPOLYCURVE(#4976,$,.F.);
#4978=IFCDIRECTION((0.,0.,1.));
#4979=IFCARBITRARYCLOSEDPROFILEDEF(.AREA.,$,#4977);
#4980=IFCCARTESIANPOINT((0.,0.,0.));
#4981=IFCDIRECTION((0.,0.,1.));
#4982=IFCDIRECTION((1.,0.,0.));
#4983=IFCAXIS2PLACEMENT3D(#4980,#4981,#4982);
#4984=IFCEXTRUDEDAREASOLID(#4979,#4983,#4978,3200.4000000000001);
#4985=IFCSHAPEREPRESENTATION(#11,'Body','SweptSolid',(#4984));
#4986=IFCPRODUCTDEFINITIONSHAPE($,$,(#4985));
#4992=IFCCARTESIANPOINT((4267.1999999999998,11887.199999999999,10668.));
#4993=IFCDIRECTION((0.,0.,1.));
#4994=IFCDIRECTION((1.,0.,0.));
#4995=IFCAXIS2PLACEMENT3D(#4992,#4993,#4994);
#4996=IFCLOCALPLACEMENT($,#4995);
#4997=IFCWALL('1MOnu89cD4Qv9Hi81QSYsL',$,'L3|STUDIO_A',$,$,#5018,#5008,$,$);
#4998=IFCCARTESIANPOINTLIST2D(((0.,0.),(0.,150.),(9753.6000000000004,150.),(9753.6000000000004,0.),(0.,0.)));
#4999=IFCINDEXEDPOLYCURVE(#4998,$,.F.);
#5000=IFCDIRECTION((0.,0.,1.));
#5001=IFCARBITRARYCLOSEDPROFILEDEF(.AREA.,$,#4999);
#5002=IFCCARTESIANPOINT((0.,0.,0.));
#5003=IFCDIRECTION((0.,0.,1.));
#5004=IFCDIRECTION((1.,0.,0.));
#5005=IFCAXIS2PLACEMENT3D(#5002,#5003,#5004);
#5006=IFCEXTRUDEDAREASOLID(#5001,#5005,#5000,3200.4000000000001);
#5007=IFCSHAPEREPRESENTATION(#11,'Body','SweptSolid',(#5006));
#5008=IFCPRODUCTDEFINITIONSHAPE($,$,(#5007));
#5014=IFCCARTESIANPOINT((4267.1999999999998,19812.,10668.));
#5015=IFCDIRECTION((0.,0.,1.));
#5016=IFCDIRECTION((1.,0.,0.));
#5017=IFCAXIS2PLACEMENT3D(#5014,#5015,#5016);
#5018=IFCLOCALPLACEMENT($,#5017);
#5019=IFCWALL('03yzWoLPbDkh3ZazNvQ34g',$,'L3|STUDIO_A',$,$,#5040,#5030,$,$);
#5020=IFCCARTESIANPOINTLIST2D(((0.,0.),(0.,150.),(7924.8000000000002,150.),(7924.8000000000002,0.),(0.,0.)));
#5021=IFCINDEXEDPOLYCURVE(#5020,$,.F.);
#5022=IFCDIRECTION((0.,0.,1.));
#5023=IFCARBITRARYCLOSEDPROFILEDEF(.AREA.,$,#5021);
#5024=IFCCARTESIANPOINT((0.,0.,0.));
#5025=IFCDIRECTION((0.,0.,1.));
#5026=IFCDIRECTION((1.,0.,0.));
#5027=IFCAXIS2PLACEMENT3D(#5024,#5025,#5026);
#5028=IFCEXTRUDEDAREASOLID(#5023,#5027,#5022,3200.4000000000001);
#5029=IFCSHAPEREPRESENTATION(#11,'Body','SweptSolid',(#5028));
#5030=IFCPRODUCTDEFINITIONSHAPE($,$,(#5029));
#5036=IFCCARTESIANPOINT((4267.1999999999998,11887.199999999999,10668.));
#5037=IFCDIRECTION((0.,0.,1.));
#5038=IFCDIRECTION((6.123233995736766E-17,1.,0.));
#5039=IFCAXIS2PLACEMENT3D(#5036,#5037,#5038);
#5040=IFCLOCALPLACEMENT($,#5039);
#5041=IFCWALL('2HM_TX5Xz3tPJCcqYY8GQB',$,'L3|STUDIO_A',$,$,#5062,#5052,$,$);
#5042=IFCCARTESIANPOINTLIST2D(((0.,0.),(0.,150.),(7924.8000000000002,150.),(7924.8000000000002,0.),(0.,0.)));
#5043=IFCINDEXEDPOLYCURVE(#5042,$,.F.);
#5044=IFCDIRECTION((0.,0.,1.));
#5045=IFCARBITRARYCLOSEDPROFILEDEF(.AREA.,$,#5043);
#5046=IFCCARTESIANPOINT((0.,0.,0.));
#5047=IFCDIRECTION((0.,0.,1.));
#5048=IFCDIRECTION((1.,0.,0.));
#5049=IFCAXIS2PLACEMENT3D(#5046,#5047,#5048);
#5050=IFCEXTRUDEDAREASOLID(#5045,#5049,#5044,3200.4000000000001);
#5051=IFCSHAPEREPRESENTATION(#11,'Body','SweptSolid',(#5050));
#5052=IFCPRODUCTDEFINITIONSHAPE($,$,(#5051));
#5058=IFCCARTESIANPOINT((14020.800000000001,11887.199999999999,10668.));
#5059=IFCDIRECTION((0.,0.,1.));
#5060=IFCDIRECTION((6.123233995736766E-17,1.,0.));
#5061=IFCAXIS2PLACEMENT3D(#5058,#5059,#5060);
#5062=IFCLOCALPLACEMENT($,#5061);
#5063=IFCWALL('3ucS2bk9b1YQVf$Aybhcme',$,'L3|ONEBR_A',$,$,#5084,#5074,$,$);
#5064=IFCCARTESIANPOINTLIST2D(((0.,0.),(0.,150.),(10363.200000000001,150.),(10363.200000000001,0.),(0.,0.)));
#5065=IFCINDEXEDPOLYCURVE(#5064,$,.F.);
#5066=IFCDIRECTION((0.,0.,1.));
#5067=IFCARBITRARYCLOSEDPROFILEDEF(.AREA.,$,#5065);
#5068=IFCCARTESIANPOINT((0.,0.,0.));
#5069=IFCDIRECTION((0.,0.,1.));
#5070=IFCDIRECTION((1.,0.,0.));
#5071=IFCAXIS2PLACEMENT3D(#5068,#5069,#5070);
#5072=IFCEXTRUDEDAREASOLID(#5067,#5071,#5066,3200.4000000000001);
#5073=IFCSHAPEREPRESENTATION(#11,'Body','SweptSolid',(#5072));
#5074=IFCPRODUCTDEFINITIONSHAPE($,$,(#5073));
#5080=IFCCARTESIANPOINT((15849.6,11887.199999999999,10668.));
#5081=IFCDIRECTION((0.,0.,1.));
#5082=IFCDIRECTION((1.,0.,0.));
#5083=IFCAXIS2PLACEMENT3D(#5080,#5081,#5082);
#5084=IFCLOCALPLACEMENT($,#5083);
#5085=IFCWALL('0uD8YFxQn6FOiZ$nAsyrv0',$,'L3|ONEBR_A',$,$,#5106,#5096,$,$);
#5086=IFCCARTESIANPOINTLIST2D(((0.,0.),(0.,150.),(10363.200000000001,150.),(10363.200000000001,0.),(0.,0.)));
#5087=IFCINDEXEDPOLYCURVE(#5086,$,.F.);
#5088=IFCDIRECTION((0.,0.,1.));
#5089=IFCARBITRARYCLOSEDPROFILEDEF(.AREA.,$,#5087);
#5090=IFCCARTESIANPOINT((0.,0.,0.));
#5091=IFCDIRECTION((0.,0.,1.));
#5092=IFCDIRECTION((1.,0.,0.));
#5093=IFCAXIS2PLACEMENT3D(#5090,#5091,#5092);
#5094=IFCEXTRUDEDAREASOLID(#5089,#5093,#5088,3200.4000000000001);
#5095=IFCSHAPEREPRESENTATION(#11,'Body','SweptSolid',(#5094));
#5096=IFCPRODUCTDEFINITIONSHAPE($,$,(#5095));
#5102=IFCCARTESIANPOINT((15849.6,21031.200000000001,10668.));
#5103=IFCDIRECTION((0.,0.,1.));
#5104=IFCDIRECTION((1.,0.,0.));
#5105=IFCAXIS2PLACEMENT3D(#5102,#5103,#5104);
#5106=IFCLOCALPLACEMENT($,#5105);
#5107=IFCWALL('2KHoE01sr8TA9ajstR4YNV',$,'L3|ONEBR_A',$,$,#5128,#5118,$,$);
#5108=IFCCARTESIANPOINTLIST2D(((0.,0.),(0.,150.),(9144.,150.),(9144.,0.),(0.,0.)));
#5109=IFCINDEXEDPOLYCURVE(#5108,$,.F.);
#5110=IFCDIRECTION((0.,0.,1.));
#5111=IFCARBITRARYCLOSEDPROFILEDEF(.AREA.,$,#5109);
#5112=IFCCARTESIANPOINT((0.,0.,0.));
#5113=IFCDIRECTION((0.,0.,1.));
#5114=IFCDIRECTION((1.,0.,0.));
#5115=IFCAXIS2PLACEMENT3D(#5112,#5113,#5114);
#5116=IFCEXTRUDEDAREASOLID(#5111,#5115,#5110,3200.4000000000001);
#5117=IFCSHAPEREPRESENTATION(#11,'Body','SweptSolid',(#5116));
#5118=IFCPRODUCTDEFINITIONSHAPE($,$,(#5117));
#5124=IFCCARTESIANPOINT((15849.6,11887.199999999999,10668.));
#5125=IFCDIRECTION((0.,0.,1.));
#5126=IFCDIRECTION((6.123233995736766E-17,1.,0.));
#5127=IFCAXIS2PLACEMENT3D(#5124,#5125,#5126);
#5128=IFCLOCALPLACEMENT($,#5127);
#5129=IFCWALL('3znzb7XD93fAzbK73$zZY$',$,'L3|ONEBR_A',$,$,#5150,#5140,$,$);
#5130=IFCCARTESIANPOINTLIST2D(((0.,0.),(0.,150.),(9144.,150.),(9144.,0.),(0.,0.)));
#5131=IFCINDEXEDPOLYCURVE(#5130,$,.F.);
#5132=IFCDIRECTION((0.,0.,1.));
#5133=IFCARBITRARYCLOSEDPROFILEDEF(.AREA.,$,#5131);
#5134=IFCCARTESIANPOINT((0.,0.,0.));
#5135=IFCDIRECTION((0.,0.,1.));
#5136=IFCDIRECTION((1.,0.,0.));
#5137=IFCAXIS2PLACEMENT3D(#5134,#5135,#5136);
#5138=IFCEXTRUDEDAREASOLID(#5133,#5137,#5132,3200.4000000000001);
#5139=IFCSHAPEREPRESENTATION(#11,'Body','SweptSolid',(#5138));
#5140=IFCPRODUCTDEFINITIONSHAPE($,$,(#5139));
#5146=IFCCARTESIANPOINT((26212.799999999999,11887.199999999999,10668.));
#5147=IFCDIRECTION((0.,0.,1.));
#5148=IFCDIRECTION((6.123233995736766E-17,1.,0.));
#5149=IFCAXIS2PLACEMENT3D(#5146,#5147,#5148);
#5150=IFCLOCALPLACEMENT($,#5149);
#5151=IFCWALL('2pHvEWBD54fuzqLsEYNiQF',$,'L3|TWOBR_A',$,$,#5172,#5162,$,$);
#5152=IFCCARTESIANPOINTLIST2D(((0.,0.),(0.,150.),(10972.800000000001,150.),(10972.800000000001,0.),(0.,0.)));
#5153=IFCINDEXEDPOLYCURVE(#5152,$,.F.);
#5154=IFCDIRECTION((0.,0.,1.));
#5155=IFCARBITRARYCLOSEDPROFILEDEF(.AREA.,$,#5153);
#5156=IFCCARTESIANPOINT((0.,0.,0.));
#5157=IFCDIRECTION((0.,0.,1.));
#5158=IFCDIRECTION((1.,0.,0.));
#5159=IFCAXIS2PLACEMENT3D(#5156,#5157,#5158);
#5160=IFCEXTRUDEDAREASOLID(#5155,#5159,#5154,3200.4000000000001);
#5161=IFCSHAPEREPRESENTATION(#11,'Body','SweptSolid',(#5160));
#5162=IFCPRODUCTDEFINITIONSHAPE($,$,(#5161));
#5168=IFCCARTESIANPOINT((29870.399999999998,11887.199999999999,10668.));
#5169=IFCDIRECTION((0.,0.,1.));
#5170=IFCDIRECTION((1.,0.,0.));
#5171=IFCAXIS2PLACEMENT3D(#5168,#5169,#5170);
#5172=IFCLOCALPLACEMENT($,#5171);
#5173=IFCWALL('16Sg5yO2DFIxllGdASqN_e',$,'L3|TWOBR_A',$,$,#5194,#5184,$,$);
#5174=IFCCARTESIANPOINTLIST2D(((0.,0.),(0.,150.),(10972.800000000001,150.),(10972.800000000001,0.),(0.,0.)));
#5175=IFCINDEXEDPOLYCURVE(#5174,$,.F.);
#5176=IFCDIRECTION((0.,0.,1.));
#5177=IFCARBITRARYCLOSEDPROFILEDEF(.AREA.,$,#5175);
#5178=IFCCARTESIANPOINT((0.,0.,0.));
#5179=IFCDIRECTION((0.,0.,1.));
#5180=IFCDIRECTION((1.,0.,0.));
#5181=IFCAXIS2PLACEMENT3D(#5178,#5179,#5180);
#5182=IFCEXTRUDEDAREASOLID(#5177,#5181,#5176,3200.4000000000001);
#5183=IFCSHAPEREPRESENTATION(#11,'Body','SweptSolid',(#5182));
#5184=IFCPRODUCTDEFINITIONSHAPE($,$,(#5183));
#5190=IFCCARTESIANPOINT((29870.399999999998,22250.400000000001,10668.));
#5191=IFCDIRECTION((0.,0.,1.));
#5192=IFCDIRECTION((1.,0.,0.));
#5193=IFCAXIS2PLACEMENT3D(#5190,#5191,#5192);
#5194=IFCLOCALPLACEMENT($,#5193);
#5195=IFCWALL('1V0_dcRmz0ggGAgqhdERHI',$,'L3|TWOBR_A',$,$,#5216,#5206,$,$);
#5196=IFCCARTESIANPOINTLIST2D(((0.,0.),(0.,150.),(10363.200000000001,150.),(10363.200000000001,0.),(0.,0.)));
#5197=IFCINDEXEDPOLYCURVE(#5196,$,.F.);
#5198=IFCDIRECTION((0.,0.,1.));
#5199=IFCARBITRARYCLOSEDPROFILEDEF(.AREA.,$,#5197);
#5200=IFCCARTESIANPOINT((0.,0.,0.));
#5201=IFCDIRECTION((0.,0.,1.));
#5202=IFCDIRECTION((1.,0.,0.));
#5203=IFCAXIS2PLACEMENT3D(#5200,#5201,#5202);
#5204=IFCEXTRUDEDAREASOLID(#5199,#5203,#5198,3200.4000000000001);
#5205=IFCSHAPEREPRESENTATION(#11,'Body','SweptSolid',(#5204));
#5206=IFCPRODUCTDEFINITIONSHAPE($,$,(#5205));
#5212=IFCCARTESIANPOINT((29870.399999999998,11887.199999999999,10668.));
#5213=IFCDIRECTION((0.,0.,1.));
#5214=IFCDIRECTION((6.123233995736766E-17,1.,0.));
#5215=IFCAXIS2PLACEMENT3D(#5212,#5213,#5214);
#5216=IFCLOCALPLACEMENT($,#5215);
#5217=IFCWALL('36eZFSDNH94ezxDHxXU3B_',$,'L3|TWOBR_A',$,$,#5238,#5228,$,$);
#5218=IFCCARTESIANPOINTLIST2D(((0.,0.),(0.,150.),(10363.200000000001,150.),(10363.200000000001,0.),(0.,0.)));
#5219=IFCINDEXEDPOLYCURVE(#5218,$,.F.);
#5220=IFCDIRECTION((0.,0.,1.));
#5221=IFCARBITRARYCLOSEDPROFILEDEF(.AREA.,$,#5219);
#5222=IFCCARTESIANPOINT((0.,0.,0.));
#5223=IFCDIRECTION((0.,0.,1.));
#5224=IFCDIRECTION((1.,0.,0.));
#5225=IFCAXIS2PLACEMENT3D(#5222,#5223,#5224);
#5226=IFCEXTRUDEDAREASOLID(#5221,#5225,#5220,3200.4000000000001);
#5227=IFCSHAPEREPRESENTATION(#11,'Body','SweptSolid',(#5226));
#5228=IFCPRODUCTDEFINITIONSHAPE($,$,(#5227));
#5234=IFCCARTESIANPOINT((40843.200000000004,11887.199999999999,10668.));
#5235=IFCDIRECTION((0.,0.,1.));
#5236=IFCDIRECTION((6.123233995736766E-17,1.,0.));
#5237=IFCAXIS2PLACEMENT3D(#5234,#5235,#5236);
#5238=IFCLOCALPLACEMENT($,#5237);
#5239=IFCWALL('3EAYdPMxbB3fPXmTPY9mjF',$,'L3|STUDIO_A',$,$,#5260,#5250,$,$);
#5240=IFCCARTESIANPOINTLIST2D(((0.,0.),(0.,150.),(9753.6000000000004,150.),(9753.6000000000004,0.),(0.,0.)));
#5241=IFCINDEXEDPOLYCURVE(#5240,$,.F.);
#5242=IFCDIRECTION((0.,0.,1.));
#5243=IFCARBITRARYCLOSEDPROFILEDEF(.AREA.,$,#5241);
#5244=IFCCARTESIANPOINT((0.,0.,0.));
#5245=IFCDIRECTION((0.,0.,1.));
#5246=IFCDIRECTION((1.,0.,0.));
#5247=IFCAXIS2PLACEMENT3D(#5244,#5245,#5246);
#5248=IFCEXTRUDEDAREASOLID(#5243,#5247,#5242,3200.4000000000001);
#5249=IFCSHAPEREPRESENTATION(#11,'Body','SweptSolid',(#5248));
#5250=IFCPRODUCTDEFINITIONSHAPE($,$,(#5249));
#5256=IFCCARTESIANPOINT((42672.,11887.199999999999,10668.));
#5257=IFCDIRECTION((0.,0.,1.));
#5258=IFCDIRECTION((1.,0.,0.));
#5259=IFCAXIS2PLACEMENT3D(#5256,#5257,#5258);
#5260=IFCLOCALPLACEMENT($,#5259);
#5261=IFCWALL('0wclgd_H946OZObTJ4iGov',$,'L3|STUDIO_A',$,$,#5282,#5272,$,$);
#5262=IFCCARTESIANPOINTLIST2D(((0.,0.),(0.,150.),(9753.6000000000004,150.),(9753.6000000000004,0.),(0.,0.)));
#5263=IFCINDEXEDPOLYCURVE(#5262,$,.F.);
#5264=IFCDIRECTION((0.,0.,1.));
#5265=IFCARBITRARYCLOSEDPROFILEDEF(.AREA.,$,#5263);
#5266=IFCCARTESIANPOINT((0.,0.,0.));
#5267=IFCDIRECTION((0.,0.,1.));
#5268=IFCDIRECTION((1.,0.,0.));
#5269=IFCAXIS2PLACEMENT3D(#5266,#5267,#5268);
#5270=IFCEXTRUDEDAREASOLID(#5265,#5269,#5264,3200.4000000000001);
#5271=IFCSHAPEREPRESENTATION(#11,'Body','SweptSolid',(#5270));
#5272=IFCPRODUCTDEFINITIONSHAPE($,$,(#5271));
#5278=IFCCARTESIANPOINT((42672.,19812.,10668.));
#5279=IFCDIRECTION((0.,0.,1.));
#5280=IFCDIRECTION((1.,0.,0.));
#5281=IFCAXIS2PLACEMENT3D(#5278,#5279,#5280);
#5282=IFCLOCALPLACEMENT($,#5281);
#5283=IFCWALL('1p_yq9j0z7F9flJjc6RzEz',$,'L3|STUDIO_A',$,$,#5304,#5294,$,$);
#5284=IFCCARTESIANPOINTLIST2D(((0.,0.),(0.,150.),(7924.8000000000002,150.),(7924.8000000000002,0.),(0.,0.)));
#5285=IFCINDEXEDPOLYCURVE(#5284,$,.F.);
#5286=IFCDIRECTION((0.,0.,1.));
#5287=IFCARBITRARYCLOSEDPROFILEDEF(.AREA.,$,#5285);
#5288=IFCCARTESIANPOINT((0.,0.,0.));
#5289=IFCDIRECTION((0.,0.,1.));
#5290=IFCDIRECTION((1.,0.,0.));
#5291=IFCAXIS2PLACEMENT3D(#5288,#5289,#5290);
#5292=IFCEXTRUDEDAREASOLID(#5287,#5291,#5286,3200.4000000000001);
#5293=IFCSHAPEREPRESENTATION(#11,'Body','SweptSolid',(#5292));
#5294=IFCPRODUCTDEFINITIONSHAPE($,$,(#5293));
#5300=IFCCARTESIANPOINT((42672.,11887.199999999999,10668.));
#5301=IFCDIRECTION((0.,0.,1.));
#5302=IFCDIRECTION((6.123233995736766E-17,1.,0.));
#5303=IFCAXIS2PLACEMENT3D(#5300,#5301,#5302);
#5304=IFCLOCALPLACEMENT($,#5303);
#5305=IFCWALL('3Ustp7HVr6HfiaewuP5cmv',$,'L3|STUDIO_A',$,$,#5326,#5316,$,$);
#5306=IFCCARTESIANPOINTLIST2D(((0.,0.),(0.,150.),(7924.8000000000002,150.),(7924.8000000000002,0.),(0.,0.)));
#5307=IFCINDEXEDPOLYCURVE(#5306,$,.F.);
#5308=IFCDIRECTION((0.,0.,1.));
#5309=IFCARBITRARYCLOSEDPROFILEDEF(.AREA.,$,#5307);
#5310=IFCCARTESIANPOINT((0.,0.,0.));
#5311=IFCDIRECTION((0.,0.,1.));
#5312=IFCDIRECTION((1.,0.,0.));
#5313=IFCAXIS2PLACEMENT3D(#5310,#5311,#5312);
#5314=IFCEXTRUDEDAREASOLID(#5309,#5313,#5308,3200.4000000000001);
#5315=IFCSHAPEREPRESENTATION(#11,'Body','SweptSolid',(#5314));
#5316=IFCPRODUCTDEFINITIONSHAPE($,$,(#5315));
#5322=IFCCARTESIANPOINT((52425.599999999999,11887.199999999999,10668.));
#5323=IFCDIRECTION((0.,0.,1.));
#5324=IFCDIRECTION((6.123233995736766E-17,1.,0.));
#5325=IFCAXIS2PLACEMENT3D(#5322,#5323,#5324);
#5326=IFCLOCALPLACEMENT($,#5325);
#5327=IFCWALL('2yKZuZY2D7_PgM9Mi3ibQE',$,'L3|ONEBR_A',$,$,#5348,#5338,$,$);
#5328=IFCCARTESIANPOINTLIST2D(((0.,0.),(0.,150.),(10363.200000000001,150.),(10363.200000000001,0.),(0.,0.)));
#5329=IFCINDEXEDPOLYCURVE(#5328,$,.F.);
#5330=IFCDIRECTION((0.,0.,1.));
#5331=IFCARBITRARYCLOSEDPROFILEDEF(.AREA.,$,#5329);
#5332=IFCCARTESIANPOINT((0.,0.,0.));
#5333=IFCDIRECTION((0.,0.,1.));
#5334=IFCDIRECTION((1.,0.,0.));
#5335=IFCAXIS2PLACEMENT3D(#5332,#5333,#5334);
#5336=IFCEXTRUDEDAREASOLID(#5331,#5335,#5330,3200.4000000000001);
#5337=IFCSHAPEREPRESENTATION(#11,'Body','SweptSolid',(#5336));
#5338=IFCPRODUCTDEFINITIONSHAPE($,$,(#5337));
#5344=IFCCARTESIANPOINT((3657.6000000000004,19812.,10668.));
#5345=IFCDIRECTION((0.,0.,1.));
#5346=IFCDIRECTION((1.,0.,0.));
#5347=IFCAXIS2PLACEMENT3D(#5344,#5345,#5346);
#5348=IFCLOCALPLACEMENT($,#5347);
#5349=IFCWALL('3Sk5xTVzz1uv5HHmJXC4jS',$,'L3|ONEBR_A',$,$,#5370,#5360,$,$);
#5350=IFCCARTESIANPOINTLIST2D(((0.,0.),(0.,150.),(10363.200000000001,150.),(10363.200000000001,0.),(0.,0.)));
#5351=IFCINDEXEDPOLYCURVE(#5350,$,.F.);
#5352=IFCDIRECTION((0.,0.,1.));
#5353=IFCARBITRARYCLOSEDPROFILEDEF(.AREA.,$,#5351);
#5354=IFCCARTESIANPOINT((0.,0.,0.));
#5355=IFCDIRECTION((0.,0.,1.));
#5356=IFCDIRECTION((1.,0.,0.));
#5357=IFCAXIS2PLACEMENT3D(#5354,#5355,#5356);
#5358=IFCEXTRUDEDAREASOLID(#5353,#5357,#5352,3200.4000000000001);
#5359=IFCSHAPEREPRESENTATION(#11,'Body','SweptSolid',(#5358));
#5360=IFCPRODUCTDEFINITIONSHAPE($,$,(#5359));
#5366=IFCCARTESIANPOINT((3657.6000000000004,28956.000000000004,10668.));
#5367=IFCDIRECTION((0.,0.,1.));
#5368=IFCDIRECTION((1.,0.,0.));
#5369=IFCAXIS2PLACEMENT3D(#5366,#5367,#5368);
#5370=IFCLOCALPLACEMENT($,#5369);
#5371=IFCWALL('2FdcuUrmn7iRbpv4AuP2ae',$,'L3|ONEBR_A',$,$,#5392,#5382,$,$);
#5372=IFCCARTESIANPOINTLIST2D(((0.,0.),(0.,150.),(9144.,150.),(9144.,0.),(0.,0.)));
#5373=IFCINDEXEDPOLYCURVE(#5372,$,.F.);
#5374=IFCDIRECTION((0.,0.,1.));
#5375=IFCARBITRARYCLOSEDPROFILEDEF(.AREA.,$,#5373);
#5376=IFCCARTESIANPOINT((0.,0.,0.));
#5377=IFCDIRECTION((0.,0.,1.));
#5378=IFCDIRECTION((1.,0.,0.));
#5379=IFCAXIS2PLACEMENT3D(#5376,#5377,#5378);
#5380=IFCEXTRUDEDAREASOLID(#5375,#5379,#5374,3200.4000000000001);
#5381=IFCSHAPEREPRESENTATION(#11,'Body','SweptSolid',(#5380));
#5382=IFCPRODUCTDEFINITIONSHAPE($,$,(#5381));
#5388=IFCCARTESIANPOINT((3657.6000000000004,19812.,10668.));
#5389=IFCDIRECTION((0.,0.,1.));
#5390=IFCDIRECTION((6.123233995736766E-17,1.,0.));
#5391=IFCAXIS2PLACEMENT3D(#5388,#5389,#5390);
#5392=IFCLOCALPLACEMENT($,#5391);
#5393=IFCWALL('3$vDATdaf6eupRHu5gPydJ',$,'L3|ONEBR_A',$,$,#5414,#5404,$,$);
#5394=IFCCARTESIANPOINTLIST2D(((0.,0.),(0.,150.),(9144.,150.),(9144.,0.),(0.,0.)));
#5395=IFCINDEXEDPOLYCURVE(#5394,$,.F.);
#5396=IFCDIRECTION((0.,0.,1.));
#5397=IFCARBITRARYCLOSEDPROFILEDEF(.AREA.,$,#5395);
#5398=IFCCARTESIANPOINT((0.,0.,0.));
#5399=IFCDIRECTION((0.,0.,1.));
#5400=IFCDIRECTION((1.,0.,0.));
#5401=IFCAXIS2PLACEMENT3D(#5398,#5399,#5400);
#5402=IFCEXTRUDEDAREASOLID(#5397,#5401,#5396,3200.4000000000001);
#5403=IFCSHAPEREPRESENTATION(#11,'Body','SweptSolid',(#5402));
#5404=IFCPRODUCTDEFINITIONSHAPE($,$,(#5403));
#5410=IFCCARTESIANPOINT((14020.800000000001,19812.,10668.));
#5411=IFCDIRECTION((0.,0.,1.));
#5412=IFCDIRECTION((6.123233995736766E-17,1.,0.));
#5413=IFCAXIS2PLACEMENT3D(#5410,#5411,#5412);
#5414=IFCLOCALPLACEMENT($,#5413);
#5415=IFCWALL('3C4c4TMRT71O7Nj8OqNcJ0',$,'L3|TWOBR_A',$,$,#5436,#5426,$,$);
#5416=IFCCARTESIANPOINTLIST2D(((0.,0.),(0.,150.),(10972.800000000001,150.),(10972.800000000001,0.),(0.,0.)));
#5417=IFCINDEXEDPOLYCURVE(#5416,$,.F.);
#5418=IFCDIRECTION((0.,0.,1.));
#5419=IFCARBITRARYCLOSEDPROFILEDEF(.AREA.,$,#5417);
#5420=IFCCARTESIANPOINT((0.,0.,0.));
#5421=IFCDIRECTION((0.,0.,1.));
#5422=IFCDIRECTION((1.,0.,0.));
#5423=IFCAXIS2PLACEMENT3D(#5420,#5421,#5422);
#5424=IFCEXTRUDEDAREASOLID(#5419,#5423,#5418,3200.4000000000001);
#5425=IFCSHAPEREPRESENTATION(#11,'Body','SweptSolid',(#5424));
#5426=IFCPRODUCTDEFINITIONSHAPE($,$,(#5425));
#5432=IFCCARTESIANPOINT((42672.,19812.,10668.));
#5433=IFCDIRECTION((0.,0.,1.));
#5434=IFCDIRECTION((1.,0.,0.));
#5435=IFCAXIS2PLACEMENT3D(#5432,#5433,#5434);
#5436=IFCLOCALPLACEMENT($,#5435);
#5437=IFCWALL('2mmWM9hZLCdfVJCHW2BNof',$,'L3|TWOBR_A',$,$,#5458,#5448,$,$);
#5438=IFCCARTESIANPOINTLIST2D(((0.,0.),(0.,150.),(10972.800000000001,150.),(10972.800000000001,0.),(0.,0.)));
#5439=IFCINDEXEDPOLYCURVE(#5438,$,.F.);
#5440=IFCDIRECTION((0.,0.,1.));
#5441=IFCARBITRARYCLOSEDPROFILEDEF(.AREA.,$,#5439);
#5442=IFCCARTESIANPOINT((0.,0.,0.));
#5443=IFCDIRECTION((0.,0.,1.));
#5444=IFCDIRECTION((1.,0.,0.));
#5445=IFCAXIS2PLACEMENT3D(#5442,#5443,#5444);
#5446=IFCEXTRUDEDAREASOLID(#5441,#5445,#5440,3200.4000000000001);
#5447=IFCSHAPEREPRESENTATION(#11,'Body','SweptSolid',(#5446));
#5448=IFCPRODUCTDEFINITIONSHAPE($,$,(#5447));
#5454=IFCCARTESIANPOINT((42672.,30175.200000000001,10668.));
#5455=IFCDIRECTION((0.,0.,1.));
#5456=IFCDIRECTION((1.,0.,0.));
#5457=IFCAXIS2PLACEMENT3D(#5454,#5455,#5456);
#5458=IFCLOCALPLACEMENT($,#5457);
#5459=IFCWALL('3I2CHXfGTEw8sVYX84Y1lS',$,'L3|TWOBR_A',$,$,#5480,#5470,$,$);
#5460=IFCCARTESIANPOINTLIST2D(((0.,0.),(0.,150.),(10363.200000000001,150.),(10363.200000000001,0.),(0.,0.)));
#5461=IFCINDEXEDPOLYCURVE(#5460,$,.F.);
#5462=IFCDIRECTION((0.,0.,1.));
#5463=IFCARBITRARYCLOSEDPROFILEDEF(.AREA.,$,#5461);
#5464=IFCCARTESIANPOINT((0.,0.,0.));
#5465=IFCDIRECTION((0.,0.,1.));
#5466=IFCDIRECTION((1.,0.,0.));
#5467=IFCAXIS2PLACEMENT3D(#5464,#5465,#5466);
#5468=IFCEXTRUDEDAREASOLID(#5463,#5467,#5462,3200.4000000000001);
#5469=IFCSHAPEREPRESENTATION(#11,'Body','SweptSolid',(#5468));
#5470=IFCPRODUCTDEFINITIONSHAPE($,$,(#5469));
#5476=IFCCARTESIANPOINT((42672.,19812.,10668.));
#5477=IFCDIRECTION((0.,0.,1.));
#5478=IFCDIRECTION((6.123233995736766E-17,1.,0.));
#5479=IFCAXIS2PLACEMENT3D(#5476,#5477,#5478);
#5480=IFCLOCALPLACEMENT($,#5479);
#5481=IFCWALL('0$56pqN89DjPIJTxR9WX2G',$,'L3|TWOBR_A',$,$,#5502,#5492,$,$);
#5482=IFCCARTESIANPOINTLIST2D(((0.,0.),(0.,150.),(10363.200000000001,150.),(10363.200000000001,0.),(0.,0.)));
#5483=IFCINDEXEDPOLYCURVE(#5482,$,.F.);
#5484=IFCDIRECTION((0.,0.,1.));
#5485=IFCARBITRARYCLOSEDPROFILEDEF(.AREA.,$,#5483);
#5486=IFCCARTESIANPOINT((0.,0.,0.));
#5487=IFCDIRECTION((0.,0.,1.));
#5488=IFCDIRECTION((1.,0.,0.));
#5489=IFCAXIS2PLACEMENT3D(#5486,#5487,#5488);
#5490=IFCEXTRUDEDAREASOLID(#5485,#5489,#5484,3200.4000000000001);
#5491=IFCSHAPEREPRESENTATION(#11,'Body','SweptSolid',(#5490));
#5492=IFCPRODUCTDEFINITIONSHAPE($,$,(#5491));
#5498=IFCCARTESIANPOINT((53644.800000000003,19812.,10668.));
#5499=IFCDIRECTION((0.,0.,1.));
#5500=IFCDIRECTION((6.123233995736766E-17,1.,0.));
#5501=IFCAXIS2PLACEMENT3D(#5498,#5499,#5500);
#5502=IFCLOCALPLACEMENT($,#5501);
#5503=IFCWALL('2fMy8WUS973udWNCicX6HK',$,'L3|ONEBR_A',$,$,#5524,#5514,$,$);
#5504=IFCCARTESIANPOINTLIST2D(((0.,0.),(0.,150.),(10363.200000000001,150.),(10363.200000000001,0.),(0.,0.)));
#5505=IFCINDEXEDPOLYCURVE(#5504,$,.F.);
#5506=IFCDIRECTION((0.,0.,1.));
#5507=IFCARBITRARYCLOSEDPROFILEDEF(.AREA.,$,#5505);
#5508=IFCCARTESIANPOINT((0.,0.,0.));
#5509=IFCDIRECTION((0.,0.,1.));
#5510=IFCDIRECTION((1.,0.,0.));
#5511=IFCAXIS2PLACEMENT3D(#5508,#5509,#5510);
#5512=IFCEXTRUDEDAREASOLID(#5507,#5511,#5506,3200.4000000000001);
#5513=IFCSHAPEREPRESENTATION(#11,'Body','SweptSolid',(#5512));
#5514=IFCPRODUCTDEFINITIONSHAPE($,$,(#5513));
#5520=IFCCARTESIANPOINT((15849.6,21031.200000000001,10668.));
#5521=IFCDIRECTION((0.,0.,1.));
#5522=IFCDIRECTION((1.,0.,0.));
#5523=IFCAXIS2PLACEMENT3D(#5520,#5521,#5522);
#5524=IFCLOCALPLACEMENT($,#5523);
#5525=IFCWALL('1WLttxODz0q9bHA2Wdt29h',$,'L3|ONEBR_A',$,$,#5546,#5536,$,$);
#5526=IFCCARTESIANPOINTLIST2D(((0.,0.),(0.,150.),(10363.200000000001,150.),(10363.200000000001,0.),(0.,0.)));
#5527=IFCINDEXEDPOLYCURVE(#5526,$,.F.);
#5528=IFCDIRECTION((0.,0.,1.));
#5529=IFCARBITRARYCLOSEDPROFILEDEF(.AREA.,$,#5527);
#5530=IFCCARTESIANPOINT((0.,0.,0.));
#5531=IFCDIRECTION((0.,0.,1.));
#5532=IFCDIRECTION((1.,0.,0.));
#5533=IFCAXIS2PLACEMENT3D(#5530,#5531,#5532);
#5534=IFCEXTRUDEDAREASOLID(#5529,#5533,#5528,3200.4000000000001);
#5535=IFCSHAPEREPRESENTATION(#11,'Body','SweptSolid',(#5534));
#5536=IFCPRODUCTDEFINITIONSHAPE($,$,(#5535));
#5542=IFCCARTESIANPOINT((15849.6,30175.200000000001,10668.));
#5543=IFCDIRECTION((0.,0.,1.));
#5544=IFCDIRECTION((1.,0.,0.));
#5545=IFCAXIS2PLACEMENT3D(#5542,#5543,#5544);
#5546=IFCLOCALPLACEMENT($,#5545);
#5547=IFCWALL('0GnYFc4$10XgLQ1QmRo594',$,'L3|ONEBR_A',$,$,#5568,#5558,$,$);
#5548=IFCCARTESIANPOINTLIST2D(((0.,0.),(0.,150.),(9144.,150.),(9144.,0.),(0.,0.)));
#5549=IFCINDEXEDPOLYCURVE(#5548,$,.F.);
#5550=IFCDIRECTION((0.,0.,1.));
#5551=IFCARBITRARYCLOSEDPROFILEDEF(.AREA.,$,#5549);
#5552=IFCCARTESIANPOINT((0.,0.,0.));
#5553=IFCDIRECTION((0.,0.,1.));
#5554=IFCDIRECTION((1.,0.,0.));
#5555=IFCAXIS2PLACEMENT3D(#5552,#5553,#5554);
#5556=IFCEXTRUDEDAREASOLID(#5551,#5555,#5550,3200.4000000000001);
#5557=IFCSHAPEREPRESENTATION(#11,'Body','SweptSolid',(#5556));
#5558=IFCPRODUCTDEFINITIONSHAPE($,$,(#5557));
#5564=IFCCARTESIANPOINT((15849.6,21031.200000000001,10668.));
#5565=IFCDIRECTION((0.,0.,1.));
#5566=IFCDIRECTION((6.123233995736766E-17,1.,0.));
#5567=IFCAXIS2PLACEMENT3D(#5564,#5565,#5566);
#5568=IFCLOCALPLACEMENT($,#5567);
#5569=IFCWALL('3wILNqidHD1RnpQtRmTwF7',$,'L3|ONEBR_A',$,$,#5590,#5580,$,$);
#5570=IFCCARTESIANPOINTLIST2D(((0.,0.),(0.,150.),(9144.,150.),(9144.,0.),(0.,0.)));
#5571=IFCINDEXEDPOLYCURVE(#5570,$,.F.);
#5572=IFCDIRECTION((0.,0.,1.));
#5573=IFCARBITRARYCLOSEDPROFILEDEF(.AREA.,$,#5571);
#5574=IFCCARTESIANPOINT((0.,0.,0.));
#5575=IFCDIRECTION((0.,0.,1.));
#5576=IFCDIRECTION((1.,0.,0.));
#5577=IFCAXIS2PLACEMENT3D(#5574,#5575,#5576);
#5578=IFCEXTRUDEDAREASOLID(#5573,#5577,#5572,3200.4000000000001);
#5579=IFCSHAPEREPRESENTATION(#11,'Body','SweptSolid',(#5578));
#5580=IFCPRODUCTDEFINITIONSHAPE($,$,(#5579));
#5586=IFCCARTESIANPOINT((26212.799999999999,21031.200000000001,10668.));
#5587=IFCDIRECTION((0.,0.,1.));
#5588=IFCDIRECTION((6.123233995736766E-17,1.,0.));
#5589=IFCAXIS2PLACEMENT3D(#5586,#5587,#5588);
#5590=IFCLOCALPLACEMENT($,#5589);
#5591=IFCWALL('1li6RczxbAPAhYWNehuEIe',$,'L3|TWOBR_A',$,$,#5612,#5602,$,$);
#5592=IFCCARTESIANPOINTLIST2D(((0.,0.),(0.,150.),(10972.800000000001,150.),(10972.800000000001,0.),(0.,0.)));
#5593=IFCINDEXEDPOLYCURVE(#5592,$,.F.);
#5594=IFCDIRECTION((0.,0.,1.));
#5595=IFCARBITRARYCLOSEDPROFILEDEF(.AREA.,$,#5593);
#5596=IFCCARTESIANPOINT((0.,0.,0.));
#5597=IFCDIRECTION((0.,0.,1.));
#5598=IFCDIRECTION((1.,0.,0.));
#5599=IFCAXIS2PLACEMENT3D(#5596,#5597,#5598);
#5600=IFCEXTRUDEDAREASOLID(#5595,#5599,#5594,3200.4000000000001);
#5601=IFCSHAPEREPRESENTATION(#11,'Body','SweptSolid',(#5600));
#5602=IFCPRODUCTDEFINITIONSHAPE($,$,(#5601));
#5608=IFCCARTESIANPOINT((29870.399999999998,22250.400000000001,10668.));
#5609=IFCDIRECTION((0.,0.,1.));
#5610=IFCDIRECTION((1.,0.,0.));
#5611=IFCAXIS2PLACEMENT3D(#5608,#5609,#5610);
#5612=IFCLOCALPLACEMENT($,#5611);
#5613=IFCWALL('1zh3nIZC9E39NHbQcm05bM',$,'L3|TWOBR_A',$,$,#5634,#5624,$,$);
#5614=IFCCARTESIANPOINTLIST2D(((0.,0.),(0.,150.),(10972.800000000001,150.),(10972.800000000001,0.),(0.,0.)));
#5615=IFCINDEXEDPOLYCURVE(#5614,$,.F.);
#5616=IFCDIRECTION((0.,0.,1.));
#5617=IFCARBITRARYCLOSEDPROFILEDEF(.AREA.,$,#5615);
#5618=IFCCARTESIANPOINT((0.,0.,0.));
#5619=IFCDIRECTION((0.,0.,1.));
#5620=IFCDIRECTION((1.,0.,0.));
#5621=IFCAXIS2PLACEMENT3D(#5618,#5619,#5620);
#5622=IFCEXTRUDEDAREASOLID(#5617,#5621,#5616,3200.4000000000001);
#5623=IFCSHAPEREPRESENTATION(#11,'Body','SweptSolid',(#5622));
#5624=IFCPRODUCTDEFINITIONSHAPE($,$,(#5623));
#5630=IFCCARTESIANPOINT((29870.399999999998,32613.599999999999,10668.));
#5631=IFCDIRECTION((0.,0.,1.));
#5632=IFCDIRECTION((1.,0.,0.));
#5633=IFCAXIS2PLACEMENT3D(#5630,#5631,#5632);
#5634=IFCLOCALPLACEMENT($,#5633);
#5635=IFCWALL('18veGYaUj1ORUfnm51iUwY',$,'L3|TWOBR_A',$,$,#5656,#5646,$,$);
#5636=IFCCARTESIANPOINTLIST2D(((0.,0.),(0.,150.),(10363.200000000001,150.),(10363.200000000001,0.),(0.,0.)));
#5637=IFCINDEXEDPOLYCURVE(#5636,$,.F.);
#5638=IFCDIRECTION((0.,0.,1.));
#5639=IFCARBITRARYCLOSEDPROFILEDEF(.AREA.,$,#5637);
#5640=IFCCARTESIANPOINT((0.,0.,0.));
#5641=IFCDIRECTION((0.,0.,1.));
#5642=IFCDIRECTION((1.,0.,0.));
#5643=IFCAXIS2PLACEMENT3D(#5640,#5641,#5642);
#5644=IFCEXTRUDEDAREASOLID(#5639,#5643,#5638,3200.4000000000001);
#5645=IFCSHAPEREPRESENTATION(#11,'Body','SweptSolid',(#5644));
#5646=IFCPRODUCTDEFINITIONSHAPE($,$,(#5645));
#5652=IFCCARTESIANPOINT((29870.399999999998,22250.400000000001,10668.));
#5653=IFCDIRECTION((0.,0.,1.));
#5654=IFCDIRECTION((6.123233995736766E-17,1.,0.));
#5655=IFCAXIS2PLACEMENT3D(#5652,#5653,#5654);
#5656=IFCLOCALPLACEMENT($,#5655);
#5657=IFCWALL('1fXt9OSkH6JBllQFwjKB2y',$,'L3|TWOBR_A',$,$,#5678,#5668,$,$);
#5658=IFCCARTESIANPOINTLIST2D(((0.,0.),(0.,150.),(10363.200000000001,150.),(10363.200000000001,0.),(0.,0.)));
#5659=IFCINDEXEDPOLYCURVE(#5658,$,.F.);
#5660=IFCDIRECTION((0.,0.,1.));
#5661=IFCARBITRARYCLOSEDPROFILEDEF(.AREA.,$,#5659);
#5662=IFCCARTESIANPOINT((0.,0.,0.));
#5663=IFCDIRECTION((0.,0.,1.));
#5664=IFCDIRECTION((1.,0.,0.));
#5665=IFCAXIS2PLACEMENT3D(#5662,#5663,#5664);
#5666=IFCEXTRUDEDAREASOLID(#5661,#5665,#5660,3200.4000000000001);
#5667=IFCSHAPEREPRESENTATION(#11,'Body','SweptSolid',(#5666));
#5668=IFCPRODUCTDEFINITIONSHAPE($,$,(#5667));
#5674=IFCCARTESIANPOINT((40843.200000000004,22250.400000000001,10668.));
#5675=IFCDIRECTION((0.,0.,1.));
#5676=IFCDIRECTION((6.123233995736766E-17,1.,0.));
#5677=IFCAXIS2PLACEMENT3D(#5674,#5675,#5676);
#5678=IFCLOCALPLACEMENT($,#5677);
#5679=IFCWALL('2lTV6vfhf3RgnyqIi8aYyT',$,'L3|ONEBR_A',$,$,#5700,#5690,$,$);
#5680=IFCCARTESIANPOINTLIST2D(((0.,0.),(0.,150.),(10363.200000000001,150.),(10363.200000000001,0.),(0.,0.)));
#5681=IFCINDEXEDPOLYCURVE(#5680,$,.F.);
#5682=IFCDIRECTION((0.,0.,1.));
#5683=IFCARBITRARYCLOSEDPROFILEDEF(.AREA.,$,#5681);
#5684=IFCCARTESIANPOINT((0.,0.,0.));
#5685=IFCDIRECTION((0.,0.,1.));
#5686=IFCDIRECTION((1.,0.,0.));
#5687=IFCAXIS2PLACEMENT3D(#5684,#5685,#5686);
#5688=IFCEXTRUDEDAREASOLID(#5683,#5687,#5682,3200.4000000000001);
#5689=IFCSHAPEREPRESENTATION(#11,'Body','SweptSolid',(#5688));
#5690=IFCPRODUCTDEFINITIONSHAPE($,$,(#5689));
#5696=IFCCARTESIANPOINT((3657.6000000000004,28956.000000000004,10668.));
#5697=IFCDIRECTION((0.,0.,1.));
#5698=IFCDIRECTION((1.,0.,0.));
#5699=IFCAXIS2PLACEMENT3D(#5696,#5697,#5698);
#5700=IFCLOCALPLACEMENT($,#5699);
#5701=IFCWALL('2950OoWJX6fOQQWMLJc4YZ',$,'L3|ONEBR_A',$,$,#5722,#5712,$,$);
#5702=IFCCARTESIANPOINTLIST2D(((0.,0.),(0.,150.),(10363.200000000001,150.),(10363.200000000001,0.),(0.,0.)));
#5703=IFCINDEXEDPOLYCURVE(#5702,$,.F.);
#5704=IFCDIRECTION((0.,0.,1.));
#5705=IFCARBITRARYCLOSEDPROFILEDEF(.AREA.,$,#5703);
#5706=IFCCARTESIANPOINT((0.,0.,0.));
#5707=IFCDIRECTION((0.,0.,1.));
#5708=IFCDIRECTION((1.,0.,0.));
#5709=IFCAXIS2PLACEMENT3D(#5706,#5707,#5708);
#5710=IFCEXTRUDEDAREASOLID(#5705,#5709,#5704,3200.4000000000001);
#5711=IFCSHAPEREPRESENTATION(#11,'Body','SweptSolid',(#5710));
#5712=IFCPRODUCTDEFINITIONSHAPE($,$,(#5711));
#5718=IFCCARTESIANPOINT((3657.6000000000004,38100.,10668.));
#5719=IFCDIRECTION((0.,0.,1.));
#5720=IFCDIRECTION((1.,0.,0.));
#5721=IFCAXIS2PLACEMENT3D(#5718,#5719,#5720);
#5722=IFCLOCALPLACEMENT($,#5721);
#5723=IFCWALL('017fvYgQn8u9fJlyKXiVUc',$,'L3|ONEBR_A',$,$,#5744,#5734,$,$);
#5724=IFCCARTESIANPOINTLIST2D(((0.,0.),(0.,150.),(9144.,150.),(9144.,0.),(0.,0.)));
#5725=IFCINDEXEDPOLYCURVE(#5724,$,.F.);
#5726=IFCDIRECTION((0.,0.,1.));
#5727=IFCARBITRARYCLOSEDPROFILEDEF(.AREA.,$,#5725);
#5728=IFCCARTESIANPOINT((0.,0.,0.));
#5729=IFCDIRECTION((0.,0.,1.));
#5730=IFCDIRECTION((1.,0.,0.));
#5731=IFCAXIS2PLACEMENT3D(#5728,#5729,#5730);
#5732=IFCEXTRUDEDAREASOLID(#5727,#5731,#5726,3200.4000000000001);
#5733=IFCSHAPEREPRESENTATION(#11,'Body','SweptSolid',(#5732));
#5734=IFCPRODUCTDEFINITIONSHAPE($,$,(#5733));
#5740=IFCCARTESIANPOINT((3657.6000000000004,28956.000000000004,10668.));
#5741=IFCDIRECTION((0.,0.,1.));
#5742=IFCDIRECTION((6.123233995736766E-17,1.,0.));
#5743=IFCAXIS2PLACEMENT3D(#5740,#5741,#5742);
#5744=IFCLOCALPLACEMENT($,#5743);
#5745=IFCWALL('0e4SO_NPbBqg6jfX$DJd85',$,'L3|ONEBR_A',$,$,#5766,#5756,$,$);
#5746=IFCCARTESIANPOINTLIST2D(((0.,0.),(0.,150.),(9144.,150.),(9144.,0.),(0.,0.)));
#5747=IFCINDEXEDPOLYCURVE(#5746,$,.F.);
#5748=IFCDIRECTION((0.,0.,1.));
#5749=IFCARBITRARYCLOSEDPROFILEDEF(.AREA.,$,#5747);
#5750=IFCCARTESIANPOINT((0.,0.,0.));
#5751=IFCDIRECTION((0.,0.,1.));
#5752=IFCDIRECTION((1.,0.,0.));
#5753=IFCAXIS2PLACEMENT3D(#5750,#5751,#5752);
#5754=IFCEXTRUDEDAREASOLID(#5749,#5753,#5748,3200.4000000000001);
#5755=IFCSHAPEREPRESENTATION(#11,'Body','SweptSolid',(#5754));
#5756=IFCPRODUCTDEFINITIONSHAPE($,$,(#5755));
#5762=IFCCARTESIANPOINT((14020.800000000001,28956.000000000004,10668.));
#5763=IFCDIRECTION((0.,0.,1.));
#5764=IFCDIRECTION((6.123233995736766E-17,1.,0.));
#5765=IFCAXIS2PLACEMENT3D(#5762,#5763,#5764);
#5766=IFCLOCALPLACEMENT($,#5765);
#5767=IFCWALL('0cr0OAFvv2nAeyoAKyEvWv',$,'L3|STUDIO_A',$,$,#5788,#5778,$,$);
#5768=IFCCARTESIANPOINTLIST2D(((0.,0.),(0.,150.),(9753.6000000000004,150.),(9753.6000000000004,0.),(0.,0.)));
#5769=IFCINDEXEDPOLYCURVE(#5768,$,.F.);
#5770=IFCDIRECTION((0.,0.,1.));
#5771=IFCARBITRARYCLOSEDPROFILEDEF(.AREA.,$,#5769);
#5772=IFCCARTESIANPOINT((0.,0.,0.));
#5773=IFCDIRECTION((0.,0.,1.));
#5774=IFCDIRECTION((1.,0.,0.));
#5775=IFCAXIS2PLACEMENT3D(#5772,#5773,#5774);
#5776=IFCEXTRUDEDAREASOLID(#5771,#5775,#5770,3200.4000000000001);
#5777=IFCSHAPEREPRESENTATION(#11,'Body','SweptSolid',(#5776));
#5778=IFCPRODUCTDEFINITIONSHAPE($,$,(#5777));
#5784=IFCCARTESIANPOINT((15849.6,30175.200000000001,10668.));
#5785=IFCDIRECTION((0.,0.,1.));
#5786=IFCDIRECTION((1.,0.,0.));
#5787=IFCAXIS2PLACEMENT3D(#5784,#5785,#5786);
#5788=IFCLOCALPLACEMENT($,#5787);
#5789=IFCWALL('2aACB1ghD8MRiomiHZxR$o',$,'L3|STUDIO_A',$,$,#5810,#5800,$,$);
#5790=IFCCARTESIANPOINTLIST2D(((0.,0.),(0.,150.),(9753.6000000000004,150.),(9753.6000000000004,0.),(0.,0.)));
#5791=IFCINDEXEDPOLYCURVE(#5790,$,.F.);
#5792=IFCDIRECTION((0.,0.,1.));
#5793=IFCARBITRARYCLOSEDPROFILEDEF(.AREA.,$,#5791);
#5794=IFCCARTESIANPOINT((0.,0.,0.));
#5795=IFCDIRECTION((0.,0.,1.));
#5796=IFCDIRECTION((1.,0.,0.));
#5797=IFCAXIS2PLACEMENT3D(#5794,#5795,#5796);
#5798=IFCEXTRUDEDAREASOLID(#5793,#5797,#5792,3200.4000000000001);
#5799=IFCSHAPEREPRESENTATION(#11,'Body','SweptSolid',(#5798));
#5800=IFCPRODUCTDEFINITIONSHAPE($,$,(#5799));
#5806=IFCCARTESIANPOINT((15849.6,38100.,10668.));
#5807=IFCDIRECTION((0.,0.,1.));
#5808=IFCDIRECTION((1.,0.,0.));
#5809=IFCAXIS2PLACEMENT3D(#5806,#5807,#5808);
#5810=IFCLOCALPLACEMENT($,#5809);
#5811=IFCWALL('1VLLDAymb9bw9$B9p4JPkV',$,'L3|STUDIO_A',$,$,#5832,#5822,$,$);
#5812=IFCCARTESIANPOINTLIST2D(((0.,0.),(0.,150.),(7924.8000000000002,150.),(7924.8000000000002,0.),(0.,0.)));
#5813=IFCINDEXEDPOLYCURVE(#5812,$,.F.);
#5814=IFCDIRECTION((0.,0.,1.));
#5815=IFCARBITRARYCLOSEDPROFILEDEF(.AREA.,$,#5813);
#5816=IFCCARTESIANPOINT((0.,0.,0.));
#5817=IFCDIRECTION((0.,0.,1.));
#5818=IFCDIRECTION((1.,0.,0.));
#5819=IFCAXIS2PLACEMENT3D(#5816,#5817,#5818);
#5820=IFCEXTRUDEDAREASOLID(#5815,#5819,#5814,3200.4000000000001);
#5821=IFCSHAPEREPRESENTATION(#11,'Body','SweptSolid',(#5820));
#5822=IFCPRODUCTDEFINITIONSHAPE($,$,(#5821));
#5828=IFCCARTESIANPOINT((15849.6,30175.200000000001,10668.));
#5829=IFCDIRECTION((0.,0.,1.));
#5830=IFCDIRECTION((6.123233995736766E-17,1.,0.));
#5831=IFCAXIS2PLACEMENT3D(#5828,#5829,#5830);
#5832=IFCLOCALPLACEMENT($,#5831);
#5833=IFCWALL('2yi1ebmMX5vBCtvrWUHfj3',$,'L3|STUDIO_A',$,$,#5854,#5844,$,$);
#5834=IFCCARTESIANPOINTLIST2D(((0.,0.),(0.,150.),(7924.8000000000002,150.),(7924.8000000000002,0.),(0.,0.)));
#5835=IFCINDEXEDPOLYCURVE(#5834,$,.F.);
#5836=IFCDIRECTION((0.,0.,1.));
#5837=IFCARBITRARYCLOSEDPROFILEDEF(.AREA.,$,#5835);
#5838=IFCCARTESIANPOINT((0.,0.,0.));
#5839=IFCDIRECTION((0.,0.,1.));
#5840=IFCDIRECTION((1.,0.,0.));
#5841=IFCAXIS2PLACEMENT3D(#5838,#5839,#5840);
#5842=IFCEXTRUDEDAREASOLID(#5837,#5841,#5836,3200.4000000000001);
#5843=IFCSHAPEREPRESENTATION(#11,'Body','SweptSolid',(#5842));
#5844=IFCPRODUCTDEFINITIONSHAPE($,$,(#5843));
#5850=IFCCARTESIANPOINT((25603.200000000001,30175.200000000001,10668.));
#5851=IFCDIRECTION((0.,0.,1.));
#5852=IFCDIRECTION((6.123233995736766E-17,1.,0.));
#5853=IFCAXIS2PLACEMENT3D(#5850,#5851,#5852);
#5854=IFCLOCALPLACEMENT($,#5853);
#5855=IFCWALL('0OT3Cl4QX8BBPvEoU98$$1',$,'L3|TWOBR_A',$,$,#5876,#5866,$,$);
#5856=IFCCARTESIANPOINTLIST2D(((0.,0.),(0.,150.),(10972.800000000001,150.),(10972.800000000001,0.),(0.,0.)));
#5857=IFCINDEXEDPOLYCURVE(#5856,$,.F.);
#5858=IFCDIRECTION((0.,0.,1.));
#5859=IFCARBITRARYCLOSEDPROFILEDEF(.AREA.,$,#5857);
#5860=IFCCARTESIANPOINT((0.,0.,0.));
#5861=IFCDIRECTION((0.,0.,1.));
#5862=IFCDIRECTION((1.,0.,0.));
#5863=IFCAXIS2PLACEMENT3D(#5860,#5861,#5862);
#5864=IFCEXTRUDEDAREASOLID(#5859,#5863,#5858,3200.4000000000001);
#5865=IFCSHAPEREPRESENTATION(#11,'Body','SweptSolid',(#5864));
#5866=IFCPRODUCTDEFINITIONSHAPE($,$,(#5865));
#5872=IFCCARTESIANPOINT((42672.,30175.200000000001,10668.));
#5873=IFCDIRECTION((0.,0.,1.));
#5874=IFCDIRECTION((1.,0.,0.));
#5875=IFCAXIS2PLACEMENT3D(#5872,#5873,#5874);
#5876=IFCLOCALPLACEMENT($,#5875);
#5877=IFCWALL('3BZwpEzNzDwfNwaZaDnrtY',$,'L3|TWOBR_A',$,$,#5898,#5888,$,$);
#5878=IFCCARTESIANPOINTLIST2D(((0.,0.),(0.,150.),(10972.800000000001,150.),(10972.800000000001,0.),(0.,0.)));
#5879=IFCINDEXEDPOLYCURVE(#5878,$,.F.);
#5880=IFCDIRECTION((0.,0.,1.));
#5881=IFCARBITRARYCLOSEDPROFILEDEF(.AREA.,$,#5879);
#5882=IFCCARTESIANPOINT((0.,0.,0.));
#5883=IFCDIRECTION((0.,0.,1.));
#5884=IFCDIRECTION((1.,0.,0.));
#5885=IFCAXIS2PLACEMENT3D(#5882,#5883,#5884);
#5886=IFCEXTRUDEDAREASOLID(#5881,#5885,#5880,3200.4000000000001);
#5887=IFCSHAPEREPRESENTATION(#11,'Body','SweptSolid',(#5886));
#5888=IFCPRODUCTDEFINITIONSHAPE($,$,(#5887));
#5894=IFCCARTESIANPOINT((42672.,40538.400000000001,10668.));
#5895=IFCDIRECTION((0.,0.,1.));
#5896=IFCDIRECTION((1.,0.,0.));
#5897=IFCAXIS2PLACEMENT3D(#5894,#5895,#5896);
#5898=IFCLOCALPLACEMENT($,#5897);
#5899=IFCWALL('2nKZTIIlH28OkpzRpPdMV_',$,'L3|TWOBR_A',$,$,#5920,#5910,$,$);
#5900=IFCCARTESIANPOINTLIST2D(((0.,0.),(0.,150.),(10363.200000000001,150.),(10363.200000000001,0.),(0.,0.)));
#5901=IFCINDEXEDPOLYCURVE(#5900,$,.F.);
#5902=IFCDIRECTION((0.,0.,1.));
#5903=IFCARBITRARYCLOSEDPROFILEDEF(.AREA.,$,#5901);
#5904=IFCCARTESIANPOINT((0.,0.,0.));
#5905=IFCDIRECTION((0.,0.,1.));
#5906=IFCDIRECTION((1.,0.,0.));
#5907=IFCAXIS2PLACEMENT3D(#5904,#5905,#5906);
#5908=IFCEXTRUDEDAREASOLID(#5903,#5907,#5902,3200.4000000000001);
#5909=IFCSHAPEREPRESENTATION(#11,'Body','SweptSolid',(#5908));
#5910=IFCPRODUCTDEFINITIONSHAPE($,$,(#5909));
#5916=IFCCARTESIANPOINT((42672.,30175.200000000001,10668.));
#5917=IFCDIRECTION((0.,0.,1.));
#5918=IFCDIRECTION((6.123233995736766E-17,1.,0.));
#5919=IFCAXIS2PLACEMENT3D(#5916,#5917,#5918);
#5920=IFCLOCALPLACEMENT($,#5919);
#5921=IFCWALL('0vLWX5NVr7_hwXEzY95PjN',$,'L3|TWOBR_A',$,$,#5942,#5932,$,$);
#5922=IFCCARTESIANPOINTLIST2D(((0.,0.),(0.,150.),(10363.200000000001,150.),(10363.200000000001,0.),(0.,0.)));
#5923=IFCINDEXEDPOLYCURVE(#5922,$,.F.);
#5924=IFCDIRECTION((0.,0.,1.));
#5925=IFCARBITRARYCLOSEDPROFILEDEF(.AREA.,$,#5923);
#5926=IFCCARTESIANPOINT((0.,0.,0.));
#5927=IFCDIRECTION((0.,0.,1.));
#5928=IFCDIRECTION((1.,0.,0.));
#5929=IFCAXIS2PLACEMENT3D(#5926,#5927,#5928);
#5930=IFCEXTRUDEDAREASOLID(#5925,#5929,#5924,3200.4000000000001);
#5931=IFCSHAPEREPRESENTATION(#11,'Body','SweptSolid',(#5930));
#5932=IFCPRODUCTDEFINITIONSHAPE($,$,(#5931));
#5938=IFCCARTESIANPOINT((53644.800000000003,30175.200000000001,10668.));
#5939=IFCDIRECTION((0.,0.,1.));
#5940=IFCDIRECTION((6.123233995736766E-17,1.,0.));
#5941=IFCAXIS2PLACEMENT3D(#5938,#5939,#5940);
#5942=IFCLOCALPLACEMENT($,#5941);
#5943=IFCWALL('329NiXG6D9zefgvu3JEuMl',$,'L3|ONEBR_A',$,$,#5964,#5954,$,$);
#5944=IFCCARTESIANPOINTLIST2D(((0.,0.),(0.,150.),(10363.200000000001,150.),(10363.200000000001,0.),(0.,0.)));
#5945=IFCINDEXEDPOLYCURVE(#5944,$,.F.);
#5946=IFCDIRECTION((0.,0.,1.));
#5947=IFCARBITRARYCLOSEDPROFILEDEF(.AREA.,$,#5945);
#5948=IFCCARTESIANPOINT((0.,0.,0.));
#5949=IFCDIRECTION((0.,0.,1.));
#5950=IFCDIRECTION((1.,0.,0.));
#5951=IFCAXIS2PLACEMENT3D(#5948,#5949,#5950);
#5952=IFCEXTRUDEDAREASOLID(#5947,#5951,#5946,3200.4000000000001);
#5953=IFCSHAPEREPRESENTATION(#11,'Body','SweptSolid',(#5952));
#5954=IFCPRODUCTDEFINITIONSHAPE($,$,(#5953));
#5960=IFCCARTESIANPOINT((30480.,32613.599999999999,10668.));
#5961=IFCDIRECTION((0.,0.,1.));
#5962=IFCDIRECTION((1.,0.,0.));
#5963=IFCAXIS2PLACEMENT3D(#5960,#5961,#5962);
#5964=IFCLOCALPLACEMENT($,#5963);
#5965=IFCWALL('0sO7nsBKfEqgDiJaopJZXr',$,'L3|ONEBR_A',$,$,#5986,#5976,$,$);
#5966=IFCCARTESIANPOINTLIST2D(((0.,0.),(0.,150.),(10363.200000000001,150.),(10363.200000000001,0.),(0.,0.)));
#5967=IFCINDEXEDPOLYCURVE(#5966,$,.F.);
#5968=IFCDIRECTION((0.,0.,1.));
#5969=IFCARBITRARYCLOSEDPROFILEDEF(.AREA.,$,#5967);
#5970=IFCCARTESIANPOINT((0.,0.,0.));
#5971=IFCDIRECTION((0.,0.,1.));
#5972=IFCDIRECTION((1.,0.,0.));
#5973=IFCAXIS2PLACEMENT3D(#5970,#5971,#5972);
#5974=IFCEXTRUDEDAREASOLID(#5969,#5973,#5968,3200.4000000000001);
#5975=IFCSHAPEREPRESENTATION(#11,'Body','SweptSolid',(#5974));
#5976=IFCPRODUCTDEFINITIONSHAPE($,$,(#5975));
#5982=IFCCARTESIANPOINT((30480.,41757.600000000006,10668.));
#5983=IFCDIRECTION((0.,0.,1.));
#5984=IFCDIRECTION((1.,0.,0.));
#5985=IFCAXIS2PLACEMENT3D(#5982,#5983,#5984);
#5986=IFCLOCALPLACEMENT($,#5985);
#5987=IFCWALL('3akCIRGibBWuTN94Bqk6Vy',$,'L3|ONEBR_A',$,$,#6008,#5998,$,$);
#5988=IFCCARTESIANPOINTLIST2D(((0.,0.),(0.,150.),(9144.,150.),(9144.,0.),(0.,0.)));
#5989=IFCINDEXEDPOLYCURVE(#5988,$,.F.);
#5990=IFCDIRECTION((0.,0.,1.));
#5991=IFCARBITRARYCLOSEDPROFILEDEF(.AREA.,$,#5989);
#5992=IFCCARTESIANPOINT((0.,0.,0.));
#5993=IFCDIRECTION((0.,0.,1.));
#5994=IFCDIRECTION((1.,0.,0.));
#5995=IFCAXIS2PLACEMENT3D(#5992,#5993,#5994);
#5996=IFCEXTRUDEDAREASOLID(#5991,#5995,#5990,3200.4000000000001);
#5997=IFCSHAPEREPRESENTATION(#11,'Body','SweptSolid',(#5996));
#5998=IFCPRODUCTDEFINITIONSHAPE($,$,(#5997));
#6004=IFCCARTESIANPOINT((30480.,32613.599999999999,10668.));
#6005=IFCDIRECTION((0.,0.,1.));
#6006=IFCDIRECTION((6.123233995736766E-17,1.,0.));
#6007=IFCAXIS2PLACEMENT3D(#6004,#6005,#6006);
#6008=IFCLOCALPLACEMENT($,#6007);
#6009=IFCWALL('1gxbZp1KP1VeRxZDbgRMGl',$,'L3|ONEBR_A',$,$,#6030,#6020,$,$);
#6010=IFCCARTESIANPOINTLIST2D(((0.,0.),(0.,150.),(9144.,150.),(9144.,0.),(0.,0.)));
#6011=IFCINDEXEDPOLYCURVE(#6010,$,.F.);
#6012=IFCDIRECTION((0.,0.,1.));
#6013=IFCARBITRARYCLOSEDPROFILEDEF(.AREA.,$,#6011);
#6014=IFCCARTESIANPOINT((0.,0.,0.));
#6015=IFCDIRECTION((0.,0.,1.));
#6016=IFCDIRECTION((1.,0.,0.));
#6017=IFCAXIS2PLACEMENT3D(#6014,#6015,#6016);
#6018=IFCEXTRUDEDAREASOLID(#6013,#6017,#6012,3200.4000000000001);
#6019=IFCSHAPEREPRESENTATION(#11,'Body','SweptSolid',(#6018));
#6020=IFCPRODUCTDEFINITIONSHAPE($,$,(#6019));
#6026=IFCCARTESIANPOINT((40843.200000000004,32613.599999999999,10668.));
#6027=IFCDIRECTION((0.,0.,1.));
#6028=IFCDIRECTION((6.123233995736766E-17,1.,0.));
#6029=IFCAXIS2PLACEMENT3D(#6026,#6027,#6028);
#6030=IFCLOCALPLACEMENT($,#6029);
#6031=IFCWALL('3y5CJtYVrFiR8KcV94GoF$',$,'L3|ONEBR_A',$,$,#6052,#6042,$,$);
#6032=IFCCARTESIANPOINTLIST2D(((0.,0.),(0.,150.),(10363.200000000001,150.),(10363.200000000001,0.),(0.,0.)));
#6033=IFCINDEXEDPOLYCURVE(#6032,$,.F.);
#6034=IFCDIRECTION((0.,0.,1.));
#6035=IFCARBITRARYCLOSEDPROFILEDEF(.AREA.,$,#6033);
#6036=IFCCARTESIANPOINT((0.,0.,0.));
#6037=IFCDIRECTION((0.,0.,1.));
#6038=IFCDIRECTION((1.,0.,0.));
#6039=IFCAXIS2PLACEMENT3D(#6036,#6037,#6038);
#6040=IFCEXTRUDEDAREASOLID(#6035,#6039,#6034,3200.4000000000001);
#6041=IFCSHAPEREPRESENTATION(#11,'Body','SweptSolid',(#6040));
#6042=IFCPRODUCTDEFINITIONSHAPE($,$,(#6041));
#6048=IFCCARTESIANPOINT((3657.6000000000004,38100.,10668.));
#6049=IFCDIRECTION((0.,0.,1.));
#6050=IFCDIRECTION((1.,0.,0.));
#6051=IFCAXIS2PLACEMENT3D(#6048,#6049,#6050);
#6052=IFCLOCALPLACEMENT($,#6051);
#6053=IFCWALL('1zbxw16JH4M8Jguy1pQ0LV',$,'L3|ONEBR_A',$,$,#6074,#6064,$,$);
#6054=IFCCARTESIANPOINTLIST2D(((0.,0.),(0.,150.),(10363.200000000001,150.),(10363.200000000001,0.),(0.,0.)));
#6055=IFCINDEXEDPOLYCURVE(#6054,$,.F.);
#6056=IFCDIRECTION((0.,0.,1.));
#6057=IFCARBITRARYCLOSEDPROFILEDEF(.AREA.,$,#6055);
#6058=IFCCARTESIANPOINT((0.,0.,0.));
#6059=IFCDIRECTION((0.,0.,1.));
#6060=IFCDIRECTION((1.,0.,0.));
#6061=IFCAXIS2PLACEMENT3D(#6058,#6059,#6060);
#6062=IFCEXTRUDEDAREASOLID(#6057,#6061,#6056,3200.4000000000001);
#6063=IFCSHAPEREPRESENTATION(#11,'Body','SweptSolid',(#6062));
#6064=IFCPRODUCTDEFINITIONSHAPE($,$,(#6063));
#6070=IFCCARTESIANPOINT((3657.6000000000004,47244.,10668.));
#6071=IFCDIRECTION((0.,0.,1.));
#6072=IFCDIRECTION((1.,0.,0.));
#6073=IFCAXIS2PLACEMENT3D(#6070,#6071,#6072);
#6074=IFCLOCALPLACEMENT($,#6073);
#6075=IFCWALL('0etpwcTH5DX96zl6z0ax6Q',$,'L3|ONEBR_A',$,$,#6096,#6086,$,$);
#6076=IFCCARTESIANPOINTLIST2D(((0.,0.),(0.,150.),(9144.,150.),(9144.,0.),(0.,0.)));
#6077=IFCINDEXEDPOLYCURVE(#6076,$,.F.);
#6078=IFCDIRECTION((0.,0.,1.));
#6079=IFCARBITRARYCLOSEDPROFILEDEF(.AREA.,$,#6077);
#6080=IFCCARTESIANPOINT((0.,0.,0.));
#6081=IFCDIRECTION((0.,0.,1.));
#6082=IFCDIRECTION((1.,0.,0.));
#6083=IFCAXIS2PLACEMENT3D(#6080,#6081,#6082);
#6084=IFCEXTRUDEDAREASOLID(#6079,#6083,#6078,3200.4000000000001);
#6085=IFCSHAPEREPRESENTATION(#11,'Body','SweptSolid',(#6084));
#6086=IFCPRODUCTDEFINITIONSHAPE($,$,(#6085));
#6092=IFCCARTESIANPOINT((3657.6000000000004,38100.,10668.));
#6093=IFCDIRECTION((0.,0.,1.));
#6094=IFCDIRECTION((6.123233995736766E-17,1.,0.));
#6095=IFCAXIS2PLACEMENT3D(#6092,#6093,#6094);
#6096=IFCLOCALPLACEMENT($,#6095);
#6097=IFCWALL('0$YFQ$z9P04uUzBN2_naBD',$,'L3|ONEBR_A',$,$,#6118,#6108,$,$);
#6098=IFCCARTESIANPOINTLIST2D(((0.,0.),(0.,150.),(9144.,150.),(9144.,0.),(0.,0.)));
#6099=IFCINDEXEDPOLYCURVE(#6098,$,.F.);
#6100=IFCDIRECTION((0.,0.,1.));
#6101=IFCARBITRARYCLOSEDPROFILEDEF(.AREA.,$,#6099);
#6102=IFCCARTESIANPOINT((0.,0.,0.));
#6103=IFCDIRECTION((0.,0.,1.));
#6104=IFCDIRECTION((1.,0.,0.));
#6105=IFCAXIS2PLACEMENT3D(#6102,#6103,#6104);
#6106=IFCEXTRUDEDAREASOLID(#6101,#6105,#6100,3200.4000000000001);
#6107=IFCSHAPEREPRESENTATION(#11,'Body','SweptSolid',(#6106));
#6108=IFCPRODUCTDEFINITIONSHAPE($,$,(#6107));
#6114=IFCCARTESIANPOINT((14020.800000000001,38100.,10668.));
#6115=IFCDIRECTION((0.,0.,1.));
#6116=IFCDIRECTION((6.123233995736766E-17,1.,0.));
#6117=IFCAXIS2PLACEMENT3D(#6114,#6115,#6116);
#6118=IFCLOCALPLACEMENT($,#6117);
#6119=IFCWALL('1RP3Q21wXBfPQKtokuAaUj',$,'L3|TWOBR_A',$,$,#6140,#6130,$,$);
#6120=IFCCARTESIANPOINTLIST2D(((0.,0.),(0.,150.),(10972.800000000001,150.),(10972.800000000001,0.),(0.,0.)));
#6121=IFCINDEXEDPOLYCURVE(#6120,$,.F.);
#6122=IFCDIRECTION((0.,0.,1.));
#6123=IFCARBITRARYCLOSEDPROFILEDEF(.AREA.,$,#6121);
#6124=IFCCARTESIANPOINT((0.,0.,0.));
#6125=IFCDIRECTION((0.,0.,1.));
#6126=IFCDIRECTION((1.,0.,0.));
#6127=IFCAXIS2PLACEMENT3D(#6124,#6125,#6126);
#6128=IFCEXTRUDEDAREASOLID(#6123,#6127,#6122,3200.4000000000001);
#6129=IFCSHAPEREPRESENTATION(#11,'Body','SweptSolid',(#6128));
#6130=IFCPRODUCTDEFINITIONSHAPE($,$,(#6129));
#6136=IFCCARTESIANPOINT((15849.6,38100.,10668.));
#6137=IFCDIRECTION((0.,0.,1.));
#6138=IFCDIRECTION((1.,0.,0.));
#6139=IFCAXIS2PLACEMENT3D(#6136,#6137,#6138);
#6140=IFCLOCALPLACEMENT($,#6139);
#6141=IFCWALL('2jT9nkH7n17QO3uCGfvBFv',$,'L3|TWOBR_A',$,$,#6162,#6152,$,$);
#6142=IFCCARTESIANPOINTLIST2D(((0.,0.),(0.,150.),(10972.800000000001,150.),(10972.800000000001,0.),(0.,0.)));
#6143=IFCINDEXEDPOLYCURVE(#6142,$,.F.);
#6144=IFCDIRECTION((0.,0.,1.));
#6145=IFCARBITRARYCLOSEDPROFILEDEF(.AREA.,$,#6143);
#6146=IFCCARTESIANPOINT((0.,0.,0.));
#6147=IFCDIRECTION((0.,0.,1.));
#6148=IFCDIRECTION((1.,0.,0.));
#6149=IFCAXIS2PLACEMENT3D(#6146,#6147,#6148);
#6150=IFCEXTRUDEDAREASOLID(#6145,#6149,#6144,3200.4000000000001);
#6151=IFCSHAPEREPRESENTATION(#11,'Body','SweptSolid',(#6150));
#6152=IFCPRODUCTDEFINITIONSHAPE($,$,(#6151));
#6158=IFCCARTESIANPOINT((15849.6,48463.199999999997,10668.));
#6159=IFCDIRECTION((0.,0.,1.));
#6160=IFCDIRECTION((1.,0.,0.));
#6161=IFCAXIS2PLACEMENT3D(#6158,#6159,#6160);
#6162=IFCLOCALPLACEMENT($,#6161);
#6163=IFCWALL('1j$FDfxrT3n90VoXz44Ypv',$,'L3|TWOBR_A',$,$,#6184,#6174,$,$);
#6164=IFCCARTESIANPOINTLIST2D(((0.,0.),(0.,150.),(10363.200000000001,150.),(10363.200000000001,0.),(0.,0.)));
#6165=IFCINDEXEDPOLYCURVE(#6164,$,.F.);
#6166=IFCDIRECTION((0.,0.,1.));
#6167=IFCARBITRARYCLOSEDPROFILEDEF(.AREA.,$,#6165);
#6168=IFCCARTESIANPOINT((0.,0.,0.));
#6169=IFCDIRECTION((0.,0.,1.));
#6170=IFCDIRECTION((1.,0.,0.));
#6171=IFCAXIS2PLACEMENT3D(#6168,#6169,#6170);
#6172=IFCEXTRUDEDAREASOLID(#6167,#6171,#6166,3200.4000000000001);
#6173=IFCSHAPEREPRESENTATION(#11,'Body','SweptSolid',(#6172));
#6174=IFCPRODUCTDEFINITIONSHAPE($,$,(#6173));
#6180=IFCCARTESIANPOINT((15849.6,38100.,10668.));
#6181=IFCDIRECTION((0.,0.,1.));
#6182=IFCDIRECTION((6.123233995736766E-17,1.,0.));
#6183=IFCAXIS2PLACEMENT3D(#6180,#6181,#6182);
#6184=IFCLOCALPLACEMENT($,#6183);
#6185=IFCWALL('1wfCyaW0r8sA4yQhqkghue',$,'L3|TWOBR_A',$,$,#6206,#6196,$,$);
#6186=IFCCARTESIANPOINTLIST2D(((0.,0.),(0.,150.),(10363.200000000001,150.),(10363.200000000001,0.),(0.,0.)));
#6187=IFCINDEXEDPOLYCURVE(#6186,$,.F.);
#6188=IFCDIRECTION((0.,0.,1.));
#6189=IFCARBITRARYCLOSEDPROFILEDEF(.AREA.,$,#6187);
#6190=IFCCARTESIANPOINT((0.,0.,0.));
#6191=IFCDIRECTION((0.,0.,1.));
#6192=IFCDIRECTION((1.,0.,0.));
#6193=IFCAXIS2PLACEMENT3D(#6190,#6191,#6192);
#6194=IFCEXTRUDEDAREASOLID(#6189,#6193,#6188,3200.4000000000001);
#6195=IFCSHAPEREPRESENTATION(#11,'Body','SweptSolid',(#6194));
#6196=IFCPRODUCTDEFINITIONSHAPE($,$,(#6195));
#6202=IFCCARTESIANPOINT((26822.400000000001,38100.,10668.));
#6203=IFCDIRECTION((0.,0.,1.));
#6204=IFCDIRECTION((6.123233995736766E-17,1.,0.));
#6205=IFCAXIS2PLACEMENT3D(#6202,#6203,#6204);
#6206=IFCLOCALPLACEMENT($,#6205);
#6207=IFCWALL('0GpgDN821FsAJbQJS7Vbb0',$,'L3|STUDIO_A',$,$,#6228,#6218,$,$);
#6208=IFCCARTESIANPOINTLIST2D(((0.,0.),(0.,150.),(9753.6000000000004,150.),(9753.6000000000004,0.),(0.,0.)));
#6209=IFCINDEXEDPOLYCURVE(#6208,$,.F.);
#6210=IFCDIRECTION((0.,0.,1.));
#6211=IFCARBITRARYCLOSEDPROFILEDEF(.AREA.,$,#6209);
#6212=IFCCARTESIANPOINT((0.,0.,0.));
#6213=IFCDIRECTION((0.,0.,1.));
#6214=IFCDIRECTION((1.,0.,0.));
#6215=IFCAXIS2PLACEMENT3D(#6212,#6213,#6214);
#6216=IFCEXTRUDEDAREASOLID(#6211,#6215,#6210,3200.4000000000001);
#6217=IFCSHAPEREPRESENTATION(#11,'Body','SweptSolid',(#6216));
#6218=IFCPRODUCTDEFINITIONSHAPE($,$,(#6217));
#6224=IFCCARTESIANPOINT((42672.,40538.400000000001,10668.));
#6225=IFCDIRECTION((0.,0.,1.));
#6226=IFCDIRECTION((1.,0.,0.));
#6227=IFCAXIS2PLACEMENT3D(#6224,#6225,#6226);
#6228=IFCLOCALPLACEMENT($,#6227);
#6229=IFCWALL('17W0jkfxn18u4GJJjIADIl',$,'L3|STUDIO_A',$,$,#6250,#6240,$,$);
#6230=IFCCARTESIANPOINTLIST2D(((0.,0.),(0.,150.),(9753.6000000000004,150.),(9753.6000000000004,0.),(0.,0.)));
#6231=IFCINDEXEDPOLYCURVE(#6230,$,.F.);
#6232=IFCDIRECTION((0.,0.,1.));
#6233=IFCARBITRARYCLOSEDPROFILEDEF(.AREA.,$,#6231);
#6234=IFCCARTESIANPOINT((0.,0.,0.));
#6235=IFCDIRECTION((0.,0.,1.));
#6236=IFCDIRECTION((1.,0.,0.));
#6237=IFCAXIS2PLACEMENT3D(#6234,#6235,#6236);
#6238=IFCEXTRUDEDAREASOLID(#6233,#6237,#6232,3200.4000000000001);
#6239=IFCSHAPEREPRESENTATION(#11,'Body','SweptSolid',(#6238));
#6240=IFCPRODUCTDEFINITIONSHAPE($,$,(#6239));
#6246=IFCCARTESIANPOINT((42672.,48463.199999999997,10668.));
#6247=IFCDIRECTION((0.,0.,1.));
#6248=IFCDIRECTION((1.,0.,0.));
#6249=IFCAXIS2PLACEMENT3D(#6246,#6247,#6248);
#6250=IFCLOCALPLACEMENT($,#6249);
#6251=IFCWALL('2NIpxA2nHC2g51TON5MMSz',$,'L3|STUDIO_A',$,$,#6272,#6262,$,$);
#6252=IFCCARTESIANPOINTLIST2D(((0.,0.),(0.,150.),(7924.8000000000002,150.),(7924.8000000000002,0.),(0.,0.)));
#6253=IFCINDEXEDPOLYCURVE(#6252,$,.F.);
#6254=IFCDIRECTION((0.,0.,1.));
#6255=IFCARBITRARYCLOSEDPROFILEDEF(.AREA.,$,#6253);
#6256=IFCCARTESIANPOINT((0.,0.,0.));
#6257=IFCDIRECTION((0.,0.,1.));
#6258=IFCDIRECTION((1.,0.,0.));
#6259=IFCAXIS2PLACEMENT3D(#6256,#6257,#6258);
#6260=IFCEXTRUDEDAREASOLID(#6255,#6259,#6254,3200.4000000000001);
#6261=IFCSHAPEREPRESENTATION(#11,'Body','SweptSolid',(#6260));
#6262=IFCPRODUCTDEFINITIONSHAPE($,$,(#6261));
#6268=IFCCARTESIANPOINT((42672.,40538.400000000001,10668.));
#6269=IFCDIRECTION((0.,0.,1.));
#6270=IFCDIRECTION((6.123233995736766E-17,1.,0.));
#6271=IFCAXIS2PLACEMENT3D(#6268,#6269,#6270);
#6272=IFCLOCALPLACEMENT($,#6271);
#6273=IFCWALL('3Nne$zz8D0WwSPnszXySbQ',$,'L3|STUDIO_A',$,$,#6294,#6284,$,$);
#6274=IFCCARTESIANPOINTLIST2D(((0.,0.),(0.,150.),(7924.8000000000002,150.),(7924.8000000000002,0.),(0.,0.)));
#6275=IFCINDEXEDPOLYCURVE(#6274,$,.F.);
#6276=IFCDIRECTION((0.,0.,1.));
#6277=IFCARBITRARYCLOSEDPROFILEDEF(.AREA.,$,#6275);
#6278=IFCCARTESIANPOINT((0.,0.,0.));
#6279=IFCDIRECTION((0.,0.,1.));
#6280=IFCDIRECTION((1.,0.,0.));
#6281=IFCAXIS2PLACEMENT3D(#6278,#6279,#6280);
#6282=IFCEXTRUDEDAREASOLID(#6277,#6281,#6276,3200.4000000000001);
#6283=IFCSHAPEREPRESENTATION(#11,'Body','SweptSolid',(#6282));
#6284=IFCPRODUCTDEFINITIONSHAPE($,$,(#6283));
#6290=IFCCARTESIANPOINT((52425.599999999999,40538.400000000001,10668.));
#6291=IFCDIRECTION((0.,0.,1.));
#6292=IFCDIRECTION((6.123233995736766E-17,1.,0.));
#6293=IFCAXIS2PLACEMENT3D(#6290,#6291,#6292);
#6294=IFCLOCALPLACEMENT($,#6293);
#6295=IFCWALL('1F3Gfy5_f7BQ9l0Dszgt_Z',$,'L3|ONEBR_A',$,$,#6316,#6306,$,$);
#6296=IFCCARTESIANPOINTLIST2D(((0.,0.),(0.,150.),(10363.200000000001,150.),(10363.200000000001,0.),(0.,0.)));
#6297=IFCINDEXEDPOLYCURVE(#6296,$,.F.);
#6298=IFCDIRECTION((0.,0.,1.));
#6299=IFCARBITRARYCLOSEDPROFILEDEF(.AREA.,$,#6297);
#6300=IFCCARTESIANPOINT((0.,0.,0.));
#6301=IFCDIRECTION((0.,0.,1.));
#6302=IFCDIRECTION((1.,0.,0.));
#6303=IFCAXIS2PLACEMENT3D(#6300,#6301,#6302);
#6304=IFCEXTRUDEDAREASOLID(#6299,#6303,#6298,3200.4000000000001);
#6305=IFCSHAPEREPRESENTATION(#11,'Body','SweptSolid',(#6304));
#6306=IFCPRODUCTDEFINITIONSHAPE($,$,(#6305));
#6312=IFCCARTESIANPOINT((30480.,41757.600000000006,10668.));
#6313=IFCDIRECTION((0.,0.,1.));
#6314=IFCDIRECTION((1.,0.,0.));
#6315=IFCAXIS2PLACEMENT3D(#6312,#6313,#6314);
#6316=IFCLOCALPLACEMENT($,#6315);
#6317=IFCWALL('2MaE0FD0X0URdQgfdGOluA',$,'L3|ONEBR_A',$,$,#6338,#6328,$,$);
#6318=IFCCARTESIANPOINTLIST2D(((0.,0.),(0.,150.),(10363.200000000001,150.),(10363.200000000001,0.),(0.,0.)));
#6319=IFCINDEXEDPOLYCURVE(#6318,$,.F.);
#6320=IFCDIRECTION((0.,0.,1.));
#6321=IFCARBITRARYCLOSEDPROFILEDEF(.AREA.,$,#6319);
#6322=IFCCARTESIANPOINT((0.,0.,0.));
#6323=IFCDIRECTION((0.,0.,1.));
#6324=IFCDIRECTION((1.,0.,0.));
#6325=IFCAXIS2PLACEMENT3D(#6322,#6323,#6324);
#6326=IFCEXTRUDEDAREASOLID(#6321,#6325,#6320,3200.4000000000001);
#6327=IFCSHAPEREPRESENTATION(#11,'Body','SweptSolid',(#6326));
#6328=IFCPRODUCTDEFINITIONSHAPE($,$,(#6327));
#6334=IFCCARTESIANPOINT((30480.,50901.599999999999,10668.));
#6335=IFCDIRECTION((0.,0.,1.));
#6336=IFCDIRECTION((1.,0.,0.));
#6337=IFCAXIS2PLACEMENT3D(#6334,#6335,#6336);
#6338=IFCLOCALPLACEMENT($,#6337);
#6339=IFCWALL('3jjx0p8pb2TRQXhjqeGepT',$,'L3|ONEBR_A',$,$,#6360,#6350,$,$);
#6340=IFCCARTESIANPOINTLIST2D(((0.,0.),(0.,150.),(9144.,150.),(9144.,0.),(0.,0.)));
#6341=IFCINDEXEDPOLYCURVE(#6340,$,.F.);
#6342=IFCDIRECTION((0.,0.,1.));
#6343=IFCARBITRARYCLOSEDPROFILEDEF(.AREA.,$,#6341);
#6344=IFCCARTESIANPOINT((0.,0.,0.));
#6345=IFCDIRECTION((0.,0.,1.));
#6346=IFCDIRECTION((1.,0.,0.));
#6347=IFCAXIS2PLACEMENT3D(#6344,#6345,#6346);
#6348=IFCEXTRUDEDAREASOLID(#6343,#6347,#6342,3200.4000000000001);
#6349=IFCSHAPEREPRESENTATION(#11,'Body','SweptSolid',(#6348));
#6350=IFCPRODUCTDEFINITIONSHAPE($,$,(#6349));
#6356=IFCCARTESIANPOINT((30480.,41757.600000000006,10668.));
#6357=IFCDIRECTION((0.,0.,1.));
#6358=IFCDIRECTION((6.123233995736766E-17,1.,0.));
#6359=IFCAXIS2PLACEMENT3D(#6356,#6357,#6358);
#6360=IFCLOCALPLACEMENT($,#6359);
#6361=IFCWALL('3EpwDx2InFKexoqLfxBW$j',$,'L3|ONEBR_A',$,$,#6382,#6372,$,$);
#6362=IFCCARTESIANPOINTLIST2D(((0.,0.),(0.,150.),(9144.,150.),(9144.,0.),(0.,0.)));
#6363=IFCINDEXEDPOLYCURVE(#6362,$,.F.);
#6364=IFCDIRECTION((0.,0.,1.));
#6365=IFCARBITRARYCLOSEDPROFILEDEF(.AREA.,$,#6363);
#6366=IFCCARTESIANPOINT((0.,0.,0.));
#6367=IFCDIRECTION((0.,0.,1.));
#6368=IFCDIRECTION((1.,0.,0.));
#6369=IFCAXIS2PLACEMENT3D(#6366,#6367,#6368);
#6370=IFCEXTRUDEDAREASOLID(#6365,#6369,#6364,3200.4000000000001);
#6371=IFCSHAPEREPRESENTATION(#11,'Body','SweptSolid',(#6370));
#6372=IFCPRODUCTDEFINITIONSHAPE($,$,(#6371));
#6378=IFCCARTESIANPOINT((40843.200000000004,41757.600000000006,10668.));
#6379=IFCDIRECTION((0.,0.,1.));
#6380=IFCDIRECTION((6.123233995736766E-17,1.,0.));
#6381=IFCAXIS2PLACEMENT3D(#6378,#6379,#6380);
#6382=IFCLOCALPLACEMENT($,#6381);
#6383=IFCWALL('0DYZAKA$zCIgsQmEEkw9Wl',$,'L3|TWOBR_A',$,$,#6404,#6394,$,$);
#6384=IFCCARTESIANPOINTLIST2D(((0.,0.),(0.,150.),(10972.800000000001,150.),(10972.800000000001,0.),(0.,0.)));
#6385=IFCINDEXEDPOLYCURVE(#6384,$,.F.);
#6386=IFCDIRECTION((0.,0.,1.));
#6387=IFCARBITRARYCLOSEDPROFILEDEF(.AREA.,$,#6385);
#6388=IFCCARTESIANPOINT((0.,0.,0.));
#6389=IFCDIRECTION((0.,0.,1.));
#6390=IFCDIRECTION((1.,0.,0.));
#6391=IFCAXIS2PLACEMENT3D(#6388,#6389,#6390);
#6392=IFCEXTRUDEDAREASOLID(#6387,#6391,#6386,3200.4000000000001);
#6393=IFCSHAPEREPRESENTATION(#11,'Body','SweptSolid',(#6392));
#6394=IFCPRODUCTDEFINITIONSHAPE($,$,(#6393));
#6400=IFCCARTESIANPOINT((3048.,47244.,10668.));
#6401=IFCDIRECTION((0.,0.,1.));
#6402=IFCDIRECTION((1.,0.,0.));
#6403=IFCAXIS2PLACEMENT3D(#6400,#6401,#6402);
#6404=IFCLOCALPLACEMENT($,#6403);
#6405=IFCWALL('2AfcpQBF56CAoIlcr9wtDi',$,'L3|TWOBR_A',$,$,#6426,#6416,$,$);
#6406=IFCCARTESIANPOINTLIST2D(((0.,0.),(0.,150.),(10972.800000000001,150.),(10972.800000000001,0.),(0.,0.)));
#6407=IFCINDEXEDPOLYCURVE(#6406,$,.F.);
#6408=IFCDIRECTION((0.,0.,1.));
#6409=IFCARBITRARYCLOSEDPROFILEDEF(.AREA.,$,#6407);
#6410=IFCCARTESIANPOINT((0.,0.,0.));
#6411=IFCDIRECTION((0.,0.,1.));
#6412=IFCDIRECTION((1.,0.,0.));
#6413=IFCAXIS2PLACEMENT3D(#6410,#6411,#6412);
#6414=IFCEXTRUDEDAREASOLID(#6409,#6413,#6408,3200.4000000000001);
#6415=IFCSHAPEREPRESENTATION(#11,'Body','SweptSolid',(#6414));
#6416=IFCPRODUCTDEFINITIONSHAPE($,$,(#6415));
#6422=IFCCARTESIANPOINT((3048.,57607.200000000004,10668.));
#6423=IFCDIRECTION((0.,0.,1.));
#6424=IFCDIRECTION((1.,0.,0.));
#6425=IFCAXIS2PLACEMENT3D(#6422,#6423,#6424);
#6426=IFCLOCALPLACEMENT($,#6425);
#6427=IFCWALL('0ZJG3OCmrANACJPBjU588K',$,'L3|TWOBR_A',$,$,#6448,#6438,$,$);
#6428=IFCCARTESIANPOINTLIST2D(((0.,0.),(0.,150.),(10363.200000000001,150.),(10363.200000000001,0.),(0.,0.)));
#6429=IFCINDEXEDPOLYCURVE(#6428,$,.F.);
#6430=IFCDIRECTION((0.,0.,1.));
#6431=IFCARBITRARYCLOSEDPROFILEDEF(.AREA.,$,#6429);
#6432=IFCCARTESIANPOINT((0.,0.,0.));
#6433=IFCDIRECTION((0.,0.,1.));
#6434=IFCDIRECTION((1.,0.,0.));
#6435=IFCAXIS2PLACEMENT3D(#6432,#6433,#6434);
#6436=IFCEXTRUDEDAREASOLID(#6431,#6435,#6430,3200.4000000000001);
#6437=IFCSHAPEREPRESENTATION(#11,'Body','SweptSolid',(#6436));
#6438=IFCPRODUCTDEFINITIONSHAPE($,$,(#6437));
#6444=IFCCARTESIANPOINT((3048.,47244.,10668.));
#6445=IFCDIRECTION((0.,0.,1.));
#6446=IFCDIRECTION((6.123233995736766E-17,1.,0.));
#6447=IFCAXIS2PLACEMENT3D(#6444,#6445,#6446);
#6448=IFCLOCALPLACEMENT($,#6447);
#6449=IFCWALL('2ND6oheQf3dhB5IaIGOHd7',$,'L3|TWOBR_A',$,$,#6470,#6460,$,$);
#6450=IFCCARTESIANPOINTLIST2D(((0.,0.),(0.,150.),(10363.200000000001,150.),(10363.200000000001,0.),(0.,0.)));
#6451=IFCINDEXEDPOLYCURVE(#6450,$,.F.);
#6452=IFCDIRECTION((0.,0.,1.));
#6453=IFCARBITRARYCLOSEDPROFILEDEF(.AREA.,$,#6451);
#6454=IFCCARTESIANPOINT((0.,0.,0.));
#6455=IFCDIRECTION((0.,0.,1.));
#6456=IFCDIRECTION((1.,0.,0.));
#6457=IFCAXIS2PLACEMENT3D(#6454,#6455,#6456);
#6458=IFCEXTRUDEDAREASOLID(#6453,#6457,#6452,3200.4000000000001);
#6459=IFCSHAPEREPRESENTATION(#11,'Body','SweptSolid',(#6458));
#6460=IFCPRODUCTDEFINITIONSHAPE($,$,(#6459));
#6466=IFCCARTESIANPOINT((14020.800000000001,47244.,10668.));
#6467=IFCDIRECTION((0.,0.,1.));
#6468=IFCDIRECTION((6.123233995736766E-17,1.,0.));
#6469=IFCAXIS2PLACEMENT3D(#6466,#6467,#6468);
#6470=IFCLOCALPLACEMENT($,#6469);
#6471=IFCWALL('2hMvnYp91BKhkL4r$Hr1JO',$,'L3|ONEBR_A',$,$,#6492,#6482,$,$);
#6472=IFCCARTESIANPOINTLIST2D(((0.,0.),(0.,150.),(10363.200000000001,150.),(10363.200000000001,0.),(0.,0.)));
#6473=IFCINDEXEDPOLYCURVE(#6472,$,.F.);
#6474=IFCDIRECTION((0.,0.,1.));
#6475=IFCARBITRARYCLOSEDPROFILEDEF(.AREA.,$,#6473);
#6476=IFCCARTESIANPOINT((0.,0.,0.));
#6477=IFCDIRECTION((0.,0.,1.));
#6478=IFCDIRECTION((1.,0.,0.));
#6479=IFCAXIS2PLACEMENT3D(#6476,#6477,#6478);
#6480=IFCEXTRUDEDAREASOLID(#6475,#6479,#6474,3200.4000000000001);
#6481=IFCSHAPEREPRESENTATION(#11,'Body','SweptSolid',(#6480));
#6482=IFCPRODUCTDEFINITIONSHAPE($,$,(#6481));
#6488=IFCCARTESIANPOINT((15849.6,48463.199999999997,10668.));
#6489=IFCDIRECTION((0.,0.,1.));
#6490=IFCDIRECTION((1.,0.,0.));
#6491=IFCAXIS2PLACEMENT3D(#6488,#6489,#6490);
#6492=IFCLOCALPLACEMENT($,#6491);
#6493=IFCWALL('1ssnrp$zf13Bl3pkuKU1Tm',$,'L3|ONEBR_A',$,$,#6514,#6504,$,$);
#6494=IFCCARTESIANPOINTLIST2D(((0.,0.),(0.,150.),(10363.200000000001,150.),(10363.200000000001,0.),(0.,0.)));
#6495=IFCINDEXEDPOLYCURVE(#6494,$,.F.);
#6496=IFCDIRECTION((0.,0.,1.));
#6497=IFCARBITRARYCLOSEDPROFILEDEF(.AREA.,$,#6495);
#6498=IFCCARTESIANPOINT((0.,0.,0.));
#6499=IFCDIRECTION((0.,0.,1.));
#6500=IFCDIRECTION((1.,0.,0.));
#6501=IFCAXIS2PLACEMENT3D(#6498,#6499,#6500);
#6502=IFCEXTRUDEDAREASOLID(#6497,#6501,#6496,3200.4000000000001);
#6503=IFCSHAPEREPRESENTATION(#11,'Body','SweptSolid',(#6502));
#6504=IFCPRODUCTDEFINITIONSHAPE($,$,(#6503));
#6510=IFCCARTESIANPOINT((15849.6,57607.200000000004,10668.));
#6511=IFCDIRECTION((0.,0.,1.));
#6512=IFCDIRECTION((1.,0.,0.));
#6513=IFCAXIS2PLACEMENT3D(#6510,#6511,#6512);
#6514=IFCLOCALPLACEMENT($,#6513);
#6515=IFCWALL('1j$D05RAP3G8X20tH2Gii_',$,'L3|ONEBR_A',$,$,#6536,#6526,$,$);
#6516=IFCCARTESIANPOINTLIST2D(((0.,0.),(0.,150.),(9144.,150.),(9144.,0.),(0.,0.)));
#6517=IFCINDEXEDPOLYCURVE(#6516,$,.F.);
#6518=IFCDIRECTION((0.,0.,1.));
#6519=IFCARBITRARYCLOSEDPROFILEDEF(.AREA.,$,#6517);
#6520=IFCCARTESIANPOINT((0.,0.,0.));
#6521=IFCDIRECTION((0.,0.,1.));
#6522=IFCDIRECTION((1.,0.,0.));
#6523=IFCAXIS2PLACEMENT3D(#6520,#6521,#6522);
#6524=IFCEXTRUDEDAREASOLID(#6519,#6523,#6518,3200.4000000000001);
#6525=IFCSHAPEREPRESENTATION(#11,'Body','SweptSolid',(#6524));
#6526=IFCPRODUCTDEFINITIONSHAPE($,$,(#6525));
#6532=IFCCARTESIANPOINT((15849.6,48463.199999999997,10668.));
#6533=IFCDIRECTION((0.,0.,1.));
#6534=IFCDIRECTION((6.123233995736766E-17,1.,0.));
#6535=IFCAXIS2PLACEMENT3D(#6532,#6533,#6534);
#6536=IFCLOCALPLACEMENT($,#6535);
#6537=IFCWALL('0FVew$kLz0WR4AQ1sloCR2',$,'L3|ONEBR_A',$,$,#6558,#6548,$,$);
#6538=IFCCARTESIANPOINTLIST2D(((0.,0.),(0.,150.),(9144.,150.),(9144.,0.),(0.,0.)));
#6539=IFCINDEXEDPOLYCURVE(#6538,$,.F.);
#6540=IFCDIRECTION((0.,0.,1.));
#6541=IFCARBITRARYCLOSEDPROFILEDEF(.AREA.,$,#6539);
#6542=IFCCARTESIANPOINT((0.,0.,0.));
#6543=IFCDIRECTION((0.,0.,1.));
#6544=IFCDIRECTION((1.,0.,0.));
#6545=IFCAXIS2PLACEMENT3D(#6542,#6543,#6544);
#6546=IFCEXTRUDEDAREASOLID(#6541,#6545,#6540,3200.4000000000001);
#6547=IFCSHAPEREPRESENTATION(#11,'Body','SweptSolid',(#6546));
#6548=IFCPRODUCTDEFINITIONSHAPE($,$,(#6547));
#6554=IFCCARTESIANPOINT((26212.799999999999,48463.199999999997,10668.));
#6555=IFCDIRECTION((0.,0.,1.));
#6556=IFCDIRECTION((6.123233995736766E-17,1.,0.));
#6557=IFCAXIS2PLACEMENT3D(#6554,#6555,#6556);
#6558=IFCLOCALPLACEMENT($,#6557);
#6559=IFCWALL('22SKeYP9b8Z981An0m$KlF',$,'L3|TWOBR_A',$,$,#6580,#6570,$,$);
#6560=IFCCARTESIANPOINTLIST2D(((0.,0.),(0.,150.),(10972.800000000001,150.),(10972.800000000001,0.),(0.,0.)));
#6561=IFCINDEXEDPOLYCURVE(#6560,$,.F.);
#6562=IFCDIRECTION((0.,0.,1.));
#6563=IFCARBITRARYCLOSEDPROFILEDEF(.AREA.,$,#6561);
#6564=IFCCARTESIANPOINT((0.,0.,0.));
#6565=IFCDIRECTION((0.,0.,1.));
#6566=IFCDIRECTION((1.,0.,0.));
#6567=IFCAXIS2PLACEMENT3D(#6564,#6565,#6566);
#6568=IFCEXTRUDEDAREASOLID(#6563,#6567,#6562,3200.4000000000001);
#6569=IFCSHAPEREPRESENTATION(#11,'Body','SweptSolid',(#6568));
#6570=IFCPRODUCTDEFINITIONSHAPE($,$,(#6569));
#6576=IFCCARTESIANPOINT((42672.,48463.199999999997,10668.));
#6577=IFCDIRECTION((0.,0.,1.));
#6578=IFCDIRECTION((1.,0.,0.));
#6579=IFCAXIS2PLACEMENT3D(#6576,#6577,#6578);
#6580=IFCLOCALPLACEMENT($,#6579);
#6581=IFCWALL('3HxGwUIsnAweWJS0f8TdPZ',$,'L3|TWOBR_A',$,$,#6602,#6592,$,$);
#6582=IFCCARTESIANPOINTLIST2D(((0.,0.),(0.,150.),(10972.800000000001,150.),(10972.800000000001,0.),(0.,0.)));
#6583=IFCINDEXEDPOLYCURVE(#6582,$,.F.);
#6584=IFCDIRECTION((0.,0.,1.));
#6585=IFCARBITRARYCLOSEDPROFILEDEF(.AREA.,$,#6583);
#6586=IFCCARTESIANPOINT((0.,0.,0.));
#6587=IFCDIRECTION((0.,0.,1.));
#6588=IFCDIRECTION((1.,0.,0.));
#6589=IFCAXIS2PLACEMENT3D(#6586,#6587,#6588);
#6590=IFCEXTRUDEDAREASOLID(#6585,#6589,#6584,3200.4000000000001);
#6591=IFCSHAPEREPRESENTATION(#11,'Body','SweptSolid',(#6590));
#6592=IFCPRODUCTDEFINITIONSHAPE($,$,(#6591));
#6598=IFCCARTESIANPOINT((42672.,58826.400000000001,10668.));
#6599=IFCDIRECTION((0.,0.,1.));
#6600=IFCDIRECTION((1.,0.,0.));
#6601=IFCAXIS2PLACEMENT3D(#6598,#6599,#6600);
#6602=IFCLOCALPLACEMENT($,#6601);
#6603=IFCWALL('0wgXYralj06QQy0z5nYHfB',$,'L3|TWOBR_A',$,$,#6624,#6614,$,$);
#6604=IFCCARTESIANPOINTLIST2D(((0.,0.),(0.,150.),(10363.200000000001,150.),(10363.200000000001,0.),(0.,0.)));
#6605=IFCINDEXEDPOLYCURVE(#6604,$,.F.);
#6606=IFCDIRECTION((0.,0.,1.));
#6607=IFCARBITRARYCLOSEDPROFILEDEF(.AREA.,$,#6605);
#6608=IFCCARTESIANPOINT((0.,0.,0.));
#6609=IFCDIRECTION((0.,0.,1.));
#6610=IFCDIRECTION((1.,0.,0.));
#6611=IFCAXIS2PLACEMENT3D(#6608,#6609,#6610);
#6612=IFCEXTRUDEDAREASOLID(#6607,#6611,#6606,3200.4000000000001);
#6613=IFCSHAPEREPRESENTATION(#11,'Body','SweptSolid',(#6612));
#6614=IFCPRODUCTDEFINITIONSHAPE($,$,(#6613));
#6620=IFCCARTESIANPOINT((42672.,48463.199999999997,10668.));
#6621=IFCDIRECTION((0.,0.,1.));
#6622=IFCDIRECTION((6.123233995736766E-17,1.,0.));
#6623=IFCAXIS2PLACEMENT3D(#6620,#6621,#6622);
#6624=IFCLOCALPLACEMENT($,#6623);
#6625=IFCWALL('2cq3$Kj_j8AgYDSodjaNVu',$,'L3|TWOBR_A',$,$,#6646,#6636,$,$);
#6626=IFCCARTESIANPOINTLIST2D(((0.,0.),(0.,150.),(10363.200000000001,150.),(10363.200000000001,0.),(0.,0.)));
#6627=IFCINDEXEDPOLYCURVE(#6626,$,.F.);
#6628=IFCDIRECTION((0.,0.,1.));
#6629=IFCARBITRARYCLOSEDPROFILEDEF(.AREA.,$,#6627);
#6630=IFCCARTESIANPOINT((0.,0.,0.));
#6631=IFCDIRECTION((0.,0.,1.));
#6632=IFCDIRECTION((1.,0.,0.));
#6633=IFCAXIS2PLACEMENT3D(#6630,#6631,#6632);
#6634=IFCEXTRUDEDAREASOLID(#6629,#6633,#6628,3200.4000000000001);
#6635=IFCSHAPEREPRESENTATION(#11,'Body','SweptSolid',(#6634));
#6636=IFCPRODUCTDEFINITIONSHAPE($,$,(#6635));
#6642=IFCCARTESIANPOINT((53644.800000000003,48463.199999999997,10668.));
#6643=IFCDIRECTION((0.,0.,1.));
#6644=IFCDIRECTION((6.123233995736766E-17,1.,0.));
#6645=IFCAXIS2PLACEMENT3D(#6642,#6643,#6644);
#6646=IFCLOCALPLACEMENT($,#6645);
#6647=IFCWALL('0iiDeeIFr6Iftog3sFB3NM',$,'L3|ONEBR_A',$,$,#6668,#6658,$,$);
#6648=IFCCARTESIANPOINTLIST2D(((0.,0.),(0.,150.),(10363.200000000001,150.),(10363.200000000001,0.),(0.,0.)));
#6649=IFCINDEXEDPOLYCURVE(#6648,$,.F.);
#6650=IFCDIRECTION((0.,0.,1.));
#6651=IFCARBITRARYCLOSEDPROFILEDEF(.AREA.,$,#6649);
#6652=IFCCARTESIANPOINT((0.,0.,0.));
#6653=IFCDIRECTION((0.,0.,1.));
#6654=IFCDIRECTION((1.,0.,0.));
#6655=IFCAXIS2PLACEMENT3D(#6652,#6653,#6654);
#6656=IFCEXTRUDEDAREASOLID(#6651,#6655,#6650,3200.4000000000001);
#6657=IFCSHAPEREPRESENTATION(#11,'Body','SweptSolid',(#6656));
#6658=IFCPRODUCTDEFINITIONSHAPE($,$,(#6657));
#6664=IFCCARTESIANPOINT((30480.,50901.599999999999,10668.));
#6665=IFCDIRECTION((0.,0.,1.));
#6666=IFCDIRECTION((1.,0.,0.));
#6667=IFCAXIS2PLACEMENT3D(#6664,#6665,#6666);
#6668=IFCLOCALPLACEMENT($,#6667);
#6669=IFCWALL('0SDmk2rdT5EPSAYDTuxull',$,'L3|ONEBR_A',$,$,#6690,#6680,$,$);
#6670=IFCCARTESIANPOINTLIST2D(((0.,0.),(0.,150.),(10363.200000000001,150.),(10363.200000000001,0.),(0.,0.)));
#6671=IFCINDEXEDPOLYCURVE(#6670,$,.F.);
#6672=IFCDIRECTION((0.,0.,1.));
#6673=IFCARBITRARYCLOSEDPROFILEDEF(.AREA.,$,#6671);
#6674=IFCCARTESIANPOINT((0.,0.,0.));
#6675=IFCDIRECTION((0.,0.,1.));
#6676=IFCDIRECTION((1.,0.,0.));
#6677=IFCAXIS2PLACEMENT3D(#6674,#6675,#6676);
#6678=IFCEXTRUDEDAREASOLID(#6673,#6677,#6672,3200.4000000000001);
#6679=IFCSHAPEREPRESENTATION(#11,'Body','SweptSolid',(#6678));
#6680=IFCPRODUCTDEFINITIONSHAPE($,$,(#6679));
#6686=IFCCARTESIANPOINT((30480.,60045.599999999999,10668.));
#6687=IFCDIRECTION((0.,0.,1.));
#6688=IFCDIRECTION((1.,0.,0.));
#6689=IFCAXIS2PLACEMENT3D(#6686,#6687,#6688);
#6690=IFCLOCALPLACEMENT($,#6689);
#6691=IFCWALL('22L4$Y7gX0_gTeMiMPCdVu',$,'L3|ONEBR_A',$,$,#6712,#6702,$,$);
#6692=IFCCARTESIANPOINTLIST2D(((0.,0.),(0.,150.),(9144.,150.),(9144.,0.),(0.,0.)));
#6693=IFCINDEXEDPOLYCURVE(#6692,$,.F.);
#6694=IFCDIRECTION((0.,0.,1.));
#6695=IFCARBITRARYCLOSEDPROFILEDEF(.AREA.,$,#6693);
#6696=IFCCARTESIANPOINT((0.,0.,0.));
#6697=IFCDIRECTION((0.,0.,1.));
#6698=IFCDIRECTION((1.,0.,0.));
#6699=IFCAXIS2PLACEMENT3D(#6696,#6697,#6698);
#6700=IFCEXTRUDEDAREASOLID(#6695,#6699,#6694,3200.4000000000001);
#6701=IFCSHAPEREPRESENTATION(#11,'Body','SweptSolid',(#6700));
#6702=IFCPRODUCTDEFINITIONSHAPE($,$,(#6701));
#6708=IFCCARTESIANPOINT((30480.,50901.599999999999,10668.));
#6709=IFCDIRECTION((0.,0.,1.));
#6710=IFCDIRECTION((6.123233995736766E-17,1.,0.));
#6711=IFCAXIS2PLACEMENT3D(#6708,#6709,#6710);
#6712=IFCLOCALPLACEMENT($,#6711);
#6713=IFCWALL('3QeqX0Hnj1QvY00hDUBv0l',$,'L3|ONEBR_A',$,$,#6734,#6724,$,$);
#6714=IFCCARTESIANPOINTLIST2D(((0.,0.),(0.,150.),(9144.,150.),(9144.,0.),(0.,0.)));
#6715=IFCINDEXEDPOLYCURVE(#6714,$,.F.);
#6716=IFCDIRECTION((0.,0.,1.));
#6717=IFCARBITRARYCLOSEDPROFILEDEF(.AREA.,$,#6715);
#6718=IFCCARTESIANPOINT((0.,0.,0.));
#6719=IFCDIRECTION((0.,0.,1.));
#6720=IFCDIRECTION((1.,0.,0.));
#6721=IFCAXIS2PLACEMENT3D(#6718,#6719,#6720);
#6722=IFCEXTRUDEDAREASOLID(#6717,#6721,#6716,3200.4000000000001);
#6723=IFCSHAPEREPRESENTATION(#11,'Body','SweptSolid',(#6722));
#6724=IFCPRODUCTDEFINITIONSHAPE($,$,(#6723));
#6730=IFCCARTESIANPOINT((40843.200000000004,50901.599999999999,10668.));
#6731=IFCDIRECTION((0.,0.,1.));
#6732=IFCDIRECTION((6.123233995736766E-17,1.,0.));
#6733=IFCAXIS2PLACEMENT3D(#6730,#6731,#6732);
#6734=IFCLOCALPLACEMENT($,#6733);
#6735=IFCWALL('336vRwtcXBivZsYwR6CZuB',$,'L3|STUDIO_A',$,$,#6756,#6746,$,$);
#6736=IFCCARTESIANPOINTLIST2D(((0.,0.),(0.,150.),(9753.6000000000004,150.),(9753.6000000000004,0.),(0.,0.)));
#6737=IFCINDEXEDPOLYCURVE(#6736,$,.F.);
#6738=IFCDIRECTION((0.,0.,1.));
#6739=IFCARBITRARYCLOSEDPROFILEDEF(.AREA.,$,#6737);
#6740=IFCCARTESIANPOINT((0.,0.,0.));
#6741=IFCDIRECTION((0.,0.,1.));
#6742=IFCDIRECTION((1.,0.,0.));
#6743=IFCAXIS2PLACEMENT3D(#6740,#6741,#6742);
#6744=IFCEXTRUDEDAREASOLID(#6739,#6743,#6738,3200.4000000000001);
#6745=IFCSHAPEREPRESENTATION(#11,'Body','SweptSolid',(#6744));
#6746=IFCPRODUCTDEFINITIONSHAPE($,$,(#6745));
#6752=IFCCARTESIANPOINT((4267.1999999999998,57607.200000000004,10668.));
#6753=IFCDIRECTION((0.,0.,1.));
#6754=IFCDIRECTION((1.,0.,0.));
#6755=IFCAXIS2PLACEMENT3D(#6752,#6753,#6754);
#6756=IFCLOCALPLACEMENT($,#6755);
#6757=IFCWALL('3$CmI9j_jFyhuyyBd97hB8',$,'L3|STUDIO_A',$,$,#6778,#6768,$,$);
#6758=IFCCARTESIANPOINTLIST2D(((0.,0.),(0.,150.),(9753.6000000000004,150.),(9753.6000000000004,0.),(0.,0.)));
#6759=IFCINDEXEDPOLYCURVE(#6758,$,.F.);
#6760=IFCDIRECTION((0.,0.,1.));
#6761=IFCARBITRARYCLOSEDPROFILEDEF(.AREA.,$,#6759);
#6762=IFCCARTESIANPOINT((0.,0.,0.));
#6763=IFCDIRECTION((0.,0.,1.));
#6764=IFCDIRECTION((1.,0.,0.));
#6765=IFCAXIS2PLACEMENT3D(#6762,#6763,#6764);
#6766=IFCEXTRUDEDAREASOLID(#6761,#6765,#6760,3200.4000000000001);
#6767=IFCSHAPEREPRESENTATION(#11,'Body','SweptSolid',(#6766));
#6768=IFCPRODUCTDEFINITIONSHAPE($,$,(#6767));
#6774=IFCCARTESIANPOINT((4267.1999999999998,65531.999999999993,10668.));
#6775=IFCDIRECTION((0.,0.,1.));
#6776=IFCDIRECTION((1.,0.,0.));
#6777=IFCAXIS2PLACEMENT3D(#6774,#6775,#6776);
#6778=IFCLOCALPLACEMENT($,#6777);
#6779=IFCWALL('2K4pub1hDDhOauS8Q34pfk',$,'L3|STUDIO_A',$,$,#6800,#6790,$,$);
#6780=IFCCARTESIANPOINTLIST2D(((0.,0.),(0.,150.),(7924.8000000000002,150.),(7924.8000000000002,0.),(0.,0.)));
#6781=IFCINDEXEDPOLYCURVE(#6780,$,.F.);
#6782=IFCDIRECTION((0.,0.,1.));
#6783=IFCARBITRARYCLOSEDPROFILEDEF(.AREA.,$,#6781);
#6784=IFCCARTESIANPOINT((0.,0.,0.));
#6785=IFCDIRECTION((0.,0.,1.));
#6786=IFCDIRECTION((1.,0.,0.));
#6787=IFCAXIS2PLACEMENT3D(#6784,#6785,#6786);
#6788=IFCEXTRUDEDAREASOLID(#6783,#6787,#6782,3200.4000000000001);
#6789=IFCSHAPEREPRESENTATION(#11,'Body','SweptSolid',(#6788));
#6790=IFCPRODUCTDEFINITIONSHAPE($,$,(#6789));
#6796=IFCCARTESIANPOINT((4267.1999999999998,57607.200000000004,10668.));
#6797=IFCDIRECTION((0.,0.,1.));
#6798=IFCDIRECTION((6.123233995736766E-17,1.,0.));
#6799=IFCAXIS2PLACEMENT3D(#6796,#6797,#6798);
#6800=IFCLOCALPLACEMENT($,#6799);
#6801=IFCWALL('0zZMfgZ9v3rwCXrlBwlHTM',$,'L3|STUDIO_A',$,$,#6822,#6812,$,$);
#6802=IFCCARTESIANPOINTLIST2D(((0.,0.),(0.,150.),(7924.8000000000002,150.),(7924.8000000000002,0.),(0.,0.)));
#6803=IFCINDEXEDPOLYCURVE(#6802,$,.F.);
#6804=IFCDIRECTION((0.,0.,1.));
#6805=IFCARBITRARYCLOSEDPROFILEDEF(.AREA.,$,#6803);
#6806=IFCCARTESIANPOINT((0.,0.,0.));
#6807=IFCDIRECTION((0.,0.,1.));
#6808=IFCDIRECTION((1.,0.,0.));
#6809=IFCAXIS2PLACEMENT3D(#6806,#6807,#6808);
#6810=IFCEXTRUDEDAREASOLID(#6805,#6809,#6804,3200.4000000000001);
#6811=IFCSHAPEREPRESENTATION(#11,'Body','SweptSolid',(#6810));
#6812=IFCPRODUCTDEFINITIONSHAPE($,$,(#6811));
#6818=IFCCARTESIANPOINT((14020.800000000001,57607.200000000004,10668.));
#6819=IFCDIRECTION((0.,0.,1.));
#6820=IFCDIRECTION((6.123233995736766E-17,1.,0.));
#6821=IFCAXIS2PLACEMENT3D(#6818,#6819,#6820);
#6822=IFCLOCALPLACEMENT($,#6821);
#6823=IFCWALL('1A3Sd18dvE4Q6yv3yK1R$D',$,'L3|ONEBR_A',$,$,#6844,#6834,$,$);
#6824=IFCCARTESIANPOINTLIST2D(((0.,0.),(0.,150.),(10363.200000000001,150.),(10363.200000000001,0.),(0.,0.)));
#6825=IFCINDEXEDPOLYCURVE(#6824,$,.F.);
#6826=IFCDIRECTION((0.,0.,1.));
#6827=IFCARBITRARYCLOSEDPROFILEDEF(.AREA.,$,#6825);
#6828=IFCCARTESIANPOINT((0.,0.,0.));
#6829=IFCDIRECTION((0.,0.,1.));
#6830=IFCDIRECTION((1.,0.,0.));
#6831=IFCAXIS2PLACEMENT3D(#6828,#6829,#6830);
#6832=IFCEXTRUDEDAREASOLID(#6827,#6831,#6826,3200.4000000000001);
#6833=IFCSHAPEREPRESENTATION(#11,'Body','SweptSolid',(#6832));
#6834=IFCPRODUCTDEFINITIONSHAPE($,$,(#6833));
#6840=IFCCARTESIANPOINT((15849.6,57607.200000000004,10668.));
#6841=IFCDIRECTION((0.,0.,1.));
#6842=IFCDIRECTION((1.,0.,0.));
#6843=IFCAXIS2PLACEMENT3D(#6840,#6841,#6842);
#6844=IFCLOCALPLACEMENT($,#6843);
#6845=IFCWALL('3KQ1W3dVH2093ddhWLfZFx',$,'L3|ONEBR_A',$,$,#6866,#6856,$,$);
#6846=IFCCARTESIANPOINTLIST2D(((0.,0.),(0.,150.),(10363.200000000001,150.),(10363.200000000001,0.),(0.,0.)));
#6847=IFCINDEXEDPOLYCURVE(#6846,$,.F.);
#6848=IFCDIRECTION((0.,0.,1.));
#6849=IFCARBITRARYCLOSEDPROFILEDEF(.AREA.,$,#6847);
#6850=IFCCARTESIANPOINT((0.,0.,0.));
#6851=IFCDIRECTION((0.,0.,1.));
#6852=IFCDIRECTION((1.,0.,0.));
#6853=IFCAXIS2PLACEMENT3D(#6850,#6851,#6852);
#6854=IFCEXTRUDEDAREASOLID(#6849,#6853,#6848,3200.4000000000001);
#6855=IFCSHAPEREPRESENTATION(#11,'Body','SweptSolid',(#6854));
#6856=IFCPRODUCTDEFINITIONSHAPE($,$,(#6855));
#6862=IFCCARTESIANPOINT((15849.6,66751.199999999997,10668.));
#6863=IFCDIRECTION((0.,0.,1.));
#6864=IFCDIRECTION((1.,0.,0.));
#6865=IFCAXIS2PLACEMENT3D(#6862,#6863,#6864);
#6866=IFCLOCALPLACEMENT($,#6865);
#6867=IFCWALL('2knr186Y14fxYjxzL0Fi8e',$,'L3|ONEBR_A',$,$,#6888,#6878,$,$);
#6868=IFCCARTESIANPOINTLIST2D(((0.,0.),(0.,150.),(9144.,150.),(9144.,0.),(0.,0.)));
#6869=IFCINDEXEDPOLYCURVE(#6868,$,.F.);
#6870=IFCDIRECTION((0.,0.,1.));
#6871=IFCARBITRARYCLOSEDPROFILEDEF(.AREA.,$,#6869);
#6872=IFCCARTESIANPOINT((0.,0.,0.));
#6873=IFCDIRECTION((0.,0.,1.));
#6874=IFCDIRECTION((1.,0.,0.));
#6875=IFCAXIS2PLACEMENT3D(#6872,#6873,#6874);
#6876=IFCEXTRUDEDAREASOLID(#6871,#6875,#6870,3200.4000000000001);
#6877=IFCSHAPEREPRESENTATION(#11,'Body','SweptSolid',(#6876));
#6878=IFCPRODUCTDEFINITIONSHAPE($,$,(#6877));
#6884=IFCCARTESIANPOINT((15849.6,57607.200000000004,10668.));
#6885=IFCDIRECTION((0.,0.,1.));
#6886=IFCDIRECTION((6.123233995736766E-17,1.,0.));
#6887=IFCAXIS2PLACEMENT3D(#6884,#6885,#6886);
#6888=IFCLOCALPLACEMENT($,#6887);
#6889=IFCWALL('1ijJ0NKYL8COPnGNGCqHJw',$,'L3|ONEBR_A',$,$,#6910,#6900,$,$);
#6890=IFCCARTESIANPOINTLIST2D(((0.,0.),(0.,150.),(9144.,150.),(9144.,0.),(0.,0.)));
#6891=IFCINDEXEDPOLYCURVE(#6890,$,.F.);
#6892=IFCDIRECTION((0.,0.,1.));
#6893=IFCARBITRARYCLOSEDPROFILEDEF(.AREA.,$,#6891);
#6894=IFCCARTESIANPOINT((0.,0.,0.));
#6895=IFCDIRECTION((0.,0.,1.));
#6896=IFCDIRECTION((1.,0.,0.));
#6897=IFCAXIS2PLACEMENT3D(#6894,#6895,#6896);
#6898=IFCEXTRUDEDAREASOLID(#6893,#6897,#6892,3200.4000000000001);
#6899=IFCSHAPEREPRESENTATION(#11,'Body','SweptSolid',(#6898));
#6900=IFCPRODUCTDEFINITIONSHAPE($,$,(#6899));
#6906=IFCCARTESIANPOINT((26212.799999999999,57607.200000000004,10668.));
#6907=IFCDIRECTION((0.,0.,1.));
#6908=IFCDIRECTION((6.123233995736766E-17,1.,0.));
#6909=IFCAXIS2PLACEMENT3D(#6906,#6907,#6908);
#6910=IFCLOCALPLACEMENT($,#6909);
#6911=IFCWALL('2Ac3cjkG18LeVQdmZZN0mD',$,'L3|TWOBR_A',$,$,#6932,#6922,$,$);
#6912=IFCCARTESIANPOINTLIST2D(((0.,0.),(0.,150.),(10972.800000000001,150.),(10972.800000000001,0.),(0.,0.)));
#6913=IFCINDEXEDPOLYCURVE(#6912,$,.F.);
#6914=IFCDIRECTION((0.,0.,1.));
#6915=IFCARBITRARYCLOSEDPROFILEDEF(.AREA.,$,#6913);
#6916=IFCCARTESIANPOINT((0.,0.,0.));
#6917=IFCDIRECTION((0.,0.,1.));
#6918=IFCDIRECTION((1.,0.,0.));
#6919=IFCAXIS2PLACEMENT3D(#6916,#6917,#6918);
#6920=IFCEXTRUDEDAREASOLID(#6915,#6919,#6914,3200.4000000000001);
#6921=IFCSHAPEREPRESENTATION(#11,'Body','SweptSolid',(#6920));
#6922=IFCPRODUCTDEFINITIONSHAPE($,$,(#6921));
#6928=IFCCARTESIANPOINT((42672.,58826.400000000001,10668.));
#6929=IFCDIRECTION((0.,0.,1.));
#6930=IFCDIRECTION((1.,0.,0.));
#6931=IFCAXIS2PLACEMENT3D(#6928,#6929,#6930);
#6932=IFCLOCALPLACEMENT($,#6931);
#6933=IFCWALL('1jSDqB8TvE6xO8TgqCM3kS',$,'L3|TWOBR_A',$,$,#6954,#6944,$,$);
#6934=IFCCARTESIANPOINTLIST2D(((0.,0.),(0.,150.),(10972.800000000001,150.),(10972.800000000001,0.),(0.,0.)));
#6935=IFCINDEXEDPOLYCURVE(#6934,$,.F.);
#6936=IFCDIRECTION((0.,0.,1.));
#6937=IFCARBITRARYCLOSEDPROFILEDEF(.AREA.,$,#6935);
#6938=IFCCARTESIANPOINT((0.,0.,0.));
#6939=IFCDIRECTION((0.,0.,1.));
#6940=IFCDIRECTION((1.,0.,0.));
#6941=IFCAXIS2PLACEMENT3D(#6938,#6939,#6940);
#6942=IFCEXTRUDEDAREASOLID(#6937,#6941,#6936,3200.4000000000001);
#6943=IFCSHAPEREPRESENTATION(#11,'Body','SweptSolid',(#6942));
#6944=IFCPRODUCTDEFINITIONSHAPE($,$,(#6943));
#6950=IFCCARTESIANPOINT((42672.,69189.599999999991,10668.));
#6951=IFCDIRECTION((0.,0.,1.));
#6952=IFCDIRECTION((1.,0.,0.));
#6953=IFCAXIS2PLACEMENT3D(#6950,#6951,#6952);
#6954=IFCLOCALPLACEMENT($,#6953);
#6955=IFCWALL('1G7xWwq8vFlPo7jY5pSreD',$,'L3|TWOBR_A',$,$,#6976,#6966,$,$);
#6956=IFCCARTESIANPOINTLIST2D(((0.,0.),(0.,150.),(10363.200000000001,150.),(10363.200000000001,0.),(0.,0.)));
#6957=IFCINDEXEDPOLYCURVE(#6956,$,.F.);
#6958=IFCDIRECTION((0.,0.,1.));
#6959=IFCARBITRARYCLOSEDPROFILEDEF(.AREA.,$,#6957);
#6960=IFCCARTESIANPOINT((0.,0.,0.));
#6961=IFCDIRECTION((0.,0.,1.));
#6962=IFCDIRECTION((1.,0.,0.));
#6963=IFCAXIS2PLACEMENT3D(#6960,#6961,#6962);
#6964=IFCEXTRUDEDAREASOLID(#6959,#6963,#6958,3200.4000000000001);
#6965=IFCSHAPEREPRESENTATION(#11,'Body','SweptSolid',(#6964));
#6966=IFCPRODUCTDEFINITIONSHAPE($,$,(#6965));
#6972=IFCCARTESIANPOINT((42672.,58826.400000000001,10668.));
#6973=IFCDIRECTION((0.,0.,1.));
#6974=IFCDIRECTION((6.123233995736766E-17,1.,0.));
#6975=IFCAXIS2PLACEMENT3D(#6972,#6973,#6974);
#6976=IFCLOCALPLACEMENT($,#6975);
#6977=IFCWALL('1$UiGoy0TDHxLMwucVtwI3',$,'L3|TWOBR_A',$,$,#6998,#6988,$,$);
#6978=IFCCARTESIANPOINTLIST2D(((0.,0.),(0.,150.),(10363.200000000001,150.),(10363.200000000001,0.),(0.,0.)));
#6979=IFCINDEXEDPOLYCURVE(#6978,$,.F.);
#6980=IFCDIRECTION((0.,0.,1.));
#6981=IFCARBITRARYCLOSEDPROFILEDEF(.AREA.,$,#6979);
#6982=IFCCARTESIANPOINT((0.,0.,0.));
#6983=IFCDIRECTION((0.,0.,1.));
#6984=IFCDIRECTION((1.,0.,0.));
#6985=IFCAXIS2PLACEMENT3D(#6982,#6983,#6984);
#6986=IFCEXTRUDEDAREASOLID(#6981,#6985,#6980,3200.4000000000001);
#6987=IFCSHAPEREPRESENTATION(#11,'Body','SweptSolid',(#6986));
#6988=IFCPRODUCTDEFINITIONSHAPE($,$,(#6987));
#6994=IFCCARTESIANPOINT((53644.800000000003,58826.400000000001,10668.));
#6995=IFCDIRECTION((0.,0.,1.));
#6996=IFCDIRECTION((6.123233995736766E-17,1.,0.));
#6997=IFCAXIS2PLACEMENT3D(#6994,#6995,#6996);
#6998=IFCLOCALPLACEMENT($,#6997);
#6999=IFCWALL('1yISttcl19vhQnrHpffXaI',$,'L3|STUDIO_A',$,$,#7020,#7010,$,$);
#7000=IFCCARTESIANPOINTLIST2D(((0.,0.),(0.,150.),(9753.6000000000004,150.),(9753.6000000000004,0.),(0.,0.)));
#7001=IFCINDEXEDPOLYCURVE(#7000,$,.F.);
#7002=IFCDIRECTION((0.,0.,1.));
#7003=IFCARBITRARYCLOSEDPROFILEDEF(.AREA.,$,#7001);
#7004=IFCCARTESIANPOINT((0.,0.,0.));
#7005=IFCDIRECTION((0.,0.,1.));
#7006=IFCDIRECTION((1.,0.,0.));
#7007=IFCAXIS2PLACEMENT3D(#7004,#7005,#7006);
#7008=IFCEXTRUDEDAREASOLID(#7003,#7007,#7002,3200.4000000000001);
#7009=IFCSHAPEREPRESENTATION(#11,'Body','SweptSolid',(#7008));
#7010=IFCPRODUCTDEFINITIONSHAPE($,$,(#7009));
#7016=IFCCARTESIANPOINT((31089.599999999999,60045.599999999999,10668.));
#7017=IFCDIRECTION((0.,0.,1.));
#7018=IFCDIRECTION((1.,0.,0.));
#7019=IFCAXIS2PLACEMENT3D(#7016,#7017,#7018);
#7020=IFCLOCALPLACEMENT($,#7019);
#7021=IFCWALL('0lpLQMU9HAsOrwXh$b7YfN',$,'L3|STUDIO_A',$,$,#7042,#7032,$,$);
#7022=IFCCARTESIANPOINTLIST2D(((0.,0.),(0.,150.),(9753.6000000000004,150.),(9753.6000000000004,0.),(0.,0.)));
#7023=IFCINDEXEDPOLYCURVE(#7022,$,.F.);
#7024=IFCDIRECTION((0.,0.,1.));
#7025=IFCARBITRARYCLOSEDPROFILEDEF(.AREA.,$,#7023);
#7026=IFCCARTESIANPOINT((0.,0.,0.));
#7027=IFCDIRECTION((0.,0.,1.));
#7028=IFCDIRECTION((1.,0.,0.));
#7029=IFCAXIS2PLACEMENT3D(#7026,#7027,#7028);
#7030=IFCEXTRUDEDAREASOLID(#7025,#7029,#7024,3200.4000000000001);
#7031=IFCSHAPEREPRESENTATION(#11,'Body','SweptSolid',(#7030));
#7032=IFCPRODUCTDEFINITIONSHAPE($,$,(#7031));
#7038=IFCCARTESIANPOINT((31089.599999999999,67970.399999999994,10668.));
#7039=IFCDIRECTION((0.,0.,1.));
#7040=IFCDIRECTION((1.,0.,0.));
#7041=IFCAXIS2PLACEMENT3D(#7038,#7039,#7040);
#7042=IFCLOCALPLACEMENT($,#7041);
#7043=IFCWALL('1QhQmtKUL429uU6mx4XiSU',$,'L3|STUDIO_A',$,$,#7064,#7054,$,$);
#7044=IFCCARTESIANPOINTLIST2D(((0.,0.),(0.,150.),(7924.8000000000002,150.),(7924.8000000000002,0.),(0.,0.)));
#7045=IFCINDEXEDPOLYCURVE(#7044,$,.F.);
#7046=IFCDIRECTION((0.,0.,1.));
#7047=IFCARBITRARYCLOSEDPROFILEDEF(.AREA.,$,#7045);
#7048=IFCCARTESIANPOINT((0.,0.,0.));
#7049=IFCDIRECTION((0.,0.,1.));
#7050=IFCDIRECTION((1.,0.,0.));
#7051=IFCAXIS2PLACEMENT3D(#7048,#7049,#7050);
#7052=IFCEXTRUDEDAREASOLID(#7047,#7051,#7046,3200.4000000000001);
#7053=IFCSHAPEREPRESENTATION(#11,'Body','SweptSolid',(#7052));
#7054=IFCPRODUCTDEFINITIONSHAPE($,$,(#7053));
#7060=IFCCARTESIANPOINT((31089.599999999999,60045.599999999999,10668.));
#7061=IFCDIRECTION((0.,0.,1.));
#7062=IFCDIRECTION((6.123233995736766E-17,1.,0.));
#7063=IFCAXIS2PLACEMENT3D(#7060,#7061,#7062);
#7064=IFCLOCALPLACEMENT($,#7063);
#7065=IFCWALL('394R8CNc1FwACTqwFFAohf',$,'L3|STUDIO_A',$,$,#7086,#7076,$,$);
#7066=IFCCARTESIANPOINTLIST2D(((0.,0.),(0.,150.),(7924.8000000000002,150.),(7924.8000000000002,0.),(0.,0.)));
#7067=IFCINDEXEDPOLYCURVE(#7066,$,.F.);
#7068=IFCDIRECTION((0.,0.,1.));
#7069=IFCARBITRARYCLOSEDPROFILEDEF(.AREA.,$,#7067);
#7070=IFCCARTESIANPOINT((0.,0.,0.));
#7071=IFCDIRECTION((0.,0.,1.));
#7072=IFCDIRECTION((1.,0.,0.));
#7073=IFCAXIS2PLACEMENT3D(#7070,#7071,#7072);
#7074=IFCEXTRUDEDAREASOLID(#7069,#7073,#7068,3200.4000000000001);
#7075=IFCSHAPEREPRESENTATION(#11,'Body','SweptSolid',(#7074));
#7076=IFCPRODUCTDEFINITIONSHAPE($,$,(#7075));
#7082=IFCCARTESIANPOINT((40843.200000000004,60045.599999999999,10668.));
#7083=IFCDIRECTION((0.,0.,1.));
#7084=IFCDIRECTION((6.123233995736766E-17,1.,0.));
#7085=IFCAXIS2PLACEMENT3D(#7082,#7083,#7084);
#7086=IFCLOCALPLACEMENT($,#7085);
#7087=IFCWALL('0$WVUDEKj0XxHL4FN7g_WJ',$,'L4|ONEBR_A',$,$,#7108,#7098,$,$);
#7088=IFCCARTESIANPOINTLIST2D(((0.,0.),(0.,150.),(10363.200000000001,150.),(10363.200000000001,0.),(0.,0.)));
#7089=IFCINDEXEDPOLYCURVE(#7088,$,.F.);
#7090=IFCDIRECTION((0.,0.,1.));
#7091=IFCARBITRARYCLOSEDPROFILEDEF(.AREA.,$,#7089);
#7092=IFCCARTESIANPOINT((0.,0.,0.));
#7093=IFCDIRECTION((0.,0.,1.));
#7094=IFCDIRECTION((1.,0.,0.));
#7095=IFCAXIS2PLACEMENT3D(#7092,#7093,#7094);
#7096=IFCEXTRUDEDAREASOLID(#7091,#7095,#7090,3200.4000000000001);
#7097=IFCSHAPEREPRESENTATION(#11,'Body','SweptSolid',(#7096));
#7098=IFCPRODUCTDEFINITIONSHAPE($,$,(#7097));
#7104=IFCCARTESIANPOINT((3657.6000000000004,11887.199999999999,13868.400000000001));
#7105=IFCDIRECTION((0.,0.,1.));
#7106=IFCDIRECTION((1.,0.,0.));
#7107=IFCAXIS2PLACEMENT3D(#7104,#7105,#7106);
#7108=IFCLOCALPLACEMENT($,#7107);
#7109=IFCWALL('0i9AmJT_vBKOVSMUqxKNbM',$,'L4|ONEBR_A',$,$,#7130,#7120,$,$);
#7110=IFCCARTESIANPOINTLIST2D(((0.,0.),(0.,150.),(10363.200000000001,150.),(10363.200000000001,0.),(0.,0.)));
#7111=IFCINDEXEDPOLYCURVE(#7110,$,.F.);
#7112=IFCDIRECTION((0.,0.,1.));
#7113=IFCARBITRARYCLOSEDPROFILEDEF(.AREA.,$,#7111);
#7114=IFCCARTESIANPOINT((0.,0.,0.));
#7115=IFCDIRECTION((0.,0.,1.));
#7116=IFCDIRECTION((1.,0.,0.));
#7117=IFCAXIS2PLACEMENT3D(#7114,#7115,#7116);
#7118=IFCEXTRUDEDAREASOLID(#7113,#7117,#7112,3200.4000000000001);
#7119=IFCSHAPEREPRESENTATION(#11,'Body','SweptSolid',(#7118));
#7120=IFCPRODUCTDEFINITIONSHAPE($,$,(#7119));
#7126=IFCCARTESIANPOINT((3657.6000000000004,21031.200000000001,13868.400000000001));
#7127=IFCDIRECTION((0.,0.,1.));
#7128=IFCDIRECTION((1.,0.,0.));
#7129=IFCAXIS2PLACEMENT3D(#7126,#7127,#7128);
#7130=IFCLOCALPLACEMENT($,#7129);
#7131=IFCWALL('22lE8tFkr9k8EIwehirmQZ',$,'L4|ONEBR_A',$,$,#7152,#7142,$,$);
#7132=IFCCARTESIANPOINTLIST2D(((0.,0.),(0.,150.),(9144.,150.),(9144.,0.),(0.,0.)));
#7133=IFCINDEXEDPOLYCURVE(#7132,$,.F.);
#7134=IFCDIRECTION((0.,0.,1.));
#7135=IFCARBITRARYCLOSEDPROFILEDEF(.AREA.,$,#7133);
#7136=IFCCARTESIANPOINT((0.,0.,0.));
#7137=IFCDIRECTION((0.,0.,1.));
#7138=IFCDIRECTION((1.,0.,0.));
#7139=IFCAXIS2PLACEMENT3D(#7136,#7137,#7138);
#7140=IFCEXTRUDEDAREASOLID(#7135,#7139,#7134,3200.4000000000001);
#7141=IFCSHAPEREPRESENTATION(#11,'Body','SweptSolid',(#7140));
#7142=IFCPRODUCTDEFINITIONSHAPE($,$,(#7141));
#7148=IFCCARTESIANPOINT((3657.6000000000004,11887.199999999999,13868.400000000001));
#7149=IFCDIRECTION((0.,0.,1.));
#7150=IFCDIRECTION((6.123233995736766E-17,1.,0.));
#7151=IFCAXIS2PLACEMENT3D(#7148,#7149,#7150);
#7152=IFCLOCALPLACEMENT($,#7151);
#7153=IFCWALL('0ud_r55nL1hfoNwgoDMqHA',$,'L4|ONEBR_A',$,$,#7174,#7164,$,$);
#7154=IFCCARTESIANPOINTLIST2D(((0.,0.),(0.,150.),(9144.,150.),(9144.,0.),(0.,0.)));
#7155=IFCINDEXEDPOLYCURVE(#7154,$,.F.);
#7156=IFCDIRECTION((0.,0.,1.));
#7157=IFCARBITRARYCLOSEDPROFILEDEF(.AREA.,$,#7155);
#7158=IFCCARTESIANPOINT((0.,0.,0.));
#7159=IFCDIRECTION((0.,0.,1.));
#7160=IFCDIRECTION((1.,0.,0.));
#7161=IFCAXIS2PLACEMENT3D(#7158,#7159,#7160);
#7162=IFCEXTRUDEDAREASOLID(#7157,#7161,#7156,3200.4000000000001);
#7163=IFCSHAPEREPRESENTATION(#11,'Body','SweptSolid',(#7162));
#7164=IFCPRODUCTDEFINITIONSHAPE($,$,(#7163));
#7170=IFCCARTESIANPOINT((14020.800000000001,11887.199999999999,13868.400000000001));
#7171=IFCDIRECTION((0.,0.,1.));
#7172=IFCDIRECTION((6.123233995736766E-17,1.,0.));
#7173=IFCAXIS2PLACEMENT3D(#7170,#7171,#7172);
#7174=IFCLOCALPLACEMENT($,#7173);
#7175=IFCWALL('3AZqkUYC12EQPItGILVF$8',$,'L4|TWOBR_A',$,$,#7196,#7186,$,$);
#7176=IFCCARTESIANPOINTLIST2D(((0.,0.),(0.,150.),(10972.800000000001,150.),(10972.800000000001,0.),(0.,0.)));
#7177=IFCINDEXEDPOLYCURVE(#7176,$,.F.);
#7178=IFCDIRECTION((0.,0.,1.));
#7179=IFCARBITRARYCLOSEDPROFILEDEF(.AREA.,$,#7177);
#7180=IFCCARTESIANPOINT((0.,0.,0.));
#7181=IFCDIRECTION((0.,0.,1.));
#7182=IFCDIRECTION((1.,0.,0.));
#7183=IFCAXIS2PLACEMENT3D(#7180,#7181,#7182);
#7184=IFCEXTRUDEDAREASOLID(#7179,#7183,#7178,3200.4000000000001);
#7185=IFCSHAPEREPRESENTATION(#11,'Body','SweptSolid',(#7184));
#7186=IFCPRODUCTDEFINITIONSHAPE($,$,(#7185));
#7192=IFCCARTESIANPOINT((15849.6,11887.199999999999,13868.400000000001));
#7193=IFCDIRECTION((0.,0.,1.));
#7194=IFCDIRECTION((1.,0.,0.));
#7195=IFCAXIS2PLACEMENT3D(#7192,#7193,#7194);
#7196=IFCLOCALPLACEMENT($,#7195);
#7197=IFCWALL('2KxqdhB3bAbgd6VptYEcGE',$,'L4|TWOBR_A',$,$,#7218,#7208,$,$);
#7198=IFCCARTESIANPOINTLIST2D(((0.,0.),(0.,150.),(10972.800000000001,150.),(10972.800000000001,0.),(0.,0.)));
#7199=IFCINDEXEDPOLYCURVE(#7198,$,.F.);
#7200=IFCDIRECTION((0.,0.,1.));
#7201=IFCARBITRARYCLOSEDPROFILEDEF(.AREA.,$,#7199);
#7202=IFCCARTESIANPOINT((0.,0.,0.));
#7203=IFCDIRECTION((0.,0.,1.));
#7204=IFCDIRECTION((1.,0.,0.));
#7205=IFCAXIS2PLACEMENT3D(#7202,#7203,#7204);
#7206=IFCEXTRUDEDAREASOLID(#7201,#7205,#7200,3200.4000000000001);
#7207=IFCSHAPEREPRESENTATION(#11,'Body','SweptSolid',(#7206));
#7208=IFCPRODUCTDEFINITIONSHAPE($,$,(#7207));
#7214=IFCCARTESIANPOINT((15849.6,22250.400000000001,13868.400000000001));
#7215=IFCDIRECTION((0.,0.,1.));
#7216=IFCDIRECTION((1.,0.,0.));
#7217=IFCAXIS2PLACEMENT3D(#7214,#7215,#7216);
#7218=IFCLOCALPLACEMENT($,#7217);
#7219=IFCWALL('3ed5g3ZlzBLvyFAk7_etVR',$,'L4|TWOBR_A',$,$,#7240,#7230,$,$);
#7220=IFCCARTESIANPOINTLIST2D(((0.,0.),(0.,150.),(10363.200000000001,150.),(10363.200000000001,0.),(0.,0.)));
#7221=IFCINDEXEDPOLYCURVE(#7220,$,.F.);
#7222=IFCDIRECTION((0.,0.,1.));
#7223=IFCARBITRARYCLOSEDPROFILEDEF(.AREA.,$,#7221);
#7224=IFCCARTESIANPOINT((0.,0.,0.));
#7225=IFCDIRECTION((0.,0.,1.));
#7226=IFCDIRECTION((1.,0.,0.));
#7227=IFCAXIS2PLACEMENT3D(#7224,#7225,#7226);
#7228=IFCEXTRUDEDAREASOLID(#7223,#7227,#7222,3200.4000000000001);
#7229=IFCSHAPEREPRESENTATION(#11,'Body','SweptSolid',(#7228));
#7230=IFCPRODUCTDEFINITIONSHAPE($,$,(#7229));
#7236=IFCCARTESIANPOINT((15849.6,11887.199999999999,13868.400000000001));
#7237=IFCDIRECTION((0.,0.,1.));
#7238=IFCDIRECTION((6.123233995736766E-17,1.,0.));
#7239=IFCAXIS2PLACEMENT3D(#7236,#7237,#7238);
#7240=IFCLOCALPLACEMENT($,#7239);
#7241=IFCWALL('3KRn_jnEn8_OXs8MyJPqPy',$,'L4|TWOBR_A',$,$,#7262,#7252,$,$);
#7242=IFCCARTESIANPOINTLIST2D(((0.,0.),(0.,150.),(10363.200000000001,150.),(10363.200000000001,0.),(0.,0.)));
#7243=IFCINDEXEDPOLYCURVE(#7242,$,.F.);
#7244=IFCDIRECTION((0.,0.,1.));
#7245=IFCARBITRARYCLOSEDPROFILEDEF(.AREA.,$,#7243);
#7246=IFCCARTESIANPOINT((0.,0.,0.));
#7247=IFCDIRECTION((0.,0.,1.));
#7248=IFCDIRECTION((1.,0.,0.));
#7249=IFCAXIS2PLACEMENT3D(#7246,#7247,#7248);
#7250=IFCEXTRUDEDAREASOLID(#7245,#7249,#7244,3200.4000000000001);
#7251=IFCSHAPEREPRESENTATION(#11,'Body','SweptSolid',(#7250));
#7252=IFCPRODUCTDEFINITIONSHAPE($,$,(#7251));
#7258=IFCCARTESIANPOINT((26822.400000000001,11887.199999999999,13868.400000000001));
#7259=IFCDIRECTION((0.,0.,1.));
#7260=IFCDIRECTION((6.123233995736766E-17,1.,0.));
#7261=IFCAXIS2PLACEMENT3D(#7258,#7259,#7260);
#7262=IFCLOCALPLACEMENT($,#7261);
#7263=IFCWALL('3TlcLJSan8_OFUuwa5vx9Z',$,'L4|ONEBR_A',$,$,#7284,#7274,$,$);
#7264=IFCCARTESIANPOINTLIST2D(((0.,0.),(0.,150.),(10363.200000000001,150.),(10363.200000000001,0.),(0.,0.)));
#7265=IFCINDEXEDPOLYCURVE(#7264,$,.F.);
#7266=IFCDIRECTION((0.,0.,1.));
#7267=IFCARBITRARYCLOSEDPROFILEDEF(.AREA.,$,#7265);
#7268=IFCCARTESIANPOINT((0.,0.,0.));
#7269=IFCDIRECTION((0.,0.,1.));
#7270=IFCDIRECTION((1.,0.,0.));
#7271=IFCAXIS2PLACEMENT3D(#7268,#7269,#7270);
#7272=IFCEXTRUDEDAREASOLID(#7267,#7271,#7266,3200.4000000000001);
#7273=IFCSHAPEREPRESENTATION(#11,'Body','SweptSolid',(#7272));
#7274=IFCPRODUCTDEFINITIONSHAPE($,$,(#7273));
#7280=IFCCARTESIANPOINT((30480.,11887.199999999999,13868.400000000001));
#7281=IFCDIRECTION((0.,0.,1.));
#7282=IFCDIRECTION((1.,0.,0.));
#7283=IFCAXIS2PLACEMENT3D(#7280,#7281,#7282);
#7284=IFCLOCALPLACEMENT($,#7283);
#7285=IFCWALL('0pvA$cwL9DZeiR1KqW2eKz',$,'L4|ONEBR_A',$,$,#7306,#7296,$,$);
#7286=IFCCARTESIANPOINTLIST2D(((0.,0.),(0.,150.),(10363.200000000001,150.),(10363.200000000001,0.),(0.,0.)));
#7287=IFCINDEXEDPOLYCURVE(#7286,$,.F.);
#7288=IFCDIRECTION((0.,0.,1.));
#7289=IFCARBITRARYCLOSEDPROFILEDEF(.AREA.,$,#7287);
#7290=IFCCARTESIANPOINT((0.,0.,0.));
#7291=IFCDIRECTION((0.,0.,1.));
#7292=IFCDIRECTION((1.,0.,0.));
#7293=IFCAXIS2PLACEMENT3D(#7290,#7291,#7292);
#7294=IFCEXTRUDEDAREASOLID(#7289,#7293,#7288,3200.4000000000001);
#7295=IFCSHAPEREPRESENTATION(#11,'Body','SweptSolid',(#7294));
#7296=IFCPRODUCTDEFINITIONSHAPE($,$,(#7295));
#7302=IFCCARTESIANPOINT((30480.,21031.200000000001,13868.400000000001));
#7303=IFCDIRECTION((0.,0.,1.));
#7304=IFCDIRECTION((1.,0.,0.));
#7305=IFCAXIS2PLACEMENT3D(#7302,#7303,#7304);
#7306=IFCLOCALPLACEMENT($,#7305);
#7307=IFCWALL('1NF3b4sFzE7ByIVoz01a00',$,'L4|ONEBR_A',$,$,#7328,#7318,$,$);
#7308=IFCCARTESIANPOINTLIST2D(((0.,0.),(0.,150.),(9144.,150.),(9144.,0.),(0.,0.)));
#7309=IFCINDEXEDPOLYCURVE(#7308,$,.F.);
#7310=IFCDIRECTION((0.,0.,1.));
#7311=IFCARBITRARYCLOSEDPROFILEDEF(.AREA.,$,#7309);
#7312=IFCCARTESIANPOINT((0.,0.,0.));
#7313=IFCDIRECTION((0.,0.,1.));
#7314=IFCDIRECTION((1.,0.,0.));
#7315=IFCAXIS2PLACEMENT3D(#7312,#7313,#7314);
#7316=IFCEXTRUDEDAREASOLID(#7311,#7315,#7310,3200.4000000000001);
#7317=IFCSHAPEREPRESENTATION(#11,'Body','SweptSolid',(#7316));
#7318=IFCPRODUCTDEFINITIONSHAPE($,$,(#7317));
#7324=IFCCARTESIANPOINT((30480.,11887.199999999999,13868.400000000001));
#7325=IFCDIRECTION((0.,0.,1.));
#7326=IFCDIRECTION((6.123233995736766E-17,1.,0.));
#7327=IFCAXIS2PLACEMENT3D(#7324,#7325,#7326);
#7328=IFCLOCALPLACEMENT($,#7327);
#7329=IFCWALL('1G8pATEHT1_RliUf7rS9MD',$,'L4|ONEBR_A',$,$,#7350,#7340,$,$);
#7330=IFCCARTESIANPOINTLIST2D(((0.,0.),(0.,150.),(9144.,150.),(9144.,0.),(0.,0.)));
#7331=IFCINDEXEDPOLYCURVE(#7330,$,.F.);
#7332=IFCDIRECTION((0.,0.,1.));
#7333=IFCARBITRARYCLOSEDPROFILEDEF(.AREA.,$,#7331);
#7334=IFCCARTESIANPOINT((0.,0.,0.));
#7335=IFCDIRECTION((0.,0.,1.));
#7336=IFCDIRECTION((1.,0.,0.));
#7337=IFCAXIS2PLACEMENT3D(#7334,#7335,#7336);
#7338=IFCEXTRUDEDAREASOLID(#7333,#7337,#7332,3200.4000000000001);
#7339=IFCSHAPEREPRESENTATION(#11,'Body','SweptSolid',(#7338));
#7340=IFCPRODUCTDEFINITIONSHAPE($,$,(#7339));
#7346=IFCCARTESIANPOINT((40843.200000000004,11887.199999999999,13868.400000000001));
#7347=IFCDIRECTION((0.,0.,1.));
#7348=IFCDIRECTION((6.123233995736766E-17,1.,0.));
#7349=IFCAXIS2PLACEMENT3D(#7346,#7347,#7348);
#7350=IFCLOCALPLACEMENT($,#7349);
#7351=IFCWALL('0eZOdBIaj0rO0SGzbm6pJa',$,'L4|TWOBR_A',$,$,#7372,#7362,$,$);
#7352=IFCCARTESIANPOINTLIST2D(((0.,0.),(0.,150.),(10972.800000000001,150.),(10972.800000000001,0.),(0.,0.)));
#7353=IFCINDEXEDPOLYCURVE(#7352,$,.F.);
#7354=IFCDIRECTION((0.,0.,1.));
#7355=IFCARBITRARYCLOSEDPROFILEDEF(.AREA.,$,#7353);
#7356=IFCCARTESIANPOINT((0.,0.,0.));
#7357=IFCDIRECTION((0.,0.,1.));
#7358=IFCDIRECTION((1.,0.,0.));
#7359=IFCAXIS2PLACEMENT3D(#7356,#7357,#7358);
#7360=IFCEXTRUDEDAREASOLID(#7355,#7359,#7354,3200.4000000000001);
#7361=IFCSHAPEREPRESENTATION(#11,'Body','SweptSolid',(#7360));
#7362=IFCPRODUCTDEFINITIONSHAPE($,$,(#7361));
#7368=IFCCARTESIANPOINT((42672.,11887.199999999999,13868.400000000001));
#7369=IFCDIRECTION((0.,0.,1.));
#7370=IFCDIRECTION((1.,0.,0.));
#7371=IFCAXIS2PLACEMENT3D(#7368,#7369,#7370);
#7372=IFCLOCALPLACEMENT($,#7371);
#7373=IFCWALL('11vVRRkaf7Fw5C6QPilbjL',$,'L4|TWOBR_A',$,$,#7394,#7384,$,$);
#7374=IFCCARTESIANPOINTLIST2D(((0.,0.),(0.,150.),(10972.800000000001,150.),(10972.800000000001,0.),(0.,0.)));
#7375=IFCINDEXEDPOLYCURVE(#7374,$,.F.);
#7376=IFCDIRECTION((0.,0.,1.));
#7377=IFCARBITRARYCLOSEDPROFILEDEF(.AREA.,$,#7375);
#7378=IFCCARTESIANPOINT((0.,0.,0.));
#7379=IFCDIRECTION((0.,0.,1.));
#7380=IFCDIRECTION((1.,0.,0.));
#7381=IFCAXIS2PLACEMENT3D(#7378,#7379,#7380);
#7382=IFCEXTRUDEDAREASOLID(#7377,#7381,#7376,3200.4000000000001);
#7383=IFCSHAPEREPRESENTATION(#11,'Body','SweptSolid',(#7382));
#7384=IFCPRODUCTDEFINITIONSHAPE($,$,(#7383));
#7390=IFCCARTESIANPOINT((42672.,22250.400000000001,13868.400000000001));
#7391=IFCDIRECTION((0.,0.,1.));
#7392=IFCDIRECTION((1.,0.,0.));
#7393=IFCAXIS2PLACEMENT3D(#7390,#7391,#7392);
#7394=IFCLOCALPLACEMENT($,#7393);
#7395=IFCWALL('0RUVSBNU52zwESBZ6b4Fyg',$,'L4|TWOBR_A',$,$,#7416,#7406,$,$);
#7396=IFCCARTESIANPOINTLIST2D(((0.,0.),(0.,150.),(10363.200000000001,150.),(10363.200000000001,0.),(0.,0.)));
#7397=IFCINDEXEDPOLYCURVE(#7396,$,.F.);
#7398=IFCDIRECTION((0.,0.,1.));
#7399=IFCARBITRARYCLOSEDPROFILEDEF(.AREA.,$,#7397);
#7400=IFCCARTESIANPOINT((0.,0.,0.));
#7401=IFCDIRECTION((0.,0.,1.));
#7402=IFCDIRECTION((1.,0.,0.));
#7403=IFCAXIS2PLACEMENT3D(#7400,#7401,#7402);
#7404=IFCEXTRUDEDAREASOLID(#7399,#7403,#7398,3200.4000000000001);
#7405=IFCSHAPEREPRESENTATION(#11,'Body','SweptSolid',(#7404));
#7406=IFCPRODUCTDEFINITIONSHAPE($,$,(#7405));
#7412=IFCCARTESIANPOINT((42672.,11887.199999999999,13868.400000000001));
#7413=IFCDIRECTION((0.,0.,1.));
#7414=IFCDIRECTION((6.123233995736766E-17,1.,0.));
#7415=IFCAXIS2PLACEMENT3D(#7412,#7413,#7414);
#7416=IFCLOCALPLACEMENT($,#7415);
#7417=IFCWALL('0yE1wzl$b7sAj97td33Jkk',$,'L4|TWOBR_A',$,$,#7438,#7428,$,$);
#7418=IFCCARTESIANPOINTLIST2D(((0.,0.),(0.,150.),(10363.200000000001,150.),(10363.200000000001,0.),(0.,0.)));
#7419=IFCINDEXEDPOLYCURVE(#7418,$,.F.);
#7420=IFCDIRECTION((0.,0.,1.));
#7421=IFCARBITRARYCLOSEDPROFILEDEF(.AREA.,$,#7419);
#7422=IFCCARTESIANPOINT((0.,0.,0.));
#7423=IFCDIRECTION((0.,0.,1.));
#7424=IFCDIRECTION((1.,0.,0.));
#7425=IFCAXIS2PLACEMENT3D(#7422,#7423,#7424);
#7426=IFCEXTRUDEDAREASOLID(#7421,#7425,#7420,3200.4000000000001);
#7427=IFCSHAPEREPRESENTATION(#11,'Body','SweptSolid',(#7426));
#7428=IFCPRODUCTDEFINITIONSHAPE($,$,(#7427));
#7434=IFCCARTESIANPOINT((53644.800000000003,11887.199999999999,13868.400000000001));
#7435=IFCDIRECTION((0.,0.,1.));
#7436=IFCDIRECTION((6.123233995736766E-17,1.,0.));
#7437=IFCAXIS2PLACEMENT3D(#7434,#7435,#7436);
#7438=IFCLOCALPLACEMENT($,#7437);
#7439=IFCWALL('2dWp9GNBD4cgfXNxlIOYfF',$,'L4|ONEBR_A',$,$,#7460,#7450,$,$);
#7440=IFCCARTESIANPOINTLIST2D(((0.,0.),(0.,150.),(10363.200000000001,150.),(10363.200000000001,0.),(0.,0.)));
#7441=IFCINDEXEDPOLYCURVE(#7440,$,.F.);
#7442=IFCDIRECTION((0.,0.,1.));
#7443=IFCARBITRARYCLOSEDPROFILEDEF(.AREA.,$,#7441);
#7444=IFCCARTESIANPOINT((0.,0.,0.));
#7445=IFCDIRECTION((0.,0.,1.));
#7446=IFCDIRECTION((1.,0.,0.));
#7447=IFCAXIS2PLACEMENT3D(#7444,#7445,#7446);
#7448=IFCEXTRUDEDAREASOLID(#7443,#7447,#7442,3200.4000000000001);
#7449=IFCSHAPEREPRESENTATION(#11,'Body','SweptSolid',(#7448));
#7450=IFCPRODUCTDEFINITIONSHAPE($,$,(#7449));
#7456=IFCCARTESIANPOINT((3657.6000000000004,21031.200000000001,13868.400000000001));
#7457=IFCDIRECTION((0.,0.,1.));
#7458=IFCDIRECTION((1.,0.,0.));
#7459=IFCAXIS2PLACEMENT3D(#7456,#7457,#7458);
#7460=IFCLOCALPLACEMENT($,#7459);
#7461=IFCWALL('1yBxQXVUz35Q53O34h0hdb',$,'L4|ONEBR_A',$,$,#7482,#7472,$,$);
#7462=IFCCARTESIANPOINTLIST2D(((0.,0.),(0.,150.),(10363.200000000001,150.),(10363.200000000001,0.),(0.,0.)));
#7463=IFCINDEXEDPOLYCURVE(#7462,$,.F.);
#7464=IFCDIRECTION((0.,0.,1.));
#7465=IFCARBITRARYCLOSEDPROFILEDEF(.AREA.,$,#7463);
#7466=IFCCARTESIANPOINT((0.,0.,0.));
#7467=IFCDIRECTION((0.,0.,1.));
#7468=IFCDIRECTION((1.,0.,0.));
#7469=IFCAXIS2PLACEMENT3D(#7466,#7467,#7468);
#7470=IFCEXTRUDEDAREASOLID(#7465,#7469,#7464,3200.4000000000001);
#7471=IFCSHAPEREPRESENTATION(#11,'Body','SweptSolid',(#7470));
#7472=IFCPRODUCTDEFINITIONSHAPE($,$,(#7471));
#7478=IFCCARTESIANPOINT((3657.6000000000004,30175.200000000001,13868.400000000001));
#7479=IFCDIRECTION((0.,0.,1.));
#7480=IFCDIRECTION((1.,0.,0.));
#7481=IFCAXIS2PLACEMENT3D(#7478,#7479,#7480);
#7482=IFCLOCALPLACEMENT($,#7481);
#7483=IFCWALL('2_kKOnWnr18u94Z5LGGACw',$,'L4|ONEBR_A',$,$,#7504,#7494,$,$);
#7484=IFCCARTESIANPOINTLIST2D(((0.,0.),(0.,150.),(9144.,150.),(9144.,0.),(0.,0.)));
#7485=IFCINDEXEDPOLYCURVE(#7484,$,.F.);
#7486=IFCDIRECTION((0.,0.,1.));
#7487=IFCARBITRARYCLOSEDPROFILEDEF(.AREA.,$,#7485);
#7488=IFCCARTESIANPOINT((0.,0.,0.));
#7489=IFCDIRECTION((0.,0.,1.));
#7490=IFCDIRECTION((1.,0.,0.));
#7491=IFCAXIS2PLACEMENT3D(#7488,#7489,#7490);
#7492=IFCEXTRUDEDAREASOLID(#7487,#7491,#7486,3200.4000000000001);
#7493=IFCSHAPEREPRESENTATION(#11,'Body','SweptSolid',(#7492));
#7494=IFCPRODUCTDEFINITIONSHAPE($,$,(#7493));
#7500=IFCCARTESIANPOINT((3657.6000000000004,21031.200000000001,13868.400000000001));
#7501=IFCDIRECTION((0.,0.,1.));
#7502=IFCDIRECTION((6.123233995736766E-17,1.,0.));
#7503=IFCAXIS2PLACEMENT3D(#7500,#7501,#7502);
#7504=IFCLOCALPLACEMENT($,#7503);
#7505=IFCWALL('1_n1UNnhzFhPLvYSHqmaWX',$,'L4|ONEBR_A',$,$,#7526,#7516,$,$);
#7506=IFCCARTESIANPOINTLIST2D(((0.,0.),(0.,150.),(9144.,150.),(9144.,0.),(0.,0.)));
#7507=IFCINDEXEDPOLYCURVE(#7506,$,.F.);
#7508=IFCDIRECTION((0.,0.,1.));
#7509=IFCARBITRARYCLOSEDPROFILEDEF(.AREA.,$,#7507);
#7510=IFCCARTESIANPOINT((0.,0.,0.));
#7511=IFCDIRECTION((0.,0.,1.));
#7512=IFCDIRECTION((1.,0.,0.));
#7513=IFCAXIS2PLACEMENT3D(#7510,#7511,#7512);
#7514=IFCEXTRUDEDAREASOLID(#7509,#7513,#7508,3200.4000000000001);
#7515=IFCSHAPEREPRESENTATION(#11,'Body','SweptSolid',(#7514));
#7516=IFCPRODUCTDEFINITIONSHAPE($,$,(#7515));
#7522=IFCCARTESIANPOINT((14020.800000000001,21031.200000000001,13868.400000000001));
#7523=IFCDIRECTION((0.,0.,1.));
#7524=IFCDIRECTION((6.123233995736766E-17,1.,0.));
#7525=IFCAXIS2PLACEMENT3D(#7522,#7523,#7524);
#7526=IFCLOCALPLACEMENT($,#7525);
#7527=IFCWALL('20XOlfxazA6P9aF42oP20g',$,'L4|STUDIO_A',$,$,#7548,#7538,$,$);
#7528=IFCCARTESIANPOINTLIST2D(((0.,0.),(0.,150.),(9753.6000000000004,150.),(9753.6000000000004,0.),(0.,0.)));
#7529=IFCINDEXEDPOLYCURVE(#7528,$,.F.);
#7530=IFCDIRECTION((0.,0.,1.));
#7531=IFCARBITRARYCLOSEDPROFILEDEF(.AREA.,$,#7529);
#7532=IFCCARTESIANPOINT((0.,0.,0.));
#7533=IFCDIRECTION((0.,0.,1.));
#7534=IFCDIRECTION((1.,0.,0.));
#7535=IFCAXIS2PLACEMENT3D(#7532,#7533,#7534);
#7536=IFCEXTRUDEDAREASOLID(#7531,#7535,#7530,3200.4000000000001);
#7537=IFCSHAPEREPRESENTATION(#11,'Body','SweptSolid',(#7536));
#7538=IFCPRODUCTDEFINITIONSHAPE($,$,(#7537));
#7544=IFCCARTESIANPOINT((31089.599999999999,21031.200000000001,13868.400000000001));
#7545=IFCDIRECTION((0.,0.,1.));
#7546=IFCDIRECTION((1.,0.,0.));
#7547=IFCAXIS2PLACEMENT3D(#7544,#7545,#7546);
#7548=IFCLOCALPLACEMENT($,#7547);
#7549=IFCWALL('0L25XPtWnEj9mTuPTwsYmk',$,'L4|STUDIO_A',$,$,#7570,#7560,$,$);
#7550=IFCCARTESIANPOINTLIST2D(((0.,0.),(0.,150.),(9753.6000000000004,150.),(9753.6000000000004,0.),(0.,0.)));
#7551=IFCINDEXEDPOLYCURVE(#7550,$,.F.);
#7552=IFCDIRECTION((0.,0.,1.));
#7553=IFCARBITRARYCLOSEDPROFILEDEF(.AREA.,$,#7551);
#7554=IFCCARTESIANPOINT((0.,0.,0.));
#7555=IFCDIRECTION((0.,0.,1.));
#7556=IFCDIRECTION((1.,0.,0.));
#7557=IFCAXIS2PLACEMENT3D(#7554,#7555,#7556);
#7558=IFCEXTRUDEDAREASOLID(#7553,#7557,#7552,3200.4000000000001);
#7559=IFCSHAPEREPRESENTATION(#11,'Body','SweptSolid',(#7558));
#7560=IFCPRODUCTDEFINITIONSHAPE($,$,(#7559));
#7566=IFCCARTESIANPOINT((31089.599999999999,28956.000000000004,13868.400000000001));
#7567=IFCDIRECTION((0.,0.,1.));
#7568=IFCDIRECTION((1.,0.,0.));
#7569=IFCAXIS2PLACEMENT3D(#7566,#7567,#7568);
#7570=IFCLOCALPLACEMENT($,#7569);
#7571=IFCWALL('2_WE$AExXAcuJWrWTkoK3Z',$,'L4|STUDIO_A',$,$,#7592,#7582,$,$);
#7572=IFCCARTESIANPOINTLIST2D(((0.,0.),(0.,150.),(7924.8000000000002,150.),(7924.8000000000002,0.),(0.,0.)));
#7573=IFCINDEXEDPOLYCURVE(#7572,$,.F.);
#7574=IFCDIRECTION((0.,0.,1.));
#7575=IFCARBITRARYCLOSEDPROFILEDEF(.AREA.,$,#7573);
#7576=IFCCARTESIANPOINT((0.,0.,0.));
#7577=IFCDIRECTION((0.,0.,1.));
#7578=IFCDIRECTION((1.,0.,0.));
#7579=IFCAXIS2PLACEMENT3D(#7576,#7577,#7578);
#7580=IFCEXTRUDEDAREASOLID(#7575,#7579,#7574,3200.4000000000001);
#7581=IFCSHAPEREPRESENTATION(#11,'Body','SweptSolid',(#7580));
#7582=IFCPRODUCTDEFINITIONSHAPE($,$,(#7581));
#7588=IFCCARTESIANPOINT((31089.599999999999,21031.200000000001,13868.400000000001));
#7589=IFCDIRECTION((0.,0.,1.));
#7590=IFCDIRECTION((6.123233995736766E-17,1.,0.));
#7591=IFCAXIS2PLACEMENT3D(#7588,#7589,#7590);
#7592=IFCLOCALPLACEMENT($,#7591);
#7593=IFCWALL('3QBbzXYBj5MO3$xVVVg6JN',$,'L4|STUDIO_A',$,$,#7614,#7604,$,$);
#7594=IFCCARTESIANPOINTLIST2D(((0.,0.),(0.,150.),(7924.8000000000002,150.),(7924.8000000000002,0.),(0.,0.)));
#7595=IFCINDEXEDPOLYCURVE(#7594,$,.F.);
#7596=IFCDIRECTION((0.,0.,1.));
#7597=IFCARBITRARYCLOSEDPROFILEDEF(.AREA.,$,#7595);
#7598=IFCCARTESIANPOINT((0.,0.,0.));
#7599=IFCDIRECTION((0.,0.,1.));
#7600=IFCDIRECTION((1.,0.,0.));
#7601=IFCAXIS2PLACEMENT3D(#7598,#7599,#7600);
#7602=IFCEXTRUDEDAREASOLID(#7597,#7601,#7596,3200.4000000000001);
#7603=IFCSHAPEREPRESENTATION(#11,'Body','SweptSolid',(#7602));
#7604=IFCPRODUCTDEFINITIONSHAPE($,$,(#7603));
#7610=IFCCARTESIANPOINT((40843.200000000004,21031.200000000001,13868.400000000001));
#7611=IFCDIRECTION((0.,0.,1.));
#7612=IFCDIRECTION((6.123233995736766E-17,1.,0.));
#7613=IFCAXIS2PLACEMENT3D(#7610,#7611,#7612);
#7614=IFCLOCALPLACEMENT($,#7613);
#7615=IFCWALL('2zJVXc3or29h64LIqrWNMJ',$,'L4|TWOBR_A',$,$,#7636,#7626,$,$);
#7616=IFCCARTESIANPOINTLIST2D(((0.,0.),(0.,150.),(10972.800000000001,150.),(10972.800000000001,0.),(0.,0.)));
#7617=IFCINDEXEDPOLYCURVE(#7616,$,.F.);
#7618=IFCDIRECTION((0.,0.,1.));
#7619=IFCARBITRARYCLOSEDPROFILEDEF(.AREA.,$,#7617);
#7620=IFCCARTESIANPOINT((0.,0.,0.));
#7621=IFCDIRECTION((0.,0.,1.));
#7622=IFCDIRECTION((1.,0.,0.));
#7623=IFCAXIS2PLACEMENT3D(#7620,#7621,#7622);
#7624=IFCEXTRUDEDAREASOLID(#7619,#7623,#7618,3200.4000000000001);
#7625=IFCSHAPEREPRESENTATION(#11,'Body','SweptSolid',(#7624));
#7626=IFCPRODUCTDEFINITIONSHAPE($,$,(#7625));
#7632=IFCCARTESIANPOINT((15849.6,22250.400000000001,13868.400000000001));
#7633=IFCDIRECTION((0.,0.,1.));
#7634=IFCDIRECTION((1.,0.,0.));
#7635=IFCAXIS2PLACEMENT3D(#7632,#7633,#7634);
#7636=IFCLOCALPLACEMENT($,#7635);
#7637=IFCWALL('25SwUIiSb6ARr3g$xYSZX8',$,'L4|TWOBR_A',$,$,#7658,#7648,$,$);
#7638=IFCCARTESIANPOINTLIST2D(((0.,0.),(0.,150.),(10972.800000000001,150.),(10972.800000000001,0.),(0.,0.)));
#7639=IFCINDEXEDPOLYCURVE(#7638,$,.F.);
#7640=IFCDIRECTION((0.,0.,1.));
#7641=IFCARBITRARYCLOSEDPROFILEDEF(.AREA.,$,#7639);
#7642=IFCCARTESIANPOINT((0.,0.,0.));
#7643=IFCDIRECTION((0.,0.,1.));
#7644=IFCDIRECTION((1.,0.,0.));
#7645=IFCAXIS2PLACEMENT3D(#7642,#7643,#7644);
#7646=IFCEXTRUDEDAREASOLID(#7641,#7645,#7640,3200.4000000000001);
#7647=IFCSHAPEREPRESENTATION(#11,'Body','SweptSolid',(#7646));
#7648=IFCPRODUCTDEFINITIONSHAPE($,$,(#7647));
#7654=IFCCARTESIANPOINT((15849.6,32613.599999999999,13868.400000000001));
#7655=IFCDIRECTION((0.,0.,1.));
#7656=IFCDIRECTION((1.,0.,0.));
#7657=IFCAXIS2PLACEMENT3D(#7654,#7655,#7656);
#7658=IFCLOCALPLACEMENT($,#7657);
#7659=IFCWALL('3MHdroXg97JQ_5AMID8_aA',$,'L4|TWOBR_A',$,$,#7680,#7670,$,$);
#7660=IFCCARTESIANPOINTLIST2D(((0.,0.),(0.,150.),(10363.200000000001,150.),(10363.200000000001,0.),(0.,0.)));
#7661=IFCINDEXEDPOLYCURVE(#7660,$,.F.);
#7662=IFCDIRECTION((0.,0.,1.));
#7663=IFCARBITRARYCLOSEDPROFILEDEF(.AREA.,$,#7661);
#7664=IFCCARTESIANPOINT((0.,0.,0.));
#7665=IFCDIRECTION((0.,0.,1.));
#7666=IFCDIRECTION((1.,0.,0.));
#7667=IFCAXIS2PLACEMENT3D(#7664,#7665,#7666);
#7668=IFCEXTRUDEDAREASOLID(#7663,#7667,#7662,3200.4000000000001);
#7669=IFCSHAPEREPRESENTATION(#11,'Body','SweptSolid',(#7668));
#7670=IFCPRODUCTDEFINITIONSHAPE($,$,(#7669));
#7676=IFCCARTESIANPOINT((15849.6,22250.400000000001,13868.400000000001));
#7677=IFCDIRECTION((0.,0.,1.));
#7678=IFCDIRECTION((6.123233995736766E-17,1.,0.));
#7679=IFCAXIS2PLACEMENT3D(#7676,#7677,#7678);
#7680=IFCLOCALPLACEMENT($,#7679);
#7681=IFCWALL('3sOpckZlj1Ngfz7VNok2b6',$,'L4|TWOBR_A',$,$,#7702,#7692,$,$);
#7682=IFCCARTESIANPOINTLIST2D(((0.,0.),(0.,150.),(10363.200000000001,150.),(10363.200000000001,0.),(0.,0.)));
#7683=IFCINDEXEDPOLYCURVE(#7682,$,.F.);
#7684=IFCDIRECTION((0.,0.,1.));
#7685=IFCARBITRARYCLOSEDPROFILEDEF(.AREA.,$,#7683);
#7686=IFCCARTESIANPOINT((0.,0.,0.));
#7687=IFCDIRECTION((0.,0.,1.));
#7688=IFCDIRECTION((1.,0.,0.));
#7689=IFCAXIS2PLACEMENT3D(#7686,#7687,#7688);
#7690=IFCEXTRUDEDAREASOLID(#7685,#7689,#7684,3200.4000000000001);
#7691=IFCSHAPEREPRESENTATION(#11,'Body','SweptSolid',(#7690));
#7692=IFCPRODUCTDEFINITIONSHAPE($,$,(#7691));
#7698=IFCCARTESIANPOINT((26822.400000000001,22250.400000000001,13868.400000000001));
#7699=IFCDIRECTION((0.,0.,1.));
#7700=IFCDIRECTION((6.123233995736766E-17,1.,0.));
#7701=IFCAXIS2PLACEMENT3D(#7698,#7699,#7700);
#7702=IFCLOCALPLACEMENT($,#7701);
#7703=IFCWALL('1lcsWTy_z2uwKdNWnqrmlz',$,'L4|ONEBR_A',$,$,#7724,#7714,$,$);
#7704=IFCCARTESIANPOINTLIST2D(((0.,0.),(0.,150.),(10363.200000000001,150.),(10363.200000000001,0.),(0.,0.)));
#7705=IFCINDEXEDPOLYCURVE(#7704,$,.F.);
#7706=IFCDIRECTION((0.,0.,1.));
#7707=IFCARBITRARYCLOSEDPROFILEDEF(.AREA.,$,#7705);
#7708=IFCCARTESIANPOINT((0.,0.,0.));
#7709=IFCDIRECTION((0.,0.,1.));
#7710=IFCDIRECTION((1.,0.,0.));
#7711=IFCAXIS2PLACEMENT3D(#7708,#7709,#7710);
#7712=IFCEXTRUDEDAREASOLID(#7707,#7711,#7706,3200.4000000000001);
#7713=IFCSHAPEREPRESENTATION(#11,'Body','SweptSolid',(#7712));
#7714=IFCPRODUCTDEFINITIONSHAPE($,$,(#7713));
#7720=IFCCARTESIANPOINT((42672.,22250.400000000001,13868.400000000001));
#7721=IFCDIRECTION((0.,0.,1.));
#7722=IFCDIRECTION((1.,0.,0.));
#7723=IFCAXIS2PLACEMENT3D(#7720,#7721,#7722);
#7724=IFCLOCALPLACEMENT($,#7723);
#7725=IFCWALL('2_lSswmbT6fRI6w1hVrMSm',$,'L4|ONEBR_A',$,$,#7746,#7736,$,$);
#7726=IFCCARTESIANPOINTLIST2D(((0.,0.),(0.,150.),(10363.200000000001,150.),(10363.200000000001,0.),(0.,0.)));
#7727=IFCINDEXEDPOLYCURVE(#7726,$,.F.);
#7728=IFCDIRECTION((0.,0.,1.));
#7729=IFCARBITRARYCLOSEDPROFILEDEF(.AREA.,$,#7727);
#7730=IFCCARTESIANPOINT((0.,0.,0.));
#7731=IFCDIRECTION((0.,0.,1.));
#7732=IFCDIRECTION((1.,0.,0.));
#7733=IFCAXIS2PLACEMENT3D(#7730,#7731,#7732);
#7734=IFCEXTRUDEDAREASOLID(#7729,#7733,#7728,3200.4000000000001);
#7735=IFCSHAPEREPRESENTATION(#11,'Body','SweptSolid',(#7734));
#7736=IFCPRODUCTDEFINITIONSHAPE($,$,(#7735));
#7742=IFCCARTESIANPOINT((42672.,31394.400000000001,13868.400000000001));
#7743=IFCDIRECTION((0.,0.,1.));
#7744=IFCDIRECTION((1.,0.,0.));
#7745=IFCAXIS2PLACEMENT3D(#7742,#7743,#7744);
#7746=IFCLOCALPLACEMENT($,#7745);
#7747=IFCWALL('1eDNZ9LRH9R9jsB_GHzTpF',$,'L4|ONEBR_A',$,$,#7768,#7758,$,$);
#7748=IFCCARTESIANPOINTLIST2D(((0.,0.),(0.,150.),(9144.,150.),(9144.,0.),(0.,0.)));
#7749=IFCINDEXEDPOLYCURVE(#7748,$,.F.);
#7750=IFCDIRECTION((0.,0.,1.));
#7751=IFCARBITRARYCLOSEDPROFILEDEF(.AREA.,$,#7749);
#7752=IFCCARTESIANPOINT((0.,0.,0.));
#7753=IFCDIRECTION((0.,0.,1.));
#7754=IFCDIRECTION((1.,0.,0.));
#7755=IFCAXIS2PLACEMENT3D(#7752,#7753,#7754);
#7756=IFCEXTRUDEDAREASOLID(#7751,#7755,#7750,3200.4000000000001);
#7757=IFCSHAPEREPRESENTATION(#11,'Body','SweptSolid',(#7756));
#7758=IFCPRODUCTDEFINITIONSHAPE($,$,(#7757));
#7764=IFCCARTESIANPOINT((42672.,22250.400000000001,13868.400000000001));
#7765=IFCDIRECTION((0.,0.,1.));
#7766=IFCDIRECTION((6.123233995736766E-17,1.,0.));
#7767=IFCAXIS2PLACEMENT3D(#7764,#7765,#7766);
#7768=IFCLOCALPLACEMENT($,#7767);
#7769=IFCWALL('31yJR8jDb6qwK_6hnJDg69',$,'L4|ONEBR_A',$,$,#7790,#7780,$,$);
#7770=IFCCARTESIANPOINTLIST2D(((0.,0.),(0.,150.),(9144.,150.),(9144.,0.),(0.,0.)));
#7771=IFCINDEXEDPOLYCURVE(#7770,$,.F.);
#7772=IFCDIRECTION((0.,0.,1.));
#7773=IFCARBITRARYCLOSEDPROFILEDEF(.AREA.,$,#7771);
#7774=IFCCARTESIANPOINT((0.,0.,0.));
#7775=IFCDIRECTION((0.,0.,1.));
#7776=IFCDIRECTION((1.,0.,0.));
#7777=IFCAXIS2PLACEMENT3D(#7774,#7775,#7776);
#7778=IFCEXTRUDEDAREASOLID(#7773,#7777,#7772,3200.4000000000001);
#7779=IFCSHAPEREPRESENTATION(#11,'Body','SweptSolid',(#7778));
#7780=IFCPRODUCTDEFINITIONSHAPE($,$,(#7779));
#7786=IFCCARTESIANPOINT((53035.200000000004,22250.400000000001,13868.400000000001));
#7787=IFCDIRECTION((0.,0.,1.));
#7788=IFCDIRECTION((6.123233995736766E-17,1.,0.));
#7789=IFCAXIS2PLACEMENT3D(#7786,#7787,#7788);
#7790=IFCLOCALPLACEMENT($,#7789);
#7791=IFCWALL('2P9P2sy1n0gQKfEbA8591Z',$,'L4|ONEBR_A',$,$,#7812,#7802,$,$);
#7792=IFCCARTESIANPOINTLIST2D(((0.,0.),(0.,150.),(10363.200000000001,150.),(10363.200000000001,0.),(0.,0.)));
#7793=IFCINDEXEDPOLYCURVE(#7792,$,.F.);
#7794=IFCDIRECTION((0.,0.,1.));
#7795=IFCARBITRARYCLOSEDPROFILEDEF(.AREA.,$,#7793);
#7796=IFCCARTESIANPOINT((0.,0.,0.));
#7797=IFCDIRECTION((0.,0.,1.));
#7798=IFCDIRECTION((1.,0.,0.));
#7799=IFCAXIS2PLACEMENT3D(#7796,#7797,#7798);
#7800=IFCEXTRUDEDAREASOLID(#7795,#7799,#7794,3200.4000000000001);
#7801=IFCSHAPEREPRESENTATION(#11,'Body','SweptSolid',(#7800));
#7802=IFCPRODUCTDEFINITIONSHAPE($,$,(#7801));
#7808=IFCCARTESIANPOINT((30480.,28956.000000000004,13868.400000000001));
#7809=IFCDIRECTION((0.,0.,1.));
#7810=IFCDIRECTION((1.,0.,0.));
#7811=IFCAXIS2PLACEMENT3D(#7808,#7809,#7810);
#7812=IFCLOCALPLACEMENT($,#7811);
#7813=IFCWALL('2QMc1Xh_9BshzP9vz75tyN',$,'L4|ONEBR_A',$,$,#7834,#7824,$,$);
#7814=IFCCARTESIANPOINTLIST2D(((0.,0.),(0.,150.),(10363.200000000001,150.),(10363.200000000001,0.),(0.,0.)));
#7815=IFCINDEXEDPOLYCURVE(#7814,$,.F.);
#7816=IFCDIRECTION((0.,0.,1.));
#7817=IFCARBITRARYCLOSEDPROFILEDEF(.AREA.,$,#7815);
#7818=IFCCARTESIANPOINT((0.,0.,0.));
#7819=IFCDIRECTION((0.,0.,1.));
#7820=IFCDIRECTION((1.,0.,0.));
#7821=IFCAXIS2PLACEMENT3D(#7818,#7819,#7820);
#7822=IFCEXTRUDEDAREASOLID(#7817,#7821,#7816,3200.4000000000001);
#7823=IFCSHAPEREPRESENTATION(#11,'Body','SweptSolid',(#7822));
#7824=IFCPRODUCTDEFINITIONSHAPE($,$,(#7823));
#7830=IFCCARTESIANPOINT((30480.,38100.,13868.400000000001));
#7831=IFCDIRECTION((0.,0.,1.));
#7832=IFCDIRECTION((1.,0.,0.));
#7833=IFCAXIS2PLACEMENT3D(#7830,#7831,#7832);
#7834=IFCLOCALPLACEMENT($,#7833);
#7835=IFCWALL('2YTvbO351BbB0flc9nprIp',$,'L4|ONEBR_A',$,$,#7856,#7846,$,$);
#7836=IFCCARTESIANPOINTLIST2D(((0.,0.),(0.,150.),(9144.,150.),(9144.,0.),(0.,0.)));
#7837=IFCINDEXEDPOLYCURVE(#7836,$,.F.);
#7838=IFCDIRECTION((0.,0.,1.));
#7839=IFCARBITRARYCLOSEDPROFILEDEF(.AREA.,$,#7837);
#7840=IFCCARTESIANPOINT((0.,0.,0.));
#7841=IFCDIRECTION((0.,0.,1.));
#7842=IFCDIRECTION((1.,0.,0.));
#7843=IFCAXIS2PLACEMENT3D(#7840,#7841,#7842);
#7844=IFCEXTRUDEDAREASOLID(#7839,#7843,#7838,3200.4000000000001);
#7845=IFCSHAPEREPRESENTATION(#11,'Body','SweptSolid',(#7844));
#7846=IFCPRODUCTDEFINITIONSHAPE($,$,(#7845));
#7852=IFCCARTESIANPOINT((30480.,28956.000000000004,13868.400000000001));
#7853=IFCDIRECTION((0.,0.,1.));
#7854=IFCDIRECTION((6.123233995736766E-17,1.,0.));
#7855=IFCAXIS2PLACEMENT3D(#7852,#7853,#7854);
#7856=IFCLOCALPLACEMENT($,#7855);
#7857=IFCWALL('0IS8UphmL9NvF0Y4jWmLuP',$,'L4|ONEBR_A',$,$,#7878,#7868,$,$);
#7858=IFCCARTESIANPOINTLIST2D(((0.,0.),(0.,150.),(9144.,150.),(9144.,0.),(0.,0.)));
#7859=IFCINDEXEDPOLYCURVE(#7858,$,.F.);
#7860=IFCDIRECTION((0.,0.,1.));
#7861=IFCARBITRARYCLOSEDPROFILEDEF(.AREA.,$,#7859);
#7862=IFCCARTESIANPOINT((0.,0.,0.));
#7863=IFCDIRECTION((0.,0.,1.));
#7864=IFCDIRECTION((1.,0.,0.));
#7865=IFCAXIS2PLACEMENT3D(#7862,#7863,#7864);
#7866=IFCEXTRUDEDAREASOLID(#7861,#7865,#7860,3200.4000000000001);
#7867=IFCSHAPEREPRESENTATION(#11,'Body','SweptSolid',(#7866));
#7868=IFCPRODUCTDEFINITIONSHAPE($,$,(#7867));
#7874=IFCCARTESIANPOINT((40843.200000000004,28956.000000000004,13868.400000000001));
#7875=IFCDIRECTION((0.,0.,1.));
#7876=IFCDIRECTION((6.123233995736766E-17,1.,0.));
#7877=IFCAXIS2PLACEMENT3D(#7874,#7875,#7876);
#7878=IFCLOCALPLACEMENT($,#7877);
#7879=IFCWALL('3$_pcRXQn3XueRqjqpwxYD',$,'L4|TWOBR_A',$,$,#7900,#7890,$,$);
#7880=IFCCARTESIANPOINTLIST2D(((0.,0.),(0.,150.),(10972.800000000001,150.),(10972.800000000001,0.),(0.,0.)));
#7881=IFCINDEXEDPOLYCURVE(#7880,$,.F.);
#7882=IFCDIRECTION((0.,0.,1.));
#7883=IFCARBITRARYCLOSEDPROFILEDEF(.AREA.,$,#7881);
#7884=IFCCARTESIANPOINT((0.,0.,0.));
#7885=IFCDIRECTION((0.,0.,1.));
#7886=IFCDIRECTION((1.,0.,0.));
#7887=IFCAXIS2PLACEMENT3D(#7884,#7885,#7886);
#7888=IFCEXTRUDEDAREASOLID(#7883,#7887,#7882,3200.4000000000001);
#7889=IFCSHAPEREPRESENTATION(#11,'Body','SweptSolid',(#7888));
#7890=IFCPRODUCTDEFINITIONSHAPE($,$,(#7889));
#7896=IFCCARTESIANPOINT((3048.,30175.200000000001,13868.400000000001));
#7897=IFCDIRECTION((0.,0.,1.));
#7898=IFCDIRECTION((1.,0.,0.));
#7899=IFCAXIS2PLACEMENT3D(#7896,#7897,#7898);
#7900=IFCLOCALPLACEMENT($,#7899);
#7901=IFCWALL('2GwO$QlcD2fO23u_VH9Fxh',$,'L4|TWOBR_A',$,$,#7922,#7912,$,$);
#7902=IFCCARTESIANPOINTLIST2D(((0.,0.),(0.,150.),(10972.800000000001,150.),(10972.800000000001,0.),(0.,0.)));
#7903=IFCINDEXEDPOLYCURVE(#7902,$,.F.);
#7904=IFCDIRECTION((0.,0.,1.));
#7905=IFCARBITRARYCLOSEDPROFILEDEF(.AREA.,$,#7903);
#7906=IFCCARTESIANPOINT((0.,0.,0.));
#7907=IFCDIRECTION((0.,0.,1.));
#7908=IFCDIRECTION((1.,0.,0.));
#7909=IFCAXIS2PLACEMENT3D(#7906,#7907,#7908);
#7910=IFCEXTRUDEDAREASOLID(#7905,#7909,#7904,3200.4000000000001);
#7911=IFCSHAPEREPRESENTATION(#11,'Body','SweptSolid',(#7910));
#7912=IFCPRODUCTDEFINITIONSHAPE($,$,(#7911));
#7918=IFCCARTESIANPOINT((3048.,40538.400000000001,13868.400000000001));
#7919=IFCDIRECTION((0.,0.,1.));
#7920=IFCDIRECTION((1.,0.,0.));
#7921=IFCAXIS2PLACEMENT3D(#7918,#7919,#7920);
#7922=IFCLOCALPLACEMENT($,#7921);
#7923=IFCWALL('0ENGaUK8zBXOoGFq4KzyCS',$,'L4|TWOBR_A',$,$,#7944,#7934,$,$);
#7924=IFCCARTESIANPOINTLIST2D(((0.,0.),(0.,150.),(10363.200000000001,150.),(10363.200000000001,0.),(0.,0.)));
#7925=IFCINDEXEDPOLYCURVE(#7924,$,.F.);
#7926=IFCDIRECTION((0.,0.,1.));
#7927=IFCARBITRARYCLOSEDPROFILEDEF(.AREA.,$,#7925);
#7928=IFCCARTESIANPOINT((0.,0.,0.));
#7929=IFCDIRECTION((0.,0.,1.));
#7930=IFCDIRECTION((1.,0.,0.));
#7931=IFCAXIS2PLACEMENT3D(#7928,#7929,#7930);
#7932=IFCEXTRUDEDAREASOLID(#7927,#7931,#7926,3200.4000000000001);
#7933=IFCSHAPEREPRESENTATION(#11,'Body','SweptSolid',(#7932));
#7934=IFCPRODUCTDEFINITIONSHAPE($,$,(#7933));
#7940=IFCCARTESIANPOINT((3048.,30175.200000000001,13868.400000000001));
#7941=IFCDIRECTION((0.,0.,1.));
#7942=IFCDIRECTION((6.123233995736766E-17,1.,0.));
#7943=IFCAXIS2PLACEMENT3D(#7940,#7941,#7942);
#7944=IFCLOCALPLACEMENT($,#7943);
#7945=IFCWALL('01gdu9KQ51FRl5oBGLgyXp',$,'L4|TWOBR_A',$,$,#7966,#7956,$,$);
#7946=IFCCARTESIANPOINTLIST2D(((0.,0.),(0.,150.),(10363.200000000001,150.),(10363.200000000001,0.),(0.,0.)));
#7947=IFCINDEXEDPOLYCURVE(#7946,$,.F.);
#7948=IFCDIRECTION((0.,0.,1.));
#7949=IFCARBITRARYCLOSEDPROFILEDEF(.AREA.,$,#7947);
#7950=IFCCARTESIANPOINT((0.,0.,0.));
#7951=IFCDIRECTION((0.,0.,1.));
#7952=IFCDIRECTION((1.,0.,0.));
#7953=IFCAXIS2PLACEMENT3D(#7950,#7951,#7952);
#7954=IFCEXTRUDEDAREASOLID(#7949,#7953,#7948,3200.4000000000001);
#7955=IFCSHAPEREPRESENTATION(#11,'Body','SweptSolid',(#7954));
#7956=IFCPRODUCTDEFINITIONSHAPE($,$,(#7955));
#7962=IFCCARTESIANPOINT((14020.800000000001,30175.200000000001,13868.400000000001));
#7963=IFCDIRECTION((0.,0.,1.));
#7964=IFCDIRECTION((6.123233995736766E-17,1.,0.));
#7965=IFCAXIS2PLACEMENT3D(#7962,#7963,#7964);
#7966=IFCLOCALPLACEMENT($,#7965);
#7967=IFCWALL('3mL9EL2wPEwww4rqHisc8A',$,'L4|STUDIO_A',$,$,#7988,#7978,$,$);
#7968=IFCCARTESIANPOINTLIST2D(((0.,0.),(0.,150.),(9753.6000000000004,150.),(9753.6000000000004,0.),(0.,0.)));
#7969=IFCINDEXEDPOLYCURVE(#7968,$,.F.);
#7970=IFCDIRECTION((0.,0.,1.));
#7971=IFCARBITRARYCLOSEDPROFILEDEF(.AREA.,$,#7969);
#7972=IFCCARTESIANPOINT((0.,0.,0.));
#7973=IFCDIRECTION((0.,0.,1.));
#7974=IFCDIRECTION((1.,0.,0.));
#7975=IFCAXIS2PLACEMENT3D(#7972,#7973,#7974);
#7976=IFCEXTRUDEDAREASOLID(#7971,#7975,#7970,3200.4000000000001);
#7977=IFCSHAPEREPRESENTATION(#11,'Body','SweptSolid',(#7976));
#7978=IFCPRODUCTDEFINITIONSHAPE($,$,(#7977));
#7984=IFCCARTESIANPOINT((42672.,31394.400000000001,13868.400000000001));
#7985=IFCDIRECTION((0.,0.,1.));
#7986=IFCDIRECTION((1.,0.,0.));
#7987=IFCAXIS2PLACEMENT3D(#7984,#7985,#7986);
#7988=IFCLOCALPLACEMENT($,#7987);
#7989=IFCWALL('1OHLTTBxHFcwoVRZ8hkDkX',$,'L4|STUDIO_A',$,$,#8010,#8000,$,$);
#7990=IFCCARTESIANPOINTLIST2D(((0.,0.),(0.,150.),(9753.6000000000004,150.),(9753.6000000000004,0.),(0.,0.)));
#7991=IFCINDEXEDPOLYCURVE(#7990,$,.F.);
#7992=IFCDIRECTION((0.,0.,1.));
#7993=IFCARBITRARYCLOSEDPROFILEDEF(.AREA.,$,#7991);
#7994=IFCCARTESIANPOINT((0.,0.,0.));
#7995=IFCDIRECTION((0.,0.,1.));
#7996=IFCDIRECTION((1.,0.,0.));
#7997=IFCAXIS2PLACEMENT3D(#7994,#7995,#7996);
#7998=IFCEXTRUDEDAREASOLID(#7993,#7997,#7992,3200.4000000000001);
#7999=IFCSHAPEREPRESENTATION(#11,'Body','SweptSolid',(#7998));
#8000=IFCPRODUCTDEFINITIONSHAPE($,$,(#7999));
#8006=IFCCARTESIANPOINT((42672.,39319.200000000004,13868.400000000001));
#8007=IFCDIRECTION((0.,0.,1.));
#8008=IFCDIRECTION((1.,0.,0.));
#8009=IFCAXIS2PLACEMENT3D(#8006,#8007,#8008);
#8010=IFCLOCALPLACEMENT($,#8009);
#8011=IFCWALL('1aGrahVeD1NfCGFtHBMY18',$,'L4|STUDIO_A',$,$,#8032,#8022,$,$);
#8012=IFCCARTESIANPOINTLIST2D(((0.,0.),(0.,150.),(7924.8000000000002,150.),(7924.8000000000002,0.),(0.,0.)));
#8013=IFCINDEXEDPOLYCURVE(#8012,$,.F.);
#8014=IFCDIRECTION((0.,0.,1.));
#8015=IFCARBITRARYCLOSEDPROFILEDEF(.AREA.,$,#8013);
#8016=IFCCARTESIANPOINT((0.,0.,0.));
#8017=IFCDIRECTION((0.,0.,1.));
#8018=IFCDIRECTION((1.,0.,0.));
#8019=IFCAXIS2PLACEMENT3D(#8016,#8017,#8018);
#8020=IFCEXTRUDEDAREASOLID(#8015,#8019,#8014,3200.4000000000001);
#8021=IFCSHAPEREPRESENTATION(#11,'Body','SweptSolid',(#8020));
#8022=IFCPRODUCTDEFINITIONSHAPE($,$,(#8021));
#8028=IFCCARTESIANPOINT((42672.,31394.400000000001,13868.400000000001));
#8029=IFCDIRECTION((0.,0.,1.));
#8030=IFCDIRECTION((6.123233995736766E-17,1.,0.));
#8031=IFCAXIS2PLACEMENT3D(#8028,#8029,#8030);
#8032=IFCLOCALPLACEMENT($,#8031);
#8033=IFCWALL('0DZsOJRv10DfrwZpISEcd7',$,'L4|STUDIO_A',$,$,#8054,#8044,$,$);
#8034=IFCCARTESIANPOINTLIST2D(((0.,0.),(0.,150.),(7924.8000000000002,150.),(7924.8000000000002,0.),(0.,0.)));
#8035=IFCINDEXEDPOLYCURVE(#8034,$,.F.);
#8036=IFCDIRECTION((0.,0.,1.));
#8037=IFCARBITRARYCLOSEDPROFILEDEF(.AREA.,$,#8035);
#8038=IFCCARTESIANPOINT((0.,0.,0.));
#8039=IFCDIRECTION((0.,0.,1.));
#8040=IFCDIRECTION((1.,0.,0.));
#8041=IFCAXIS2PLACEMENT3D(#8038,#8039,#8040);
#8042=IFCEXTRUDEDAREASOLID(#8037,#8041,#8036,3200.4000000000001);
#8043=IFCSHAPEREPRESENTATION(#11,'Body','SweptSolid',(#8042));
#8044=IFCPRODUCTDEFINITIONSHAPE($,$,(#8043));
#8050=IFCCARTESIANPOINT((52425.599999999999,31394.400000000001,13868.400000000001));
#8051=IFCDIRECTION((0.,0.,1.));
#8052=IFCDIRECTION((6.123233995736766E-17,1.,0.));
#8053=IFCAXIS2PLACEMENT3D(#8050,#8051,#8052);
#8054=IFCLOCALPLACEMENT($,#8053);
#8055=IFCWALL('1sY0LY94T3Qg5WdAz33sY4',$,'L4|ONEBR_A',$,$,#8076,#8066,$,$);
#8056=IFCCARTESIANPOINTLIST2D(((0.,0.),(0.,150.),(10363.200000000001,150.),(10363.200000000001,0.),(0.,0.)));
#8057=IFCINDEXEDPOLYCURVE(#8056,$,.F.);
#8058=IFCDIRECTION((0.,0.,1.));
#8059=IFCARBITRARYCLOSEDPROFILEDEF(.AREA.,$,#8057);
#8060=IFCCARTESIANPOINT((0.,0.,0.));
#8061=IFCDIRECTION((0.,0.,1.));
#8062=IFCDIRECTION((1.,0.,0.));
#8063=IFCAXIS2PLACEMENT3D(#8060,#8061,#8062);
#8064=IFCEXTRUDEDAREASOLID(#8059,#8063,#8058,3200.4000000000001);
#8065=IFCSHAPEREPRESENTATION(#11,'Body','SweptSolid',(#8064));
#8066=IFCPRODUCTDEFINITIONSHAPE($,$,(#8065));
#8072=IFCCARTESIANPOINT((15849.6,32613.599999999999,13868.400000000001));
#8073=IFCDIRECTION((0.,0.,1.));
#8074=IFCDIRECTION((1.,0.,0.));
#8075=IFCAXIS2PLACEMENT3D(#8072,#8073,#8074);
#8076=IFCLOCALPLACEMENT($,#8075);
#8077=IFCWALL('2ycG6Mko59lxVaEJgWSGkD',$,'L4|ONEBR_A',$,$,#8098,#8088,$,$);
#8078=IFCCARTESIANPOINTLIST2D(((0.,0.),(0.,150.),(10363.200000000001,150.),(10363.200000000001,0.),(0.,0.)));
#8079=IFCINDEXEDPOLYCURVE(#8078,$,.F.);
#8080=IFCDIRECTION((0.,0.,1.));
#8081=IFCARBITRARYCLOSEDPROFILEDEF(.AREA.,$,#8079);
#8082=IFCCARTESIANPOINT((0.,0.,0.));
#8083=IFCDIRECTION((0.,0.,1.));
#8084=IFCDIRECTION((1.,0.,0.));
#8085=IFCAXIS2PLACEMENT3D(#8082,#8083,#8084);
#8086=IFCEXTRUDEDAREASOLID(#8081,#8085,#8080,3200.4000000000001);
#8087=IFCSHAPEREPRESENTATION(#11,'Body','SweptSolid',(#8086));
#8088=IFCPRODUCTDEFINITIONSHAPE($,$,(#8087));
#8094=IFCCARTESIANPOINT((15849.6,41757.600000000006,13868.400000000001));
#8095=IFCDIRECTION((0.,0.,1.));
#8096=IFCDIRECTION((1.,0.,0.));
#8097=IFCAXIS2PLACEMENT3D(#8094,#8095,#8096);
#8098=IFCLOCALPLACEMENT($,#8097);
#8099=IFCWALL('2LPJiYTt1As9q4dlK5OEPy',$,'L4|ONEBR_A',$,$,#8120,#8110,$,$);
#8100=IFCCARTESIANPOINTLIST2D(((0.,0.),(0.,150.),(9144.,150.),(9144.,0.),(0.,0.)));
#8101=IFCINDEXEDPOLYCURVE(#8100,$,.F.);
#8102=IFCDIRECTION((0.,0.,1.));
#8103=IFCARBITRARYCLOSEDPROFILEDEF(.AREA.,$,#8101);
#8104=IFCCARTESIANPOINT((0.,0.,0.));
#8105=IFCDIRECTION((0.,0.,1.));
#8106=IFCDIRECTION((1.,0.,0.));
#8107=IFCAXIS2PLACEMENT3D(#8104,#8105,#8106);
#8108=IFCEXTRUDEDAREASOLID(#8103,#8107,#8102,3200.4000000000001);
#8109=IFCSHAPEREPRESENTATION(#11,'Body','SweptSolid',(#8108));
#8110=IFCPRODUCTDEFINITIONSHAPE($,$,(#8109));
#8116=IFCCARTESIANPOINT((15849.6,32613.599999999999,13868.400000000001));
#8117=IFCDIRECTION((0.,0.,1.));
#8118=IFCDIRECTION((6.123233995736766E-17,1.,0.));
#8119=IFCAXIS2PLACEMENT3D(#8116,#8117,#8118);
#8120=IFCLOCALPLACEMENT($,#8119);
#8121=IFCWALL('2l$JI5pWP9ogLJJhs3T8U_',$,'L4|ONEBR_A',$,$,#8142,#8132,$,$);
#8122=IFCCARTESIANPOINTLIST2D(((0.,0.),(0.,150.),(9144.,150.),(9144.,0.),(0.,0.)));
#8123=IFCINDEXEDPOLYCURVE(#8122,$,.F.);
#8124=IFCDIRECTION((0.,0.,1.));
#8125=IFCARBITRARYCLOSEDPROFILEDEF(.AREA.,$,#8123);
#8126=IFCCARTESIANPOINT((0.,0.,0.));
#8127=IFCDIRECTION((0.,0.,1.));
#8128=IFCDIRECTION((1.,0.,0.));
#8129=IFCAXIS2PLACEMENT3D(#8126,#8127,#8128);
#8130=IFCEXTRUDEDAREASOLID(#8125,#8129,#8124,3200.4000000000001);
#8131=IFCSHAPEREPRESENTATION(#11,'Body','SweptSolid',(#8130));
#8132=IFCPRODUCTDEFINITIONSHAPE($,$,(#8131));
#8138=IFCCARTESIANPOINT((26212.799999999999,32613.599999999999,13868.400000000001));
#8139=IFCDIRECTION((0.,0.,1.));
#8140=IFCDIRECTION((6.123233995736766E-17,1.,0.));
#8141=IFCAXIS2PLACEMENT3D(#8138,#8139,#8140);
#8142=IFCLOCALPLACEMENT($,#8141);
#8143=IFCWALL('1YmVbrWFr8OAguiN50avVP',$,'L4|TWOBR_A',$,$,#8164,#8154,$,$);
#8144=IFCCARTESIANPOINTLIST2D(((0.,0.),(0.,150.),(10972.800000000001,150.),(10972.800000000001,0.),(0.,0.)));
#8145=IFCINDEXEDPOLYCURVE(#8144,$,.F.);
#8146=IFCDIRECTION((0.,0.,1.));
#8147=IFCARBITRARYCLOSEDPROFILEDEF(.AREA.,$,#8145);
#8148=IFCCARTESIANPOINT((0.,0.,0.));
#8149=IFCDIRECTION((0.,0.,1.));
#8150=IFCDIRECTION((1.,0.,0.));
#8151=IFCAXIS2PLACEMENT3D(#8148,#8149,#8150);
#8152=IFCEXTRUDEDAREASOLID(#8147,#8151,#8146,3200.4000000000001);
#8153=IFCSHAPEREPRESENTATION(#11,'Body','SweptSolid',(#8152));
#8154=IFCPRODUCTDEFINITIONSHAPE($,$,(#8153));
#8160=IFCCARTESIANPOINT((29870.399999999998,38100.,13868.400000000001));
#8161=IFCDIRECTION((0.,0.,1.));
#8162=IFCDIRECTION((1.,0.,0.));
#8163=IFCAXIS2PLACEMENT3D(#8160,#8161,#8162);
#8164=IFCLOCALPLACEMENT($,#8163);
#8165=IFCWALL('3Pu5WrsQr7yvSphshTnZcC',$,'L4|TWOBR_A',$,$,#8186,#8176,$,$);
#8166=IFCCARTESIANPOINTLIST2D(((0.,0.),(0.,150.),(10972.800000000001,150.),(10972.800000000001,0.),(0.,0.)));
#8167=IFCINDEXEDPOLYCURVE(#8166,$,.F.);
#8168=IFCDIRECTION((0.,0.,1.));
#8169=IFCARBITRARYCLOSEDPROFILEDEF(.AREA.,$,#8167);
#8170=IFCCARTESIANPOINT((0.,0.,0.));
#8171=IFCDIRECTION((0.,0.,1.));
#8172=IFCDIRECTION((1.,0.,0.));
#8173=IFCAXIS2PLACEMENT3D(#8170,#8171,#8172);
#8174=IFCEXTRUDEDAREASOLID(#8169,#8173,#8168,3200.4000000000001);
#8175=IFCSHAPEREPRESENTATION(#11,'Body','SweptSolid',(#8174));
#8176=IFCPRODUCTDEFINITIONSHAPE($,$,(#8175));
#8182=IFCCARTESIANPOINT((29870.399999999998,48463.199999999997,13868.400000000001));
#8183=IFCDIRECTION((0.,0.,1.));
#8184=IFCDIRECTION((1.,0.,0.));
#8185=IFCAXIS2PLACEMENT3D(#8182,#8183,#8184);
#8186=IFCLOCALPLACEMENT($,#8185);
#8187=IFCWALL('3YiGB01nz2ResHI2r_tt$h',$,'L4|TWOBR_A',$,$,#8208,#8198,$,$);
#8188=IFCCARTESIANPOINTLIST2D(((0.,0.),(0.,150.),(10363.200000000001,150.),(10363.200000000001,0.),(0.,0.)));
#8189=IFCINDEXEDPOLYCURVE(#8188,$,.F.);
#8190=IFCDIRECTION((0.,0.,1.));
#8191=IFCARBITRARYCLOSEDPROFILEDEF(.AREA.,$,#8189);
#8192=IFCCARTESIANPOINT((0.,0.,0.));
#8193=IFCDIRECTION((0.,0.,1.));
#8194=IFCDIRECTION((1.,0.,0.));
#8195=IFCAXIS2PLACEMENT3D(#8192,#8193,#8194);
#8196=IFCEXTRUDEDAREASOLID(#8191,#8195,#8190,3200.4000000000001);
#8197=IFCSHAPEREPRESENTATION(#11,'Body','SweptSolid',(#8196));
#8198=IFCPRODUCTDEFINITIONSHAPE($,$,(#8197));
#8204=IFCCARTESIANPOINT((29870.399999999998,38100.,13868.400000000001));
#8205=IFCDIRECTION((0.,0.,1.));
#8206=IFCDIRECTION((6.123233995736766E-17,1.,0.));
#8207=IFCAXIS2PLACEMENT3D(#8204,#8205,#8206);
#8208=IFCLOCALPLACEMENT($,#8207);
#8209=IFCWALL('01QQ$LoInAmRbVx9Lz04nh',$,'L4|TWOBR_A',$,$,#8230,#8220,$,$);
#8210=IFCCARTESIANPOINTLIST2D(((0.,0.),(0.,150.),(10363.200000000001,150.),(10363.200000000001,0.),(0.,0.)));
#8211=IFCINDEXEDPOLYCURVE(#8210,$,.F.);
#8212=IFCDIRECTION((0.,0.,1.));
#8213=IFCARBITRARYCLOSEDPROFILEDEF(.AREA.,$,#8211);
#8214=IFCCARTESIANPOINT((0.,0.,0.));
#8215=IFCDIRECTION((0.,0.,1.));
#8216=IFCDIRECTION((1.,0.,0.));
#8217=IFCAXIS2PLACEMENT3D(#8214,#8215,#8216);
#8218=IFCEXTRUDEDAREASOLID(#8213,#8217,#8212,3200.4000000000001);
#8219=IFCSHAPEREPRESENTATION(#11,'Body','SweptSolid',(#8218));
#8220=IFCPRODUCTDEFINITIONSHAPE($,$,(#8219));
#8226=IFCCARTESIANPOINT((40843.200000000004,38100.,13868.400000000001));
#8227=IFCDIRECTION((0.,0.,1.));
#8228=IFCDIRECTION((6.123233995736766E-17,1.,0.));
#8229=IFCAXIS2PLACEMENT3D(#8226,#8227,#8228);
#8230=IFCLOCALPLACEMENT($,#8229);
#8231=IFCWALL('197KGBZtnCqQunPi7DSKev',$,'L4|ONEBR_A',$,$,#8252,#8242,$,$);
#8232=IFCCARTESIANPOINTLIST2D(((0.,0.),(0.,150.),(10363.200000000001,150.),(10363.200000000001,0.),(0.,0.)));
#8233=IFCINDEXEDPOLYCURVE(#8232,$,.F.);
#8234=IFCDIRECTION((0.,0.,1.));
#8235=IFCARBITRARYCLOSEDPROFILEDEF(.AREA.,$,#8233);
#8236=IFCCARTESIANPOINT((0.,0.,0.));
#8237=IFCDIRECTION((0.,0.,1.));
#8238=IFCDIRECTION((1.,0.,0.));
#8239=IFCAXIS2PLACEMENT3D(#8236,#8237,#8238);
#8240=IFCEXTRUDEDAREASOLID(#8235,#8239,#8234,3200.4000000000001);
#8241=IFCSHAPEREPRESENTATION(#11,'Body','SweptSolid',(#8240));
#8242=IFCPRODUCTDEFINITIONSHAPE($,$,(#8241));
#8248=IFCCARTESIANPOINT((42672.,39319.200000000004,13868.400000000001));
#8249=IFCDIRECTION((0.,0.,1.));
#8250=IFCDIRECTION((1.,0.,0.));
#8251=IFCAXIS2PLACEMENT3D(#8248,#8249,#8250);
#8252=IFCLOCALPLACEMENT($,#8251);
#8253=IFCWALL('2zCLsfycT2DwOd5$vDnoVc',$,'L4|ONEBR_A',$,$,#8274,#8264,$,$);
#8254=IFCCARTESIANPOINTLIST2D(((0.,0.),(0.,150.),(10363.200000000001,150.),(10363.200000000001,0.),(0.,0.)));
#8255=IFCINDEXEDPOLYCURVE(#8254,$,.F.);
#8256=IFCDIRECTION((0.,0.,1.));
#8257=IFCARBITRARYCLOSEDPROFILEDEF(.AREA.,$,#8255);
#8258=IFCCARTESIANPOINT((0.,0.,0.));
#8259=IFCDIRECTION((0.,0.,1.));
#8260=IFCDIRECTION((1.,0.,0.));
#8261=IFCAXIS2PLACEMENT3D(#8258,#8259,#8260);
#8262=IFCEXTRUDEDAREASOLID(#8257,#8261,#8256,3200.4000000000001);
#8263=IFCSHAPEREPRESENTATION(#11,'Body','SweptSolid',(#8262));
#8264=IFCPRODUCTDEFINITIONSHAPE($,$,(#8263));
#8270=IFCCARTESIANPOINT((42672.,48463.199999999997,13868.400000000001));
#8271=IFCDIRECTION((0.,0.,1.));
#8272=IFCDIRECTION((1.,0.,0.));
#8273=IFCAXIS2PLACEMENT3D(#8270,#8271,#8272);
#8274=IFCLOCALPLACEMENT($,#8273);
#8275=IFCWALL('3kSmY_o7z5QwvFpsAlgx4m',$,'L4|ONEBR_A',$,$,#8296,#8286,$,$);
#8276=IFCCARTESIANPOINTLIST2D(((0.,0.),(0.,150.),(9144.,150.),(9144.,0.),(0.,0.)));
#8277=IFCINDEXEDPOLYCURVE(#8276,$,.F.);
#8278=IFCDIRECTION((0.,0.,1.));
#8279=IFCARBITRARYCLOSEDPROFILEDEF(.AREA.,$,#8277);
#8280=IFCCARTESIANPOINT((0.,0.,0.));
#8281=IFCDIRECTION((0.,0.,1.));
#8282=IFCDIRECTION((1.,0.,0.));
#8283=IFCAXIS2PLACEMENT3D(#8280,#8281,#8282);
#8284=IFCEXTRUDEDAREASOLID(#8279,#8283,#8278,3200.4000000000001);
#8285=IFCSHAPEREPRESENTATION(#11,'Body','SweptSolid',(#8284));
#8286=IFCPRODUCTDEFINITIONSHAPE($,$,(#8285));
#8292=IFCCARTESIANPOINT((42672.,39319.200000000004,13868.400000000001));
#8293=IFCDIRECTION((0.,0.,1.));
#8294=IFCDIRECTION((6.123233995736766E-17,1.,0.));
#8295=IFCAXIS2PLACEMENT3D(#8292,#8293,#8294);
#8296=IFCLOCALPLACEMENT($,#8295);
#8297=IFCWALL('042gVX2KnDNBh9X2HUJl20',$,'L4|ONEBR_A',$,$,#8318,#8308,$,$);
#8298=IFCCARTESIANPOINTLIST2D(((0.,0.),(0.,150.),(9144.,150.),(9144.,0.),(0.,0.)));
#8299=IFCINDEXEDPOLYCURVE(#8298,$,.F.);
#8300=IFCDIRECTION((0.,0.,1.));
#8301=IFCARBITRARYCLOSEDPROFILEDEF(.AREA.,$,#8299);
#8302=IFCCARTESIANPOINT((0.,0.,0.));
#8303=IFCDIRECTION((0.,0.,1.));
#8304=IFCDIRECTION((1.,0.,0.));
#8305=IFCAXIS2PLACEMENT3D(#8302,#8303,#8304);
#8306=IFCEXTRUDEDAREASOLID(#8301,#8305,#8300,3200.4000000000001);
#8307=IFCSHAPEREPRESENTATION(#11,'Body','SweptSolid',(#8306));
#8308=IFCPRODUCTDEFINITIONSHAPE($,$,(#8307));
#8314=IFCCARTESIANPOINT((53035.200000000004,39319.200000000004,13868.400000000001));
#8315=IFCDIRECTION((0.,0.,1.));
#8316=IFCDIRECTION((6.123233995736766E-17,1.,0.));
#8317=IFCAXIS2PLACEMENT3D(#8314,#8315,#8316);
#8318=IFCLOCALPLACEMENT($,#8317);
#8319=IFCWALL('3o8WKHaY55oub2JjUKdPeG',$,'L4|TWOBR_A',$,$,#8340,#8330,$,$);
#8320=IFCCARTESIANPOINTLIST2D(((0.,0.),(0.,150.),(10972.800000000001,150.),(10972.800000000001,0.),(0.,0.)));
#8321=IFCINDEXEDPOLYCURVE(#8320,$,.F.);
#8322=IFCDIRECTION((0.,0.,1.));
#8323=IFCARBITRARYCLOSEDPROFILEDEF(.AREA.,$,#8321);
#8324=IFCCARTESIANPOINT((0.,0.,0.));
#8325=IFCDIRECTION((0.,0.,1.));
#8326=IFCDIRECTION((1.,0.,0.));
#8327=IFCAXIS2PLACEMENT3D(#8324,#8325,#8326);
#8328=IFCEXTRUDEDAREASOLID(#8323,#8327,#8322,3200.4000000000001);
#8329=IFCSHAPEREPRESENTATION(#11,'Body','SweptSolid',(#8328));
#8330=IFCPRODUCTDEFINITIONSHAPE($,$,(#8329));
#8336=IFCCARTESIANPOINT((3048.,40538.400000000001,13868.400000000001));
#8337=IFCDIRECTION((0.,0.,1.));
#8338=IFCDIRECTION((1.,0.,0.));
#8339=IFCAXIS2PLACEMENT3D(#8336,#8337,#8338);
#8340=IFCLOCALPLACEMENT($,#8339);
#8341=IFCWALL('3nOlN6Q_1CMA6wPdvzM7xf',$,'L4|TWOBR_A',$,$,#8362,#8352,$,$);
#8342=IFCCARTESIANPOINTLIST2D(((0.,0.),(0.,150.),(10972.800000000001,150.),(10972.800000000001,0.),(0.,0.)));
#8343=IFCINDEXEDPOLYCURVE(#8342,$,.F.);
#8344=IFCDIRECTION((0.,0.,1.));
#8345=IFCARBITRARYCLOSEDPROFILEDEF(.AREA.,$,#8343);
#8346=IFCCARTESIANPOINT((0.,0.,0.));
#8347=IFCDIRECTION((0.,0.,1.));
#8348=IFCDIRECTION((1.,0.,0.));
#8349=IFCAXIS2PLACEMENT3D(#8346,#8347,#8348);
#8350=IFCEXTRUDEDAREASOLID(#8345,#8349,#8344,3200.4000000000001);
#8351=IFCSHAPEREPRESENTATION(#11,'Body','SweptSolid',(#8350));
#8352=IFCPRODUCTDEFINITIONSHAPE($,$,(#8351));
#8358=IFCCARTESIANPOINT((3048.,50901.599999999999,13868.400000000001));
#8359=IFCDIRECTION((0.,0.,1.));
#8360=IFCDIRECTION((1.,0.,0.));
#8361=IFCAXIS2PLACEMENT3D(#8358,#8359,#8360);
#8362=IFCLOCALPLACEMENT($,#8361);
#8363=IFCWALL('2LyROIwoTBofUFTrqTpsx2',$,'L4|TWOBR_A',$,$,#8384,#8374,$,$);
#8364=IFCCARTESIANPOINTLIST2D(((0.,0.),(0.,150.),(10363.200000000001,150.),(10363.200000000001,0.),(0.,0.)));
#8365=IFCINDEXEDPOLYCURVE(#8364,$,.F.);
#8366=IFCDIRECTION((0.,0.,1.));
#8367=IFCARBITRARYCLOSEDPROFILEDEF(.AREA.,$,#8365);
#8368=IFCCARTESIANPOINT((0.,0.,0.));
#8369=IFCDIRECTION((0.,0.,1.));
#8370=IFCDIRECTION((1.,0.,0.));
#8371=IFCAXIS2PLACEMENT3D(#8368,#8369,#8370);
#8372=IFCEXTRUDEDAREASOLID(#8367,#8371,#8366,3200.4000000000001);
#8373=IFCSHAPEREPRESENTATION(#11,'Body','SweptSolid',(#8372));
#8374=IFCPRODUCTDEFINITIONSHAPE($,$,(#8373));
#8380=IFCCARTESIANPOINT((3048.,40538.400000000001,13868.400000000001));
#8381=IFCDIRECTION((0.,0.,1.));
#8382=IFCDIRECTION((6.123233995736766E-17,1.,0.));
#8383=IFCAXIS2PLACEMENT3D(#8380,#8381,#8382);
#8384=IFCLOCALPLACEMENT($,#8383);
#8385=IFCWALL('0m6ae6oWP9hBlypeVW9v8m',$,'L4|TWOBR_A',$,$,#8406,#8396,$,$);
#8386=IFCCARTESIANPOINTLIST2D(((0.,0.),(0.,150.),(10363.200000000001,150.),(10363.200000000001,0.),(0.,0.)));
#8387=IFCINDEXEDPOLYCURVE(#8386,$,.F.);
#8388=IFCDIRECTION((0.,0.,1.));
#8389=IFCARBITRARYCLOSEDPROFILEDEF(.AREA.,$,#8387);
#8390=IFCCARTESIANPOINT((0.,0.,0.));
#8391=IFCDIRECTION((0.,0.,1.));
#8392=IFCDIRECTION((1.,0.,0.));
#8393=IFCAXIS2PLACEMENT3D(#8390,#8391,#8392);
#8394=IFCEXTRUDEDAREASOLID(#8389,#8393,#8388,3200.4000000000001);
#8395=IFCSHAPEREPRESENTATION(#11,'Body','SweptSolid',(#8394));
#8396=IFCPRODUCTDEFINITIONSHAPE($,$,(#8395));
#8402=IFCCARTESIANPOINT((14020.800000000001,40538.400000000001,13868.400000000001));
#8403=IFCDIRECTION((0.,0.,1.));
#8404=IFCDIRECTION((6.123233995736766E-17,1.,0.));
#8405=IFCAXIS2PLACEMENT3D(#8402,#8403,#8404);
#8406=IFCLOCALPLACEMENT($,#8405);
#8407=IFCWALL('2YqkNvXcT2X8nhdAM64RN0',$,'L4|STUDIO_A',$,$,#8428,#8418,$,$);
#8408=IFCCARTESIANPOINTLIST2D(((0.,0.),(0.,150.),(9753.6000000000004,150.),(9753.6000000000004,0.),(0.,0.)));
#8409=IFCINDEXEDPOLYCURVE(#8408,$,.F.);
#8410=IFCDIRECTION((0.,0.,1.));
#8411=IFCARBITRARYCLOSEDPROFILEDEF(.AREA.,$,#8409);
#8412=IFCCARTESIANPOINT((0.,0.,0.));
#8413=IFCDIRECTION((0.,0.,1.));
#8414=IFCDIRECTION((1.,0.,0.));
#8415=IFCAXIS2PLACEMENT3D(#8412,#8413,#8414);
#8416=IFCEXTRUDEDAREASOLID(#8411,#8415,#8410,3200.4000000000001);
#8417=IFCSHAPEREPRESENTATION(#11,'Body','SweptSolid',(#8416));
#8418=IFCPRODUCTDEFINITIONSHAPE($,$,(#8417));
#8424=IFCCARTESIANPOINT((15849.6,41757.600000000006,13868.400000000001));
#8425=IFCDIRECTION((0.,0.,1.));
#8426=IFCDIRECTION((1.,0.,0.));
#8427=IFCAXIS2PLACEMENT3D(#8424,#8425,#8426);
#8428=IFCLOCALPLACEMENT($,#8427);
#8429=IFCWALL('1bHAd3oUfCvfJtkLdZieiP',$,'L4|STUDIO_A',$,$,#8450,#8440,$,$);
#8430=IFCCARTESIANPOINTLIST2D(((0.,0.),(0.,150.),(9753.6000000000004,150.),(9753.6000000000004,0.),(0.,0.)));
#8431=IFCINDEXEDPOLYCURVE(#8430,$,.F.);
#8432=IFCDIRECTION((0.,0.,1.));
#8433=IFCARBITRARYCLOSEDPROFILEDEF(.AREA.,$,#8431);
#8434=IFCCARTESIANPOINT((0.,0.,0.));
#8435=IFCDIRECTION((0.,0.,1.));
#8436=IFCDIRECTION((1.,0.,0.));
#8437=IFCAXIS2PLACEMENT3D(#8434,#8435,#8436);
#8438=IFCEXTRUDEDAREASOLID(#8433,#8437,#8432,3200.4000000000001);
#8439=IFCSHAPEREPRESENTATION(#11,'Body','SweptSolid',(#8438));
#8440=IFCPRODUCTDEFINITIONSHAPE($,$,(#8439));
#8446=IFCCARTESIANPOINT((15849.6,49682.400000000001,13868.400000000001));
#8447=IFCDIRECTION((0.,0.,1.));
#8448=IFCDIRECTION((1.,0.,0.));
#8449=IFCAXIS2PLACEMENT3D(#8446,#8447,#8448);
#8450=IFCLOCALPLACEMENT($,#8449);
#8451=IFCWALL('1ED3ralaL50e84rSDrlask',$,'L4|STUDIO_A',$,$,#8472,#8462,$,$);
#8452=IFCCARTESIANPOINTLIST2D(((0.,0.),(0.,150.),(7924.8000000000002,150.),(7924.8000000000002,0.),(0.,0.)));
#8453=IFCINDEXEDPOLYCURVE(#8452,$,.F.);
#8454=IFCDIRECTION((0.,0.,1.));
#8455=IFCARBITRARYCLOSEDPROFILEDEF(.AREA.,$,#8453);
#8456=IFCCARTESIANPOINT((0.,0.,0.));
#8457=IFCDIRECTION((0.,0.,1.));
#8458=IFCDIRECTION((1.,0.,0.));
#8459=IFCAXIS2PLACEMENT3D(#8456,#8457,#8458);
#8460=IFCEXTRUDEDAREASOLID(#8455,#8459,#8454,3200.4000000000001);
#8461=IFCSHAPEREPRESENTATION(#11,'Body','SweptSolid',(#8460));
#8462=IFCPRODUCTDEFINITIONSHAPE($,$,(#8461));
#8468=IFCCARTESIANPOINT((15849.6,41757.600000000006,13868.400000000001));
#8469=IFCDIRECTION((0.,0.,1.));
#8470=IFCDIRECTION((6.123233995736766E-17,1.,0.));
#8471=IFCAXIS2PLACEMENT3D(#8468,#8469,#8470);
#8472=IFCLOCALPLACEMENT($,#8471);
#8473=IFCWALL('3u6qaxnczC_x3m1yt38IEa',$,'L4|STUDIO_A',$,$,#8494,#8484,$,$);
#8474=IFCCARTESIANPOINTLIST2D(((0.,0.),(0.,150.),(7924.8000000000002,150.),(7924.8000000000002,0.),(0.,0.)));
#8475=IFCINDEXEDPOLYCURVE(#8474,$,.F.);
#8476=IFCDIRECTION((0.,0.,1.));
#8477=IFCARBITRARYCLOSEDPROFILEDEF(.AREA.,$,#8475);
#8478=IFCCARTESIANPOINT((0.,0.,0.));
#8479=IFCDIRECTION((0.,0.,1.));
#8480=IFCDIRECTION((1.,0.,0.));
#8481=IFCAXIS2PLACEMENT3D(#8478,#8479,#8480);
#8482=IFCEXTRUDEDAREASOLID(#8477,#8481,#8476,3200.4000000000001);
#8483=IFCSHAPEREPRESENTATION(#11,'Body','SweptSolid',(#8482));
#8484=IFCPRODUCTDEFINITIONSHAPE($,$,(#8483));
#8490=IFCCARTESIANPOINT((25603.200000000001,41757.600000000006,13868.400000000001));
#8491=IFCDIRECTION((0.,0.,1.));
#8492=IFCDIRECTION((6.123233995736766E-17,1.,0.));
#8493=IFCAXIS2PLACEMENT3D(#8490,#8491,#8492);
#8494=IFCLOCALPLACEMENT($,#8493);
#8495=IFCWALL('049152p_b1$vQfFmuBGiqa',$,'L4|ONEBR_A',$,$,#8516,#8506,$,$);
#8496=IFCCARTESIANPOINTLIST2D(((0.,0.),(0.,150.),(10363.200000000001,150.),(10363.200000000001,0.),(0.,0.)));
#8497=IFCINDEXEDPOLYCURVE(#8496,$,.F.);
#8498=IFCDIRECTION((0.,0.,1.));
#8499=IFCARBITRARYCLOSEDPROFILEDEF(.AREA.,$,#8497);
#8500=IFCCARTESIANPOINT((0.,0.,0.));
#8501=IFCDIRECTION((0.,0.,1.));
#8502=IFCDIRECTION((1.,0.,0.));
#8503=IFCAXIS2PLACEMENT3D(#8500,#8501,#8502);
#8504=IFCEXTRUDEDAREASOLID(#8499,#8503,#8498,3200.4000000000001);
#8505=IFCSHAPEREPRESENTATION(#11,'Body','SweptSolid',(#8504));
#8506=IFCPRODUCTDEFINITIONSHAPE($,$,(#8505));
#8512=IFCCARTESIANPOINT((30480.,48463.199999999997,13868.400000000001));
#8513=IFCDIRECTION((0.,0.,1.));
#8514=IFCDIRECTION((1.,0.,0.));
#8515=IFCAXIS2PLACEMENT3D(#8512,#8513,#8514);
#8516=IFCLOCALPLACEMENT($,#8515);
#8517=IFCWALL('3uS6bWGmH9586h5gmKESvW',$,'L4|ONEBR_A',$,$,#8538,#8528,$,$);
#8518=IFCCARTESIANPOINTLIST2D(((0.,0.),(0.,150.),(10363.200000000001,150.),(10363.200000000001,0.),(0.,0.)));
#8519=IFCINDEXEDPOLYCURVE(#8518,$,.F.);
#8520=IFCDIRECTION((0.,0.,1.));
#8521=IFCARBITRARYCLOSEDPROFILEDEF(.AREA.,$,#8519);
#8522=IFCCARTESIANPOINT((0.,0.,0.));
#8523=IFCDIRECTION((0.,0.,1.));
#8524=IFCDIRECTION((1.,0.,0.));
#8525=IFCAXIS2PLACEMENT3D(#8522,#8523,#8524);
#8526=IFCEXTRUDEDAREASOLID(#8521,#8525,#8520,3200.4000000000001);
#8527=IFCSHAPEREPRESENTATION(#11,'Body','SweptSolid',(#8526));
#8528=IFCPRODUCTDEFINITIONSHAPE($,$,(#8527));
#8534=IFCCARTESIANPOINT((30480.,57607.200000000004,13868.400000000001));
#8535=IFCDIRECTION((0.,0.,1.));
#8536=IFCDIRECTION((1.,0.,0.));
#8537=IFCAXIS2PLACEMENT3D(#8534,#8535,#8536);
#8538=IFCLOCALPLACEMENT($,#8537);
#8539=IFCWALL('0SJp02wbL1L8uH1iL1f1rE',$,'L4|ONEBR_A',$,$,#8560,#8550,$,$);
#8540=IFCCARTESIANPOINTLIST2D(((0.,0.),(0.,150.),(9144.,150.),(9144.,0.),(0.,0.)));
#8541=IFCINDEXEDPOLYCURVE(#8540,$,.F.);
#8542=IFCDIRECTION((0.,0.,1.));
#8543=IFCARBITRARYCLOSEDPROFILEDEF(.AREA.,$,#8541);
#8544=IFCCARTESIANPOINT((0.,0.,0.));
#8545=IFCDIRECTION((0.,0.,1.));
#8546=IFCDIRECTION((1.,0.,0.));
#8547=IFCAXIS2PLACEMENT3D(#8544,#8545,#8546);
#8548=IFCEXTRUDEDAREASOLID(#8543,#8547,#8542,3200.4000000000001);
#8549=IFCSHAPEREPRESENTATION(#11,'Body','SweptSolid',(#8548));
#8550=IFCPRODUCTDEFINITIONSHAPE($,$,(#8549));
#8556=IFCCARTESIANPOINT((30480.,48463.199999999997,13868.400000000001));
#8557=IFCDIRECTION((0.,0.,1.));
#8558=IFCDIRECTION((6.123233995736766E-17,1.,0.));
#8559=IFCAXIS2PLACEMENT3D(#8556,#8557,#8558);
#8560=IFCLOCALPLACEMENT($,#8559);
#8561=IFCWALL('1WuHXL7gX7Mwg0xGnnH5K1',$,'L4|ONEBR_A',$,$,#8582,#8572,$,$);
#8562=IFCCARTESIANPOINTLIST2D(((0.,0.),(0.,150.),(9144.,150.),(9144.,0.),(0.,0.)));
#8563=IFCINDEXEDPOLYCURVE(#8562,$,.F.);
#8564=IFCDIRECTION((0.,0.,1.));
#8565=IFCARBITRARYCLOSEDPROFILEDEF(.AREA.,$,#8563);
#8566=IFCCARTESIANPOINT((0.,0.,0.));
#8567=IFCDIRECTION((0.,0.,1.));
#8568=IFCDIRECTION((1.,0.,0.));
#8569=IFCAXIS2PLACEMENT3D(#8566,#8567,#8568);
#8570=IFCEXTRUDEDAREASOLID(#8565,#8569,#8564,3200.4000000000001);
#8571=IFCSHAPEREPRESENTATION(#11,'Body','SweptSolid',(#8570));
#8572=IFCPRODUCTDEFINITIONSHAPE($,$,(#8571));
#8578=IFCCARTESIANPOINT((40843.200000000004,48463.199999999997,13868.400000000001));
#8579=IFCDIRECTION((0.,0.,1.));
#8580=IFCDIRECTION((6.123233995736766E-17,1.,0.));
#8581=IFCAXIS2PLACEMENT3D(#8578,#8579,#8580);
#8582=IFCLOCALPLACEMENT($,#8581);
#8583=IFCWALL('2rz3wpL6nF7uBqkzAzoqQo',$,'L4|ONEBR_A',$,$,#8604,#8594,$,$);
#8584=IFCCARTESIANPOINTLIST2D(((0.,0.),(0.,150.),(10363.200000000001,150.),(10363.200000000001,0.),(0.,0.)));
#8585=IFCINDEXEDPOLYCURVE(#8584,$,.F.);
#8586=IFCDIRECTION((0.,0.,1.));
#8587=IFCARBITRARYCLOSEDPROFILEDEF(.AREA.,$,#8585);
#8588=IFCCARTESIANPOINT((0.,0.,0.));
#8589=IFCDIRECTION((0.,0.,1.));
#8590=IFCDIRECTION((1.,0.,0.));
#8591=IFCAXIS2PLACEMENT3D(#8588,#8589,#8590);
#8592=IFCEXTRUDEDAREASOLID(#8587,#8591,#8586,3200.4000000000001);
#8593=IFCSHAPEREPRESENTATION(#11,'Body','SweptSolid',(#8592));
#8594=IFCPRODUCTDEFINITIONSHAPE($,$,(#8593));
#8600=IFCCARTESIANPOINT((42672.,48463.199999999997,13868.400000000001));
#8601=IFCDIRECTION((0.,0.,1.));
#8602=IFCDIRECTION((1.,0.,0.));
#8603=IFCAXIS2PLACEMENT3D(#8600,#8601,#8602);
#8604=IFCLOCALPLACEMENT($,#8603);
#8605=IFCWALL('1vhDsjyKj2$8z7ghzSzm_a',$,'L4|ONEBR_A',$,$,#8626,#8616,$,$);
#8606=IFCCARTESIANPOINTLIST2D(((0.,0.),(0.,150.),(10363.200000000001,150.),(10363.200000000001,0.),(0.,0.)));
#8607=IFCINDEXEDPOLYCURVE(#8606,$,.F.);
#8608=IFCDIRECTION((0.,0.,1.));
#8609=IFCARBITRARYCLOSEDPROFILEDEF(.AREA.,$,#8607);
#8610=IFCCARTESIANPOINT((0.,0.,0.));
#8611=IFCDIRECTION((0.,0.,1.));
#8612=IFCDIRECTION((1.,0.,0.));
#8613=IFCAXIS2PLACEMENT3D(#8610,#8611,#8612);
#8614=IFCEXTRUDEDAREASOLID(#8609,#8613,#8608,3200.4000000000001);
#8615=IFCSHAPEREPRESENTATION(#11,'Body','SweptSolid',(#8614));
#8616=IFCPRODUCTDEFINITIONSHAPE($,$,(#8615));
#8622=IFCCARTESIANPOINT((42672.,57607.200000000004,13868.400000000001));
#8623=IFCDIRECTION((0.,0.,1.));
#8624=IFCDIRECTION((1.,0.,0.));
#8625=IFCAXIS2PLACEMENT3D(#8622,#8623,#8624);
#8626=IFCLOCALPLACEMENT($,#8625);
#8627=IFCWALL('2b4f89Spz3cvV6RvEoIqCV',$,'L4|ONEBR_A',$,$,#8648,#8638,$,$);
#8628=IFCCARTESIANPOINTLIST2D(((0.,0.),(0.,150.),(9144.,150.),(9144.,0.),(0.,0.)));
#8629=IFCINDEXEDPOLYCURVE(#8628,$,.F.);
#8630=IFCDIRECTION((0.,0.,1.));
#8631=IFCARBITRARYCLOSEDPROFILEDEF(.AREA.,$,#8629);
#8632=IFCCARTESIANPOINT((0.,0.,0.));
#8633=IFCDIRECTION((0.,0.,1.));
#8634=IFCDIRECTION((1.,0.,0.));
#8635=IFCAXIS2PLACEMENT3D(#8632,#8633,#8634);
#8636=IFCEXTRUDEDAREASOLID(#8631,#8635,#8630,3200.4000000000001);
#8637=IFCSHAPEREPRESENTATION(#11,'Body','SweptSolid',(#8636));
#8638=IFCPRODUCTDEFINITIONSHAPE($,$,(#8637));
#8644=IFCCARTESIANPOINT((42672.,48463.199999999997,13868.400000000001));
#8645=IFCDIRECTION((0.,0.,1.));
#8646=IFCDIRECTION((6.123233995736766E-17,1.,0.));
#8647=IFCAXIS2PLACEMENT3D(#8644,#8645,#8646);
#8648=IFCLOCALPLACEMENT($,#8647);
#8649=IFCWALL('1v2npQv_L4r8P1ttSoMMZQ',$,'L4|ONEBR_A',$,$,#8670,#8660,$,$);
#8650=IFCCARTESIANPOINTLIST2D(((0.,0.),(0.,150.),(9144.,150.),(9144.,0.),(0.,0.)));
#8651=IFCINDEXEDPOLYCURVE(#8650,$,.F.);
#8652=IFCDIRECTION((0.,0.,1.));
#8653=IFCARBITRARYCLOSEDPROFILEDEF(.AREA.,$,#8651);
#8654=IFCCARTESIANPOINT((0.,0.,0.));
#8655=IFCDIRECTION((0.,0.,1.));
#8656=IFCDIRECTION((1.,0.,0.));
#8657=IFCAXIS2PLACEMENT3D(#8654,#8655,#8656);
#8658=IFCEXTRUDEDAREASOLID(#8653,#8657,#8652,3200.4000000000001);
#8659=IFCSHAPEREPRESENTATION(#11,'Body','SweptSolid',(#8658));
#8660=IFCPRODUCTDEFINITIONSHAPE($,$,(#8659));
#8666=IFCCARTESIANPOINT((53035.200000000004,48463.199999999997,13868.400000000001));
#8667=IFCDIRECTION((0.,0.,1.));
#8668=IFCDIRECTION((6.123233995736766E-17,1.,0.));
#8669=IFCAXIS2PLACEMENT3D(#8666,#8667,#8668);
#8670=IFCLOCALPLACEMENT($,#8669);
#8671=IFCWALL('1FVNxm21XAOeUiCT1WfOjl',$,'L4|TWOBR_A',$,$,#8692,#8682,$,$);
#8672=IFCCARTESIANPOINTLIST2D(((0.,0.),(0.,150.),(10972.800000000001,150.),(10972.800000000001,0.),(0.,0.)));
#8673=IFCINDEXEDPOLYCURVE(#8672,$,.F.);
#8674=IFCDIRECTION((0.,0.,1.));
#8675=IFCARBITRARYCLOSEDPROFILEDEF(.AREA.,$,#8673);
#8676=IFCCARTESIANPOINT((0.,0.,0.));
#8677=IFCDIRECTION((0.,0.,1.));
#8678=IFCDIRECTION((1.,0.,0.));
#8679=IFCAXIS2PLACEMENT3D(#8676,#8677,#8678);
#8680=IFCEXTRUDEDAREASOLID(#8675,#8679,#8674,3200.4000000000001);
#8681=IFCSHAPEREPRESENTATION(#11,'Body','SweptSolid',(#8680));
#8682=IFCPRODUCTDEFINITIONSHAPE($,$,(#8681));
#8688=IFCCARTESIANPOINT((15849.6,49682.400000000001,13868.400000000001));
#8689=IFCDIRECTION((0.,0.,1.));
#8690=IFCDIRECTION((1.,0.,0.));
#8691=IFCAXIS2PLACEMENT3D(#8688,#8689,#8690);
#8692=IFCLOCALPLACEMENT($,#8691);
#8693=IFCWALL('3osfVHM75CKeTB9P7trrAo',$,'L4|TWOBR_A',$,$,#8714,#8704,$,$);
#8694=IFCCARTESIANPOINTLIST2D(((0.,0.),(0.,150.),(10972.800000000001,150.),(10972.800000000001,0.),(0.,0.)));
#8695=IFCINDEXEDPOLYCURVE(#8694,$,.F.);
#8696=IFCDIRECTION((0.,0.,1.));
#8697=IFCARBITRARYCLOSEDPROFILEDEF(.AREA.,$,#8695);
#8698=IFCCARTESIANPOINT((0.,0.,0.));
#8699=IFCDIRECTION((0.,0.,1.));
#8700=IFCDIRECTION((1.,0.,0.));
#8701=IFCAXIS2PLACEMENT3D(#8698,#8699,#8700);
#8702=IFCEXTRUDEDAREASOLID(#8697,#8701,#8696,3200.4000000000001);
#8703=IFCSHAPEREPRESENTATION(#11,'Body','SweptSolid',(#8702));
#8704=IFCPRODUCTDEFINITIONSHAPE($,$,(#8703));
#8710=IFCCARTESIANPOINT((15849.6,60045.599999999999,13868.400000000001));
#8711=IFCDIRECTION((0.,0.,1.));
#8712=IFCDIRECTION((1.,0.,0.));
#8713=IFCAXIS2PLACEMENT3D(#8710,#8711,#8712);
#8714=IFCLOCALPLACEMENT($,#8713);
#8715=IFCWALL('35DFN_qLXE0hYYdwt1NQl$',$,'L4|TWOBR_A',$,$,#8736,#8726,$,$);
#8716=IFCCARTESIANPOINTLIST2D(((0.,0.),(0.,150.),(10363.200000000001,150.),(10363.200000000001,0.),(0.,0.)));
#8717=IFCINDEXEDPOLYCURVE(#8716,$,.F.);
#8718=IFCDIRECTION((0.,0.,1.));
#8719=IFCARBITRARYCLOSEDPROFILEDEF(.AREA.,$,#8717);
#8720=IFCCARTESIANPOINT((0.,0.,0.));
#8721=IFCDIRECTION((0.,0.,1.));
#8722=IFCDIRECTION((1.,0.,0.));
#8723=IFCAXIS2PLACEMENT3D(#8720,#8721,#8722);
#8724=IFCEXTRUDEDAREASOLID(#8719,#8723,#8718,3200.4000000000001);
#8725=IFCSHAPEREPRESENTATION(#11,'Body','SweptSolid',(#8724));
#8726=IFCPRODUCTDEFINITIONSHAPE($,$,(#8725));
#8732=IFCCARTESIANPOINT((15849.6,49682.400000000001,13868.400000000001));
#8733=IFCDIRECTION((0.,0.,1.));
#8734=IFCDIRECTION((6.123233995736766E-17,1.,0.));
#8735=IFCAXIS2PLACEMENT3D(#8732,#8733,#8734);
#8736=IFCLOCALPLACEMENT($,#8735);
#8737=IFCWALL('2DfigvWuLDMAgc38Afdcnq',$,'L4|TWOBR_A',$,$,#8758,#8748,$,$);
#8738=IFCCARTESIANPOINTLIST2D(((0.,0.),(0.,150.),(10363.200000000001,150.),(10363.200000000001,0.),(0.,0.)));
#8739=IFCINDEXEDPOLYCURVE(#8738,$,.F.);
#8740=IFCDIRECTION((0.,0.,1.));
#8741=IFCARBITRARYCLOSEDPROFILEDEF(.AREA.,$,#8739);
#8742=IFCCARTESIANPOINT((0.,0.,0.));
#8743=IFCDIRECTION((0.,0.,1.));
#8744=IFCDIRECTION((1.,0.,0.));
#8745=IFCAXIS2PLACEMENT3D(#8742,#8743,#8744);
#8746=IFCEXTRUDEDAREASOLID(#8741,#8745,#8740,3200.4000000000001);
#8747=IFCSHAPEREPRESENTATION(#11,'Body','SweptSolid',(#8746));
#8748=IFCPRODUCTDEFINITIONSHAPE($,$,(#8747));
#8754=IFCCARTESIANPOINT((26822.400000000001,49682.400000000001,13868.400000000001));
#8755=IFCDIRECTION((0.,0.,1.));
#8756=IFCDIRECTION((6.123233995736766E-17,1.,0.));
#8757=IFCAXIS2PLACEMENT3D(#8754,#8755,#8756);
#8758=IFCLOCALPLACEMENT($,#8757);
#8759=IFCWALL('3neSgKmq974RCirNoQU5zg',$,'L4|STUDIO_A',$,$,#8780,#8770,$,$);
#8760=IFCCARTESIANPOINTLIST2D(((0.,0.),(0.,150.),(9753.6000000000004,150.),(9753.6000000000004,0.),(0.,0.)));
#8761=IFCINDEXEDPOLYCURVE(#8760,$,.F.);
#8762=IFCDIRECTION((0.,0.,1.));
#8763=IFCARBITRARYCLOSEDPROFILEDEF(.AREA.,$,#8761);
#8764=IFCCARTESIANPOINT((0.,0.,0.));
#8765=IFCDIRECTION((0.,0.,1.));
#8766=IFCDIRECTION((1.,0.,0.));
#8767=IFCAXIS2PLACEMENT3D(#8764,#8765,#8766);
#8768=IFCEXTRUDEDAREASOLID(#8763,#8767,#8762,3200.4000000000001);
#8769=IFCSHAPEREPRESENTATION(#11,'Body','SweptSolid',(#8768));
#8770=IFCPRODUCTDEFINITIONSHAPE($,$,(#8769));
#8776=IFCCARTESIANPOINT((4267.1999999999998,50901.599999999999,13868.400000000001));
#8777=IFCDIRECTION((0.,0.,1.));
#8778=IFCDIRECTION((1.,0.,0.));
#8779=IFCAXIS2PLACEMENT3D(#8776,#8777,#8778);
#8780=IFCLOCALPLACEMENT($,#8779);
#8781=IFCWALL('2s$EJkIZ5DzumNpTHGzWxo',$,'L4|STUDIO_A',$,$,#8802,#8792,$,$);
#8782=IFCCARTESIANPOINTLIST2D(((0.,0.),(0.,150.),(9753.6000000000004,150.),(9753.6000000000004,0.),(0.,0.)));
#8783=IFCINDEXEDPOLYCURVE(#8782,$,.F.);
#8784=IFCDIRECTION((0.,0.,1.));
#8785=IFCARBITRARYCLOSEDPROFILEDEF(.AREA.,$,#8783);
#8786=IFCCARTESIANPOINT((0.,0.,0.));
#8787=IFCDIRECTION((0.,0.,1.));
#8788=IFCDIRECTION((1.,0.,0.));
#8789=IFCAXIS2PLACEMENT3D(#8786,#8787,#8788);
#8790=IFCEXTRUDEDAREASOLID(#8785,#8789,#8784,3200.4000000000001);
#8791=IFCSHAPEREPRESENTATION(#11,'Body','SweptSolid',(#8790));
#8792=IFCPRODUCTDEFINITIONSHAPE($,$,(#8791));
#8798=IFCCARTESIANPOINT((4267.1999999999998,58826.400000000001,13868.400000000001));
#8799=IFCDIRECTION((0.,0.,1.));
#8800=IFCDIRECTION((1.,0.,0.));
#8801=IFCAXIS2PLACEMENT3D(#8798,#8799,#8800);
#8802=IFCLOCALPLACEMENT($,#8801);
#8803=IFCWALL('2GcNMad41CqQjkXjw8PFQr',$,'L4|STUDIO_A',$,$,#8824,#8814,$,$);
#8804=IFCCARTESIANPOINTLIST2D(((0.,0.),(0.,150.),(7924.8000000000002,150.),(7924.8000000000002,0.),(0.,0.)));
#8805=IFCINDEXEDPOLYCURVE(#8804,$,.F.);
#8806=IFCDIRECTION((0.,0.,1.));
#8807=IFCARBITRARYCLOSEDPROFILEDEF(.AREA.,$,#8805);
#8808=IFCCARTESIANPOINT((0.,0.,0.));
#8809=IFCDIRECTION((0.,0.,1.));
#8810=IFCDIRECTION((1.,0.,0.));
#8811=IFCAXIS2PLACEMENT3D(#8808,#8809,#8810);
#8812=IFCEXTRUDEDAREASOLID(#8807,#8811,#8806,3200.4000000000001);
#8813=IFCSHAPEREPRESENTATION(#11,'Body','SweptSolid',(#8812));
#8814=IFCPRODUCTDEFINITIONSHAPE($,$,(#8813));
#8820=IFCCARTESIANPOINT((4267.1999999999998,50901.599999999999,13868.400000000001));
#8821=IFCDIRECTION((0.,0.,1.));
#8822=IFCDIRECTION((6.123233995736766E-17,1.,0.));
#8823=IFCAXIS2PLACEMENT3D(#8820,#8821,#8822);
#8824=IFCLOCALPLACEMENT($,#8823);
#8825=IFCWALL('0ELcqbXErAAPrmwIrhe9JI',$,'L4|STUDIO_A',$,$,#8846,#8836,$,$);
#8826=IFCCARTESIANPOINTLIST2D(((0.,0.),(0.,150.),(7924.8000000000002,150.),(7924.8000000000002,0.),(0.,0.)));
#8827=IFCINDEXEDPOLYCURVE(#8826,$,.F.);
#8828=IFCDIRECTION((0.,0.,1.));
#8829=IFCARBITRARYCLOSEDPROFILEDEF(.AREA.,$,#8827);
#8830=IFCCARTESIANPOINT((0.,0.,0.));
#8831=IFCDIRECTION((0.,0.,1.));
#8832=IFCDIRECTION((1.,0.,0.));
#8833=IFCAXIS2PLACEMENT3D(#8830,#8831,#8832);
#8834=IFCEXTRUDEDAREASOLID(#8829,#8833,#8828,3200.4000000000001);
#8835=IFCSHAPEREPRESENTATION(#11,'Body','SweptSolid',(#8834));
#8836=IFCPRODUCTDEFINITIONSHAPE($,$,(#8835));
#8842=IFCCARTESIANPOINT((14020.800000000001,50901.599999999999,13868.400000000001));
#8843=IFCDIRECTION((0.,0.,1.));
#8844=IFCDIRECTION((6.123233995736766E-17,1.,0.));
#8845=IFCAXIS2PLACEMENT3D(#8842,#8843,#8844);
#8846=IFCLOCALPLACEMENT($,#8845);
#8847=IFCWALL('2YYMyhYgX4lxVpxbBloKVr',$,'L4|ONEBR_A',$,$,#8868,#8858,$,$);
#8848=IFCCARTESIANPOINTLIST2D(((0.,0.),(0.,150.),(10363.200000000001,150.),(10363.200000000001,0.),(0.,0.)));
#8849=IFCINDEXEDPOLYCURVE(#8848,$,.F.);
#8850=IFCDIRECTION((0.,0.,1.));
#8851=IFCARBITRARYCLOSEDPROFILEDEF(.AREA.,$,#8849);
#8852=IFCCARTESIANPOINT((0.,0.,0.));
#8853=IFCDIRECTION((0.,0.,1.));
#8854=IFCDIRECTION((1.,0.,0.));
#8855=IFCAXIS2PLACEMENT3D(#8852,#8853,#8854);
#8856=IFCEXTRUDEDAREASOLID(#8851,#8855,#8850,3200.4000000000001);
#8857=IFCSHAPEREPRESENTATION(#11,'Body','SweptSolid',(#8856));
#8858=IFCPRODUCTDEFINITIONSHAPE($,$,(#8857));
#8864=IFCCARTESIANPOINT((30480.,57607.200000000004,13868.400000000001));
#8865=IFCDIRECTION((0.,0.,1.));
#8866=IFCDIRECTION((1.,0.,0.));
#8867=IFCAXIS2PLACEMENT3D(#8864,#8865,#8866);
#8868=IFCLOCALPLACEMENT($,#8867);
#8869=IFCWALL('3wKggwUWL3YO7N$$dNBAhK',$,'L4|ONEBR_A',$,$,#8890,#8880,$,$);
#8870=IFCCARTESIANPOINTLIST2D(((0.,0.),(0.,150.),(10363.200000000001,150.),(10363.200000000001,0.),(0.,0.)));
#8871=IFCINDEXEDPOLYCURVE(#8870,$,.F.);
#8872=IFCDIRECTION((0.,0.,1.));
#8873=IFCARBITRARYCLOSEDPROFILEDEF(.AREA.,$,#8871);
#8874=IFCCARTESIANPOINT((0.,0.,0.));
#8875=IFCDIRECTION((0.,0.,1.));
#8876=IFCDIRECTION((1.,0.,0.));
#8877=IFCAXIS2PLACEMENT3D(#8874,#8875,#8876);
#8878=IFCEXTRUDEDAREASOLID(#8873,#8877,#8872,3200.4000000000001);
#8879=IFCSHAPEREPRESENTATION(#11,'Body','SweptSolid',(#8878));
#8880=IFCPRODUCTDEFINITIONSHAPE($,$,(#8879));
#8886=IFCCARTESIANPOINT((30480.,66751.199999999997,13868.400000000001));
#8887=IFCDIRECTION((0.,0.,1.));
#8888=IFCDIRECTION((1.,0.,0.));
#8889=IFCAXIS2PLACEMENT3D(#8886,#8887,#8888);
#8890=IFCLOCALPLACEMENT($,#8889);
#8891=IFCWALL('1owUezMwb2TxQhxWTaR5Dt',$,'L4|ONEBR_A',$,$,#8912,#8902,$,$);
#8892=IFCCARTESIANPOINTLIST2D(((0.,0.),(0.,150.),(9144.,150.),(9144.,0.),(0.,0.)));
#8893=IFCINDEXEDPOLYCURVE(#8892,$,.F.);
#8894=IFCDIRECTION((0.,0.,1.));
#8895=IFCARBITRARYCLOSEDPROFILEDEF(.AREA.,$,#8893);
#8896=IFCCARTESIANPOINT((0.,0.,0.));
#8897=IFCDIRECTION((0.,0.,1.));
#8898=IFCDIRECTION((1.,0.,0.));
#8899=IFCAXIS2PLACEMENT3D(#8896,#8897,#8898);
#8900=IFCEXTRUDEDAREASOLID(#8895,#8899,#8894,3200.4000000000001);
#8901=IFCSHAPEREPRESENTATION(#11,'Body','SweptSolid',(#8900));
#8902=IFCPRODUCTDEFINITIONSHAPE($,$,(#8901));
#8908=IFCCARTESIANPOINT((30480.,57607.200000000004,13868.400000000001));
#8909=IFCDIRECTION((0.,0.,1.));
#8910=IFCDIRECTION((6.123233995736766E-17,1.,0.));
#8911=IFCAXIS2PLACEMENT3D(#8908,#8909,#8910);
#8912=IFCLOCALPLACEMENT($,#8911);
#8913=IFCWALL('0G1ZavlCrCP91vvTCMepLj',$,'L4|ONEBR_A',$,$,#8934,#8924,$,$);
#8914=IFCCARTESIANPOINTLIST2D(((0.,0.),(0.,150.),(9144.,150.),(9144.,0.),(0.,0.)));
#8915=IFCINDEXEDPOLYCURVE(#8914,$,.F.);
#8916=IFCDIRECTION((0.,0.,1.));
#8917=IFCARBITRARYCLOSEDPROFILEDEF(.AREA.,$,#8915);
#8918=IFCCARTESIANPOINT((0.,0.,0.));
#8919=IFCDIRECTION((0.,0.,1.));
#8920=IFCDIRECTION((1.,0.,0.));
#8921=IFCAXIS2PLACEMENT3D(#8918,#8919,#8920);
#8922=IFCEXTRUDEDAREASOLID(#8917,#8921,#8916,3200.4000000000001);
#8923=IFCSHAPEREPRESENTATION(#11,'Body','SweptSolid',(#8922));
#8924=IFCPRODUCTDEFINITIONSHAPE($,$,(#8923));
#8930=IFCCARTESIANPOINT((40843.200000000004,57607.200000000004,13868.400000000001));
#8931=IFCDIRECTION((0.,0.,1.));
#8932=IFCDIRECTION((6.123233995736766E-17,1.,0.));
#8933=IFCAXIS2PLACEMENT3D(#8930,#8931,#8932);
#8934=IFCLOCALPLACEMENT($,#8933);
#8935=IFCWALL('2Uxb$z8Zf9Iw77CtvGaK_l',$,'L4|TWOBR_A',$,$,#8956,#8946,$,$);
#8936=IFCCARTESIANPOINTLIST2D(((0.,0.),(0.,150.),(10972.800000000001,150.),(10972.800000000001,0.),(0.,0.)));
#8937=IFCINDEXEDPOLYCURVE(#8936,$,.F.);
#8938=IFCDIRECTION((0.,0.,1.));
#8939=IFCARBITRARYCLOSEDPROFILEDEF(.AREA.,$,#8937);
#8940=IFCCARTESIANPOINT((0.,0.,0.));
#8941=IFCDIRECTION((0.,0.,1.));
#8942=IFCDIRECTION((1.,0.,0.));
#8943=IFCAXIS2PLACEMENT3D(#8940,#8941,#8942);
#8944=IFCEXTRUDEDAREASOLID(#8939,#8943,#8938,3200.4000000000001);
#8945=IFCSHAPEREPRESENTATION(#11,'Body','SweptSolid',(#8944));
#8946=IFCPRODUCTDEFINITIONSHAPE($,$,(#8945));
#8952=IFCCARTESIANPOINT((42672.,57607.200000000004,13868.400000000001));
#8953=IFCDIRECTION((0.,0.,1.));
#8954=IFCDIRECTION((1.,0.,0.));
#8955=IFCAXIS2PLACEMENT3D(#8952,#8953,#8954);
#8956=IFCLOCALPLACEMENT($,#8955);
#8957=IFCWALL('0AFxhnjxn4vxRHnkmfNPBE',$,'L4|TWOBR_A',$,$,#8978,#8968,$,$);
#8958=IFCCARTESIANPOINTLIST2D(((0.,0.),(0.,150.),(10972.800000000001,150.),(10972.800000000001,0.),(0.,0.)));
#8959=IFCINDEXEDPOLYCURVE(#8958,$,.F.);
#8960=IFCDIRECTION((0.,0.,1.));
#8961=IFCARBITRARYCLOSEDPROFILEDEF(.AREA.,$,#8959);
#8962=IFCCARTESIANPOINT((0.,0.,0.));
#8963=IFCDIRECTION((0.,0.,1.));
#8964=IFCDIRECTION((1.,0.,0.));
#8965=IFCAXIS2PLACEMENT3D(#8962,#8963,#8964);
#8966=IFCEXTRUDEDAREASOLID(#8961,#8965,#8960,3200.4000000000001);
#8967=IFCSHAPEREPRESENTATION(#11,'Body','SweptSolid',(#8966));
#8968=IFCPRODUCTDEFINITIONSHAPE($,$,(#8967));
#8974=IFCCARTESIANPOINT((42672.,67970.399999999994,13868.400000000001));
#8975=IFCDIRECTION((0.,0.,1.));
#8976=IFCDIRECTION((1.,0.,0.));
#8977=IFCAXIS2PLACEMENT3D(#8974,#8975,#8976);
#8978=IFCLOCALPLACEMENT($,#8977);
#8979=IFCWALL('0iVYkperT2Dunt8JBoOMs0',$,'L4|TWOBR_A',$,$,#9000,#8990,$,$);
#8980=IFCCARTESIANPOINTLIST2D(((0.,0.),(0.,150.),(10363.200000000001,150.),(10363.200000000001,0.),(0.,0.)));
#8981=IFCINDEXEDPOLYCURVE(#8980,$,.F.);
#8982=IFCDIRECTION((0.,0.,1.));
#8983=IFCARBITRARYCLOSEDPROFILEDEF(.AREA.,$,#8981);
#8984=IFCCARTESIANPOINT((0.,0.,0.));
#8985=IFCDIRECTION((0.,0.,1.));
#8986=IFCDIRECTION((1.,0.,0.));
#8987=IFCAXIS2PLACEMENT3D(#8984,#8985,#8986);
#8988=IFCEXTRUDEDAREASOLID(#8983,#8987,#8982,3200.4000000000001);
#8989=IFCSHAPEREPRESENTATION(#11,'Body','SweptSolid',(#8988));
#8990=IFCPRODUCTDEFINITIONSHAPE($,$,(#8989));
#8996=IFCCARTESIANPOINT((42672.,57607.200000000004,13868.400000000001));
#8997=IFCDIRECTION((0.,0.,1.));
#8998=IFCDIRECTION((6.123233995736766E-17,1.,0.));
#8999=IFCAXIS2PLACEMENT3D(#8996,#8997,#8998);
#9000=IFCLOCALPLACEMENT($,#8999);
#9001=IFCWALL('0tpSskLoXDzAyGFGVmIwAv',$,'L4|TWOBR_A',$,$,#9022,#9012,$,$);
#9002=IFCCARTESIANPOINTLIST2D(((0.,0.),(0.,150.),(10363.200000000001,150.),(10363.200000000001,0.),(0.,0.)));
#9003=IFCINDEXEDPOLYCURVE(#9002,$,.F.);
#9004=IFCDIRECTION((0.,0.,1.));
#9005=IFCARBITRARYCLOSEDPROFILEDEF(.AREA.,$,#9003);
#9006=IFCCARTESIANPOINT((0.,0.,0.));
#9007=IFCDIRECTION((0.,0.,1.));
#9008=IFCDIRECTION((1.,0.,0.));
#9009=IFCAXIS2PLACEMENT3D(#9006,#9007,#9008);
#9010=IFCEXTRUDEDAREASOLID(#9005,#9009,#9004,3200.4000000000001);
#9011=IFCSHAPEREPRESENTATION(#11,'Body','SweptSolid',(#9010));
#9012=IFCPRODUCTDEFINITIONSHAPE($,$,(#9011));
#9018=IFCCARTESIANPOINT((53644.800000000003,57607.200000000004,13868.400000000001));
#9019=IFCDIRECTION((0.,0.,1.));
#9020=IFCDIRECTION((6.123233995736766E-17,1.,0.));
#9021=IFCAXIS2PLACEMENT3D(#9018,#9019,#9020);
#9022=IFCLOCALPLACEMENT($,#9021);
#9023=IFCWALL('2CpSbOLKv2Re9VYSNc53aW',$,'L4|ONEBR_A',$,$,#9044,#9034,$,$);
#9024=IFCCARTESIANPOINTLIST2D(((0.,0.),(0.,150.),(10363.200000000001,150.),(10363.200000000001,0.),(0.,0.)));
#9025=IFCINDEXEDPOLYCURVE(#9024,$,.F.);
#9026=IFCDIRECTION((0.,0.,1.));
#9027=IFCARBITRARYCLOSEDPROFILEDEF(.AREA.,$,#9025);
#9028=IFCCARTESIANPOINT((0.,0.,0.));
#9029=IFCDIRECTION((0.,0.,1.));
#9030=IFCDIRECTION((1.,0.,0.));
#9031=IFCAXIS2PLACEMENT3D(#9028,#9029,#9030);
#9032=IFCEXTRUDEDAREASOLID(#9027,#9031,#9026,3200.4000000000001);
#9033=IFCSHAPEREPRESENTATION(#11,'Body','SweptSolid',(#9032));
#9034=IFCPRODUCTDEFINITIONSHAPE($,$,(#9033));
#9040=IFCCARTESIANPOINT((3657.6000000000004,58826.400000000001,13868.400000000001));
#9041=IFCDIRECTION((0.,0.,1.));
#9042=IFCDIRECTION((1.,0.,0.));
#9043=IFCAXIS2PLACEMENT3D(#9040,#9041,#9042);
#9044=IFCLOCALPLACEMENT($,#9043);
#9045=IFCWALL('0gwcLxIar99R5daZrGOhao',$,'L4|ONEBR_A',$,$,#9066,#9056,$,$);
#9046=IFCCARTESIANPOINTLIST2D(((0.,0.),(0.,150.),(10363.200000000001,150.),(10363.200000000001,0.),(0.,0.)));
#9047=IFCINDEXEDPOLYCURVE(#9046,$,.F.);
#9048=IFCDIRECTION((0.,0.,1.));
#9049=IFCARBITRARYCLOSEDPROFILEDEF(.AREA.,$,#9047);
#9050=IFCCARTESIANPOINT((0.,0.,0.));
#9051=IFCDIRECTION((0.,0.,1.));
#9052=IFCDIRECTION((1.,0.,0.));
#9053=IFCAXIS2PLACEMENT3D(#9050,#9051,#9052);
#9054=IFCEXTRUDEDAREASOLID(#9049,#9053,#9048,3200.4000000000001);
#9055=IFCSHAPEREPRESENTATION(#11,'Body','SweptSolid',(#9054));
#9056=IFCPRODUCTDEFINITIONSHAPE($,$,(#9055));
#9062=IFCCARTESIANPOINT((3657.6000000000004,67970.399999999994,13868.400000000001));
#9063=IFCDIRECTION((0.,0.,1.));
#9064=IFCDIRECTION((1.,0.,0.));
#9065=IFCAXIS2PLACEMENT3D(#9062,#9063,#9064);
#9066=IFCLOCALPLACEMENT($,#9065);
#9067=IFCWALL('2yitbTiKb1Nx6E8y2h2eGM',$,'L4|ONEBR_A',$,$,#9088,#9078,$,$);
#9068=IFCCARTESIANPOINTLIST2D(((0.,0.),(0.,150.),(9144.,150.),(9144.,0.),(0.,0.)));
#9069=IFCINDEXEDPOLYCURVE(#9068,$,.F.);
#9070=IFCDIRECTION((0.,0.,1.));
#9071=IFCARBITRARYCLOSEDPROFILEDEF(.AREA.,$,#9069);
#9072=IFCCARTESIANPOINT((0.,0.,0.));
#9073=IFCDIRECTION((0.,0.,1.));
#9074=IFCDIRECTION((1.,0.,0.));
#9075=IFCAXIS2PLACEMENT3D(#9072,#9073,#9074);
#9076=IFCEXTRUDEDAREASOLID(#9071,#9075,#9070,3200.4000000000001);
#9077=IFCSHAPEREPRESENTATION(#11,'Body','SweptSolid',(#9076));
#9078=IFCPRODUCTDEFINITIONSHAPE($,$,(#9077));
#9084=IFCCARTESIANPOINT((3657.6000000000004,58826.400000000001,13868.400000000001));
#9085=IFCDIRECTION((0.,0.,1.));
#9086=IFCDIRECTION((6.123233995736766E-17,1.,0.));
#9087=IFCAXIS2PLACEMENT3D(#9084,#9085,#9086);
#9088=IFCLOCALPLACEMENT($,#9087);
#9089=IFCWALL('0ZPLu$K0T76uguHAwrUGdH',$,'L4|ONEBR_A',$,$,#9110,#9100,$,$);
#9090=IFCCARTESIANPOINTLIST2D(((0.,0.),(0.,150.),(9144.,150.),(9144.,0.),(0.,0.)));
#9091=IFCINDEXEDPOLYCURVE(#9090,$,.F.);
#9092=IFCDIRECTION((0.,0.,1.));
#9093=IFCARBITRARYCLOSEDPROFILEDEF(.AREA.,$,#9091);
#9094=IFCCARTESIANPOINT((0.,0.,0.));
#9095=IFCDIRECTION((0.,0.,1.));
#9096=IFCDIRECTION((1.,0.,0.));
#9097=IFCAXIS2PLACEMENT3D(#9094,#9095,#9096);
#9098=IFCEXTRUDEDAREASOLID(#9093,#9097,#9092,3200.4000000000001);
#9099=IFCSHAPEREPRESENTATION(#11,'Body','SweptSolid',(#9098));
#9100=IFCPRODUCTDEFINITIONSHAPE($,$,(#9099));
#9106=IFCCARTESIANPOINT((14020.800000000001,58826.400000000001,13868.400000000001));
#9107=IFCDIRECTION((0.,0.,1.));
#9108=IFCDIRECTION((6.123233995736766E-17,1.,0.));
#9109=IFCAXIS2PLACEMENT3D(#9106,#9107,#9108);
#9110=IFCLOCALPLACEMENT($,#9109);
#9111=IFCWALL('3gn$jgad58TvrsBfTZYodh',$,'L4|TWOBR_A',$,$,#9132,#9122,$,$);
#9112=IFCCARTESIANPOINTLIST2D(((0.,0.),(0.,150.),(10972.800000000001,150.),(10972.800000000001,0.),(0.,0.)));
#9113=IFCINDEXEDPOLYCURVE(#9112,$,.F.);
#9114=IFCDIRECTION((0.,0.,1.));
#9115=IFCARBITRARYCLOSEDPROFILEDEF(.AREA.,$,#9113);
#9116=IFCCARTESIANPOINT((0.,0.,0.));
#9117=IFCDIRECTION((0.,0.,1.));
#9118=IFCDIRECTION((1.,0.,0.));
#9119=IFCAXIS2PLACEMENT3D(#9116,#9117,#9118);
#9120=IFCEXTRUDEDAREASOLID(#9115,#9119,#9114,3200.4000000000001);
#9121=IFCSHAPEREPRESENTATION(#11,'Body','SweptSolid',(#9120));
#9122=IFCPRODUCTDEFINITIONSHAPE($,$,(#9121));
#9128=IFCCARTESIANPOINT((15849.6,60045.599999999999,13868.400000000001));
#9129=IFCDIRECTION((0.,0.,1.));
#9130=IFCDIRECTION((1.,0.,0.));
#9131=IFCAXIS2PLACEMENT3D(#9128,#9129,#9130);
#9132=IFCLOCALPLACEMENT($,#9131);
#9133=IFCWALL('3a9c3N_Hf5kw67gF3zP7eY',$,'L4|TWOBR_A',$,$,#9154,#9144,$,$);
#9134=IFCCARTESIANPOINTLIST2D(((0.,0.),(0.,150.),(10972.800000000001,150.),(10972.800000000001,0.),(0.,0.)));
#9135=IFCINDEXEDPOLYCURVE(#9134,$,.F.);
#9136=IFCDIRECTION((0.,0.,1.));
#9137=IFCARBITRARYCLOSEDPROFILEDEF(.AREA.,$,#9135);
#9138=IFCCARTESIANPOINT((0.,0.,0.));
#9139=IFCDIRECTION((0.,0.,1.));
#9140=IFCDIRECTION((1.,0.,0.));
#9141=IFCAXIS2PLACEMENT3D(#9138,#9139,#9140);
#9142=IFCEXTRUDEDAREASOLID(#9137,#9141,#9136,3200.4000000000001);
#9143=IFCSHAPEREPRESENTATION(#11,'Body','SweptSolid',(#9142));
#9144=IFCPRODUCTDEFINITIONSHAPE($,$,(#9143));
#9150=IFCCARTESIANPOINT((15849.6,70408.800000000003,13868.400000000001));
#9151=IFCDIRECTION((0.,0.,1.));
#9152=IFCDIRECTION((1.,0.,0.));
#9153=IFCAXIS2PLACEMENT3D(#9150,#9151,#9152);
#9154=IFCLOCALPLACEMENT($,#9153);
#9155=IFCWALL('1rZi_v2F9FBgV4zqEDy2c3',$,'L4|TWOBR_A',$,$,#9176,#9166,$,$);
#9156=IFCCARTESIANPOINTLIST2D(((0.,0.),(0.,150.),(10363.200000000001,150.),(10363.200000000001,0.),(0.,0.)));
#9157=IFCINDEXEDPOLYCURVE(#9156,$,.F.);
#9158=IFCDIRECTION((0.,0.,1.));
#9159=IFCARBITRARYCLOSEDPROFILEDEF(.AREA.,$,#9157);
#9160=IFCCARTESIANPOINT((0.,0.,0.));
#9161=IFCDIRECTION((0.,0.,1.));
#9162=IFCDIRECTION((1.,0.,0.));
#9163=IFCAXIS2PLACEMENT3D(#9160,#9161,#9162);
#9164=IFCEXTRUDEDAREASOLID(#9159,#9163,#9158,3200.4000000000001);
#9165=IFCSHAPEREPRESENTATION(#11,'Body','SweptSolid',(#9164));
#9166=IFCPRODUCTDEFINITIONSHAPE($,$,(#9165));
#9172=IFCCARTESIANPOINT((15849.6,60045.599999999999,13868.400000000001));
#9173=IFCDIRECTION((0.,0.,1.));
#9174=IFCDIRECTION((6.123233995736766E-17,1.,0.));
#9175=IFCAXIS2PLACEMENT3D(#9172,#9173,#9174);
#9176=IFCLOCALPLACEMENT($,#9175);
#9177=IFCWALL('2q1KL_m6139eWagaKuAO_u',$,'L4|TWOBR_A',$,$,#9198,#9188,$,$);
#9178=IFCCARTESIANPOINTLIST2D(((0.,0.),(0.,150.),(10363.200000000001,150.),(10363.200000000001,0.),(0.,0.)));
#9179=IFCINDEXEDPOLYCURVE(#9178,$,.F.);
#9180=IFCDIRECTION((0.,0.,1.));
#9181=IFCARBITRARYCLOSEDPROFILEDEF(.AREA.,$,#9179);
#9182=IFCCARTESIANPOINT((0.,0.,0.));
#9183=IFCDIRECTION((0.,0.,1.));
#9184=IFCDIRECTION((1.,0.,0.));
#9185=IFCAXIS2PLACEMENT3D(#9182,#9183,#9184);
#9186=IFCEXTRUDEDAREASOLID(#9181,#9185,#9180,3200.4000000000001);
#9187=IFCSHAPEREPRESENTATION(#11,'Body','SweptSolid',(#9186));
#9188=IFCPRODUCTDEFINITIONSHAPE($,$,(#9187));
#9194=IFCCARTESIANPOINT((26822.400000000001,60045.599999999999,13868.400000000001));
#9195=IFCDIRECTION((0.,0.,1.));
#9196=IFCDIRECTION((6.123233995736766E-17,1.,0.));
#9197=IFCAXIS2PLACEMENT3D(#9194,#9195,#9196);
#9198=IFCLOCALPLACEMENT($,#9197);
#9199=IFCWALL('0UgCddsoD1tA9GLs76yk2u',$,'L5|ONEBR_A',$,$,#9220,#9210,$,$);
#9200=IFCCARTESIANPOINTLIST2D(((0.,0.),(0.,150.),(10363.200000000001,150.),(10363.200000000001,0.),(0.,0.)));
#9201=IFCINDEXEDPOLYCURVE(#9200,$,.F.);
#9202=IFCDIRECTION((0.,0.,1.));
#9203=IFCARBITRARYCLOSEDPROFILEDEF(.AREA.,$,#9201);
#9204=IFCCARTESIANPOINT((0.,0.,0.));
#9205=IFCDIRECTION((0.,0.,1.));
#9206=IFCDIRECTION((1.,0.,0.));
#9207=IFCAXIS2PLACEMENT3D(#9204,#9205,#9206);
#9208=IFCEXTRUDEDAREASOLID(#9203,#9207,#9202,3200.4000000000001);
#9209=IFCSHAPEREPRESENTATION(#11,'Body','SweptSolid',(#9208));
#9210=IFCPRODUCTDEFINITIONSHAPE($,$,(#9209));
#9216=IFCCARTESIANPOINT((3657.6000000000004,11887.199999999999,17068.799999999999));
#9217=IFCDIRECTION((0.,0.,1.));
#9218=IFCDIRECTION((1.,0.,0.));
#9219=IFCAXIS2PLACEMENT3D(#9216,#9217,#9218);
#9220=IFCLOCALPLACEMENT($,#9219);
#9221=IFCWALL('1vw8c6IBP8WReIHi46mHxl',$,'L5|ONEBR_A',$,$,#9242,#9232,$,$);
#9222=IFCCARTESIANPOINTLIST2D(((0.,0.),(0.,150.),(10363.200000000001,150.),(10363.200000000001,0.),(0.,0.)));
#9223=IFCINDEXEDPOLYCURVE(#9222,$,.F.);
#9224=IFCDIRECTION((0.,0.,1.));
#9225=IFCARBITRARYCLOSEDPROFILEDEF(.AREA.,$,#9223);
#9226=IFCCARTESIANPOINT((0.,0.,0.));
#9227=IFCDIRECTION((0.,0.,1.));
#9228=IFCDIRECTION((1.,0.,0.));
#9229=IFCAXIS2PLACEMENT3D(#9226,#9227,#9228);
#9230=IFCEXTRUDEDAREASOLID(#9225,#9229,#9224,3200.4000000000001);
#9231=IFCSHAPEREPRESENTATION(#11,'Body','SweptSolid',(#9230));
#9232=IFCPRODUCTDEFINITIONSHAPE($,$,(#9231));
#9238=IFCCARTESIANPOINT((3657.6000000000004,21031.200000000001,17068.799999999999));
#9239=IFCDIRECTION((0.,0.,1.));
#9240=IFCDIRECTION((1.,0.,0.));
#9241=IFCAXIS2PLACEMENT3D(#9238,#9239,#9240);
#9242=IFCLOCALPLACEMENT($,#9241);
#9243=IFCWALL('1E3ACPiOb6PPxr2S0nYCr1',$,'L5|ONEBR_A',$,$,#9264,#9254,$,$);
#9244=IFCCARTESIANPOINTLIST2D(((0.,0.),(0.,150.),(9144.,150.),(9144.,0.),(0.,0.)));
#9245=IFCINDEXEDPOLYCURVE(#9244,$,.F.);
#9246=IFCDIRECTION((0.,0.,1.));
#9247=IFCARBITRARYCLOSEDPROFILEDEF(.AREA.,$,#9245);
#9248=IFCCARTESIANPOINT((0.,0.,0.));
#9249=IFCDIRECTION((0.,0.,1.));
#9250=IFCDIRECTION((1.,0.,0.));
#9251=IFCAXIS2PLACEMENT3D(#9248,#9249,#9250);
#9252=IFCEXTRUDEDAREASOLID(#9247,#9251,#9246,3200.4000000000001);
#9253=IFCSHAPEREPRESENTATION(#11,'Body','SweptSolid',(#9252));
#9254=IFCPRODUCTDEFINITIONSHAPE($,$,(#9253));
#9260=IFCCARTESIANPOINT((3657.6000000000004,11887.199999999999,17068.799999999999));
#9261=IFCDIRECTION((0.,0.,1.));
#9262=IFCDIRECTION((6.123233995736766E-17,1.,0.));
#9263=IFCAXIS2PLACEMENT3D(#9260,#9261,#9262);
#9264=IFCLOCALPLACEMENT($,#9263);
#9265=IFCWALL('2$r$S5KrfBEw0eTL_5vO_P',$,'L5|ONEBR_A',$,$,#9286,#9276,$,$);
#9266=IFCCARTESIANPOINTLIST2D(((0.,0.),(0.,150.),(9144.,150.),(9144.,0.),(0.,0.)));
#9267=IFCINDEXEDPOLYCURVE(#9266,$,.F.);
#9268=IFCDIRECTION((0.,0.,1.));
#9269=IFCARBITRARYCLOSEDPROFILEDEF(.AREA.,$,#9267);
#9270=IFCCARTESIANPOINT((0.,0.,0.));
#9271=IFCDIRECTION((0.,0.,1.));
#9272=IFCDIRECTION((1.,0.,0.));
#9273=IFCAXIS2PLACEMENT3D(#9270,#9271,#9272);
#9274=IFCEXTRUDEDAREASOLID(#9269,#9273,#9268,3200.4000000000001);
#9275=IFCSHAPEREPRESENTATION(#11,'Body','SweptSolid',(#9274));
#9276=IFCPRODUCTDEFINITIONSHAPE($,$,(#9275));
#9282=IFCCARTESIANPOINT((14020.800000000001,11887.199999999999,17068.799999999999));
#9283=IFCDIRECTION((0.,0.,1.));
#9284=IFCDIRECTION((6.123233995736766E-17,1.,0.));
#9285=IFCAXIS2PLACEMENT3D(#9282,#9283,#9284);
#9286=IFCLOCALPLACEMENT($,#9285);
#9287=IFCWALL('0CYYY$BGL68RwijVcYXAMo',$,'L5|STUDIO_A',$,$,#9308,#9298,$,$);
#9288=IFCCARTESIANPOINTLIST2D(((0.,0.),(0.,150.),(9753.6000000000004,150.),(9753.6000000000004,0.),(0.,0.)));
#9289=IFCINDEXEDPOLYCURVE(#9288,$,.F.);
#9290=IFCDIRECTION((0.,0.,1.));
#9291=IFCARBITRARYCLOSEDPROFILEDEF(.AREA.,$,#9289);
#9292=IFCCARTESIANPOINT((0.,0.,0.));
#9293=IFCDIRECTION((0.,0.,1.));
#9294=IFCDIRECTION((1.,0.,0.));
#9295=IFCAXIS2PLACEMENT3D(#9292,#9293,#9294);
#9296=IFCEXTRUDEDAREASOLID(#9291,#9295,#9290,3200.4000000000001);
#9297=IFCSHAPEREPRESENTATION(#11,'Body','SweptSolid',(#9296));
#9298=IFCPRODUCTDEFINITIONSHAPE($,$,(#9297));
#9304=IFCCARTESIANPOINT((15849.6,11887.199999999999,17068.799999999999));
#9305=IFCDIRECTION((0.,0.,1.));
#9306=IFCDIRECTION((1.,0.,0.));
#9307=IFCAXIS2PLACEMENT3D(#9304,#9305,#9306);
#9308=IFCLOCALPLACEMENT($,#9307);
#9309=IFCWALL('2vNzcCd59A98OAerZxkESa',$,'L5|STUDIO_A',$,$,#9330,#9320,$,$);
#9310=IFCCARTESIANPOINTLIST2D(((0.,0.),(0.,150.),(9753.6000000000004,150.),(9753.6000000000004,0.),(0.,0.)));
#9311=IFCINDEXEDPOLYCURVE(#9310,$,.F.);
#9312=IFCDIRECTION((0.,0.,1.));
#9313=IFCARBITRARYCLOSEDPROFILEDEF(.AREA.,$,#9311);
#9314=IFCCARTESIANPOINT((0.,0.,0.));
#9315=IFCDIRECTION((0.,0.,1.));
#9316=IFCDIRECTION((1.,0.,0.));
#9317=IFCAXIS2PLACEMENT3D(#9314,#9315,#9316);
#9318=IFCEXTRUDEDAREASOLID(#9313,#9317,#9312,3200.4000000000001);
#9319=IFCSHAPEREPRESENTATION(#11,'Body','SweptSolid',(#9318));
#9320=IFCPRODUCTDEFINITIONSHAPE($,$,(#9319));
#9326=IFCCARTESIANPOINT((15849.6,19812.,17068.799999999999));
#9327=IFCDIRECTION((0.,0.,1.));
#9328=IFCDIRECTION((1.,0.,0.));
#9329=IFCAXIS2PLACEMENT3D(#9326,#9327,#9328);
#9330=IFCLOCALPLACEMENT($,#9329);
#9331=IFCWALL('2oi7ry06r2FOSkVveQwlyX',$,'L5|STUDIO_A',$,$,#9352,#9342,$,$);
#9332=IFCCARTESIANPOINTLIST2D(((0.,0.),(0.,150.),(7924.8000000000002,150.),(7924.8000000000002,0.),(0.,0.)));
#9333=IFCINDEXEDPOLYCURVE(#9332,$,.F.);
#9334=IFCDIRECTION((0.,0.,1.));
#9335=IFCARBITRARYCLOSEDPROFILEDEF(.AREA.,$,#9333);
#9336=IFCCARTESIANPOINT((0.,0.,0.));
#9337=IFCDIRECTION((0.,0.,1.));
#9338=IFCDIRECTION((1.,0.,0.));
#9339=IFCAXIS2PLACEMENT3D(#9336,#9337,#9338);
#9340=IFCEXTRUDEDAREASOLID(#9335,#9339,#9334,3200.4000000000001);
#9341=IFCSHAPEREPRESENTATION(#11,'Body','SweptSolid',(#9340));
#9342=IFCPRODUCTDEFINITIONSHAPE($,$,(#9341));
#9348=IFCCARTESIANPOINT((15849.6,11887.199999999999,17068.799999999999));
#9349=IFCDIRECTION((0.,0.,1.));
#9350=IFCDIRECTION((6.123233995736766E-17,1.,0.));
#9351=IFCAXIS2PLACEMENT3D(#9348,#9349,#9350);
#9352=IFCLOCALPLACEMENT($,#9351);
#9353=IFCWALL('2IUNe3mRf8LAdJkr70tq0U',$,'L5|STUDIO_A',$,$,#9374,#9364,$,$);
#9354=IFCCARTESIANPOINTLIST2D(((0.,0.),(0.,150.),(7924.8000000000002,150.),(7924.8000000000002,0.),(0.,0.)));
#9355=IFCINDEXEDPOLYCURVE(#9354,$,.F.);
#9356=IFCDIRECTION((0.,0.,1.));
#9357=IFCARBITRARYCLOSEDPROFILEDEF(.AREA.,$,#9355);
#9358=IFCCARTESIANPOINT((0.,0.,0.));
#9359=IFCDIRECTION((0.,0.,1.));
#9360=IFCDIRECTION((1.,0.,0.));
#9361=IFCAXIS2PLACEMENT3D(#9358,#9359,#9360);
#9362=IFCEXTRUDEDAREASOLID(#9357,#9361,#9356,3200.4000000000001);
#9363=IFCSHAPEREPRESENTATION(#11,'Body','SweptSolid',(#9362));
#9364=IFCPRODUCTDEFINITIONSHAPE($,$,(#9363));
#9370=IFCCARTESIANPOINT((25603.200000000001,11887.199999999999,17068.799999999999));
#9371=IFCDIRECTION((0.,0.,1.));
#9372=IFCDIRECTION((6.123233995736766E-17,1.,0.));
#9373=IFCAXIS2PLACEMENT3D(#9370,#9371,#9372);
#9374=IFCLOCALPLACEMENT($,#9373);
#9375=IFCWALL('1kWGpPNj16KPC5Bu65UGyB',$,'L5|TWOBR_A',$,$,#9396,#9386,$,$);
#9376=IFCCARTESIANPOINTLIST2D(((0.,0.),(0.,150.),(10972.800000000001,150.),(10972.800000000001,0.),(0.,0.)));
#9377=IFCINDEXEDPOLYCURVE(#9376,$,.F.);
#9378=IFCDIRECTION((0.,0.,1.));
#9379=IFCARBITRARYCLOSEDPROFILEDEF(.AREA.,$,#9377);
#9380=IFCCARTESIANPOINT((0.,0.,0.));
#9381=IFCDIRECTION((0.,0.,1.));
#9382=IFCDIRECTION((1.,0.,0.));
#9383=IFCAXIS2PLACEMENT3D(#9380,#9381,#9382);
#9384=IFCEXTRUDEDAREASOLID(#9379,#9383,#9378,3200.4000000000001);
#9385=IFCSHAPEREPRESENTATION(#11,'Body','SweptSolid',(#9384));
#9386=IFCPRODUCTDEFINITIONSHAPE($,$,(#9385));
#9392=IFCCARTESIANPOINT((29870.399999999998,11887.199999999999,17068.799999999999));
#9393=IFCDIRECTION((0.,0.,1.));
#9394=IFCDIRECTION((1.,0.,0.));
#9395=IFCAXIS2PLACEMENT3D(#9392,#9393,#9394);
#9396=IFCLOCALPLACEMENT($,#9395);
#9397=IFCWALL('3nQmG208v2EARdW3XcQT_W',$,'L5|TWOBR_A',$,$,#9418,#9408,$,$);
#9398=IFCCARTESIANPOINTLIST2D(((0.,0.),(0.,150.),(10972.800000000001,150.),(10972.800000000001,0.),(0.,0.)));
#9399=IFCINDEXEDPOLYCURVE(#9398,$,.F.);
#9400=IFCDIRECTION((0.,0.,1.));
#9401=IFCARBITRARYCLOSEDPROFILEDEF(.AREA.,$,#9399);
#9402=IFCCARTESIANPOINT((0.,0.,0.));
#9403=IFCDIRECTION((0.,0.,1.));
#9404=IFCDIRECTION((1.,0.,0.));
#9405=IFCAXIS2PLACEMENT3D(#9402,#9403,#9404);
#9406=IFCEXTRUDEDAREASOLID(#9401,#9405,#9400,3200.4000000000001);
#9407=IFCSHAPEREPRESENTATION(#11,'Body','SweptSolid',(#9406));
#9408=IFCPRODUCTDEFINITIONSHAPE($,$,(#9407));
#9414=IFCCARTESIANPOINT((29870.399999999998,22250.400000000001,17068.799999999999));
#9415=IFCDIRECTION((0.,0.,1.));
#9416=IFCDIRECTION((1.,0.,0.));
#9417=IFCAXIS2PLACEMENT3D(#9414,#9415,#9416);
#9418=IFCLOCALPLACEMENT($,#9417);
#9419=IFCWALL('3GFLQM0gXBKRUng78SQJoq',$,'L5|TWOBR_A',$,$,#9440,#9430,$,$);
#9420=IFCCARTESIANPOINTLIST2D(((0.,0.),(0.,150.),(10363.200000000001,150.),(10363.200000000001,0.),(0.,0.)));
#9421=IFCINDEXEDPOLYCURVE(#9420,$,.F.);
#9422=IFCDIRECTION((0.,0.,1.));
#9423=IFCARBITRARYCLOSEDPROFILEDEF(.AREA.,$,#9421);
#9424=IFCCARTESIANPOINT((0.,0.,0.));
#9425=IFCDIRECTION((0.,0.,1.));
#9426=IFCDIRECTION((1.,0.,0.));
#9427=IFCAXIS2PLACEMENT3D(#9424,#9425,#9426);
#9428=IFCEXTRUDEDAREASOLID(#9423,#9427,#9422,3200.4000000000001);
#9429=IFCSHAPEREPRESENTATION(#11,'Body','SweptSolid',(#9428));
#9430=IFCPRODUCTDEFINITIONSHAPE($,$,(#9429));
#9436=IFCCARTESIANPOINT((29870.399999999998,11887.199999999999,17068.799999999999));
#9437=IFCDIRECTION((0.,0.,1.));
#9438=IFCDIRECTION((6.123233995736766E-17,1.,0.));
#9439=IFCAXIS2PLACEMENT3D(#9436,#9437,#9438);
#9440=IFCLOCALPLACEMENT($,#9439);
#9441=IFCWALL('2nxDAjt3PBQOhNe2CZTb3D',$,'L5|TWOBR_A',$,$,#9462,#9452,$,$);
#9442=IFCCARTESIANPOINTLIST2D(((0.,0.),(0.,150.),(10363.200000000001,150.),(10363.200000000001,0.),(0.,0.)));
#9443=IFCINDEXEDPOLYCURVE(#9442,$,.F.);
#9444=IFCDIRECTION((0.,0.,1.));
#9445=IFCARBITRARYCLOSEDPROFILEDEF(.AREA.,$,#9443);
#9446=IFCCARTESIANPOINT((0.,0.,0.));
#9447=IFCDIRECTION((0.,0.,1.));
#9448=IFCDIRECTION((1.,0.,0.));
#9449=IFCAXIS2PLACEMENT3D(#9446,#9447,#9448);
#9450=IFCEXTRUDEDAREASOLID(#9445,#9449,#9444,3200.4000000000001);
#9451=IFCSHAPEREPRESENTATION(#11,'Body','SweptSolid',(#9450));
#9452=IFCPRODUCTDEFINITIONSHAPE($,$,(#9451));
#9458=IFCCARTESIANPOINT((40843.200000000004,11887.199999999999,17068.799999999999));
#9459=IFCDIRECTION((0.,0.,1.));
#9460=IFCDIRECTION((6.123233995736766E-17,1.,0.));
#9461=IFCAXIS2PLACEMENT3D(#9458,#9459,#9460);
#9462=IFCLOCALPLACEMENT($,#9461);
#9463=IFCWALL('0crQKfRVn9wvOve7mbblM7',$,'L5|ONEBR_A',$,$,#9484,#9474,$,$);
#9464=IFCCARTESIANPOINTLIST2D(((0.,0.),(0.,150.),(10363.200000000001,150.),(10363.200000000001,0.),(0.,0.)));
#9465=IFCINDEXEDPOLYCURVE(#9464,$,.F.);
#9466=IFCDIRECTION((0.,0.,1.));
#9467=IFCARBITRARYCLOSEDPROFILEDEF(.AREA.,$,#9465);
#9468=IFCCARTESIANPOINT((0.,0.,0.));
#9469=IFCDIRECTION((0.,0.,1.));
#9470=IFCDIRECTION((1.,0.,0.));
#9471=IFCAXIS2PLACEMENT3D(#9468,#9469,#9470);
#9472=IFCEXTRUDEDAREASOLID(#9467,#9471,#9466,3200.4000000000001);
#9473=IFCSHAPEREPRESENTATION(#11,'Body','SweptSolid',(#9472));
#9474=IFCPRODUCTDEFINITIONSHAPE($,$,(#9473));
#9480=IFCCARTESIANPOINT((42672.,11887.199999999999,17068.799999999999));
#9481=IFCDIRECTION((0.,0.,1.));
#9482=IFCDIRECTION((1.,0.,0.));
#9483=IFCAXIS2PLACEMENT3D(#9480,#9481,#9482);
#9484=IFCLOCALPLACEMENT($,#9483);
#9485=IFCWALL('1pQAPisQf4FRUrHSKcPWQN',$,'L5|ONEBR_A',$,$,#9506,#9496,$,$);
#9486=IFCCARTESIANPOINTLIST2D(((0.,0.),(0.,150.),(10363.200000000001,150.),(10363.200000000001,0.),(0.,0.)));
#9487=IFCINDEXEDPOLYCURVE(#9486,$,.F.);
#9488=IFCDIRECTION((0.,0.,1.));
#9489=IFCARBITRARYCLOSEDPROFILEDEF(.AREA.,$,#9487);
#9490=IFCCARTESIANPOINT((0.,0.,0.));
#9491=IFCDIRECTION((0.,0.,1.));
#9492=IFCDIRECTION((1.,0.,0.));
#9493=IFCAXIS2PLACEMENT3D(#9490,#9491,#9492);
#9494=IFCEXTRUDEDAREASOLID(#9489,#9493,#9488,3200.4000000000001);
#9495=IFCSHAPEREPRESENTATION(#11,'Body','SweptSolid',(#9494));
#9496=IFCPRODUCTDEFINITIONSHAPE($,$,(#9495));
#9502=IFCCARTESIANPOINT((42672.,21031.200000000001,17068.799999999999));
#9503=IFCDIRECTION((0.,0.,1.));
#9504=IFCDIRECTION((1.,0.,0.));
#9505=IFCAXIS2PLACEMENT3D(#9502,#9503,#9504);
#9506=IFCLOCALPLACEMENT($,#9505);
#9507=IFCWALL('1pPAA59xr3PvHoFgG1CMzW',$,'L5|ONEBR_A',$,$,#9528,#9518,$,$);
#9508=IFCCARTESIANPOINTLIST2D(((0.,0.),(0.,150.),(9144.,150.),(9144.,0.),(0.,0.)));
#9509=IFCINDEXEDPOLYCURVE(#9508,$,.F.);
#9510=IFCDIRECTION((0.,0.,1.));
#9511=IFCARBITRARYCLOSEDPROFILEDEF(.AREA.,$,#9509);
#9512=IFCCARTESIANPOINT((0.,0.,0.));
#9513=IFCDIRECTION((0.,0.,1.));
#9514=IFCDIRECTION((1.,0.,0.));
#9515=IFCAXIS2PLACEMENT3D(#9512,#9513,#9514);
#9516=IFCEXTRUDEDAREASOLID(#9511,#9515,#9510,3200.4000000000001);
#9517=IFCSHAPEREPRESENTATION(#11,'Body','SweptSolid',(#9516));
#9518=IFCPRODUCTDEFINITIONSHAPE($,$,(#9517));
#9524=IFCCARTESIANPOINT((42672.,11887.199999999999,17068.799999999999));
#9525=IFCDIRECTION((0.,0.,1.));
#9526=IFCDIRECTION((6.123233995736766E-17,1.,0.));
#9527=IFCAXIS2PLACEMENT3D(#9524,#9525,#9526);
#9528=IFCLOCALPLACEMENT($,#9527);
#9529=IFCWALL('01iLjM_TTF0wCRBzEsmZ_5',$,'L5|ONEBR_A',$,$,#9550,#9540,$,$);
#9530=IFCCARTESIANPOINTLIST2D(((0.,0.),(0.,150.),(9144.,150.),(9144.,0.),(0.,0.)));
#9531=IFCINDEXEDPOLYCURVE(#9530,$,.F.);
#9532=IFCDIRECTION((0.,0.,1.));
#9533=IFCARBITRARYCLOSEDPROFILEDEF(.AREA.,$,#9531);
#9534=IFCCARTESIANPOINT((0.,0.,0.));
#9535=IFCDIRECTION((0.,0.,1.));
#9536=IFCDIRECTION((1.,0.,0.));
#9537=IFCAXIS2PLACEMENT3D(#9534,#9535,#9536);
#9538=IFCEXTRUDEDAREASOLID(#9533,#9537,#9532,3200.4000000000001);
#9539=IFCSHAPEREPRESENTATION(#11,'Body','SweptSolid',(#9538));
#9540=IFCPRODUCTDEFINITIONSHAPE($,$,(#9539));
#9546=IFCCARTESIANPOINT((53035.200000000004,11887.199999999999,17068.799999999999));
#9547=IFCDIRECTION((0.,0.,1.));
#9548=IFCDIRECTION((6.123233995736766E-17,1.,0.));
#9549=IFCAXIS2PLACEMENT3D(#9546,#9547,#9548);
#9550=IFCLOCALPLACEMENT($,#9549);
#9551=IFCWALL('2RCDAgWI15kvVVRABo1rE$',$,'L5|ONEBR_A',$,$,#9572,#9562,$,$);
#9552=IFCCARTESIANPOINTLIST2D(((0.,0.),(0.,150.),(10363.200000000001,150.),(10363.200000000001,0.),(0.,0.)));
#9553=IFCINDEXEDPOLYCURVE(#9552,$,.F.);
#9554=IFCDIRECTION((0.,0.,1.));
#9555=IFCARBITRARYCLOSEDPROFILEDEF(.AREA.,$,#9553);
#9556=IFCCARTESIANPOINT((0.,0.,0.));
#9557=IFCDIRECTION((0.,0.,1.));
#9558=IFCDIRECTION((1.,0.,0.));
#9559=IFCAXIS2PLACEMENT3D(#9556,#9557,#9558);
#9560=IFCEXTRUDEDAREASOLID(#9555,#9559,#9554,3200.4000000000001);
#9561=IFCSHAPEREPRESENTATION(#11,'Body','SweptSolid',(#9560));
#9562=IFCPRODUCTDEFINITIONSHAPE($,$,(#9561));
#9568=IFCCARTESIANPOINT((15849.6,19812.,17068.799999999999));
#9569=IFCDIRECTION((0.,0.,1.));
#9570=IFCDIRECTION((1.,0.,0.));
#9571=IFCAXIS2PLACEMENT3D(#9568,#9569,#9570);
#9572=IFCLOCALPLACEMENT($,#9571);
#9573=IFCWALL('0844SeChf66eYmRXTX6C9Q',$,'L5|ONEBR_A',$,$,#9594,#9584,$,$);
#9574=IFCCARTESIANPOINTLIST2D(((0.,0.),(0.,150.),(10363.200000000001,150.),(10363.200000000001,0.),(0.,0.)));
#9575=IFCINDEXEDPOLYCURVE(#9574,$,.F.);
#9576=IFCDIRECTION((0.,0.,1.));
#9577=IFCARBITRARYCLOSEDPROFILEDEF(.AREA.,$,#9575);
#9578=IFCCARTESIANPOINT((0.,0.,0.));
#9579=IFCDIRECTION((0.,0.,1.));
#9580=IFCDIRECTION((1.,0.,0.));
#9581=IFCAXIS2PLACEMENT3D(#9578,#9579,#9580);
#9582=IFCEXTRUDEDAREASOLID(#9577,#9581,#9576,3200.4000000000001);
#9583=IFCSHAPEREPRESENTATION(#11,'Body','SweptSolid',(#9582));
#9584=IFCPRODUCTDEFINITIONSHAPE($,$,(#9583));
#9590=IFCCARTESIANPOINT((15849.6,28956.000000000004,17068.799999999999));
#9591=IFCDIRECTION((0.,0.,1.));
#9592=IFCDIRECTION((1.,0.,0.));
#9593=IFCAXIS2PLACEMENT3D(#9590,#9591,#9592);
#9594=IFCLOCALPLACEMENT($,#9593);
#9595=IFCWALL('0iIlw9hCLCn8UzaBUseC8h',$,'L5|ONEBR_A',$,$,#9616,#9606,$,$);
#9596=IFCCARTESIANPOINTLIST2D(((0.,0.),(0.,150.),(9144.,150.),(9144.,0.),(0.,0.)));
#9597=IFCINDEXEDPOLYCURVE(#9596,$,.F.);
#9598=IFCDIRECTION((0.,0.,1.));
#9599=IFCARBITRARYCLOSEDPROFILEDEF(.AREA.,$,#9597);
#9600=IFCCARTESIANPOINT((0.,0.,0.));
#9601=IFCDIRECTION((0.,0.,1.));
#9602=IFCDIRECTION((1.,0.,0.));
#9603=IFCAXIS2PLACEMENT3D(#9600,#9601,#9602);
#9604=IFCEXTRUDEDAREASOLID(#9599,#9603,#9598,3200.4000000000001);
#9605=IFCSHAPEREPRESENTATION(#11,'Body','SweptSolid',(#9604));
#9606=IFCPRODUCTDEFINITIONSHAPE($,$,(#9605));
#9612=IFCCARTESIANPOINT((15849.6,19812.,17068.799999999999));
#9613=IFCDIRECTION((0.,0.,1.));
#9614=IFCDIRECTION((6.123233995736766E-17,1.,0.));
#9615=IFCAXIS2PLACEMENT3D(#9612,#9613,#9614);
#9616=IFCLOCALPLACEMENT($,#9615);
#9617=IFCWALL('3tkCFDFvTErQyBZCaQk1wd',$,'L5|ONEBR_A',$,$,#9638,#9628,$,$);
#9618=IFCCARTESIANPOINTLIST2D(((0.,0.),(0.,150.),(9144.,150.),(9144.,0.),(0.,0.)));
#9619=IFCINDEXEDPOLYCURVE(#9618,$,.F.);
#9620=IFCDIRECTION((0.,0.,1.));
#9621=IFCARBITRARYCLOSEDPROFILEDEF(.AREA.,$,#9619);
#9622=IFCCARTESIANPOINT((0.,0.,0.));
#9623=IFCDIRECTION((0.,0.,1.));
#9624=IFCDIRECTION((1.,0.,0.));
#9625=IFCAXIS2PLACEMENT3D(#9622,#9623,#9624);
#9626=IFCEXTRUDEDAREASOLID(#9621,#9625,#9620,3200.4000000000001);
#9627=IFCSHAPEREPRESENTATION(#11,'Body','SweptSolid',(#9626));
#9628=IFCPRODUCTDEFINITIONSHAPE($,$,(#9627));
#9634=IFCCARTESIANPOINT((26212.799999999999,19812.,17068.799999999999));
#9635=IFCDIRECTION((0.,0.,1.));
#9636=IFCDIRECTION((6.123233995736766E-17,1.,0.));
#9637=IFCAXIS2PLACEMENT3D(#9634,#9635,#9636);
#9638=IFCLOCALPLACEMENT($,#9637);
#9639=IFCWALL('3v0wrflQjAKwVhPIiJpdpo',$,'L5|TWOBR_A',$,$,#9660,#9650,$,$);
#9640=IFCCARTESIANPOINTLIST2D(((0.,0.),(0.,150.),(10972.800000000001,150.),(10972.800000000001,0.),(0.,0.)));
#9641=IFCINDEXEDPOLYCURVE(#9640,$,.F.);
#9642=IFCDIRECTION((0.,0.,1.));
#9643=IFCARBITRARYCLOSEDPROFILEDEF(.AREA.,$,#9641);
#9644=IFCCARTESIANPOINT((0.,0.,0.));
#9645=IFCDIRECTION((0.,0.,1.));
#9646=IFCDIRECTION((1.,0.,0.));
#9647=IFCAXIS2PLACEMENT3D(#9644,#9645,#9646);
#9648=IFCEXTRUDEDAREASOLID(#9643,#9647,#9642,3200.4000000000001);
#9649=IFCSHAPEREPRESENTATION(#11,'Body','SweptSolid',(#9648));
#9650=IFCPRODUCTDEFINITIONSHAPE($,$,(#9649));
#9656=IFCCARTESIANPOINT((3048.,21031.200000000001,17068.799999999999));
#9657=IFCDIRECTION((0.,0.,1.));
#9658=IFCDIRECTION((1.,0.,0.));
#9659=IFCAXIS2PLACEMENT3D(#9656,#9657,#9658);
#9660=IFCLOCALPLACEMENT($,#9659);
#9661=IFCWALL('2IQFYxlKP58fTu0m_xw8GT',$,'L5|TWOBR_A',$,$,#9682,#9672,$,$);
#9662=IFCCARTESIANPOINTLIST2D(((0.,0.),(0.,150.),(10972.800000000001,150.),(10972.800000000001,0.),(0.,0.)));
#9663=IFCINDEXEDPOLYCURVE(#9662,$,.F.);
#9664=IFCDIRECTION((0.,0.,1.));
#9665=IFCARBITRARYCLOSEDPROFILEDEF(.AREA.,$,#9663);
#9666=IFCCARTESIANPOINT((0.,0.,0.));
#9667=IFCDIRECTION((0.,0.,1.));
#9668=IFCDIRECTION((1.,0.,0.));
#9669=IFCAXIS2PLACEMENT3D(#9666,#9667,#9668);
#9670=IFCEXTRUDEDAREASOLID(#9665,#9669,#9664,3200.4000000000001);
#9671=IFCSHAPEREPRESENTATION(#11,'Body','SweptSolid',(#9670));
#9672=IFCPRODUCTDEFINITIONSHAPE($,$,(#9671));
#9678=IFCCARTESIANPOINT((3048.,31394.400000000001,17068.799999999999));
#9679=IFCDIRECTION((0.,0.,1.));
#9680=IFCDIRECTION((1.,0.,0.));
#9681=IFCAXIS2PLACEMENT3D(#9678,#9679,#9680);
#9682=IFCLOCALPLACEMENT($,#9681);
#9683=IFCWALL('2dgHr4F4f77BljGpADuuhu',$,'L5|TWOBR_A',$,$,#9704,#9694,$,$);
#9684=IFCCARTESIANPOINTLIST2D(((0.,0.),(0.,150.),(10363.200000000001,150.),(10363.200000000001,0.),(0.,0.)));
#9685=IFCINDEXEDPOLYCURVE(#9684,$,.F.);
#9686=IFCDIRECTION((0.,0.,1.));
#9687=IFCARBITRARYCLOSEDPROFILEDEF(.AREA.,$,#9685);
#9688=IFCCARTESIANPOINT((0.,0.,0.));
#9689=IFCDIRECTION((0.,0.,1.));
#9690=IFCDIRECTION((1.,0.,0.));
#9691=IFCAXIS2PLACEMENT3D(#9688,#9689,#9690);
#9692=IFCEXTRUDEDAREASOLID(#9687,#9691,#9686,3200.4000000000001);
#9693=IFCSHAPEREPRESENTATION(#11,'Body','SweptSolid',(#9692));
#9694=IFCPRODUCTDEFINITIONSHAPE($,$,(#9693));
#9700=IFCCARTESIANPOINT((3048.,21031.200000000001,17068.799999999999));
#9701=IFCDIRECTION((0.,0.,1.));
#9702=IFCDIRECTION((6.123233995736766E-17,1.,0.));
#9703=IFCAXIS2PLACEMENT3D(#9700,#9701,#9702);
#9704=IFCLOCALPLACEMENT($,#9703);
#9705=IFCWALL('31OGgdck1DBuuwIHMzIhYT',$,'L5|TWOBR_A',$,$,#9726,#9716,$,$);
#9706=IFCCARTESIANPOINTLIST2D(((0.,0.),(0.,150.),(10363.200000000001,150.),(10363.200000000001,0.),(0.,0.)));
#9707=IFCINDEXEDPOLYCURVE(#9706,$,.F.);
#9708=IFCDIRECTION((0.,0.,1.));
#9709=IFCARBITRARYCLOSEDPROFILEDEF(.AREA.,$,#9707);
#9710=IFCCARTESIANPOINT((0.,0.,0.));
#9711=IFCDIRECTION((0.,0.,1.));
#9712=IFCDIRECTION((1.,0.,0.));
#9713=IFCAXIS2PLACEMENT3D(#9710,#9711,#9712);
#9714=IFCEXTRUDEDAREASOLID(#9709,#9713,#9708,3200.4000000000001);
#9715=IFCSHAPEREPRESENTATION(#11,'Body','SweptSolid',(#9714));
#9716=IFCPRODUCTDEFINITIONSHAPE($,$,(#9715));
#9722=IFCCARTESIANPOINT((14020.800000000001,21031.200000000001,17068.799999999999));
#9723=IFCDIRECTION((0.,0.,1.));
#9724=IFCDIRECTION((6.123233995736766E-17,1.,0.));
#9725=IFCAXIS2PLACEMENT3D(#9722,#9723,#9724);
#9726=IFCLOCALPLACEMENT($,#9725);
#9727=IFCWALL('2ffc5G6Gb7ihIFwfP79EI2',$,'L5|STUDIO_A',$,$,#9748,#9738,$,$);
#9728=IFCCARTESIANPOINTLIST2D(((0.,0.),(0.,150.),(9753.6000000000004,150.),(9753.6000000000004,0.),(0.,0.)));
#9729=IFCINDEXEDPOLYCURVE(#9728,$,.F.);
#9730=IFCDIRECTION((0.,0.,1.));
#9731=IFCARBITRARYCLOSEDPROFILEDEF(.AREA.,$,#9729);
#9732=IFCCARTESIANPOINT((0.,0.,0.));
#9733=IFCDIRECTION((0.,0.,1.));
#9734=IFCDIRECTION((1.,0.,0.));
#9735=IFCAXIS2PLACEMENT3D(#9732,#9733,#9734);
#9736=IFCEXTRUDEDAREASOLID(#9731,#9735,#9730,3200.4000000000001);
#9737=IFCSHAPEREPRESENTATION(#11,'Body','SweptSolid',(#9736));
#9738=IFCPRODUCTDEFINITIONSHAPE($,$,(#9737));
#9744=IFCCARTESIANPOINT((42672.,21031.200000000001,17068.799999999999));
#9745=IFCDIRECTION((0.,0.,1.));
#9746=IFCDIRECTION((1.,0.,0.));
#9747=IFCAXIS2PLACEMENT3D(#9744,#9745,#9746);
#9748=IFCLOCALPLACEMENT($,#9747);
#9749=IFCWALL('078v$2GX93pR7gz3lPynTd',$,'L5|STUDIO_A',$,$,#9770,#9760,$,$);
#9750=IFCCARTESIANPOINTLIST2D(((0.,0.),(0.,150.),(9753.6000000000004,150.),(9753.6000000000004,0.),(0.,0.)));
#9751=IFCINDEXEDPOLYCURVE(#9750,$,.F.);
#9752=IFCDIRECTION((0.,0.,1.));
#9753=IFCARBITRARYCLOSEDPROFILEDEF(.AREA.,$,#9751);
#9754=IFCCARTESIANPOINT((0.,0.,0.));
#9755=IFCDIRECTION((0.,0.,1.));
#9756=IFCDIRECTION((1.,0.,0.));
#9757=IFCAXIS2PLACEMENT3D(#9754,#9755,#9756);
#9758=IFCEXTRUDEDAREASOLID(#9753,#9757,#9752,3200.4000000000001);
#9759=IFCSHAPEREPRESENTATION(#11,'Body','SweptSolid',(#9758));
#9760=IFCPRODUCTDEFINITIONSHAPE($,$,(#9759));
#9766=IFCCARTESIANPOINT((42672.,28956.000000000004,17068.799999999999));
#9767=IFCDIRECTION((0.,0.,1.));
#9768=IFCDIRECTION((1.,0.,0.));
#9769=IFCAXIS2PLACEMENT3D(#9766,#9767,#9768);
#9770=IFCLOCALPLACEMENT($,#9769);
#9771=IFCWALL('0DK7Iqx6jFdhiOhZjSNXqx',$,'L5|STUDIO_A',$,$,#9792,#9782,$,$);
#9772=IFCCARTESIANPOINTLIST2D(((0.,0.),(0.,150.),(7924.8000000000002,150.),(7924.8000000000002,0.),(0.,0.)));
#9773=IFCINDEXEDPOLYCURVE(#9772,$,.F.);
#9774=IFCDIRECTION((0.,0.,1.));
#9775=IFCARBITRARYCLOSEDPROFILEDEF(.AREA.,$,#9773);
#9776=IFCCARTESIANPOINT((0.,0.,0.));
#9777=IFCDIRECTION((0.,0.,1.));
#9778=IFCDIRECTION((1.,0.,0.));
#9779=IFCAXIS2PLACEMENT3D(#9776,#9777,#9778);
#9780=IFCEXTRUDEDAREASOLID(#9775,#9779,#9774,3200.4000000000001);
#9781=IFCSHAPEREPRESENTATION(#11,'Body','SweptSolid',(#9780));
#9782=IFCPRODUCTDEFINITIONSHAPE($,$,(#9781));
#9788=IFCCARTESIANPOINT((42672.,21031.200000000001,17068.799999999999));
#9789=IFCDIRECTION((0.,0.,1.));
#9790=IFCDIRECTION((6.123233995736766E-17,1.,0.));
#9791=IFCAXIS2PLACEMENT3D(#9788,#9789,#9790);
#9792=IFCLOCALPLACEMENT($,#9791);
#9793=IFCWALL('3RmvOAht11UeJZlKVBZTw_',$,'L5|STUDIO_A',$,$,#9814,#9804,$,$);
#9794=IFCCARTESIANPOINTLIST2D(((0.,0.),(0.,150.),(7924.8000000000002,150.),(7924.8000000000002,0.),(0.,0.)));
#9795=IFCINDEXEDPOLYCURVE(#9794,$,.F.);
#9796=IFCDIRECTION((0.,0.,1.));
#9797=IFCARBITRARYCLOSEDPROFILEDEF(.AREA.,$,#9795);
#9798=IFCCARTESIANPOINT((0.,0.,0.));
#9799=IFCDIRECTION((0.,0.,1.));
#9800=IFCDIRECTION((1.,0.,0.));
#9801=IFCAXIS2PLACEMENT3D(#9798,#9799,#9800);
#9802=IFCEXTRUDEDAREASOLID(#9797,#9801,#9796,3200.4000000000001);
#9803=IFCSHAPEREPRESENTATION(#11,'Body','SweptSolid',(#9802));
#9804=IFCPRODUCTDEFINITIONSHAPE($,$,(#9803));
#9810=IFCCARTESIANPOINT((52425.599999999999,21031.200000000001,17068.799999999999));
#9811=IFCDIRECTION((0.,0.,1.));
#9812=IFCDIRECTION((6.123233995736766E-17,1.,0.));
#9813=IFCAXIS2PLACEMENT3D(#9810,#9811,#9812);
#9814=IFCLOCALPLACEMENT($,#9813);
#9815=IFCWALL('3oAwPBxrbENh_plljMP5JL',$,'L5|ONEBR_A',$,$,#9836,#9826,$,$);
#9816=IFCCARTESIANPOINTLIST2D(((0.,0.),(0.,150.),(10363.200000000001,150.),(10363.200000000001,0.),(0.,0.)));
#9817=IFCINDEXEDPOLYCURVE(#9816,$,.F.);
#9818=IFCDIRECTION((0.,0.,1.));
#9819=IFCARBITRARYCLOSEDPROFILEDEF(.AREA.,$,#9817);
#9820=IFCCARTESIANPOINT((0.,0.,0.));
#9821=IFCDIRECTION((0.,0.,1.));
#9822=IFCDIRECTION((1.,0.,0.));
#9823=IFCAXIS2PLACEMENT3D(#9820,#9821,#9822);
#9824=IFCEXTRUDEDAREASOLID(#9819,#9823,#9818,3200.4000000000001);
#9825=IFCSHAPEREPRESENTATION(#11,'Body','SweptSolid',(#9824));
#9826=IFCPRODUCTDEFINITIONSHAPE($,$,(#9825));
#9832=IFCCARTESIANPOINT((30480.,22250.400000000001,17068.799999999999));
#9833=IFCDIRECTION((0.,0.,1.));
#9834=IFCDIRECTION((1.,0.,0.));
#9835=IFCAXIS2PLACEMENT3D(#9832,#9833,#9834);
#9836=IFCLOCALPLACEMENT($,#9835);
#9837=IFCWALL('21hVRuMDH1yAoys4$ZXbmu',$,'L5|ONEBR_A',$,$,#9858,#9848,$,$);
#9838=IFCCARTESIANPOINTLIST2D(((0.,0.),(0.,150.),(10363.200000000001,150.),(10363.200000000001,0.),(0.,0.)));
#9839=IFCINDEXEDPOLYCURVE(#9838,$,.F.);
#9840=IFCDIRECTION((0.,0.,1.));
#9841=IFCARBITRARYCLOSEDPROFILEDEF(.AREA.,$,#9839);
#9842=IFCCARTESIANPOINT((0.,0.,0.));
#9843=IFCDIRECTION((0.,0.,1.));
#9844=IFCDIRECTION((1.,0.,0.));
#9845=IFCAXIS2PLACEMENT3D(#9842,#9843,#9844);
#9846=IFCEXTRUDEDAREASOLID(#9841,#9845,#9840,3200.4000000000001);
#9847=IFCSHAPEREPRESENTATION(#11,'Body','SweptSolid',(#9846));
#9848=IFCPRODUCTDEFINITIONSHAPE($,$,(#9847));
#9854=IFCCARTESIANPOINT((30480.,31394.400000000001,17068.799999999999));
#9855=IFCDIRECTION((0.,0.,1.));
#9856=IFCDIRECTION((1.,0.,0.));
#9857=IFCAXIS2PLACEMENT3D(#9854,#9855,#9856);
#9858=IFCLOCALPLACEMENT($,#9857);
#9859=IFCWALL('3StvJmx65FG9Vr4_HKRXpm',$,'L5|ONEBR_A',$,$,#9880,#9870,$,$);
#9860=IFCCARTESIANPOINTLIST2D(((0.,0.),(0.,150.),(9144.,150.),(9144.,0.),(0.,0.)));
#9861=IFCINDEXEDPOLYCURVE(#9860,$,.F.);
#9862=IFCDIRECTION((0.,0.,1.));
#9863=IFCARBITRARYCLOSEDPROFILEDEF(.AREA.,$,#9861);
#9864=IFCCARTESIANPOINT((0.,0.,0.));
#9865=IFCDIRECTION((0.,0.,1.));
#9866=IFCDIRECTION((1.,0.,0.));
#9867=IFCAXIS2PLACEMENT3D(#9864,#9865,#9866);
#9868=IFCEXTRUDEDAREASOLID(#9863,#9867,#9862,3200.4000000000001);
#9869=IFCSHAPEREPRESENTATION(#11,'Body','SweptSolid',(#9868));
#9870=IFCPRODUCTDEFINITIONSHAPE($,$,(#9869));
#9876=IFCCARTESIANPOINT((30480.,22250.400000000001,17068.799999999999));
#9877=IFCDIRECTION((0.,0.,1.));
#9878=IFCDIRECTION((6.123233995736766E-17,1.,0.));
#9879=IFCAXIS2PLACEMENT3D(#9876,#9877,#9878);
#9880=IFCLOCALPLACEMENT($,#9879);
#9881=IFCWALL('0b6qk$SA53kA6$P5pmZIE8',$,'L5|ONEBR_A',$,$,#9902,#9892,$,$);
#9882=IFCCARTESIANPOINTLIST2D(((0.,0.),(0.,150.),(9144.,150.),(9144.,0.),(0.,0.)));
#9883=IFCINDEXEDPOLYCURVE(#9882,$,.F.);
#9884=IFCDIRECTION((0.,0.,1.));
#9885=IFCARBITRARYCLOSEDPROFILEDEF(.AREA.,$,#9883);
#9886=IFCCARTESIANPOINT((0.,0.,0.));
#9887=IFCDIRECTION((0.,0.,1.));
#9888=IFCDIRECTION((1.,0.,0.));
#9889=IFCAXIS2PLACEMENT3D(#9886,#9887,#9888);
#9890=IFCEXTRUDEDAREASOLID(#9885,#9889,#9884,3200.4000000000001);
#9891=IFCSHAPEREPRESENTATION(#11,'Body','SweptSolid',(#9890));
#9892=IFCPRODUCTDEFINITIONSHAPE($,$,(#9891));
#9898=IFCCARTESIANPOINT((40843.200000000004,22250.400000000001,17068.799999999999));
#9899=IFCDIRECTION((0.,0.,1.));
#9900=IFCDIRECTION((6.123233995736766E-17,1.,0.));
#9901=IFCAXIS2PLACEMENT3D(#9898,#9899,#9900);
#9902=IFCLOCALPLACEMENT($,#9901);
#9903=IFCWALL('2J5ALhzD14ROm1udto3qlt',$,'L5|TWOBR_A',$,$,#9924,#9914,$,$);
#9904=IFCCARTESIANPOINTLIST2D(((0.,0.),(0.,150.),(10972.800000000001,150.),(10972.800000000001,0.),(0.,0.)));
#9905=IFCINDEXEDPOLYCURVE(#9904,$,.F.);
#9906=IFCDIRECTION((0.,0.,1.));
#9907=IFCARBITRARYCLOSEDPROFILEDEF(.AREA.,$,#9905);
#9908=IFCCARTESIANPOINT((0.,0.,0.));
#9909=IFCDIRECTION((0.,0.,1.));
#9910=IFCDIRECTION((1.,0.,0.));
#9911=IFCAXIS2PLACEMENT3D(#9908,#9909,#9910);
#9912=IFCEXTRUDEDAREASOLID(#9907,#9911,#9906,3200.4000000000001);
#9913=IFCSHAPEREPRESENTATION(#11,'Body','SweptSolid',(#9912));
#9914=IFCPRODUCTDEFINITIONSHAPE($,$,(#9913));
#9920=IFCCARTESIANPOINT((15849.6,28956.000000000004,17068.799999999999));
#9921=IFCDIRECTION((0.,0.,1.));
#9922=IFCDIRECTION((1.,0.,0.));
#9923=IFCAXIS2PLACEMENT3D(#9920,#9921,#9922);
#9924=IFCLOCALPLACEMENT($,#9923);
#9925=IFCWALL('3xlVt7gz5DH8pIsDFbrCu7',$,'L5|TWOBR_A',$,$,#9946,#9936,$,$);
#9926=IFCCARTESIANPOINTLIST2D(((0.,0.),(0.,150.),(10972.800000000001,150.),(10972.800000000001,0.),(0.,0.)));
#9927=IFCINDEXEDPOLYCURVE(#9926,$,.F.);
#9928=IFCDIRECTION((0.,0.,1.));
#9929=IFCARBITRARYCLOSEDPROFILEDEF(.AREA.,$,#9927);
#9930=IFCCARTESIANPOINT((0.,0.,0.));
#9931=IFCDIRECTION((0.,0.,1.));
#9932=IFCDIRECTION((1.,0.,0.));
#9933=IFCAXIS2PLACEMENT3D(#9930,#9931,#9932);
#9934=IFCEXTRUDEDAREASOLID(#9929,#9933,#9928,3200.4000000000001);
#9935=IFCSHAPEREPRESENTATION(#11,'Body','SweptSolid',(#9934));
#9936=IFCPRODUCTDEFINITIONSHAPE($,$,(#9935));
#9942=IFCCARTESIANPOINT((15849.6,39319.200000000004,17068.799999999999));
#9943=IFCDIRECTION((0.,0.,1.));
#9944=IFCDIRECTION((1.,0.,0.));
#9945=IFCAXIS2PLACEMENT3D(#9942,#9943,#9944);
#9946=IFCLOCALPLACEMENT($,#9945);
#9947=IFCWALL('0FhI2MQgbAgxujjcJqUHGQ',$,'L5|TWOBR_A',$,$,#9968,#9958,$,$);
#9948=IFCCARTESIANPOINTLIST2D(((0.,0.),(0.,150.),(10363.200000000001,150.),(10363.200000000001,0.),(0.,0.)));
#9949=IFCINDEXEDPOLYCURVE(#9948,$,.F.);
#9950=IFCDIRECTION((0.,0.,1.));
#9951=IFCARBITRARYCLOSEDPROFILEDEF(.AREA.,$,#9949);
#9952=IFCCARTESIANPOINT((0.,0.,0.));
#9953=IFCDIRECTION((0.,0.,1.));
#9954=IFCDIRECTION((1.,0.,0.));
#9955=IFCAXIS2PLACEMENT3D(#9952,#9953,#9954);
#9956=IFCEXTRUDEDAREASOLID(#9951,#9955,#9950,3200.4000000000001);
#9957=IFCSHAPEREPRESENTATION(#11,'Body','SweptSolid',(#9956));
#9958=IFCPRODUCTDEFINITIONSHAPE($,$,(#9957));
#9964=IFCCARTESIANPOINT((15849.6,28956.000000000004,17068.799999999999));
#9965=IFCDIRECTION((0.,0.,1.));
#9966=IFCDIRECTION((6.123233995736766E-17,1.,0.));
#9967=IFCAXIS2PLACEMENT3D(#9964,#9965,#9966);
#9968=IFCLOCALPLACEMENT($,#9967);
#9969=IFCWALL('2U5v6VQ_jCr9qBCs0DRIEa',$,'L5|TWOBR_A',$,$,#9990,#9980,$,$);
#9970=IFCCARTESIANPOINTLIST2D(((0.,0.),(0.,150.),(10363.200000000001,150.),(10363.200000000001,0.),(0.,0.)));
#9971=IFCINDEXEDPOLYCURVE(#9970,$,.F.);
#9972=IFCDIRECTION((0.,0.,1.));
#9973=IFCARBITRARYCLOSEDPROFILEDEF(.AREA.,$,#9971);
#9974=IFCCARTESIANPOINT((0.,0.,0.));
#9975=IFCDIRECTION((0.,0.,1.));
#9976=IFCDIRECTION((1.,0.,0.));
#9977=IFCAXIS2PLACEMENT3D(#9974,#9975,#9976);
#9978=IFCEXTRUDEDAREASOLID(#9973,#9977,#9972,3200.4000000000001);
#9979=IFCSHAPEREPRESENTATION(#11,'Body','SweptSolid',(#9978));
#9980=IFCPRODUCTDEFINITIONSHAPE($,$,(#9979));
#9986=IFCCARTESIANPOINT((26822.400000000001,28956.000000000004,17068.799999999999));
#9987=IFCDIRECTION((0.,0.,1.));
#9988=IFCDIRECTION((6.123233995736766E-17,1.,0.));
#9989=IFCAXIS2PLACEMENT3D(#9986,#9987,#9988);
#9990=IFCLOCALPLACEMENT($,#9989);
#9991=IFCWALL('2DBwc5Ny9EEQN4ngh_IYRv',$,'L5|ONEBR_A',$,$,#10012,#10002,$,$);
#9992=IFCCARTESIANPOINTLIST2D(((0.,0.),(0.,150.),(10363.200000000001,150.),(10363.200000000001,0.),(0.,0.)));
#9993=IFCINDEXEDPOLYCURVE(#9992,$,.F.);
#9994=IFCDIRECTION((0.,0.,1.));
#9995=IFCARBITRARYCLOSEDPROFILEDEF(.AREA.,$,#9993);
#9996=IFCCARTESIANPOINT((0.,0.,0.));
#9997=IFCDIRECTION((0.,0.,1.));
#9998=IFCDIRECTION((1.,0.,0.));
#9999=IFCAXIS2PLACEMENT3D(#9996,#9997,#9998);
#10000=IFCEXTRUDEDAREASOLID(#9995,#9999,#9994,3200.4000000000001);
#10001=IFCSHAPEREPRESENTATION(#11,'Body','SweptSolid',(#10000));
#10002=IFCPRODUCTDEFINITIONSHAPE($,$,(#10001));
#10008=IFCCARTESIANPOINT((42672.,28956.000000000004,17068.799999999999));
#10009=IFCDIRECTION((0.,0.,1.));
#10010=IFCDIRECTION((1.,0.,0.));
#10011=IFCAXIS2PLACEMENT3D(#10008,#10009,#10010);
#10012=IFCLOCALPLACEMENT($,#10011);
#10013=IFCWALL('2bIHzBy6L1svS_50j4RMZF',$,'L5|ONEBR_A',$,$,#10034,#10024,$,$);
#10014=IFCCARTESIANPOINTLIST2D(((0.,0.),(0.,150.),(10363.200000000001,150.),(10363.200000000001,0.),(0.,0.)));
#10015=IFCINDEXEDPOLYCURVE(#10014,$,.F.);
#10016=IFCDIRECTION((0.,0.,1.));
#10017=IFCARBITRARYCLOSEDPROFILEDEF(.AREA.,$,#10015);
#10018=IFCCARTESIANPOINT((0.,0.,0.));
#10019=IFCDIRECTION((0.,0.,1.));
#10020=IFCDIRECTION((1.,0.,0.));
#10021=IFCAXIS2PLACEMENT3D(#10018,#10019,#10020);
#10022=IFCEXTRUDEDAREASOLID(#10017,#10021,#10016,3200.4000000000001);
#10023=IFCSHAPEREPRESENTATION(#11,'Body','SweptSolid',(#10022));
#10024=IFCPRODUCTDEFINITIONSHAPE($,$,(#10023));
#10030=IFCCARTESIANPOINT((42672.,38100.,17068.799999999999));
#10031=IFCDIRECTION((0.,0.,1.));
#10032=IFCDIRECTION((1.,0.,0.));
#10033=IFCAXIS2PLACEMENT3D(#10030,#10031,#10032);
#10034=IFCLOCALPLACEMENT($,#10033);
#10035=IFCWALL('38SGkRr617dxd1neZt8Hb5',$,'L5|ONEBR_A',$,$,#10056,#10046,$,$);
#10036=IFCCARTESIANPOINTLIST2D(((0.,0.),(0.,150.),(9144.,150.),(9144.,0.),(0.,0.)));
#10037=IFCINDEXEDPOLYCURVE(#10036,$,.F.);
#10038=IFCDIRECTION((0.,0.,1.));
#10039=IFCARBITRARYCLOSEDPROFILEDEF(.AREA.,$,#10037);
#10040=IFCCARTESIANPOINT((0.,0.,0.));
#10041=IFCDIRECTION((0.,0.,1.));
#10042=IFCDIRECTION((1.,0.,0.));
#10043=IFCAXIS2PLACEMENT3D(#10040,#10041,#10042);
#10044=IFCEXTRUDEDAREASOLID(#10039,#10043,#10038,3200.4000000000001);
#10045=IFCSHAPEREPRESENTATION(#11,'Body','SweptSolid',(#10044));
#10046=IFCPRODUCTDEFINITIONSHAPE($,$,(#10045));
#10052=IFCCARTESIANPOINT((42672.,28956.000000000004,17068.799999999999));
#10053=IFCDIRECTION((0.,0.,1.));
#10054=IFCDIRECTION((6.123233995736766E-17,1.,0.));
#10055=IFCAXIS2PLACEMENT3D(#10052,#10053,#10054);
#10056=IFCLOCALPLACEMENT($,#10055);
#10057=IFCWALL('2rSbHtsZXCXO1u6TDX2T3y',$,'L5|ONEBR_A',$,$,#10078,#10068,$,$);
#10058=IFCCARTESIANPOINTLIST2D(((0.,0.),(0.,150.),(9144.,150.),(9144.,0.),(0.,0.)));
#10059=IFCINDEXEDPOLYCURVE(#10058,$,.F.);
#10060=IFCDIRECTION((0.,0.,1.));
#10061=IFCARBITRARYCLOSEDPROFILEDEF(.AREA.,$,#10059);
#10062=IFCCARTESIANPOINT((0.,0.,0.));
#10063=IFCDIRECTION((0.,0.,1.));
#10064=IFCDIRECTION((1.,0.,0.));
#10065=IFCAXIS2PLACEMENT3D(#10062,#10063,#10064);
#10066=IFCEXTRUDEDAREASOLID(#10061,#10065,#10060,3200.4000000000001);
#10067=IFCSHAPEREPRESENTATION(#11,'Body','SweptSolid',(#10066));
#10068=IFCPRODUCTDEFINITIONSHAPE($,$,(#10067));
#10074=IFCCARTESIANPOINT((53035.200000000004,28956.000000000004,17068.799999999999));
#10075=IFCDIRECTION((0.,0.,1.));
#10076=IFCDIRECTION((6.123233995736766E-17,1.,0.));
#10077=IFCAXIS2PLACEMENT3D(#10074,#10075,#10076);
#10078=IFCLOCALPLACEMENT($,#10077);
#10079=IFCWALL('06pq582Un7ge9IJeINUKfH',$,'L5|TWOBR_A',$,$,#10100,#10090,$,$);
#10080=IFCCARTESIANPOINTLIST2D(((0.,0.),(0.,150.),(10972.800000000001,150.),(10972.800000000001,0.),(0.,0.)));
#10081=IFCINDEXEDPOLYCURVE(#10080,$,.F.);
#10082=IFCDIRECTION((0.,0.,1.));
#10083=IFCARBITRARYCLOSEDPROFILEDEF(.AREA.,$,#10081);
#10084=IFCCARTESIANPOINT((0.,0.,0.));
#10085=IFCDIRECTION((0.,0.,1.));
#10086=IFCDIRECTION((1.,0.,0.));
#10087=IFCAXIS2PLACEMENT3D(#10084,#10085,#10086);
#10088=IFCEXTRUDEDAREASOLID(#10083,#10087,#10082,3200.4000000000001);
#10089=IFCSHAPEREPRESENTATION(#11,'Body','SweptSolid',(#10088));
#10090=IFCPRODUCTDEFINITIONSHAPE($,$,(#10089));
#10096=IFCCARTESIANPOINT((3048.,31394.400000000001,17068.799999999999));
#10097=IFCDIRECTION((0.,0.,1.));
#10098=IFCDIRECTION((1.,0.,0.));
#10099=IFCAXIS2PLACEMENT3D(#10096,#10097,#10098);
#10100=IFCLOCALPLACEMENT($,#10099);
#10101=IFCWALL('3CZnDxJW9DoADR2M9c7d9o',$,'L5|TWOBR_A',$,$,#10122,#10112,$,$);
#10102=IFCCARTESIANPOINTLIST2D(((0.,0.),(0.,150.),(10972.800000000001,150.),(10972.800000000001,0.),(0.,0.)));
#10103=IFCINDEXEDPOLYCURVE(#10102,$,.F.);
#10104=IFCDIRECTION((0.,0.,1.));
#10105=IFCARBITRARYCLOSEDPROFILEDEF(.AREA.,$,#10103);
#10106=IFCCARTESIANPOINT((0.,0.,0.));
#10107=IFCDIRECTION((0.,0.,1.));
#10108=IFCDIRECTION((1.,0.,0.));
#10109=IFCAXIS2PLACEMENT3D(#10106,#10107,#10108);
#10110=IFCEXTRUDEDAREASOLID(#10105,#10109,#10104,3200.4000000000001);
#10111=IFCSHAPEREPRESENTATION(#11,'Body','SweptSolid',(#10110));
#10112=IFCPRODUCTDEFINITIONSHAPE($,$,(#10111));
#10118=IFCCARTESIANPOINT((3048.,41757.600000000006,17068.799999999999));
#10119=IFCDIRECTION((0.,0.,1.));
#10120=IFCDIRECTION((1.,0.,0.));
#10121=IFCAXIS2PLACEMENT3D(#10118,#10119,#10120);
#10122=IFCLOCALPLACEMENT($,#10121);
#10123=IFCWALL('2l22FRwkj5nx3UJ6RwDC$Q',$,'L5|TWOBR_A',$,$,#10144,#10134,$,$);
#10124=IFCCARTESIANPOINTLIST2D(((0.,0.),(0.,150.),(10363.200000000001,150.),(10363.200000000001,0.),(0.,0.)));
#10125=IFCINDEXEDPOLYCURVE(#10124,$,.F.);
#10126=IFCDIRECTION((0.,0.,1.));
#10127=IFCARBITRARYCLOSEDPROFILEDEF(.AREA.,$,#10125);
#10128=IFCCARTESIANPOINT((0.,0.,0.));
#10129=IFCDIRECTION((0.,0.,1.));
#10130=IFCDIRECTION((1.,0.,0.));
#10131=IFCAXIS2PLACEMENT3D(#10128,#10129,#10130);
#10132=IFCEXTRUDEDAREASOLID(#10127,#10131,#10126,3200.4000000000001);
#10133=IFCSHAPEREPRESENTATION(#11,'Body','SweptSolid',(#10132));
#10134=IFCPRODUCTDEFINITIONSHAPE($,$,(#10133));
#10140=IFCCARTESIANPOINT((3048.,31394.400000000001,17068.799999999999));
#10141=IFCDIRECTION((0.,0.,1.));
#10142=IFCDIRECTION((6.123233995736766E-17,1.,0.));
#10143=IFCAXIS2PLACEMENT3D(#10140,#10141,#10142);
#10144=IFCLOCALPLACEMENT($,#10143);
#10145=IFCWALL('1fwG30cCTBl8vgjt8FmLdJ',$,'L5|TWOBR_A',$,$,#10166,#10156,$,$);
#10146=IFCCARTESIANPOINTLIST2D(((0.,0.),(0.,150.),(10363.200000000001,150.),(10363.200000000001,0.),(0.,0.)));
#10147=IFCINDEXEDPOLYCURVE(#10146,$,.F.);
#10148=IFCDIRECTION((0.,0.,1.));
#10149=IFCARBITRARYCLOSEDPROFILEDEF(.AREA.,$,#10147);
#10150=IFCCARTESIANPOINT((0.,0.,0.));
#10151=IFCDIRECTION((0.,0.,1.));
#10152=IFCDIRECTION((1.,0.,0.));
#10153=IFCAXIS2PLACEMENT3D(#10150,#10151,#10152);
#10154=IFCEXTRUDEDAREASOLID(#10149,#10153,#10148,3200.4000000000001);
#10155=IFCSHAPEREPRESENTATION(#11,'Body','SweptSolid',(#10154));
#10156=IFCPRODUCTDEFINITIONSHAPE($,$,(#10155));
#10162=IFCCARTESIANPOINT((14020.800000000001,31394.400000000001,17068.799999999999));
#10163=IFCDIRECTION((0.,0.,1.));
#10164=IFCDIRECTION((6.123233995736766E-17,1.,0.));
#10165=IFCAXIS2PLACEMENT3D(#10162,#10163,#10164);
#10166=IFCLOCALPLACEMENT($,#10165);
#10167=IFCWALL('2sgXQLN651YhnVIJOiF2vN',$,'L5|STUDIO_A',$,$,#10188,#10178,$,$);
#10168=IFCCARTESIANPOINTLIST2D(((0.,0.),(0.,150.),(9753.6000000000004,150.),(9753.6000000000004,0.),(0.,0.)));
#10169=IFCINDEXEDPOLYCURVE(#10168,$,.F.);
#10170=IFCDIRECTION((0.,0.,1.));
#10171=IFCARBITRARYCLOSEDPROFILEDEF(.AREA.,$,#10169);
#10172=IFCCARTESIANPOINT((0.,0.,0.));
#10173=IFCDIRECTION((0.,0.,1.));
#10174=IFCDIRECTION((1.,0.,0.));
#10175=IFCAXIS2PLACEMENT3D(#10172,#10173,#10174);
#10176=IFCEXTRUDEDAREASOLID(#10171,#10175,#10170,3200.4000000000001);
#10177=IFCSHAPEREPRESENTATION(#11,'Body','SweptSolid',(#10176));
#10178=IFCPRODUCTDEFINITIONSHAPE($,$,(#10177));
#10184=IFCCARTESIANPOINT((31089.599999999999,31394.400000000001,17068.799999999999));
#10185=IFCDIRECTION((0.,0.,1.));
#10186=IFCDIRECTION((1.,0.,0.));
#10187=IFCAXIS2PLACEMENT3D(#10184,#10185,#10186);
#10188=IFCLOCALPLACEMENT($,#10187);
#10189=IFCWALL('3lBSfDuInCVB88N0LLzFhj',$,'L5|STUDIO_A',$,$,#10210,#10200,$,$);
#10190=IFCCARTESIANPOINTLIST2D(((0.,0.),(0.,150.),(9753.6000000000004,150.),(9753.6000000000004,0.),(0.,0.)));
#10191=IFCINDEXEDPOLYCURVE(#10190,$,.F.);
#10192=IFCDIRECTION((0.,0.,1.));
#10193=IFCARBITRARYCLOSEDPROFILEDEF(.AREA.,$,#10191);
#10194=IFCCARTESIANPOINT((0.,0.,0.));
#10195=IFCDIRECTION((0.,0.,1.));
#10196=IFCDIRECTION((1.,0.,0.));
#10197=IFCAXIS2PLACEMENT3D(#10194,#10195,#10196);
#10198=IFCEXTRUDEDAREASOLID(#10193,#10197,#10192,3200.4000000000001);
#10199=IFCSHAPEREPRESENTATION(#11,'Body','SweptSolid',(#10198));
#10200=IFCPRODUCTDEFINITIONSHAPE($,$,(#10199));
#10206=IFCCARTESIANPOINT((31089.599999999999,39319.200000000004,17068.799999999999));
#10207=IFCDIRECTION((0.,0.,1.));
#10208=IFCDIRECTION((1.,0.,0.));
#10209=IFCAXIS2PLACEMENT3D(#10206,#10207,#10208);
#10210=IFCLOCALPLACEMENT($,#10209);
#10211=IFCWALL('3H6Y6uoCrD7gcse4BSWvxP',$,'L5|STUDIO_A',$,$,#10232,#10222,$,$);
#10212=IFCCARTESIANPOINTLIST2D(((0.,0.),(0.,150.),(7924.8000000000002,150.),(7924.8000000000002,0.),(0.,0.)));
#10213=IFCINDEXEDPOLYCURVE(#10212,$,.F.);
#10214=IFCDIRECTION((0.,0.,1.));
#10215=IFCARBITRARYCLOSEDPROFILEDEF(.AREA.,$,#10213);
#10216=IFCCARTESIANPOINT((0.,0.,0.));
#10217=IFCDIRECTION((0.,0.,1.));
#10218=IFCDIRECTION((1.,0.,0.));
#10219=IFCAXIS2PLACEMENT3D(#10216,#10217,#10218);
#10220=IFCEXTRUDEDAREASOLID(#10215,#10219,#10214,3200.4000000000001);
#10221=IFCSHAPEREPRESENTATION(#11,'Body','SweptSolid',(#10220));
#10222=IFCPRODUCTDEFINITIONSHAPE($,$,(#10221));
#10228=IFCCARTESIANPOINT((31089.599999999999,31394.400000000001,17068.799999999999));
#10229=IFCDIRECTION((0.,0.,1.));
#10230=IFCDIRECTION((6.123233995736766E-17,1.,0.));
#10231=IFCAXIS2PLACEMENT3D(#10228,#10229,#10230);
#10232=IFCLOCALPLACEMENT($,#10231);
#10233=IFCWALL('0Vdph3H11DLOJf1TSY$1WA',$,'L5|STUDIO_A',$,$,#10254,#10244,$,$);
#10234=IFCCARTESIANPOINTLIST2D(((0.,0.),(0.,150.),(7924.8000000000002,150.),(7924.8000000000002,0.),(0.,0.)));
#10235=IFCINDEXEDPOLYCURVE(#10234,$,.F.);
#10236=IFCDIRECTION((0.,0.,1.));
#10237=IFCARBITRARYCLOSEDPROFILEDEF(.AREA.,$,#10235);
#10238=IFCCARTESIANPOINT((0.,0.,0.));
#10239=IFCDIRECTION((0.,0.,1.));
#10240=IFCDIRECTION((1.,0.,0.));
#10241=IFCAXIS2PLACEMENT3D(#10238,#10239,#10240);
#10242=IFCEXTRUDEDAREASOLID(#10237,#10241,#10236,3200.4000000000001);
#10243=IFCSHAPEREPRESENTATION(#11,'Body','SweptSolid',(#10242));
#10244=IFCPRODUCTDEFINITIONSHAPE($,$,(#10243));
#10250=IFCCARTESIANPOINT((40843.200000000004,31394.400000000001,17068.799999999999));
#10251=IFCDIRECTION((0.,0.,1.));
#10252=IFCDIRECTION((6.123233995736766E-17,1.,0.));
#10253=IFCAXIS2PLACEMENT3D(#10250,#10251,#10252);
#10254=IFCLOCALPLACEMENT($,#10253);
#10255=IFCWALL('1MWnkiEMv1hBrX_G$SYgPJ',$,'L5|ONEBR_A',$,$,#10276,#10266,$,$);
#10256=IFCCARTESIANPOINTLIST2D(((0.,0.),(0.,150.),(10363.200000000001,150.),(10363.200000000001,0.),(0.,0.)));
#10257=IFCINDEXEDPOLYCURVE(#10256,$,.F.);
#10258=IFCDIRECTION((0.,0.,1.));
#10259=IFCARBITRARYCLOSEDPROFILEDEF(.AREA.,$,#10257);
#10260=IFCCARTESIANPOINT((0.,0.,0.));
#10261=IFCDIRECTION((0.,0.,1.));
#10262=IFCDIRECTION((1.,0.,0.));
#10263=IFCAXIS2PLACEMENT3D(#10260,#10261,#10262);
#10264=IFCEXTRUDEDAREASOLID(#10259,#10263,#10258,3200.4000000000001);
#10265=IFCSHAPEREPRESENTATION(#11,'Body','SweptSolid',(#10264));
#10266=IFCPRODUCTDEFINITIONSHAPE($,$,(#10265));
#10272=IFCCARTESIANPOINT((42672.,38100.,17068.799999999999));
#10273=IFCDIRECTION((0.,0.,1.));
#10274=IFCDIRECTION((1.,0.,0.));
#10275=IFCAXIS2PLACEMENT3D(#10272,#10273,#10274);
#10276=IFCLOCALPLACEMENT($,#10275);
#10277=IFCWALL('2KIUzB6P59PQyp90Fo$MJx',$,'L5|ONEBR_A',$,$,#10298,#10288,$,$);
#10278=IFCCARTESIANPOINTLIST2D(((0.,0.),(0.,150.),(10363.200000000001,150.),(10363.200000000001,0.),(0.,0.)));
#10279=IFCINDEXEDPOLYCURVE(#10278,$,.F.);
#10280=IFCDIRECTION((0.,0.,1.));
#10281=IFCARBITRARYCLOSEDPROFILEDEF(.AREA.,$,#10279);
#10282=IFCCARTESIANPOINT((0.,0.,0.));
#10283=IFCDIRECTION((0.,0.,1.));
#10284=IFCDIRECTION((1.,0.,0.));
#10285=IFCAXIS2PLACEMENT3D(#10282,#10283,#10284);
#10286=IFCEXTRUDEDAREASOLID(#10281,#10285,#10280,3200.4000000000001);
#10287=IFCSHAPEREPRESENTATION(#11,'Body','SweptSolid',(#10286));
#10288=IFCPRODUCTDEFINITIONSHAPE($,$,(#10287));
#10294=IFCCARTESIANPOINT((42672.,47244.,17068.799999999999));
#10295=IFCDIRECTION((0.,0.,1.));
#10296=IFCDIRECTION((1.,0.,0.));
#10297=IFCAXIS2PLACEMENT3D(#10294,#10295,#10296);
#10298=IFCLOCALPLACEMENT($,#10297);
#10299=IFCWALL('0vFOPG6mLCe8x7BaZjP4KU',$,'L5|ONEBR_A',$,$,#10320,#10310,$,$);
#10300=IFCCARTESIANPOINTLIST2D(((0.,0.),(0.,150.),(9144.,150.),(9144.,0.),(0.,0.)));
#10301=IFCINDEXEDPOLYCURVE(#10300,$,.F.);
#10302=IFCDIRECTION((0.,0.,1.));
#10303=IFCARBITRARYCLOSEDPROFILEDEF(.AREA.,$,#10301);
#10304=IFCCARTESIANPOINT((0.,0.,0.));
#10305=IFCDIRECTION((0.,0.,1.));
#10306=IFCDIRECTION((1.,0.,0.));
#10307=IFCAXIS2PLACEMENT3D(#10304,#10305,#10306);
#10308=IFCEXTRUDEDAREASOLID(#10303,#10307,#10302,3200.4000000000001);
#10309=IFCSHAPEREPRESENTATION(#11,'Body','SweptSolid',(#10308));
#10310=IFCPRODUCTDEFINITIONSHAPE($,$,(#10309));
#10316=IFCCARTESIANPOINT((42672.,38100.,17068.799999999999));
#10317=IFCDIRECTION((0.,0.,1.));
#10318=IFCDIRECTION((6.123233995736766E-17,1.,0.));
#10319=IFCAXIS2PLACEMENT3D(#10316,#10317,#10318);
#10320=IFCLOCALPLACEMENT($,#10319);
#10321=IFCWALL('2gdU9bS5nD6BOCBnvlGZ92',$,'L5|ONEBR_A',$,$,#10342,#10332,$,$);
#10322=IFCCARTESIANPOINTLIST2D(((0.,0.),(0.,150.),(9144.,150.),(9144.,0.),(0.,0.)));
#10323=IFCINDEXEDPOLYCURVE(#10322,$,.F.);
#10324=IFCDIRECTION((0.,0.,1.));
#10325=IFCARBITRARYCLOSEDPROFILEDEF(.AREA.,$,#10323);
#10326=IFCCARTESIANPOINT((0.,0.,0.));
#10327=IFCDIRECTION((0.,0.,1.));
#10328=IFCDIRECTION((1.,0.,0.));
#10329=IFCAXIS2PLACEMENT3D(#10326,#10327,#10328);
#10330=IFCEXTRUDEDAREASOLID(#10325,#10329,#10324,3200.4000000000001);
#10331=IFCSHAPEREPRESENTATION(#11,'Body','SweptSolid',(#10330));
#10332=IFCPRODUCTDEFINITIONSHAPE($,$,(#10331));
#10338=IFCCARTESIANPOINT((53035.200000000004,38100.,17068.799999999999));
#10339=IFCDIRECTION((0.,0.,1.));
#10340=IFCDIRECTION((6.123233995736766E-17,1.,0.));
#10341=IFCAXIS2PLACEMENT3D(#10338,#10339,#10340);
#10342=IFCLOCALPLACEMENT($,#10341);
#10343=IFCWALL('36IufQwkn5COVJKzsap$by',$,'L5|ONEBR_A',$,$,#10364,#10354,$,$);
#10344=IFCCARTESIANPOINTLIST2D(((0.,0.),(0.,150.),(10363.200000000001,150.),(10363.200000000001,0.),(0.,0.)));
#10345=IFCINDEXEDPOLYCURVE(#10344,$,.F.);
#10346=IFCDIRECTION((0.,0.,1.));
#10347=IFCARBITRARYCLOSEDPROFILEDEF(.AREA.,$,#10345);
#10348=IFCCARTESIANPOINT((0.,0.,0.));
#10349=IFCDIRECTION((0.,0.,1.));
#10350=IFCDIRECTION((1.,0.,0.));
#10351=IFCAXIS2PLACEMENT3D(#10348,#10349,#10350);
#10352=IFCEXTRUDEDAREASOLID(#10347,#10351,#10346,3200.4000000000001);
#10353=IFCSHAPEREPRESENTATION(#11,'Body','SweptSolid',(#10352));
#10354=IFCPRODUCTDEFINITIONSHAPE($,$,(#10353));
#10360=IFCCARTESIANPOINT((15849.6,39319.200000000004,17068.799999999999));
#10361=IFCDIRECTION((0.,0.,1.));
#10362=IFCDIRECTION((1.,0.,0.));
#10363=IFCAXIS2PLACEMENT3D(#10360,#10361,#10362);
#10364=IFCLOCALPLACEMENT($,#10363);
#10365=IFCWALL('20ykQNMoH4fuz50YD$gEBi',$,'L5|ONEBR_A',$,$,#10386,#10376,$,$);
#10366=IFCCARTESIANPOINTLIST2D(((0.,0.),(0.,150.),(10363.200000000001,150.),(10363.200000000001,0.),(0.,0.)));
#10367=IFCINDEXEDPOLYCURVE(#10366,$,.F.);
#10368=IFCDIRECTION((0.,0.,1.));
#10369=IFCARBITRARYCLOSEDPROFILEDEF(.AREA.,$,#10367);
#10370=IFCCARTESIANPOINT((0.,0.,0.));
#10371=IFCDIRECTION((0.,0.,1.));
#10372=IFCDIRECTION((1.,0.,0.));
#10373=IFCAXIS2PLACEMENT3D(#10370,#10371,#10372);
#10374=IFCEXTRUDEDAREASOLID(#10369,#10373,#10368,3200.4000000000001);
#10375=IFCSHAPEREPRESENTATION(#11,'Body','SweptSolid',(#10374));
#10376=IFCPRODUCTDEFINITIONSHAPE($,$,(#10375));
#10382=IFCCARTESIANPOINT((15849.6,48463.199999999997,17068.799999999999));
#10383=IFCDIRECTION((0.,0.,1.));
#10384=IFCDIRECTION((1.,0.,0.));
#10385=IFCAXIS2PLACEMENT3D(#10382,#10383,#10384);
#10386=IFCLOCALPLACEMENT($,#10385);
#10387=IFCWALL('139nrUuX19$h8w8vRRRbQw',$,'L5|ONEBR_A',$,$,#10408,#10398,$,$);
#10388=IFCCARTESIANPOINTLIST2D(((0.,0.),(0.,150.),(9144.,150.),(9144.,0.),(0.,0.)));
#10389=IFCINDEXEDPOLYCURVE(#10388,$,.F.);
#10390=IFCDIRECTION((0.,0.,1.));
#10391=IFCARBITRARYCLOSEDPROFILEDEF(.AREA.,$,#10389);
#10392=IFCCARTESIANPOINT((0.,0.,0.));
#10393=IFCDIRECTION((0.,0.,1.));
#10394=IFCDIRECTION((1.,0.,0.));
#10395=IFCAXIS2PLACEMENT3D(#10392,#10393,#10394);
#10396=IFCEXTRUDEDAREASOLID(#10391,#10395,#10390,3200.4000000000001);
#10397=IFCSHAPEREPRESENTATION(#11,'Body','SweptSolid',(#10396));
#10398=IFCPRODUCTDEFINITIONSHAPE($,$,(#10397));
#10404=IFCCARTESIANPOINT((15849.6,39319.200000000004,17068.799999999999));
#10405=IFCDIRECTION((0.,0.,1.));
#10406=IFCDIRECTION((6.123233995736766E-17,1.,0.));
#10407=IFCAXIS2PLACEMENT3D(#10404,#10405,#10406);
#10408=IFCLOCALPLACEMENT($,#10407);
#10409=IFCWALL('2zmiLDhwXEJvqDQ6edoIl6',$,'L5|ONEBR_A',$,$,#10430,#10420,$,$);
#10410=IFCCARTESIANPOINTLIST2D(((0.,0.),(0.,150.),(9144.,150.),(9144.,0.),(0.,0.)));
#10411=IFCINDEXEDPOLYCURVE(#10410,$,.F.);
#10412=IFCDIRECTION((0.,0.,1.));
#10413=IFCARBITRARYCLOSEDPROFILEDEF(.AREA.,$,#10411);
#10414=IFCCARTESIANPOINT((0.,0.,0.));
#10415=IFCDIRECTION((0.,0.,1.));
#10416=IFCDIRECTION((1.,0.,0.));
#10417=IFCAXIS2PLACEMENT3D(#10414,#10415,#10416);
#10418=IFCEXTRUDEDAREASOLID(#10413,#10417,#10412,3200.4000000000001);
#10419=IFCSHAPEREPRESENTATION(#11,'Body','SweptSolid',(#10418));
#10420=IFCPRODUCTDEFINITIONSHAPE($,$,(#10419));
#10426=IFCCARTESIANPOINT((26212.799999999999,39319.200000000004,17068.799999999999));
#10427=IFCDIRECTION((0.,0.,1.));
#10428=IFCDIRECTION((6.123233995736766E-17,1.,0.));
#10429=IFCAXIS2PLACEMENT3D(#10426,#10427,#10428);
#10430=IFCLOCALPLACEMENT($,#10429);
#10431=IFCWALL('0qVQa4I9f3NhPxRKhl2fNa',$,'L5|TWOBR_A',$,$,#10452,#10442,$,$);
#10432=IFCCARTESIANPOINTLIST2D(((0.,0.),(0.,150.),(10972.800000000001,150.),(10972.800000000001,0.),(0.,0.)));
#10433=IFCINDEXEDPOLYCURVE(#10432,$,.F.);
#10434=IFCDIRECTION((0.,0.,1.));
#10435=IFCARBITRARYCLOSEDPROFILEDEF(.AREA.,$,#10433);
#10436=IFCCARTESIANPOINT((0.,0.,0.));
#10437=IFCDIRECTION((0.,0.,1.));
#10438=IFCDIRECTION((1.,0.,0.));
#10439=IFCAXIS2PLACEMENT3D(#10436,#10437,#10438);
#10440=IFCEXTRUDEDAREASOLID(#10435,#10439,#10434,3200.4000000000001);
#10441=IFCSHAPEREPRESENTATION(#11,'Body','SweptSolid',(#10440));
#10442=IFCPRODUCTDEFINITIONSHAPE($,$,(#10441));
#10448=IFCCARTESIANPOINT((29870.399999999998,39319.200000000004,17068.799999999999));
#10449=IFCDIRECTION((0.,0.,1.));
#10450=IFCDIRECTION((1.,0.,0.));
#10451=IFCAXIS2PLACEMENT3D(#10448,#10449,#10450);
#10452=IFCLOCALPLACEMENT($,#10451);
#10453=IFCWALL('1kDSunnPrAkwAHtEnAO36I',$,'L5|TWOBR_A',$,$,#10474,#10464,$,$);
#10454=IFCCARTESIANPOINTLIST2D(((0.,0.),(0.,150.),(10972.800000000001,150.),(10972.800000000001,0.),(0.,0.)));
#10455=IFCINDEXEDPOLYCURVE(#10454,$,.F.);
#10456=IFCDIRECTION((0.,0.,1.));
#10457=IFCARBITRARYCLOSEDPROFILEDEF(.AREA.,$,#10455);
#10458=IFCCARTESIANPOINT((0.,0.,0.));
#10459=IFCDIRECTION((0.,0.,1.));
#10460=IFCDIRECTION((1.,0.,0.));
#10461=IFCAXIS2PLACEMENT3D(#10458,#10459,#10460);
#10462=IFCEXTRUDEDAREASOLID(#10457,#10461,#10456,3200.4000000000001);
#10463=IFCSHAPEREPRESENTATION(#11,'Body','SweptSolid',(#10462));
#10464=IFCPRODUCTDEFINITIONSHAPE($,$,(#10463));
#10470=IFCCARTESIANPOINT((29870.399999999998,49682.400000000001,17068.799999999999));
#10471=IFCDIRECTION((0.,0.,1.));
#10472=IFCDIRECTION((1.,0.,0.));
#10473=IFCAXIS2PLACEMENT3D(#10470,#10471,#10472);
#10474=IFCLOCALPLACEMENT($,#10473);
#10475=IFCWALL('2mUAL7y2593v2L8USCc9tW',$,'L5|TWOBR_A',$,$,#10496,#10486,$,$);
#10476=IFCCARTESIANPOINTLIST2D(((0.,0.),(0.,150.),(10363.200000000001,150.),(10363.200000000001,0.),(0.,0.)));
#10477=IFCINDEXEDPOLYCURVE(#10476,$,.F.);
#10478=IFCDIRECTION((0.,0.,1.));
#10479=IFCARBITRARYCLOSEDPROFILEDEF(.AREA.,$,#10477);
#10480=IFCCARTESIANPOINT((0.,0.,0.));
#10481=IFCDIRECTION((0.,0.,1.));
#10482=IFCDIRECTION((1.,0.,0.));
#10483=IFCAXIS2PLACEMENT3D(#10480,#10481,#10482);
#10484=IFCEXTRUDEDAREASOLID(#10479,#10483,#10478,3200.4000000000001);
#10485=IFCSHAPEREPRESENTATION(#11,'Body','SweptSolid',(#10484));
#10486=IFCPRODUCTDEFINITIONSHAPE($,$,(#10485));
#10492=IFCCARTESIANPOINT((29870.399999999998,39319.200000000004,17068.799999999999));
#10493=IFCDIRECTION((0.,0.,1.));
#10494=IFCDIRECTION((6.123233995736766E-17,1.,0.));
#10495=IFCAXIS2PLACEMENT3D(#10492,#10493,#10494);
#10496=IFCLOCALPLACEMENT($,#10495);
#10497=IFCWALL('27EUywSkT1O8sDiTpuxt9c',$,'L5|TWOBR_A',$,$,#10518,#10508,$,$);
#10498=IFCCARTESIANPOINTLIST2D(((0.,0.),(0.,150.),(10363.200000000001,150.),(10363.200000000001,0.),(0.,0.)));
#10499=IFCINDEXEDPOLYCURVE(#10498,$,.F.);
#10500=IFCDIRECTION((0.,0.,1.));
#10501=IFCARBITRARYCLOSEDPROFILEDEF(.AREA.,$,#10499);
#10502=IFCCARTESIANPOINT((0.,0.,0.));
#10503=IFCDIRECTION((0.,0.,1.));
#10504=IFCDIRECTION((1.,0.,0.));
#10505=IFCAXIS2PLACEMENT3D(#10502,#10503,#10504);
#10506=IFCEXTRUDEDAREASOLID(#10501,#10505,#10500,3200.4000000000001);
#10507=IFCSHAPEREPRESENTATION(#11,'Body','SweptSolid',(#10506));
#10508=IFCPRODUCTDEFINITIONSHAPE($,$,(#10507));
#10514=IFCCARTESIANPOINT((40843.200000000004,39319.200000000004,17068.799999999999));
#10515=IFCDIRECTION((0.,0.,1.));
#10516=IFCDIRECTION((6.123233995736766E-17,1.,0.));
#10517=IFCAXIS2PLACEMENT3D(#10514,#10515,#10516);
#10518=IFCLOCALPLACEMENT($,#10517);
#10519=IFCWALL('0edwI9iKb6_wcjsFSboz7h',$,'L5|STUDIO_A',$,$,#10540,#10530,$,$);
#10520=IFCCARTESIANPOINTLIST2D(((0.,0.),(0.,150.),(9753.6000000000004,150.),(9753.6000000000004,0.),(0.,0.)));
#10521=IFCINDEXEDPOLYCURVE(#10520,$,.F.);
#10522=IFCDIRECTION((0.,0.,1.));
#10523=IFCARBITRARYCLOSEDPROFILEDEF(.AREA.,$,#10521);
#10524=IFCCARTESIANPOINT((0.,0.,0.));
#10525=IFCDIRECTION((0.,0.,1.));
#10526=IFCDIRECTION((1.,0.,0.));
#10527=IFCAXIS2PLACEMENT3D(#10524,#10525,#10526);
#10528=IFCEXTRUDEDAREASOLID(#10523,#10527,#10522,3200.4000000000001);
#10529=IFCSHAPEREPRESENTATION(#11,'Body','SweptSolid',(#10528));
#10530=IFCPRODUCTDEFINITIONSHAPE($,$,(#10529));
#10536=IFCCARTESIANPOINT((4267.1999999999998,41757.600000000006,17068.799999999999));
#10537=IFCDIRECTION((0.,0.,1.));
#10538=IFCDIRECTION((1.,0.,0.));
#10539=IFCAXIS2PLACEMENT3D(#10536,#10537,#10538);
#10540=IFCLOCALPLACEMENT($,#10539);
#10541=IFCWALL('23Z5ft9O55ZQ7TN9RROn9C',$,'L5|STUDIO_A',$,$,#10562,#10552,$,$);
#10542=IFCCARTESIANPOINTLIST2D(((0.,0.),(0.,150.),(9753.6000000000004,150.),(9753.6000000000004,0.),(0.,0.)));
#10543=IFCINDEXEDPOLYCURVE(#10542,$,.F.);
#10544=IFCDIRECTION((0.,0.,1.));
#10545=IFCARBITRARYCLOSEDPROFILEDEF(.AREA.,$,#10543);
#10546=IFCCARTESIANPOINT((0.,0.,0.));
#10547=IFCDIRECTION((0.,0.,1.));
#10548=IFCDIRECTION((1.,0.,0.));
#10549=IFCAXIS2PLACEMENT3D(#10546,#10547,#10548);
#10550=IFCEXTRUDEDAREASOLID(#10545,#10549,#10544,3200.4000000000001);
#10551=IFCSHAPEREPRESENTATION(#11,'Body','SweptSolid',(#10550));
#10552=IFCPRODUCTDEFINITIONSHAPE($,$,(#10551));
#10558=IFCCARTESIANPOINT((4267.1999999999998,49682.400000000001,17068.799999999999));
#10559=IFCDIRECTION((0.,0.,1.));
#10560=IFCDIRECTION((1.,0.,0.));
#10561=IFCAXIS2PLACEMENT3D(#10558,#10559,#10560);
#10562=IFCLOCALPLACEMENT($,#10561);
#10563=IFCWALL('0dDgu9EpnFcPLB07Vg$cZx',$,'L5|STUDIO_A',$,$,#10584,#10574,$,$);
#10564=IFCCARTESIANPOINTLIST2D(((0.,0.),(0.,150.),(7924.8000000000002,150.),(7924.8000000000002,0.),(0.,0.)));
#10565=IFCINDEXEDPOLYCURVE(#10564,$,.F.);
#10566=IFCDIRECTION((0.,0.,1.));
#10567=IFCARBITRARYCLOSEDPROFILEDEF(.AREA.,$,#10565);
#10568=IFCCARTESIANPOINT((0.,0.,0.));
#10569=IFCDIRECTION((0.,0.,1.));
#10570=IFCDIRECTION((1.,0.,0.));
#10571=IFCAXIS2PLACEMENT3D(#10568,#10569,#10570);
#10572=IFCEXTRUDEDAREASOLID(#10567,#10571,#10566,3200.4000000000001);
#10573=IFCSHAPEREPRESENTATION(#11,'Body','SweptSolid',(#10572));
#10574=IFCPRODUCTDEFINITIONSHAPE($,$,(#10573));
#10580=IFCCARTESIANPOINT((4267.1999999999998,41757.600000000006,17068.799999999999));
#10581=IFCDIRECTION((0.,0.,1.));
#10582=IFCDIRECTION((6.123233995736766E-17,1.,0.));
#10583=IFCAXIS2PLACEMENT3D(#10580,#10581,#10582);
#10584=IFCLOCALPLACEMENT($,#10583);
#10585=IFCWALL('3AbxhVRbv8ofPNZCMjSpAR',$,'L5|STUDIO_A',$,$,#10606,#10596,$,$);
#10586=IFCCARTESIANPOINTLIST2D(((0.,0.),(0.,150.),(7924.8000000000002,150.),(7924.8000000000002,0.),(0.,0.)));
#10587=IFCINDEXEDPOLYCURVE(#10586,$,.F.);
#10588=IFCDIRECTION((0.,0.,1.));
#10589=IFCARBITRARYCLOSEDPROFILEDEF(.AREA.,$,#10587);
#10590=IFCCARTESIANPOINT((0.,0.,0.));
#10591=IFCDIRECTION((0.,0.,1.));
#10592=IFCDIRECTION((1.,0.,0.));
#10593=IFCAXIS2PLACEMENT3D(#10590,#10591,#10592);
#10594=IFCEXTRUDEDAREASOLID(#10589,#10593,#10588,3200.4000000000001);
#10595=IFCSHAPEREPRESENTATION(#11,'Body','SweptSolid',(#10594));
#10596=IFCPRODUCTDEFINITIONSHAPE($,$,(#10595));
#10602=IFCCARTESIANPOINT((14020.800000000001,41757.600000000006,17068.799999999999));
#10603=IFCDIRECTION((0.,0.,1.));
#10604=IFCDIRECTION((6.123233995736766E-17,1.,0.));
#10605=IFCAXIS2PLACEMENT3D(#10602,#10603,#10604);
#10606=IFCLOCALPLACEMENT($,#10605);
#10607=IFCWALL('3p1RvW5Sr2F8TjOImwuNln',$,'L5|ONEBR_A',$,$,#10628,#10618,$,$);
#10608=IFCCARTESIANPOINTLIST2D(((0.,0.),(0.,150.),(10363.200000000001,150.),(10363.200000000001,0.),(0.,0.)));
#10609=IFCINDEXEDPOLYCURVE(#10608,$,.F.);
#10610=IFCDIRECTION((0.,0.,1.));
#10611=IFCARBITRARYCLOSEDPROFILEDEF(.AREA.,$,#10609);
#10612=IFCCARTESIANPOINT((0.,0.,0.));
#10613=IFCDIRECTION((0.,0.,1.));
#10614=IFCDIRECTION((1.,0.,0.));
#10615=IFCAXIS2PLACEMENT3D(#10612,#10613,#10614);
#10616=IFCEXTRUDEDAREASOLID(#10611,#10615,#10610,3200.4000000000001);
#10617=IFCSHAPEREPRESENTATION(#11,'Body','SweptSolid',(#10616));
#10618=IFCPRODUCTDEFINITIONSHAPE($,$,(#10617));
#10624=IFCCARTESIANPOINT((42672.,47244.,17068.799999999999));
#10625=IFCDIRECTION((0.,0.,1.));
#10626=IFCDIRECTION((1.,0.,0.));
#10627=IFCAXIS2PLACEMENT3D(#10624,#10625,#10626);
#10628=IFCLOCALPLACEMENT($,#10627);
#10629=IFCWALL('0LVtxNCGb83xzA5jUiu8mW',$,'L5|ONEBR_A',$,$,#10650,#10640,$,$);
#10630=IFCCARTESIANPOINTLIST2D(((0.,0.),(0.,150.),(10363.200000000001,150.),(10363.200000000001,0.),(0.,0.)));
#10631=IFCINDEXEDPOLYCURVE(#10630,$,.F.);
#10632=IFCDIRECTION((0.,0.,1.));
#10633=IFCARBITRARYCLOSEDPROFILEDEF(.AREA.,$,#10631);
#10634=IFCCARTESIANPOINT((0.,0.,0.));
#10635=IFCDIRECTION((0.,0.,1.));
#10636=IFCDIRECTION((1.,0.,0.));
#10637=IFCAXIS2PLACEMENT3D(#10634,#10635,#10636);
#10638=IFCEXTRUDEDAREASOLID(#10633,#10637,#10632,3200.4000000000001);
#10639=IFCSHAPEREPRESENTATION(#11,'Body','SweptSolid',(#10638));
#10640=IFCPRODUCTDEFINITIONSHAPE($,$,(#10639));
#10646=IFCCARTESIANPOINT((42672.,56388.000000000007,17068.799999999999));
#10647=IFCDIRECTION((0.,0.,1.));
#10648=IFCDIRECTION((1.,0.,0.));
#10649=IFCAXIS2PLACEMENT3D(#10646,#10647,#10648);
#10650=IFCLOCALPLACEMENT($,#10649);
#10651=IFCWALL('1HhKdC5Lr5Fu4CLFqbx71a',$,'L5|ONEBR_A',$,$,#10672,#10662,$,$);
#10652=IFCCARTESIANPOINTLIST2D(((0.,0.),(0.,150.),(9144.,150.),(9144.,0.),(0.,0.)));
#10653=IFCINDEXEDPOLYCURVE(#10652,$,.F.);
#10654=IFCDIRECTION((0.,0.,1.));
#10655=IFCARBITRARYCLOSEDPROFILEDEF(.AREA.,$,#10653);
#10656=IFCCARTESIANPOINT((0.,0.,0.));
#10657=IFCDIRECTION((0.,0.,1.));
#10658=IFCDIRECTION((1.,0.,0.));
#10659=IFCAXIS2PLACEMENT3D(#10656,#10657,#10658);
#10660=IFCEXTRUDEDAREASOLID(#10655,#10659,#10654,3200.4000000000001);
#10661=IFCSHAPEREPRESENTATION(#11,'Body','SweptSolid',(#10660));
#10662=IFCPRODUCTDEFINITIONSHAPE($,$,(#10661));
#10668=IFCCARTESIANPOINT((42672.,47244.,17068.799999999999));
#10669=IFCDIRECTION((0.,0.,1.));
#10670=IFCDIRECTION((6.123233995736766E-17,1.,0.));
#10671=IFCAXIS2PLACEMENT3D(#10668,#10669,#10670);
#10672=IFCLOCALPLACEMENT($,#10671);
#10673=IFCWALL('0_TxXcIy93rAppNyfHXkvC',$,'L5|ONEBR_A',$,$,#10694,#10684,$,$);
#10674=IFCCARTESIANPOINTLIST2D(((0.,0.),(0.,150.),(9144.,150.),(9144.,0.),(0.,0.)));
#10675=IFCINDEXEDPOLYCURVE(#10674,$,.F.);
#10676=IFCDIRECTION((0.,0.,1.));
#10677=IFCARBITRARYCLOSEDPROFILEDEF(.AREA.,$,#10675);
#10678=IFCCARTESIANPOINT((0.,0.,0.));
#10679=IFCDIRECTION((0.,0.,1.));
#10680=IFCDIRECTION((1.,0.,0.));
#10681=IFCAXIS2PLACEMENT3D(#10678,#10679,#10680);
#10682=IFCEXTRUDEDAREASOLID(#10677,#10681,#10676,3200.4000000000001);
#10683=IFCSHAPEREPRESENTATION(#11,'Body','SweptSolid',(#10682));
#10684=IFCPRODUCTDEFINITIONSHAPE($,$,(#10683));
#10690=IFCCARTESIANPOINT((53035.200000000004,47244.,17068.799999999999));
#10691=IFCDIRECTION((0.,0.,1.));
#10692=IFCDIRECTION((6.123233995736766E-17,1.,0.));
#10693=IFCAXIS2PLACEMENT3D(#10690,#10691,#10692);
#10694=IFCLOCALPLACEMENT($,#10693);
#10695=IFCWALL('1sizjHpVbEQRYBXWBYyMuk',$,'L5|TWOBR_A',$,$,#10716,#10706,$,$);
#10696=IFCCARTESIANPOINTLIST2D(((0.,0.),(0.,150.),(10972.800000000001,150.),(10972.800000000001,0.),(0.,0.)));
#10697=IFCINDEXEDPOLYCURVE(#10696,$,.F.);
#10698=IFCDIRECTION((0.,0.,1.));
#10699=IFCARBITRARYCLOSEDPROFILEDEF(.AREA.,$,#10697);
#10700=IFCCARTESIANPOINT((0.,0.,0.));
#10701=IFCDIRECTION((0.,0.,1.));
#10702=IFCDIRECTION((1.,0.,0.));
#10703=IFCAXIS2PLACEMENT3D(#10700,#10701,#10702);
#10704=IFCEXTRUDEDAREASOLID(#10699,#10703,#10698,3200.4000000000001);
#10705=IFCSHAPEREPRESENTATION(#11,'Body','SweptSolid',(#10704));
#10706=IFCPRODUCTDEFINITIONSHAPE($,$,(#10705));
#10712=IFCCARTESIANPOINT((15849.6,48463.199999999997,17068.799999999999));
#10713=IFCDIRECTION((0.,0.,1.));
#10714=IFCDIRECTION((1.,0.,0.));
#10715=IFCAXIS2PLACEMENT3D(#10712,#10713,#10714);
#10716=IFCLOCALPLACEMENT($,#10715);
#10717=IFCWALL('1VoykZEl57KeioRwvbIM$X',$,'L5|TWOBR_A',$,$,#10738,#10728,$,$);
#10718=IFCCARTESIANPOINTLIST2D(((0.,0.),(0.,150.),(10972.800000000001,150.),(10972.800000000001,0.),(0.,0.)));
#10719=IFCINDEXEDPOLYCURVE(#10718,$,.F.);
#10720=IFCDIRECTION((0.,0.,1.));
#10721=IFCARBITRARYCLOSEDPROFILEDEF(.AREA.,$,#10719);
#10722=IFCCARTESIANPOINT((0.,0.,0.));
#10723=IFCDIRECTION((0.,0.,1.));
#10724=IFCDIRECTION((1.,0.,0.));
#10725=IFCAXIS2PLACEMENT3D(#10722,#10723,#10724);
#10726=IFCEXTRUDEDAREASOLID(#10721,#10725,#10720,3200.4000000000001);
#10727=IFCSHAPEREPRESENTATION(#11,'Body','SweptSolid',(#10726));
#10728=IFCPRODUCTDEFINITIONSHAPE($,$,(#10727));
#10734=IFCCARTESIANPOINT((15849.6,58826.400000000001,17068.799999999999));
#10735=IFCDIRECTION((0.,0.,1.));
#10736=IFCDIRECTION((1.,0.,0.));
#10737=IFCAXIS2PLACEMENT3D(#10734,#10735,#10736);
#10738=IFCLOCALPLACEMENT($,#10737);
#10739=IFCWALL('0AoEUbViTCme_vWoiYvjCH',$,'L5|TWOBR_A',$,$,#10760,#10750,$,$);
#10740=IFCCARTESIANPOINTLIST2D(((0.,0.),(0.,150.),(10363.200000000001,150.),(10363.200000000001,0.),(0.,0.)));
#10741=IFCINDEXEDPOLYCURVE(#10740,$,.F.);
#10742=IFCDIRECTION((0.,0.,1.));
#10743=IFCARBITRARYCLOSEDPROFILEDEF(.AREA.,$,#10741);
#10744=IFCCARTESIANPOINT((0.,0.,0.));
#10745=IFCDIRECTION((0.,0.,1.));
#10746=IFCDIRECTION((1.,0.,0.));
#10747=IFCAXIS2PLACEMENT3D(#10744,#10745,#10746);
#10748=IFCEXTRUDEDAREASOLID(#10743,#10747,#10742,3200.4000000000001);
#10749=IFCSHAPEREPRESENTATION(#11,'Body','SweptSolid',(#10748));
#10750=IFCPRODUCTDEFINITIONSHAPE($,$,(#10749));
#10756=IFCCARTESIANPOINT((15849.6,48463.199999999997,17068.799999999999));
#10757=IFCDIRECTION((0.,0.,1.));
#10758=IFCDIRECTION((6.123233995736766E-17,1.,0.));
#10759=IFCAXIS2PLACEMENT3D(#10756,#10757,#10758);
#10760=IFCLOCALPLACEMENT($,#10759);
#10761=IFCWALL('0SrtfLjPX14B4L92Z_wQsf',$,'L5|TWOBR_A',$,$,#10782,#10772,$,$);
#10762=IFCCARTESIANPOINTLIST2D(((0.,0.),(0.,150.),(10363.200000000001,150.),(10363.200000000001,0.),(0.,0.)));
#10763=IFCINDEXEDPOLYCURVE(#10762,$,.F.);
#10764=IFCDIRECTION((0.,0.,1.));
#10765=IFCARBITRARYCLOSEDPROFILEDEF(.AREA.,$,#10763);
#10766=IFCCARTESIANPOINT((0.,0.,0.));
#10767=IFCDIRECTION((0.,0.,1.));
#10768=IFCDIRECTION((1.,0.,0.));
#10769=IFCAXIS2PLACEMENT3D(#10766,#10767,#10768);
#10770=IFCEXTRUDEDAREASOLID(#10765,#10769,#10764,3200.4000000000001);
#10771=IFCSHAPEREPRESENTATION(#11,'Body','SweptSolid',(#10770));
#10772=IFCPRODUCTDEFINITIONSHAPE($,$,(#10771));
#10778=IFCCARTESIANPOINT((26822.400000000001,48463.199999999997,17068.799999999999));
#10779=IFCDIRECTION((0.,0.,1.));
#10780=IFCDIRECTION((6.123233995736766E-17,1.,0.));
#10781=IFCAXIS2PLACEMENT3D(#10778,#10779,#10780);
#10782=IFCLOCALPLACEMENT($,#10781);
#10783=IFCWALL('2nZk8r0vfDWOH6BdPYJ_T$',$,'L5|ONEBR_A',$,$,#10804,#10794,$,$);
#10784=IFCCARTESIANPOINTLIST2D(((0.,0.),(0.,150.),(10363.200000000001,150.),(10363.200000000001,0.),(0.,0.)));
#10785=IFCINDEXEDPOLYCURVE(#10784,$,.F.);
#10786=IFCDIRECTION((0.,0.,1.));
#10787=IFCARBITRARYCLOSEDPROFILEDEF(.AREA.,$,#10785);
#10788=IFCCARTESIANPOINT((0.,0.,0.));
#10789=IFCDIRECTION((0.,0.,1.));
#10790=IFCDIRECTION((1.,0.,0.));
#10791=IFCAXIS2PLACEMENT3D(#10788,#10789,#10790);
#10792=IFCEXTRUDEDAREASOLID(#10787,#10791,#10786,3200.4000000000001);
#10793=IFCSHAPEREPRESENTATION(#11,'Body','SweptSolid',(#10792));
#10794=IFCPRODUCTDEFINITIONSHAPE($,$,(#10793));
#10800=IFCCARTESIANPOINT((3657.6000000000004,49682.400000000001,17068.799999999999));
#10801=IFCDIRECTION((0.,0.,1.));
#10802=IFCDIRECTION((1.,0.,0.));
#10803=IFCAXIS2PLACEMENT3D(#10800,#10801,#10802);
#10804=IFCLOCALPLACEMENT($,#10803);
#10805=IFCWALL('2JtRCTafb3EOsLE0QnZY$w',$,'L5|ONEBR_A',$,$,#10826,#10816,$,$);
#10806=IFCCARTESIANPOINTLIST2D(((0.,0.),(0.,150.),(10363.200000000001,150.),(10363.200000000001,0.),(0.,0.)));
#10807=IFCINDEXEDPOLYCURVE(#10806,$,.F.);
#10808=IFCDIRECTION((0.,0.,1.));
#10809=IFCARBITRARYCLOSEDPROFILEDEF(.AREA.,$,#10807);
#10810=IFCCARTESIANPOINT((0.,0.,0.));
#10811=IFCDIRECTION((0.,0.,1.));
#10812=IFCDIRECTION((1.,0.,0.));
#10813=IFCAXIS2PLACEMENT3D(#10810,#10811,#10812);
#10814=IFCEXTRUDEDAREASOLID(#10809,#10813,#10808,3200.4000000000001);
#10815=IFCSHAPEREPRESENTATION(#11,'Body','SweptSolid',(#10814));
#10816=IFCPRODUCTDEFINITIONSHAPE($,$,(#10815));
#10822=IFCCARTESIANPOINT((3657.6000000000004,58826.400000000001,17068.799999999999));
#10823=IFCDIRECTION((0.,0.,1.));
#10824=IFCDIRECTION((1.,0.,0.));
#10825=IFCAXIS2PLACEMENT3D(#10822,#10823,#10824);
#10826=IFCLOCALPLACEMENT($,#10825);
#10827=IFCWALL('1KcuXJ6ZP2eOcwH5quikEY',$,'L5|ONEBR_A',$,$,#10848,#10838,$,$);
#10828=IFCCARTESIANPOINTLIST2D(((0.,0.),(0.,150.),(9144.,150.),(9144.,0.),(0.,0.)));
#10829=IFCINDEXEDPOLYCURVE(#10828,$,.F.);
#10830=IFCDIRECTION((0.,0.,1.));
#10831=IFCARBITRARYCLOSEDPROFILEDEF(.AREA.,$,#10829);
#10832=IFCCARTESIANPOINT((0.,0.,0.));
#10833=IFCDIRECTION((0.,0.,1.));
#10834=IFCDIRECTION((1.,0.,0.));
#10835=IFCAXIS2PLACEMENT3D(#10832,#10833,#10834);
#10836=IFCEXTRUDEDAREASOLID(#10831,#10835,#10830,3200.4000000000001);
#10837=IFCSHAPEREPRESENTATION(#11,'Body','SweptSolid',(#10836));
#10838=IFCPRODUCTDEFINITIONSHAPE($,$,(#10837));
#10844=IFCCARTESIANPOINT((3657.6000000000004,49682.400000000001,17068.799999999999));
#10845=IFCDIRECTION((0.,0.,1.));
#10846=IFCDIRECTION((6.123233995736766E-17,1.,0.));
#10847=IFCAXIS2PLACEMENT3D(#10844,#10845,#10846);
#10848=IFCLOCALPLACEMENT($,#10847);
#10849=IFCWALL('2w9TR$Z2b2BeaewEvN$3iK',$,'L5|ONEBR_A',$,$,#10870,#10860,$,$);
#10850=IFCCARTESIANPOINTLIST2D(((0.,0.),(0.,150.),(9144.,150.),(9144.,0.),(0.,0.)));
#10851=IFCINDEXEDPOLYCURVE(#10850,$,.F.);
#10852=IFCDIRECTION((0.,0.,1.));
#10853=IFCARBITRARYCLOSEDPROFILEDEF(.AREA.,$,#10851);
#10854=IFCCARTESIANPOINT((0.,0.,0.));
#10855=IFCDIRECTION((0.,0.,1.));
#10856=IFCDIRECTION((1.,0.,0.));
#10857=IFCAXIS2PLACEMENT3D(#10854,#10855,#10856);
#10858=IFCEXTRUDEDAREASOLID(#10853,#10857,#10852,3200.4000000000001);
#10859=IFCSHAPEREPRESENTATION(#11,'Body','SweptSolid',(#10858));
#10860=IFCPRODUCTDEFINITIONSHAPE($,$,(#10859));
#10866=IFCCARTESIANPOINT((14020.800000000001,49682.400000000001,17068.799999999999));
#10867=IFCDIRECTION((0.,0.,1.));
#10868=IFCDIRECTION((6.123233995736766E-17,1.,0.));
#10869=IFCAXIS2PLACEMENT3D(#10866,#10867,#10868);
#10870=IFCLOCALPLACEMENT($,#10869);
#10871=IFCWALL('0JRdeIRo59G8O7OmkCuV5P',$,'L5|TWOBR_A',$,$,#10892,#10882,$,$);
#10872=IFCCARTESIANPOINTLIST2D(((0.,0.),(0.,150.),(10972.800000000001,150.),(10972.800000000001,0.),(0.,0.)));
#10873=IFCINDEXEDPOLYCURVE(#10872,$,.F.);
#10874=IFCDIRECTION((0.,0.,1.));
#10875=IFCARBITRARYCLOSEDPROFILEDEF(.AREA.,$,#10873);
#10876=IFCCARTESIANPOINT((0.,0.,0.));
#10877=IFCDIRECTION((0.,0.,1.));
#10878=IFCDIRECTION((1.,0.,0.));
#10879=IFCAXIS2PLACEMENT3D(#10876,#10877,#10878);
#10880=IFCEXTRUDEDAREASOLID(#10875,#10879,#10874,3200.4000000000001);
#10881=IFCSHAPEREPRESENTATION(#11,'Body','SweptSolid',(#10880));
#10882=IFCPRODUCTDEFINITIONSHAPE($,$,(#10881));
#10888=IFCCARTESIANPOINT((29870.399999999998,49682.400000000001,17068.799999999999));
#10889=IFCDIRECTION((0.,0.,1.));
#10890=IFCDIRECTION((1.,0.,0.));
#10891=IFCAXIS2PLACEMENT3D(#10888,#10889,#10890);
#10892=IFCLOCALPLACEMENT($,#10891);
#10893=IFCWALL('2uXgpWKGX84wV9xWzCUT7I',$,'L5|TWOBR_A',$,$,#10914,#10904,$,$);
#10894=IFCCARTESIANPOINTLIST2D(((0.,0.),(0.,150.),(10972.800000000001,150.),(10972.800000000001,0.),(0.,0.)));
#10895=IFCINDEXEDPOLYCURVE(#10894,$,.F.);
#10896=IFCDIRECTION((0.,0.,1.));
#10897=IFCARBITRARYCLOSEDPROFILEDEF(.AREA.,$,#10895);
#10898=IFCCARTESIANPOINT((0.,0.,0.));
#10899=IFCDIRECTION((0.,0.,1.));
#10900=IFCDIRECTION((1.,0.,0.));
#10901=IFCAXIS2PLACEMENT3D(#10898,#10899,#10900);
#10902=IFCEXTRUDEDAREASOLID(#10897,#10901,#10896,3200.4000000000001);
#10903=IFCSHAPEREPRESENTATION(#11,'Body','SweptSolid',(#10902));
#10904=IFCPRODUCTDEFINITIONSHAPE($,$,(#10903));
#10910=IFCCARTESIANPOINT((29870.399999999998,60045.599999999999,17068.799999999999));
#10911=IFCDIRECTION((0.,0.,1.));
#10912=IFCDIRECTION((1.,0.,0.));
#10913=IFCAXIS2PLACEMENT3D(#10910,#10911,#10912);
#10914=IFCLOCALPLACEMENT($,#10913);
#10915=IFCWALL('2HUJgMJ9bD6e8zxT1qObHD',$,'L5|TWOBR_A',$,$,#10936,#10926,$,$);
#10916=IFCCARTESIANPOINTLIST2D(((0.,0.),(0.,150.),(10363.200000000001,150.),(10363.200000000001,0.),(0.,0.)));
#10917=IFCINDEXEDPOLYCURVE(#10916,$,.F.);
#10918=IFCDIRECTION((0.,0.,1.));
#10919=IFCARBITRARYCLOSEDPROFILEDEF(.AREA.,$,#10917);
#10920=IFCCARTESIANPOINT((0.,0.,0.));
#10921=IFCDIRECTION((0.,0.,1.));
#10922=IFCDIRECTION((1.,0.,0.));
#10923=IFCAXIS2PLACEMENT3D(#10920,#10921,#10922);
#10924=IFCEXTRUDEDAREASOLID(#10919,#10923,#10918,3200.4000000000001);
#10925=IFCSHAPEREPRESENTATION(#11,'Body','SweptSolid',(#10924));
#10926=IFCPRODUCTDEFINITIONSHAPE($,$,(#10925));
#10932=IFCCARTESIANPOINT((29870.399999999998,49682.400000000001,17068.799999999999));
#10933=IFCDIRECTION((0.,0.,1.));
#10934=IFCDIRECTION((6.123233995736766E-17,1.,0.));
#10935=IFCAXIS2PLACEMENT3D(#10932,#10933,#10934);
#10936=IFCLOCALPLACEMENT($,#10935);
#10937=IFCWALL('37kQyHy592qA$yGiUTypXe',$,'L5|TWOBR_A',$,$,#10958,#10948,$,$);
#10938=IFCCARTESIANPOINTLIST2D(((0.,0.),(0.,150.),(10363.200000000001,150.),(10363.200000000001,0.),(0.,0.)));
#10939=IFCINDEXEDPOLYCURVE(#10938,$,.F.);
#10940=IFCDIRECTION((0.,0.,1.));
#10941=IFCARBITRARYCLOSEDPROFILEDEF(.AREA.,$,#10939);
#10942=IFCCARTESIANPOINT((0.,0.,0.));
#10943=IFCDIRECTION((0.,0.,1.));
#10944=IFCDIRECTION((1.,0.,0.));
#10945=IFCAXIS2PLACEMENT3D(#10942,#10943,#10944);
#10946=IFCEXTRUDEDAREASOLID(#10941,#10945,#10940,3200.4000000000001);
#10947=IFCSHAPEREPRESENTATION(#11,'Body','SweptSolid',(#10946));
#10948=IFCPRODUCTDEFINITIONSHAPE($,$,(#10947));
#10954=IFCCARTESIANPOINT((40843.200000000004,49682.400000000001,17068.799999999999));
#10955=IFCDIRECTION((0.,0.,1.));
#10956=IFCDIRECTION((6.123233995736766E-17,1.,0.));
#10957=IFCAXIS2PLACEMENT3D(#10954,#10955,#10956);
#10958=IFCLOCALPLACEMENT($,#10957);
#10959=IFCWALL('2yn5lDzdnDrAIQobWKQw5P',$,'L5|ONEBR_A',$,$,#10980,#10970,$,$);
#10960=IFCCARTESIANPOINTLIST2D(((0.,0.),(0.,150.),(10363.200000000001,150.),(10363.200000000001,0.),(0.,0.)));
#10961=IFCINDEXEDPOLYCURVE(#10960,$,.F.);
#10962=IFCDIRECTION((0.,0.,1.));
#10963=IFCARBITRARYCLOSEDPROFILEDEF(.AREA.,$,#10961);
#10964=IFCCARTESIANPOINT((0.,0.,0.));
#10965=IFCDIRECTION((0.,0.,1.));
#10966=IFCDIRECTION((1.,0.,0.));
#10967=IFCAXIS2PLACEMENT3D(#10964,#10965,#10966);
#10968=IFCEXTRUDEDAREASOLID(#10963,#10967,#10962,3200.4000000000001);
#10969=IFCSHAPEREPRESENTATION(#11,'Body','SweptSolid',(#10968));
#10970=IFCPRODUCTDEFINITIONSHAPE($,$,(#10969));
#10976=IFCCARTESIANPOINT((42672.,56388.000000000007,17068.799999999999));
#10977=IFCDIRECTION((0.,0.,1.));
#10978=IFCDIRECTION((1.,0.,0.));
#10979=IFCAXIS2PLACEMENT3D(#10976,#10977,#10978);
#10980=IFCLOCALPLACEMENT($,#10979);
#10981=IFCWALL('31vq7DOrn2zx6Nhe9ff5ib',$,'L5|ONEBR_A',$,$,#11002,#10992,$,$);
#10982=IFCCARTESIANPOINTLIST2D(((0.,0.),(0.,150.),(10363.200000000001,150.),(10363.200000000001,0.),(0.,0.)));
#10983=IFCINDEXEDPOLYCURVE(#10982,$,.F.);
#10984=IFCDIRECTION((0.,0.,1.));
#10985=IFCARBITRARYCLOSEDPROFILEDEF(.AREA.,$,#10983);
#10986=IFCCARTESIANPOINT((0.,0.,0.));
#10987=IFCDIRECTION((0.,0.,1.));
#10988=IFCDIRECTION((1.,0.,0.));
#10989=IFCAXIS2PLACEMENT3D(#10986,#10987,#10988);
#10990=IFCEXTRUDEDAREASOLID(#10985,#10989,#10984,3200.4000000000001);
#10991=IFCSHAPEREPRESENTATION(#11,'Body','SweptSolid',(#10990));
#10992=IFCPRODUCTDEFINITIONSHAPE($,$,(#10991));
#10998=IFCCARTESIANPOINT((42672.,65531.999999999993,17068.799999999999));
#10999=IFCDIRECTION((0.,0.,1.));
#11000=IFCDIRECTION((1.,0.,0.));
#11001=IFCAXIS2PLACEMENT3D(#10998,#10999,#11000);
#11002=IFCLOCALPLACEMENT($,#11001);
#11003=IFCWALL('2m2XCLwn17GwaS8R9y13_K',$,'L5|ONEBR_A',$,$,#11024,#11014,$,$);
#11004=IFCCARTESIANPOINTLIST2D(((0.,0.),(0.,150.),(9144.,150.),(9144.,0.),(0.,0.)));
#11005=IFCINDEXEDPOLYCURVE(#11004,$,.F.);
#11006=IFCDIRECTION((0.,0.,1.));
#11007=IFCARBITRARYCLOSEDPROFILEDEF(.AREA.,$,#11005);
#11008=IFCCARTESIANPOINT((0.,0.,0.));
#11009=IFCDIRECTION((0.,0.,1.));
#11010=IFCDIRECTION((1.,0.,0.));
#11011=IFCAXIS2PLACEMENT3D(#11008,#11009,#11010);
#11012=IFCEXTRUDEDAREASOLID(#11007,#11011,#11006,3200.4000000000001);
#11013=IFCSHAPEREPRESENTATION(#11,'Body','SweptSolid',(#11012));
#11014=IFCPRODUCTDEFINITIONSHAPE($,$,(#11013));
#11020=IFCCARTESIANPOINT((42672.,56388.000000000007,17068.799999999999));
#11021=IFCDIRECTION((0.,0.,1.));
#11022=IFCDIRECTION((6.123233995736766E-17,1.,0.));
#11023=IFCAXIS2PLACEMENT3D(#11020,#11021,#11022);
#11024=IFCLOCALPLACEMENT($,#11023);
#11025=IFCWALL('07J6kynVr5Ae16IYC9OGKq',$,'L5|ONEBR_A',$,$,#11046,#11036,$,$);
#11026=IFCCARTESIANPOINTLIST2D(((0.,0.),(0.,150.),(9144.,150.),(9144.,0.),(0.,0.)));
#11027=IFCINDEXEDPOLYCURVE(#11026,$,.F.);
#11028=IFCDIRECTION((0.,0.,1.));
#11029=IFCARBITRARYCLOSEDPROFILEDEF(.AREA.,$,#11027);
#11030=IFCCARTESIANPOINT((0.,0.,0.));
#11031=IFCDIRECTION((0.,0.,1.));
#11032=IFCDIRECTION((1.,0.,0.));
#11033=IFCAXIS2PLACEMENT3D(#11030,#11031,#11032);
#11034=IFCEXTRUDEDAREASOLID(#11029,#11033,#11028,3200.4000000000001);
#11035=IFCSHAPEREPRESENTATION(#11,'Body','SweptSolid',(#11034));
#11036=IFCPRODUCTDEFINITIONSHAPE($,$,(#11035));
#11042=IFCCARTESIANPOINT((53035.200000000004,56388.000000000007,17068.799999999999));
#11043=IFCDIRECTION((0.,0.,1.));
#11044=IFCDIRECTION((6.123233995736766E-17,1.,0.));
#11045=IFCAXIS2PLACEMENT3D(#11042,#11043,#11044);
#11046=IFCLOCALPLACEMENT($,#11045);
#11047=IFCWALL('21NdWeJyjAI8$z34A8FF51',$,'L5|STUDIO_A',$,$,#11068,#11058,$,$);
#11048=IFCCARTESIANPOINTLIST2D(((0.,0.),(0.,150.),(9753.6000000000004,150.),(9753.6000000000004,0.),(0.,0.)));
#11049=IFCINDEXEDPOLYCURVE(#11048,$,.F.);
#11050=IFCDIRECTION((0.,0.,1.));
#11051=IFCARBITRARYCLOSEDPROFILEDEF(.AREA.,$,#11049);
#11052=IFCCARTESIANPOINT((0.,0.,0.));
#11053=IFCDIRECTION((0.,0.,1.));
#11054=IFCDIRECTION((1.,0.,0.));
#11055=IFCAXIS2PLACEMENT3D(#11052,#11053,#11054);
#11056=IFCEXTRUDEDAREASOLID(#11051,#11055,#11050,3200.4000000000001);
#11057=IFCSHAPEREPRESENTATION(#11,'Body','SweptSolid',(#11056));
#11058=IFCPRODUCTDEFINITIONSHAPE($,$,(#11057));
#11064=IFCCARTESIANPOINT((4267.1999999999998,58826.400000000001,17068.799999999999));
#11065=IFCDIRECTION((0.,0.,1.));
#11066=IFCDIRECTION((1.,0.,0.));
#11067=IFCAXIS2PLACEMENT3D(#11064,#11065,#11066);
#11068=IFCLOCALPLACEMENT($,#11067);
#11069=IFCWALL('3$iOO0cuX1rv1S42MbpwRs',$,'L5|STUDIO_A',$,$,#11090,#11080,$,$);
#11070=IFCCARTESIANPOINTLIST2D(((0.,0.),(0.,150.),(9753.6000000000004,150.),(9753.6000000000004,0.),(0.,0.)));
#11071=IFCINDEXEDPOLYCURVE(#11070,$,.F.);
#11072=IFCDIRECTION((0.,0.,1.));
#11073=IFCARBITRARYCLOSEDPROFILEDEF(.AREA.,$,#11071);
#11074=IFCCARTESIANPOINT((0.,0.,0.));
#11075=IFCDIRECTION((0.,0.,1.));
#11076=IFCDIRECTION((1.,0.,0.));
#11077=IFCAXIS2PLACEMENT3D(#11074,#11075,#11076);
#11078=IFCEXTRUDEDAREASOLID(#11073,#11077,#11072,3200.4000000000001);
#11079=IFCSHAPEREPRESENTATION(#11,'Body','SweptSolid',(#11078));
#11080=IFCPRODUCTDEFINITIONSHAPE($,$,(#11079));
#11086=IFCCARTESIANPOINT((4267.1999999999998,66751.199999999997,17068.799999999999));
#11087=IFCDIRECTION((0.,0.,1.));
#11088=IFCDIRECTION((1.,0.,0.));
#11089=IFCAXIS2PLACEMENT3D(#11086,#11087,#11088);
#11090=IFCLOCALPLACEMENT($,#11089);
#11091=IFCWALL('2V_0jsp5f6nedc1727Gb74',$,'L5|STUDIO_A',$,$,#11112,#11102,$,$);
#11092=IFCCARTESIANPOINTLIST2D(((0.,0.),(0.,150.),(7924.8000000000002,150.),(7924.8000000000002,0.),(0.,0.)));
#11093=IFCINDEXEDPOLYCURVE(#11092,$,.F.);
#11094=IFCDIRECTION((0.,0.,1.));
#11095=IFCARBITRARYCLOSEDPROFILEDEF(.AREA.,$,#11093);
#11096=IFCCARTESIANPOINT((0.,0.,0.));
#11097=IFCDIRECTION((0.,0.,1.));
#11098=IFCDIRECTION((1.,0.,0.));
#11099=IFCAXIS2PLACEMENT3D(#11096,#11097,#11098);
#11100=IFCEXTRUDEDAREASOLID(#11095,#11099,#11094,3200.4000000000001);
#11101=IFCSHAPEREPRESENTATION(#11,'Body','SweptSolid',(#11100));
#11102=IFCPRODUCTDEFINITIONSHAPE($,$,(#11101));
#11108=IFCCARTESIANPOINT((4267.1999999999998,58826.400000000001,17068.799999999999));
#11109=IFCDIRECTION((0.,0.,1.));
#11110=IFCDIRECTION((6.123233995736766E-17,1.,0.));
#11111=IFCAXIS2PLACEMENT3D(#11108,#11109,#11110);
#11112=IFCLOCALPLACEMENT($,#11111);
#11113=IFCWALL('0FRrSNoIP3B99hbUfq3SMO',$,'L5|STUDIO_A',$,$,#11134,#11124,$,$);
#11114=IFCCARTESIANPOINTLIST2D(((0.,0.),(0.,150.),(7924.8000000000002,150.),(7924.8000000000002,0.),(0.,0.)));
#11115=IFCINDEXEDPOLYCURVE(#11114,$,.F.);
#11116=IFCDIRECTION((0.,0.,1.));
#11117=IFCARBITRARYCLOSEDPROFILEDEF(.AREA.,$,#11115);
#11118=IFCCARTESIANPOINT((0.,0.,0.));
#11119=IFCDIRECTION((0.,0.,1.));
#11120=IFCDIRECTION((1.,0.,0.));
#11121=IFCAXIS2PLACEMENT3D(#11118,#11119,#11120);
#11122=IFCEXTRUDEDAREASOLID(#11117,#11121,#11116,3200.4000000000001);
#11123=IFCSHAPEREPRESENTATION(#11,'Body','SweptSolid',(#11122));
#11124=IFCPRODUCTDEFINITIONSHAPE($,$,(#11123));
#11130=IFCCARTESIANPOINT((14020.800000000001,58826.400000000001,17068.799999999999));
#11131=IFCDIRECTION((0.,0.,1.));
#11132=IFCDIRECTION((6.123233995736766E-17,1.,0.));
#11133=IFCAXIS2PLACEMENT3D(#11130,#11131,#11132);
#11134=IFCLOCALPLACEMENT($,#11133);
#11135=IFCWALL('2QfBUpth5EgezDQQ3rJyKW',$,'L5|TWOBR_A',$,$,#11156,#11146,$,$);
#11136=IFCCARTESIANPOINTLIST2D(((0.,0.),(0.,150.),(10972.800000000001,150.),(10972.800000000001,0.),(0.,0.)));
#11137=IFCINDEXEDPOLYCURVE(#11136,$,.F.);
#11138=IFCDIRECTION((0.,0.,1.));
#11139=IFCARBITRARYCLOSEDPROFILEDEF(.AREA.,$,#11137);
#11140=IFCCARTESIANPOINT((0.,0.,0.));
#11141=IFCDIRECTION((0.,0.,1.));
#11142=IFCDIRECTION((1.,0.,0.));
#11143=IFCAXIS2PLACEMENT3D(#11140,#11141,#11142);
#11144=IFCEXTRUDEDAREASOLID(#11139,#11143,#11138,3200.4000000000001);
#11145=IFCSHAPEREPRESENTATION(#11,'Body','SweptSolid',(#11144));
#11146=IFCPRODUCTDEFINITIONSHAPE($,$,(#11145));
#11152=IFCCARTESIANPOINT((15849.6,58826.400000000001,17068.799999999999));
#11153=IFCDIRECTION((0.,0.,1.));
#11154=IFCDIRECTION((1.,0.,0.));
#11155=IFCAXIS2PLACEMENT3D(#11152,#11153,#11154);
#11156=IFCLOCALPLACEMENT($,#11155);
#11157=IFCWALL('2FQOUH5XTCJOTFiEHub1f8',$,'L5|TWOBR_A',$,$,#11178,#11168,$,$);
#11158=IFCCARTESIANPOINTLIST2D(((0.,0.),(0.,150.),(10972.800000000001,150.),(10972.800000000001,0.),(0.,0.)));
#11159=IFCINDEXEDPOLYCURVE(#11158,$,.F.);
#11160=IFCDIRECTION((0.,0.,1.));
#11161=IFCARBITRARYCLOSEDPROFILEDEF(.AREA.,$,#11159);
#11162=IFCCARTESIANPOINT((0.,0.,0.));
#11163=IFCDIRECTION((0.,0.,1.));
#11164=IFCDIRECTION((1.,0.,0.));
#11165=IFCAXIS2PLACEMENT3D(#11162,#11163,#11164);
#11166=IFCEXTRUDEDAREASOLID(#11161,#11165,#11160,3200.4000000000001);
#11167=IFCSHAPEREPRESENTATION(#11,'Body','SweptSolid',(#11166));
#11168=IFCPRODUCTDEFINITIONSHAPE($,$,(#11167));
#11174=IFCCARTESIANPOINT((15849.6,69189.599999999991,17068.799999999999));
#11175=IFCDIRECTION((0.,0.,1.));
#11176=IFCDIRECTION((1.,0.,0.));
#11177=IFCAXIS2PLACEMENT3D(#11174,#11175,#11176);
#11178=IFCLOCALPLACEMENT($,#11177);
#11179=IFCWALL('3Mqm_EWLb1KPvNve2Afie8',$,'L5|TWOBR_A',$,$,#11200,#11190,$,$);
#11180=IFCCARTESIANPOINTLIST2D(((0.,0.),(0.,150.),(10363.200000000001,150.),(10363.200000000001,0.),(0.,0.)));
#11181=IFCINDEXEDPOLYCURVE(#11180,$,.F.);
#11182=IFCDIRECTION((0.,0.,1.));
#11183=IFCARBITRARYCLOSEDPROFILEDEF(.AREA.,$,#11181);
#11184=IFCCARTESIANPOINT((0.,0.,0.));
#11185=IFCDIRECTION((0.,0.,1.));
#11186=IFCDIRECTION((1.,0.,0.));
#11187=IFCAXIS2PLACEMENT3D(#11184,#11185,#11186);
#11188=IFCEXTRUDEDAREASOLID(#11183,#11187,#11182,3200.4000000000001);
#11189=IFCSHAPEREPRESENTATION(#11,'Body','SweptSolid',(#11188));
#11190=IFCPRODUCTDEFINITIONSHAPE($,$,(#11189));
#11196=IFCCARTESIANPOINT((15849.6,58826.400000000001,17068.799999999999));
#11197=IFCDIRECTION((0.,0.,1.));
#11198=IFCDIRECTION((6.123233995736766E-17,1.,0.));
#11199=IFCAXIS2PLACEMENT3D(#11196,#11197,#11198);
#11200=IFCLOCALPLACEMENT($,#11199);
#11201=IFCWALL('26L9$X$NXExeEwzuqIrWQZ',$,'L5|TWOBR_A',$,$,#11222,#11212,$,$);
#11202=IFCCARTESIANPOINTLIST2D(((0.,0.),(0.,150.),(10363.200000000001,150.),(10363.200000000001,0.),(0.,0.)));
#11203=IFCINDEXEDPOLYCURVE(#11202,$,.F.);
#11204=IFCDIRECTION((0.,0.,1.));
#11205=IFCARBITRARYCLOSEDPROFILEDEF(.AREA.,$,#11203);
#11206=IFCCARTESIANPOINT((0.,0.,0.));
#11207=IFCDIRECTION((0.,0.,1.));
#11208=IFCDIRECTION((1.,0.,0.));
#11209=IFCAXIS2PLACEMENT3D(#11206,#11207,#11208);
#11210=IFCEXTRUDEDAREASOLID(#11205,#11209,#11204,3200.4000000000001);
#11211=IFCSHAPEREPRESENTATION(#11,'Body','SweptSolid',(#11210));
#11212=IFCPRODUCTDEFINITIONSHAPE($,$,(#11211));
#11218=IFCCARTESIANPOINT((26822.400000000001,58826.400000000001,17068.799999999999));
#11219=IFCDIRECTION((0.,0.,1.));
#11220=IFCDIRECTION((6.123233995736766E-17,1.,0.));
#11221=IFCAXIS2PLACEMENT3D(#11218,#11219,#11220);
#11222=IFCLOCALPLACEMENT($,#11221);
#11223=IFCWALL('2_0jp093v3VvV1UsQBs0rq',$,'L5|ONEBR_A',$,$,#11244,#11234,$,$);
#11224=IFCCARTESIANPOINTLIST2D(((0.,0.),(0.,150.),(10363.200000000001,150.),(10363.200000000001,0.),(0.,0.)));
#11225=IFCINDEXEDPOLYCURVE(#11224,$,.F.);
#11226=IFCDIRECTION((0.,0.,1.));
#11227=IFCARBITRARYCLOSEDPROFILEDEF(.AREA.,$,#11225);
#11228=IFCCARTESIANPOINT((0.,0.,0.));
#11229=IFCDIRECTION((0.,0.,1.));
#11230=IFCDIRECTION((1.,0.,0.));
#11231=IFCAXIS2PLACEMENT3D(#11228,#11229,#11230);
#11232=IFCEXTRUDEDAREASOLID(#11227,#11231,#11226,3200.4000000000001);
#11233=IFCSHAPEREPRESENTATION(#11,'Body','SweptSolid',(#11232));
#11234=IFCPRODUCTDEFINITIONSHAPE($,$,(#11233));
#11240=IFCCARTESIANPOINT((30480.,60045.599999999999,17068.799999999999));
#11241=IFCDIRECTION((0.,0.,1.));
#11242=IFCDIRECTION((1.,0.,0.));
#11243=IFCAXIS2PLACEMENT3D(#11240,#11241,#11242);
#11244=IFCLOCALPLACEMENT($,#11243);
#11245=IFCWALL('2De0HSmyXFsu6VOXguVxRj',$,'L5|ONEBR_A',$,$,#11266,#11256,$,$);
#11246=IFCCARTESIANPOINTLIST2D(((0.,0.),(0.,150.),(10363.200000000001,150.),(10363.200000000001,0.),(0.,0.)));
#11247=IFCINDEXEDPOLYCURVE(#11246,$,.F.);
#11248=IFCDIRECTION((0.,0.,1.));
#11249=IFCARBITRARYCLOSEDPROFILEDEF(.AREA.,$,#11247);
#11250=IFCCARTESIANPOINT((0.,0.,0.));
#11251=IFCDIRECTION((0.,0.,1.));
#11252=IFCDIRECTION((1.,0.,0.));
#11253=IFCAXIS2PLACEMENT3D(#11250,#11251,#11252);
#11254=IFCEXTRUDEDAREASOLID(#11249,#11253,#11248,3200.4000000000001);
#11255=IFCSHAPEREPRESENTATION(#11,'Body','SweptSolid',(#11254));
#11256=IFCPRODUCTDEFINITIONSHAPE($,$,(#11255));
#11262=IFCCARTESIANPOINT((30480.,69189.599999999991,17068.799999999999));
#11263=IFCDIRECTION((0.,0.,1.));
#11264=IFCDIRECTION((1.,0.,0.));
#11265=IFCAXIS2PLACEMENT3D(#11262,#11263,#11264);
#11266=IFCLOCALPLACEMENT($,#11265);
#11267=IFCWALL('3QPLREz0DAbRiTw6MskY3_',$,'L5|ONEBR_A',$,$,#11288,#11278,$,$);
#11268=IFCCARTESIANPOINTLIST2D(((0.,0.),(0.,150.),(9144.,150.),(9144.,0.),(0.,0.)));
#11269=IFCINDEXEDPOLYCURVE(#11268,$,.F.);
#11270=IFCDIRECTION((0.,0.,1.));
#11271=IFCARBITRARYCLOSEDPROFILEDEF(.AREA.,$,#11269);
#11272=IFCCARTESIANPOINT((0.,0.,0.));
#11273=IFCDIRECTION((0.,0.,1.));
#11274=IFCDIRECTION((1.,0.,0.));
#11275=IFCAXIS2PLACEMENT3D(#11272,#11273,#11274);
#11276=IFCEXTRUDEDAREASOLID(#11271,#11275,#11270,3200.4000000000001);
#11277=IFCSHAPEREPRESENTATION(#11,'Body','SweptSolid',(#11276));
#11278=IFCPRODUCTDEFINITIONSHAPE($,$,(#11277));
#11284=IFCCARTESIANPOINT((30480.,60045.599999999999,17068.799999999999));
#11285=IFCDIRECTION((0.,0.,1.));
#11286=IFCDIRECTION((6.123233995736766E-17,1.,0.));
#11287=IFCAXIS2PLACEMENT3D(#11284,#11285,#11286);
#11288=IFCLOCALPLACEMENT($,#11287);
#11289=IFCWALL('1St5lOzhX8nPRTHsN68O91',$,'L5|ONEBR_A',$,$,#11310,#11300,$,$);
#11290=IFCCARTESIANPOINTLIST2D(((0.,0.),(0.,150.),(9144.,150.),(9144.,0.),(0.,0.)));
#11291=IFCINDEXEDPOLYCURVE(#11290,$,.F.);
#11292=IFCDIRECTION((0.,0.,1.));
#11293=IFCARBITRARYCLOSEDPROFILEDEF(.AREA.,$,#11291);
#11294=IFCCARTESIANPOINT((0.,0.,0.));
#11295=IFCDIRECTION((0.,0.,1.));
#11296=IFCDIRECTION((1.,0.,0.));
#11297=IFCAXIS2PLACEMENT3D(#11294,#11295,#11296);
#11298=IFCEXTRUDEDAREASOLID(#11293,#11297,#11292,3200.4000000000001);
#11299=IFCSHAPEREPRESENTATION(#11,'Body','SweptSolid',(#11298));
#11300=IFCPRODUCTDEFINITIONSHAPE($,$,(#11299));
#11306=IFCCARTESIANPOINT((40843.200000000004,60045.599999999999,17068.799999999999));
#11307=IFCDIRECTION((0.,0.,1.));
#11308=IFCDIRECTION((6.123233995736766E-17,1.,0.));
#11309=IFCAXIS2PLACEMENT3D(#11306,#11307,#11308);
#11310=IFCLOCALPLACEMENT($,#11309);
#11311=IFCWALL('38t0qWmEX8vfY1oLL2CmFD',$,'L1|CORE',$,$,#11332,#11322,$,$);
#11312=IFCCARTESIANPOINTLIST2D(((0.,0.),(0.,150.),(10363.200000000001,150.),(10363.200000000001,0.),(0.,0.)));
#11313=IFCINDEXEDPOLYCURVE(#11312,$,.F.);
#11314=IFCDIRECTION((0.,0.,1.));
#11315=IFCARBITRARYCLOSEDPROFILEDEF(.AREA.,$,#11313);
#11316=IFCCARTESIANPOINT((0.,0.,0.));
#11317=IFCDIRECTION((0.,0.,1.));
#11318=IFCDIRECTION((1.,0.,0.));
#11319=IFCAXIS2PLACEMENT3D(#11316,#11317,#11318);
#11320=IFCEXTRUDEDAREASOLID(#11315,#11319,#11314,3200.4000000000001);
#11321=IFCSHAPEREPRESENTATION(#11,'Body','SweptSolid',(#11320));
#11322=IFCPRODUCTDEFINITIONSHAPE($,$,(#11321));
#11328=IFCCARTESIANPOINT((9753.6000000000004,4572.,4267.1999999999998));
#11329=IFCDIRECTION((0.,0.,1.));
#11330=IFCDIRECTION((1.,0.,0.));
#11331=IFCAXIS2PLACEMENT3D(#11328,#11329,#11330);
#11332=IFCLOCALPLACEMENT($,#11331);
#11333=IFCWALL('0Y6RUB7a934gOPlTyZn6ZC',$,'L1|CORE',$,$,#11354,#11344,$,$);
#11334=IFCCARTESIANPOINTLIST2D(((0.,0.),(0.,150.),(10363.200000000001,150.),(10363.200000000001,0.),(0.,0.)));
#11335=IFCINDEXEDPOLYCURVE(#11334,$,.F.);
#11336=IFCDIRECTION((0.,0.,1.));
#11337=IFCARBITRARYCLOSEDPROFILEDEF(.AREA.,$,#11335);
#11338=IFCCARTESIANPOINT((0.,0.,0.));
#11339=IFCDIRECTION((0.,0.,1.));
#11340=IFCDIRECTION((1.,0.,0.));
#11341=IFCAXIS2PLACEMENT3D(#11338,#11339,#11340);
#11342=IFCEXTRUDEDAREASOLID(#11337,#11341,#11336,3200.4000000000001);
#11343=IFCSHAPEREPRESENTATION(#11,'Body','SweptSolid',(#11342));
#11344=IFCPRODUCTDEFINITIONSHAPE($,$,(#11343));
#11350=IFCCARTESIANPOINT((9753.6000000000004,11887.199999999999,4267.1999999999998));
#11351=IFCDIRECTION((0.,0.,1.));
#11352=IFCDIRECTION((1.,0.,0.));
#11353=IFCAXIS2PLACEMENT3D(#11350,#11351,#11352);
#11354=IFCLOCALPLACEMENT($,#11353);
#11355=IFCWALL('1DRu72UBD3pReSs69Wup0H',$,'L1|CORE',$,$,#11376,#11366,$,$);
#11356=IFCCARTESIANPOINTLIST2D(((0.,0.),(0.,150.),(7315.2000000000007,150.),(7315.2000000000007,0.),(0.,0.)));
#11357=IFCINDEXEDPOLYCURVE(#11356,$,.F.);
#11358=IFCDIRECTION((0.,0.,1.));
#11359=IFCARBITRARYCLOSEDPROFILEDEF(.AREA.,$,#11357);
#11360=IFCCARTESIANPOINT((0.,0.,0.));
#11361=IFCDIRECTION((0.,0.,1.));
#11362=IFCDIRECTION((1.,0.,0.));
#11363=IFCAXIS2PLACEMENT3D(#11360,#11361,#11362);
#11364=IFCEXTRUDEDAREASOLID(#11359,#11363,#11358,3200.4000000000001);
#11365=IFCSHAPEREPRESENTATION(#11,'Body','SweptSolid',(#11364));
#11366=IFCPRODUCTDEFINITIONSHAPE($,$,(#11365));
#11372=IFCCARTESIANPOINT((9753.6000000000004,4572.,4267.1999999999998));
#11373=IFCDIRECTION((0.,0.,1.));
#11374=IFCDIRECTION((6.123233995736766E-17,1.,0.));
#11375=IFCAXIS2PLACEMENT3D(#11372,#11373,#11374);
#11376=IFCLOCALPLACEMENT($,#11375);
#11377=IFCWALL('0leT82SHX3_wBqsRbCMUvL',$,'L1|CORE',$,$,#11398,#11388,$,$);
#11378=IFCCARTESIANPOINTLIST2D(((0.,0.),(0.,150.),(7315.2000000000007,150.),(7315.2000000000007,0.),(0.,0.)));
#11379=IFCINDEXEDPOLYCURVE(#11378,$,.F.);
#11380=IFCDIRECTION((0.,0.,1.));
#11381=IFCARBITRARYCLOSEDPROFILEDEF(.AREA.,$,#11379);
#11382=IFCCARTESIANPOINT((0.,0.,0.));
#11383=IFCDIRECTION((0.,0.,1.));
#11384=IFCDIRECTION((1.,0.,0.));
#11385=IFCAXIS2PLACEMENT3D(#11382,#11383,#11384);
#11386=IFCEXTRUDEDAREASOLID(#11381,#11385,#11380,3200.4000000000001);
#11387=IFCSHAPEREPRESENTATION(#11,'Body','SweptSolid',(#11386));
#11388=IFCPRODUCTDEFINITIONSHAPE($,$,(#11387));
#11394=IFCCARTESIANPOINT((20116.799999999999,4572.,4267.1999999999998));
#11395=IFCDIRECTION((0.,0.,1.));
#11396=IFCDIRECTION((6.123233995736766E-17,1.,0.));
#11397=IFCAXIS2PLACEMENT3D(#11394,#11395,#11396);
#11398=IFCLOCALPLACEMENT($,#11397);
#11399=IFCWALL('3voDQtG_94cOzcgTLOHUov',$,'L1|CORE',$,$,#11420,#11410,$,$);
#11400=IFCCARTESIANPOINTLIST2D(((0.,0.),(0.,150.),(10363.200000000001,150.),(10363.200000000001,0.),(0.,0.)));
#11401=IFCINDEXEDPOLYCURVE(#11400,$,.F.);
#11402=IFCDIRECTION((0.,0.,1.));
#11403=IFCARBITRARYCLOSEDPROFILEDEF(.AREA.,$,#11401);
#11404=IFCCARTESIANPOINT((0.,0.,0.));
#11405=IFCDIRECTION((0.,0.,1.));
#11406=IFCDIRECTION((1.,0.,0.));
#11407=IFCAXIS2PLACEMENT3D(#11404,#11405,#11406);
#11408=IFCEXTRUDEDAREASOLID(#11403,#11407,#11402,3200.4000000000001);
#11409=IFCSHAPEREPRESENTATION(#11,'Body','SweptSolid',(#11408));
#11410=IFCPRODUCTDEFINITIONSHAPE($,$,(#11409));
#11416=IFCCARTESIANPOINT((36576.,4572.,4267.1999999999998));
#11417=IFCDIRECTION((0.,0.,1.));
#11418=IFCDIRECTION((1.,0.,0.));
#11419=IFCAXIS2PLACEMENT3D(#11416,#11417,#11418);
#11420=IFCLOCALPLACEMENT($,#11419);
#11421=IFCWALL('1g_v1VY1j30OjtZ52bPOhu',$,'L1|CORE',$,$,#11442,#11432,$,$);
#11422=IFCCARTESIANPOINTLIST2D(((0.,0.),(0.,150.),(10363.200000000001,150.),(10363.200000000001,0.),(0.,0.)));
#11423=IFCINDEXEDPOLYCURVE(#11422,$,.F.);
#11424=IFCDIRECTION((0.,0.,1.));
#11425=IFCARBITRARYCLOSEDPROFILEDEF(.AREA.,$,#11423);
#11426=IFCCARTESIANPOINT((0.,0.,0.));
#11427=IFCDIRECTION((0.,0.,1.));
#11428=IFCDIRECTION((1.,0.,0.));
#11429=IFCAXIS2PLACEMENT3D(#11426,#11427,#11428);
#11430=IFCEXTRUDEDAREASOLID(#11425,#11429,#11424,3200.4000000000001);
#11431=IFCSHAPEREPRESENTATION(#11,'Body','SweptSolid',(#11430));
#11432=IFCPRODUCTDEFINITIONSHAPE($,$,(#11431));
#11438=IFCCARTESIANPOINT((36576.,11887.199999999999,4267.1999999999998));
#11439=IFCDIRECTION((0.,0.,1.));
#11440=IFCDIRECTION((1.,0.,0.));
#11441=IFCAXIS2PLACEMENT3D(#11438,#11439,#11440);
#11442=IFCLOCALPLACEMENT($,#11441);
#11443=IFCWALL('3WOBp0AwH4DPhqL5$qUG3m',$,'L1|CORE',$,$,#11464,#11454,$,$);
#11444=IFCCARTESIANPOINTLIST2D(((0.,0.),(0.,150.),(7315.2000000000007,150.),(7315.2000000000007,0.),(0.,0.)));
#11445=IFCINDEXEDPOLYCURVE(#11444,$,.F.);
#11446=IFCDIRECTION((0.,0.,1.));
#11447=IFCARBITRARYCLOSEDPROFILEDEF(.AREA.,$,#11445);
#11448=IFCCARTESIANPOINT((0.,0.,0.));
#11449=IFCDIRECTION((0.,0.,1.));
#11450=IFCDIRECTION((1.,0.,0.));
#11451=IFCAXIS2PLACEMENT3D(#11448,#11449,#11450);
#11452=IFCEXTRUDEDAREASOLID(#11447,#11451,#11446,3200.4000000000001);
#11453=IFCSHAPEREPRESENTATION(#11,'Body','SweptSolid',(#11452));
#11454=IFCPRODUCTDEFINITIONSHAPE($,$,(#11453));
#11460=IFCCARTESIANPOINT((36576.,4572.,4267.1999999999998));
#11461=IFCDIRECTION((0.,0.,1.));
#11462=IFCDIRECTION((6.123233995736766E-17,1.,0.));
#11463=IFCAXIS2PLACEMENT3D(#11460,#11461,#11462);
#11464=IFCLOCALPLACEMENT($,#11463);
#11465=IFCWALL('3NBSv0C0T6KhDuR0Gyt6qT',$,'L1|CORE',$,$,#11486,#11476,$,$);
#11466=IFCCARTESIANPOINTLIST2D(((0.,0.),(0.,150.),(7315.2000000000007,150.),(7315.2000000000007,0.),(0.,0.)));
#11467=IFCINDEXEDPOLYCURVE(#11466,$,.F.);
#11468=IFCDIRECTION((0.,0.,1.));
#11469=IFCARBITRARYCLOSEDPROFILEDEF(.AREA.,$,#11467);
#11470=IFCCARTESIANPOINT((0.,0.,0.));
#11471=IFCDIRECTION((0.,0.,1.));
#11472=IFCDIRECTION((1.,0.,0.));
#11473=IFCAXIS2PLACEMENT3D(#11470,#11471,#11472);
#11474=IFCEXTRUDEDAREASOLID(#11469,#11473,#11468,3200.4000000000001);
#11475=IFCSHAPEREPRESENTATION(#11,'Body','SweptSolid',(#11474));
#11476=IFCPRODUCTDEFINITIONSHAPE($,$,(#11475));
#11482=IFCCARTESIANPOINT((46939.199999999997,4572.,4267.1999999999998));
#11483=IFCDIRECTION((0.,0.,1.));
#11484=IFCDIRECTION((6.123233995736766E-17,1.,0.));
#11485=IFCAXIS2PLACEMENT3D(#11482,#11483,#11484);
#11486=IFCLOCALPLACEMENT($,#11485);
#11487=IFCWALL('1wXcZSnX91J9HNuMEKjHaR',$,'L2|CORE',$,$,#11508,#11498,$,$);
#11488=IFCCARTESIANPOINTLIST2D(((0.,0.),(0.,150.),(10363.200000000001,150.),(10363.200000000001,0.),(0.,0.)));
#11489=IFCINDEXEDPOLYCURVE(#11488,$,.F.);
#11490=IFCDIRECTION((0.,0.,1.));
#11491=IFCARBITRARYCLOSEDPROFILEDEF(.AREA.,$,#11489);
#11492=IFCCARTESIANPOINT((0.,0.,0.));
#11493=IFCDIRECTION((0.,0.,1.));
#11494=IFCDIRECTION((1.,0.,0.));
#11495=IFCAXIS2PLACEMENT3D(#11492,#11493,#11494);
#11496=IFCEXTRUDEDAREASOLID(#11491,#11495,#11490,3200.4000000000001);
#11497=IFCSHAPEREPRESENTATION(#11,'Body','SweptSolid',(#11496));
#11498=IFCPRODUCTDEFINITIONSHAPE($,$,(#11497));
#11504=IFCCARTESIANPOINT((9753.6000000000004,4572.,7467.5999999999995));
#11505=IFCDIRECTION((0.,0.,1.));
#11506=IFCDIRECTION((1.,0.,0.));
#11507=IFCAXIS2PLACEMENT3D(#11504,#11505,#11506);
#11508=IFCLOCALPLACEMENT($,#11507);
#11509=IFCWALL('1M$t6nGm52E8cj6jetTUNt',$,'L2|CORE',$,$,#11530,#11520,$,$);
#11510=IFCCARTESIANPOINTLIST2D(((0.,0.),(0.,150.),(10363.200000000001,150.),(10363.200000000001,0.),(0.,0.)));
#11511=IFCINDEXEDPOLYCURVE(#11510,$,.F.);
#11512=IFCDIRECTION((0.,0.,1.));
#11513=IFCARBITRARYCLOSEDPROFILEDEF(.AREA.,$,#11511);
#11514=IFCCARTESIANPOINT((0.,0.,0.));
#11515=IFCDIRECTION((0.,0.,1.));
#11516=IFCDIRECTION((1.,0.,0.));
#11517=IFCAXIS2PLACEMENT3D(#11514,#11515,#11516);
#11518=IFCEXTRUDEDAREASOLID(#11513,#11517,#11512,3200.4000000000001);
#11519=IFCSHAPEREPRESENTATION(#11,'Body','SweptSolid',(#11518));
#11520=IFCPRODUCTDEFINITIONSHAPE($,$,(#11519));
#11526=IFCCARTESIANPOINT((9753.6000000000004,11887.199999999999,7467.5999999999995));
#11527=IFCDIRECTION((0.,0.,1.));
#11528=IFCDIRECTION((1.,0.,0.));
#11529=IFCAXIS2PLACEMENT3D(#11526,#11527,#11528);
#11530=IFCLOCALPLACEMENT($,#11529);
#11531=IFCWALL('2TlDZOayDAZQiAKH22MnKa',$,'L2|CORE',$,$,#11552,#11542,$,$);
#11532=IFCCARTESIANPOINTLIST2D(((0.,0.),(0.,150.),(7315.2000000000007,150.),(7315.2000000000007,0.),(0.,0.)));
#11533=IFCINDEXEDPOLYCURVE(#11532,$,.F.);
#11534=IFCDIRECTION((0.,0.,1.));
#11535=IFCARBITRARYCLOSEDPROFILEDEF(.AREA.,$,#11533);
#11536=IFCCARTESIANPOINT((0.,0.,0.));
#11537=IFCDIRECTION((0.,0.,1.));
#11538=IFCDIRECTION((1.,0.,0.));
#11539=IFCAXIS2PLACEMENT3D(#11536,#11537,#11538);
#11540=IFCEXTRUDEDAREASOLID(#11535,#11539,#11534,3200.4000000000001);
#11541=IFCSHAPEREPRESENTATION(#11,'Body','SweptSolid',(#11540));
#11542=IFCPRODUCTDEFINITIONSHAPE($,$,(#11541));
#11548=IFCCARTESIANPOINT((9753.6000000000004,4572.,7467.5999999999995));
#11549=IFCDIRECTION((0.,0.,1.));
#11550=IFCDIRECTION((6.123233995736766E-17,1.,0.));
#11551=IFCAXIS2PLACEMENT3D(#11548,#11549,#11550);
#11552=IFCLOCALPLACEMENT($,#11551);
#11553=IFCWALL('0MVhkwggn7sunHr1PPTfK6',$,'L2|CORE',$,$,#11574,#11564,$,$);
#11554=IFCCARTESIANPOINTLIST2D(((0.,0.),(0.,150.),(7315.2000000000007,150.),(7315.2000000000007,0.),(0.,0.)));
#11555=IFCINDEXEDPOLYCURVE(#11554,$,.F.);
#11556=IFCDIRECTION((0.,0.,1.));
#11557=IFCARBITRARYCLOSEDPROFILEDEF(.AREA.,$,#11555);
#11558=IFCCARTESIANPOINT((0.,0.,0.));
#11559=IFCDIRECTION((0.,0.,1.));
#11560=IFCDIRECTION((1.,0.,0.));
#11561=IFCAXIS2PLACEMENT3D(#11558,#11559,#11560);
#11562=IFCEXTRUDEDAREASOLID(#11557,#11561,#11556,3200.4000000000001);
#11563=IFCSHAPEREPRESENTATION(#11,'Body','SweptSolid',(#11562));
#11564=IFCPRODUCTDEFINITIONSHAPE($,$,(#11563));
#11570=IFCCARTESIANPOINT((20116.799999999999,4572.,7467.5999999999995));
#11571=IFCDIRECTION((0.,0.,1.));
#11572=IFCDIRECTION((6.123233995736766E-17,1.,0.));
#11573=IFCAXIS2PLACEMENT3D(#11570,#11571,#11572);
#11574=IFCLOCALPLACEMENT($,#11573);
#11575=IFCWALL('1Vx3GO4ovDAfrPqUTMg85t',$,'L2|CORE',$,$,#11596,#11586,$,$);
#11576=IFCCARTESIANPOINTLIST2D(((0.,0.),(0.,150.),(10363.200000000001,150.),(10363.200000000001,0.),(0.,0.)));
#11577=IFCINDEXEDPOLYCURVE(#11576,$,.F.);
#11578=IFCDIRECTION((0.,0.,1.));
#11579=IFCARBITRARYCLOSEDPROFILEDEF(.AREA.,$,#11577);
#11580=IFCCARTESIANPOINT((0.,0.,0.));
#11581=IFCDIRECTION((0.,0.,1.));
#11582=IFCDIRECTION((1.,0.,0.));
#11583=IFCAXIS2PLACEMENT3D(#11580,#11581,#11582);
#11584=IFCEXTRUDEDAREASOLID(#11579,#11583,#11578,3200.4000000000001);
#11585=IFCSHAPEREPRESENTATION(#11,'Body','SweptSolid',(#11584));
#11586=IFCPRODUCTDEFINITIONSHAPE($,$,(#11585));
#11592=IFCCARTESIANPOINT((36576.,4572.,7467.5999999999995));
#11593=IFCDIRECTION((0.,0.,1.));
#11594=IFCDIRECTION((1.,0.,0.));
#11595=IFCAXIS2PLACEMENT3D(#11592,#11593,#11594);
#11596=IFCLOCALPLACEMENT($,#11595);
#11597=IFCWALL('1kYWA$c59CagPuY0G3RGqZ',$,'L2|CORE',$,$,#11618,#11608,$,$);
#11598=IFCCARTESIANPOINTLIST2D(((0.,0.),(0.,150.),(10363.200000000001,150.),(10363.200000000001,0.),(0.,0.)));
#11599=IFCINDEXEDPOLYCURVE(#11598,$,.F.);
#11600=IFCDIRECTION((0.,0.,1.));
#11601=IFCARBITRARYCLOSEDPROFILEDEF(.AREA.,$,#11599);
#11602=IFCCARTESIANPOINT((0.,0.,0.));
#11603=IFCDIRECTION((0.,0.,1.));
#11604=IFCDIRECTION((1.,0.,0.));
#11605=IFCAXIS2PLACEMENT3D(#11602,#11603,#11604);
#11606=IFCEXTRUDEDAREASOLID(#11601,#11605,#11600,3200.4000000000001);
#11607=IFCSHAPEREPRESENTATION(#11,'Body','SweptSolid',(#11606));
#11608=IFCPRODUCTDEFINITIONSHAPE($,$,(#11607));
#11614=IFCCARTESIANPOINT((36576.,11887.199999999999,7467.5999999999995));
#11615=IFCDIRECTION((0.,0.,1.));
#11616=IFCDIRECTION((1.,0.,0.));
#11617=IFCAXIS2PLACEMENT3D(#11614,#11615,#11616);
#11618=IFCLOCALPLACEMENT($,#11617);
#11619=IFCWALL('0527NbVEnDJB7jNuggOHj0',$,'L2|CORE',$,$,#11640,#11630,$,$);
#11620=IFCCARTESIANPOINTLIST2D(((0.,0.),(0.,150.),(7315.2000000000007,150.),(7315.2000000000007,0.),(0.,0.)));
#11621=IFCINDEXEDPOLYCURVE(#11620,$,.F.);
#11622=IFCDIRECTION((0.,0.,1.));
#11623=IFCARBITRARYCLOSEDPROFILEDEF(.AREA.,$,#11621);
#11624=IFCCARTESIANPOINT((0.,0.,0.));
#11625=IFCDIRECTION((0.,0.,1.));
#11626=IFCDIRECTION((1.,0.,0.));
#11627=IFCAXIS2PLACEMENT3D(#11624,#11625,#11626);
#11628=IFCEXTRUDEDAREASOLID(#11623,#11627,#11622,3200.4000000000001);
#11629=IFCSHAPEREPRESENTATION(#11,'Body','SweptSolid',(#11628));
#11630=IFCPRODUCTDEFINITIONSHAPE($,$,(#11629));
#11636=IFCCARTESIANPOINT((36576.,4572.,7467.5999999999995));
#11637=IFCDIRECTION((0.,0.,1.));
#11638=IFCDIRECTION((6.123233995736766E-17,1.,0.));
#11639=IFCAXIS2PLACEMENT3D(#11636,#11637,#11638);
#11640=IFCLOCALPLACEMENT($,#11639);
#11641=IFCWALL('3qf4gmMMn5SASE2A2Rzz$a',$,'L2|CORE',$,$,#11662,#11652,$,$);
#11642=IFCCARTESIANPOINTLIST2D(((0.,0.),(0.,150.),(7315.2000000000007,150.),(7315.2000000000007,0.),(0.,0.)));
#11643=IFCINDEXEDPOLYCURVE(#11642,$,.F.);
#11644=IFCDIRECTION((0.,0.,1.));
#11645=IFCARBITRARYCLOSEDPROFILEDEF(.AREA.,$,#11643);
#11646=IFCCARTESIANPOINT((0.,0.,0.));
#11647=IFCDIRECTION((0.,0.,1.));
#11648=IFCDIRECTION((1.,0.,0.));
#11649=IFCAXIS2PLACEMENT3D(#11646,#11647,#11648);
#11650=IFCEXTRUDEDAREASOLID(#11645,#11649,#11644,3200.4000000000001);
#11651=IFCSHAPEREPRESENTATION(#11,'Body','SweptSolid',(#11650));
#11652=IFCPRODUCTDEFINITIONSHAPE($,$,(#11651));
#11658=IFCCARTESIANPOINT((46939.199999999997,4572.,7467.5999999999995));
#11659=IFCDIRECTION((0.,0.,1.));
#11660=IFCDIRECTION((6.123233995736766E-17,1.,0.));
#11661=IFCAXIS2PLACEMENT3D(#11658,#11659,#11660);
#11662=IFCLOCALPLACEMENT($,#11661);
#11663=IFCWALL('3hGTwyOQ98EuS1q8cgS6Mh',$,'L3|CORE',$,$,#11684,#11674,$,$);
#11664=IFCCARTESIANPOINTLIST2D(((0.,0.),(0.,150.),(10363.200000000001,150.),(10363.200000000001,0.),(0.,0.)));
#11665=IFCINDEXEDPOLYCURVE(#11664,$,.F.);
#11666=IFCDIRECTION((0.,0.,1.));
#11667=IFCARBITRARYCLOSEDPROFILEDEF(.AREA.,$,#11665);
#11668=IFCCARTESIANPOINT((0.,0.,0.));
#11669=IFCDIRECTION((0.,0.,1.));
#11670=IFCDIRECTION((1.,0.,0.));
#11671=IFCAXIS2PLACEMENT3D(#11668,#11669,#11670);
#11672=IFCEXTRUDEDAREASOLID(#11667,#11671,#11666,3200.4000000000001);
#11673=IFCSHAPEREPRESENTATION(#11,'Body','SweptSolid',(#11672));
#11674=IFCPRODUCTDEFINITIONSHAPE($,$,(#11673));
#11680=IFCCARTESIANPOINT((9753.6000000000004,4572.,10668.));
#11681=IFCDIRECTION((0.,0.,1.));
#11682=IFCDIRECTION((1.,0.,0.));
#11683=IFCAXIS2PLACEMENT3D(#11680,#11681,#11682);
#11684=IFCLOCALPLACEMENT($,#11683);
#11685=IFCWALL('3pnl0lJTf9tf9lzc8BLOJB',$,'L3|CORE',$,$,#11706,#11696,$,$);
#11686=IFCCARTESIANPOINTLIST2D(((0.,0.),(0.,150.),(10363.200000000001,150.),(10363.200000000001,0.),(0.,0.)));
#11687=IFCINDEXEDPOLYCURVE(#11686,$,.F.);
#11688=IFCDIRECTION((0.,0.,1.));
#11689=IFCARBITRARYCLOSEDPROFILEDEF(.AREA.,$,#11687);
#11690=IFCCARTESIANPOINT((0.,0.,0.));
#11691=IFCDIRECTION((0.,0.,1.));
#11692=IFCDIRECTION((1.,0.,0.));
#11693=IFCAXIS2PLACEMENT3D(#11690,#11691,#11692);
#11694=IFCEXTRUDEDAREASOLID(#11689,#11693,#11688,3200.4000000000001);
#11695=IFCSHAPEREPRESENTATION(#11,'Body','SweptSolid',(#11694));
#11696=IFCPRODUCTDEFINITIONSHAPE($,$,(#11695));
#11702=IFCCARTESIANPOINT((9753.6000000000004,11887.199999999999,10668.));
#11703=IFCDIRECTION((0.,0.,1.));
#11704=IFCDIRECTION((1.,0.,0.));
#11705=IFCAXIS2PLACEMENT3D(#11702,#11703,#11704);
#11706=IFCLOCALPLACEMENT($,#11705);
#11707=IFCWALL('2GkApWJsPBp9nBUpqN5eVb',$,'L3|CORE',$,$,#11728,#11718,$,$);
#11708=IFCCARTESIANPOINTLIST2D(((0.,0.),(0.,150.),(7315.2000000000007,150.),(7315.2000000000007,0.),(0.,0.)));
#11709=IFCINDEXEDPOLYCURVE(#11708,$,.F.);
#11710=IFCDIRECTION((0.,0.,1.));
#11711=IFCARBITRARYCLOSEDPROFILEDEF(.AREA.,$,#11709);
#11712=IFCCARTESIANPOINT((0.,0.,0.));
#11713=IFCDIRECTION((0.,0.,1.));
#11714=IFCDIRECTION((1.,0.,0.));
#11715=IFCAXIS2PLACEMENT3D(#11712,#11713,#11714);
#11716=IFCEXTRUDEDAREASOLID(#11711,#11715,#11710,3200.4000000000001);
#11717=IFCSHAPEREPRESENTATION(#11,'Body','SweptSolid',(#11716));
#11718=IFCPRODUCTDEFINITIONSHAPE($,$,(#11717));
#11724=IFCCARTESIANPOINT((9753.6000000000004,4572.,10668.));
#11725=IFCDIRECTION((0.,0.,1.));
#11726=IFCDIRECTION((6.123233995736766E-17,1.,0.));
#11727=IFCAXIS2PLACEMENT3D(#11724,#11725,#11726);
#11728=IFCLOCALPLACEMENT($,#11727);
#11729=IFCWALL('24ipiF$ynF8fu$8WGENQ0Y',$,'L3|CORE',$,$,#11750,#11740,$,$);
#11730=IFCCARTESIANPOINTLIST2D(((0.,0.),(0.,150.),(7315.2000000000007,150.),(7315.2000000000007,0.),(0.,0.)));
#11731=IFCINDEXEDPOLYCURVE(#11730,$,.F.);
#11732=IFCDIRECTION((0.,0.,1.));
#11733=IFCARBITRARYCLOSEDPROFILEDEF(.AREA.,$,#11731);
#11734=IFCCARTESIANPOINT((0.,0.,0.));
#11735=IFCDIRECTION((0.,0.,1.));
#11736=IFCDIRECTION((1.,0.,0.));
#11737=IFCAXIS2PLACEMENT3D(#11734,#11735,#11736);
#11738=IFCEXTRUDEDAREASOLID(#11733,#11737,#11732,3200.4000000000001);
#11739=IFCSHAPEREPRESENTATION(#11,'Body','SweptSolid',(#11738));
#11740=IFCPRODUCTDEFINITIONSHAPE($,$,(#11739));
#11746=IFCCARTESIANPOINT((20116.799999999999,4572.,10668.));
#11747=IFCDIRECTION((0.,0.,1.));
#11748=IFCDIRECTION((6.123233995736766E-17,1.,0.));
#11749=IFCAXIS2PLACEMENT3D(#11746,#11747,#11748);
#11750=IFCLOCALPLACEMENT($,#11749);
#11751=IFCWALL('0Phi8S7_L9owBRJb_S9nrU',$,'L3|CORE',$,$,#11772,#11762,$,$);
#11752=IFCCARTESIANPOINTLIST2D(((0.,0.),(0.,150.),(10363.200000000001,150.),(10363.200000000001,0.),(0.,0.)));
#11753=IFCINDEXEDPOLYCURVE(#11752,$,.F.);
#11754=IFCDIRECTION((0.,0.,1.));
#11755=IFCARBITRARYCLOSEDPROFILEDEF(.AREA.,$,#11753);
#11756=IFCCARTESIANPOINT((0.,0.,0.));
#11757=IFCDIRECTION((0.,0.,1.));
#11758=IFCDIRECTION((1.,0.,0.));
#11759=IFCAXIS2PLACEMENT3D(#11756,#11757,#11758);
#11760=IFCEXTRUDEDAREASOLID(#11755,#11759,#11754,3200.4000000000001);
#11761=IFCSHAPEREPRESENTATION(#11,'Body','SweptSolid',(#11760));
#11762=IFCPRODUCTDEFINITIONSHAPE($,$,(#11761));
#11768=IFCCARTESIANPOINT((36576.,4572.,10668.));
#11769=IFCDIRECTION((0.,0.,1.));
#11770=IFCDIRECTION((1.,0.,0.));
#11771=IFCAXIS2PLACEMENT3D(#11768,#11769,#11770);
#11772=IFCLOCALPLACEMENT($,#11771);
#11773=IFCWALL('1$JI9knVz8UvIAEInZ_bSq',$,'L3|CORE',$,$,#11794,#11784,$,$);
#11774=IFCCARTESIANPOINTLIST2D(((0.,0.),(0.,150.),(10363.200000000001,150.),(10363.200000000001,0.),(0.,0.)));
#11775=IFCINDEXEDPOLYCURVE(#11774,$,.F.);
#11776=IFCDIRECTION((0.,0.,1.));
#11777=IFCARBITRARYCLOSEDPROFILEDEF(.AREA.,$,#11775);
#11778=IFCCARTESIANPOINT((0.,0.,0.));
#11779=IFCDIRECTION((0.,0.,1.));
#11780=IFCDIRECTION((1.,0.,0.));
#11781=IFCAXIS2PLACEMENT3D(#11778,#11779,#11780);
#11782=IFCEXTRUDEDAREASOLID(#11777,#11781,#11776,3200.4000000000001);
#11783=IFCSHAPEREPRESENTATION(#11,'Body','SweptSolid',(#11782));
#11784=IFCPRODUCTDEFINITIONSHAPE($,$,(#11783));
#11790=IFCCARTESIANPOINT((36576.,11887.199999999999,10668.));
#11791=IFCDIRECTION((0.,0.,1.));
#11792=IFCDIRECTION((1.,0.,0.));
#11793=IFCAXIS2PLACEMENT3D(#11790,#11791,#11792);
#11794=IFCLOCALPLACEMENT($,#11793);
#11795=IFCWALL('3RDObcser7rxXRrnLq8i6x',$,'L3|CORE',$,$,#11816,#11806,$,$);
#11796=IFCCARTESIANPOINTLIST2D(((0.,0.),(0.,150.),(7315.2000000000007,150.),(7315.2000000000007,0.),(0.,0.)));
#11797=IFCINDEXEDPOLYCURVE(#11796,$,.F.);
#11798=IFCDIRECTION((0.,0.,1.));
#11799=IFCARBITRARYCLOSEDPROFILEDEF(.AREA.,$,#11797);
#11800=IFCCARTESIANPOINT((0.,0.,0.));
#11801=IFCDIRECTION((0.,0.,1.));
#11802=IFCDIRECTION((1.,0.,0.));
#11803=IFCAXIS2PLACEMENT3D(#11800,#11801,#11802);
#11804=IFCEXTRUDEDAREASOLID(#11799,#11803,#11798,3200.4000000000001);
#11805=IFCSHAPEREPRESENTATION(#11,'Body','SweptSolid',(#11804));
#11806=IFCPRODUCTDEFINITIONSHAPE($,$,(#11805));
#11812=IFCCARTESIANPOINT((36576.,4572.,10668.));
#11813=IFCDIRECTION((0.,0.,1.));
#11814=IFCDIRECTION((6.123233995736766E-17,1.,0.));
#11815=IFCAXIS2PLACEMENT3D(#11812,#11813,#11814);
#11816=IFCLOCALPLACEMENT($,#11815);
#11817=IFCWALL('3qCTeaCVn4Nuz39F07S9EM',$,'L3|CORE',$,$,#11838,#11828,$,$);
#11818=IFCCARTESIANPOINTLIST2D(((0.,0.),(0.,150.),(7315.2000000000007,150.),(7315.2000000000007,0.),(0.,0.)));
#11819=IFCINDEXEDPOLYCURVE(#11818,$,.F.);
#11820=IFCDIRECTION((0.,0.,1.));
#11821=IFCARBITRARYCLOSEDPROFILEDEF(.AREA.,$,#11819);
#11822=IFCCARTESIANPOINT((0.,0.,0.));
#11823=IFCDIRECTION((0.,0.,1.));
#11824=IFCDIRECTION((1.,0.,0.));
#11825=IFCAXIS2PLACEMENT3D(#11822,#11823,#11824);
#11826=IFCEXTRUDEDAREASOLID(#11821,#11825,#11820,3200.4000000000001);
#11827=IFCSHAPEREPRESENTATION(#11,'Body','SweptSolid',(#11826));
#11828=IFCPRODUCTDEFINITIONSHAPE($,$,(#11827));
#11834=IFCCARTESIANPOINT((46939.199999999997,4572.,10668.));
#11835=IFCDIRECTION((0.,0.,1.));
#11836=IFCDIRECTION((6.123233995736766E-17,1.,0.));
#11837=IFCAXIS2PLACEMENT3D(#11834,#11835,#11836);
#11838=IFCLOCALPLACEMENT($,#11837);
#11839=IFCWALL('1HB0_hPtv7R8htHvRZtD8u',$,'L4|CORE',$,$,#11860,#11850,$,$);
#11840=IFCCARTESIANPOINTLIST2D(((0.,0.),(0.,150.),(10363.200000000001,150.),(10363.200000000001,0.),(0.,0.)));
#11841=IFCINDEXEDPOLYCURVE(#11840,$,.F.);
#11842=IFCDIRECTION((0.,0.,1.));
#11843=IFCARBITRARYCLOSEDPROFILEDEF(.AREA.,$,#11841);
#11844=IFCCARTESIANPOINT((0.,0.,0.));
#11845=IFCDIRECTION((0.,0.,1.));
#11846=IFCDIRECTION((1.,0.,0.));
#11847=IFCAXIS2PLACEMENT3D(#11844,#11845,#11846);
#11848=IFCEXTRUDEDAREASOLID(#11843,#11847,#11842,3200.4000000000001);
#11849=IFCSHAPEREPRESENTATION(#11,'Body','SweptSolid',(#11848));
#11850=IFCPRODUCTDEFINITIONSHAPE($,$,(#11849));
#11856=IFCCARTESIANPOINT((9753.6000000000004,4572.,13868.400000000001));
#11857=IFCDIRECTION((0.,0.,1.));
#11858=IFCDIRECTION((1.,0.,0.));
#11859=IFCAXIS2PLACEMENT3D(#11856,#11857,#11858);
#11860=IFCLOCALPLACEMENT($,#11859);
#11861=IFCWALL('1dks1_9r13VBvMnfGBN04A',$,'L4|CORE',$,$,#11882,#11872,$,$);
#11862=IFCCARTESIANPOINTLIST2D(((0.,0.),(0.,150.),(10363.200000000001,150.),(10363.200000000001,0.),(0.,0.)));
#11863=IFCINDEXEDPOLYCURVE(#11862,$,.F.);
#11864=IFCDIRECTION((0.,0.,1.));
#11865=IFCARBITRARYCLOSEDPROFILEDEF(.AREA.,$,#11863);
#11866=IFCCARTESIANPOINT((0.,0.,0.));
#11867=IFCDIRECTION((0.,0.,1.));
#11868=IFCDIRECTION((1.,0.,0.));
#11869=IFCAXIS2PLACEMENT3D(#11866,#11867,#11868);
#11870=IFCEXTRUDEDAREASOLID(#11865,#11869,#11864,3200.4000000000001);
#11871=IFCSHAPEREPRESENTATION(#11,'Body','SweptSolid',(#11870));
#11872=IFCPRODUCTDEFINITIONSHAPE($,$,(#11871));
#11878=IFCCARTESIANPOINT((9753.6000000000004,11887.199999999999,13868.400000000001));
#11879=IFCDIRECTION((0.,0.,1.));
#11880=IFCDIRECTION((1.,0.,0.));
#11881=IFCAXIS2PLACEMENT3D(#11878,#11879,#11880);
#11882=IFCLOCALPLACEMENT($,#11881);
#11883=IFCWALL('1XKxOVecbBTBjdmOF4k7LT',$,'L4|CORE',$,$,#11904,#11894,$,$);
#11884=IFCCARTESIANPOINTLIST2D(((0.,0.),(0.,150.),(7315.2000000000007,150.),(7315.2000000000007,0.),(0.,0.)));
#11885=IFCINDEXEDPOLYCURVE(#11884,$,.F.);
#11886=IFCDIRECTION((0.,0.,1.));
#11887=IFCARBITRARYCLOSEDPROFILEDEF(.AREA.,$,#11885);
#11888=IFCCARTESIANPOINT((0.,0.,0.));
#11889=IFCDIRECTION((0.,0.,1.));
#11890=IFCDIRECTION((1.,0.,0.));
#11891=IFCAXIS2PLACEMENT3D(#11888,#11889,#11890);
#11892=IFCEXTRUDEDAREASOLID(#11887,#11891,#11886,3200.4000000000001);
#11893=IFCSHAPEREPRESENTATION(#11,'Body','SweptSolid',(#11892));
#11894=IFCPRODUCTDEFINITIONSHAPE($,$,(#11893));
#11900=IFCCARTESIANPOINT((9753.6000000000004,4572.,13868.400000000001));
#11901=IFCDIRECTION((0.,0.,1.));
#11902=IFCDIRECTION((6.123233995736766E-17,1.,0.));
#11903=IFCAXIS2PLACEMENT3D(#11900,#11901,#11902);
#11904=IFCLOCALPLACEMENT($,#11903);
#11905=IFCWALL('3w4SkOXqL7NPAQLY7mqWLn',$,'L4|CORE',$,$,#11926,#11916,$,$);
#11906=IFCCARTESIANPOINTLIST2D(((0.,0.),(0.,150.),(7315.2000000000007,150.),(7315.2000000000007,0.),(0.,0.)));
#11907=IFCINDEXEDPOLYCURVE(#11906,$,.F.);
#11908=IFCDIRECTION((0.,0.,1.));
#11909=IFCARBITRARYCLOSEDPROFILEDEF(.AREA.,$,#11907);
#11910=IFCCARTESIANPOINT((0.,0.,0.));
#11911=IFCDIRECTION((0.,0.,1.));
#11912=IFCDIRECTION((1.,0.,0.));
#11913=IFCAXIS2PLACEMENT3D(#11910,#11911,#11912);
#11914=IFCEXTRUDEDAREASOLID(#11909,#11913,#11908,3200.4000000000001);
#11915=IFCSHAPEREPRESENTATION(#11,'Body','SweptSolid',(#11914));
#11916=IFCPRODUCTDEFINITIONSHAPE($,$,(#11915));
#11922=IFCCARTESIANPOINT((20116.799999999999,4572.,13868.400000000001));
#11923=IFCDIRECTION((0.,0.,1.));
#11924=IFCDIRECTION((6.123233995736766E-17,1.,0.));
#11925=IFCAXIS2PLACEMENT3D(#11922,#11923,#11924);
#11926=IFCLOCALPLACEMENT($,#11925);
#11927=IFCWALL('0YtwFWAEvE4gWBcDstYjrv',$,'L4|CORE',$,$,#11948,#11938,$,$);
#11928=IFCCARTESIANPOINTLIST2D(((0.,0.),(0.,150.),(10363.200000000001,150.),(10363.200000000001,0.),(0.,0.)));
#11929=IFCINDEXEDPOLYCURVE(#11928,$,.F.);
#11930=IFCDIRECTION((0.,0.,1.));
#11931=IFCARBITRARYCLOSEDPROFILEDEF(.AREA.,$,#11929);
#11932=IFCCARTESIANPOINT((0.,0.,0.));
#11933=IFCDIRECTION((0.,0.,1.));
#11934=IFCDIRECTION((1.,0.,0.));
#11935=IFCAXIS2PLACEMENT3D(#11932,#11933,#11934);
#11936=IFCEXTRUDEDAREASOLID(#11931,#11935,#11930,3200.4000000000001);
#11937=IFCSHAPEREPRESENTATION(#11,'Body','SweptSolid',(#11936));
#11938=IFCPRODUCTDEFINITIONSHAPE($,$,(#11937));
#11944=IFCCARTESIANPOINT((36576.,4572.,13868.400000000001));
#11945=IFCDIRECTION((0.,0.,1.));
#11946=IFCDIRECTION((1.,0.,0.));
#11947=IFCAXIS2PLACEMENT3D(#11944,#11945,#11946);
#11948=IFCLOCALPLACEMENT($,#11947);
#11949=IFCWALL('095x4Ujvf1_81WMc1YKxOm',$,'L4|CORE',$,$,#11970,#11960,$,$);
#11950=IFCCARTESIANPOINTLIST2D(((0.,0.),(0.,150.),(10363.200000000001,150.),(10363.200000000001,0.),(0.,0.)));
#11951=IFCINDEXEDPOLYCURVE(#11950,$,.F.);
#11952=IFCDIRECTION((0.,0.,1.));
#11953=IFCARBITRARYCLOSEDPROFILEDEF(.AREA.,$,#11951);
#11954=IFCCARTESIANPOINT((0.,0.,0.));
#11955=IFCDIRECTION((0.,0.,1.));
#11956=IFCDIRECTION((1.,0.,0.));
#11957=IFCAXIS2PLACEMENT3D(#11954,#11955,#11956);
#11958=IFCEXTRUDEDAREASOLID(#11953,#11957,#11952,3200.4000000000001);
#11959=IFCSHAPEREPRESENTATION(#11,'Body','SweptSolid',(#11958));
#11960=IFCPRODUCTDEFINITIONSHAPE($,$,(#11959));
#11966=IFCCARTESIANPOINT((36576.,11887.199999999999,13868.400000000001));
#11967=IFCDIRECTION((0.,0.,1.));
#11968=IFCDIRECTION((1.,0.,0.));
#11969=IFCAXIS2PLACEMENT3D(#11966,#11967,#11968);
#11970=IFCLOCALPLACEMENT($,#11969);
#11971=IFCWALL('26gl$K8z9Bm9Tckx1yzJMm',$,'L4|CORE',$,$,#11992,#11982,$,$);
#11972=IFCCARTESIANPOINTLIST2D(((0.,0.),(0.,150.),(7315.2000000000007,150.),(7315.2000000000007,0.),(0.,0.)));
#11973=IFCINDEXEDPOLYCURVE(#11972,$,.F.);
#11974=IFCDIRECTION((0.,0.,1.));
#11975=IFCARBITRARYCLOSEDPROFILEDEF(.AREA.,$,#11973);
#11976=IFCCARTESIANPOINT((0.,0.,0.));
#11977=IFCDIRECTION((0.,0.,1.));
#11978=IFCDIRECTION((1.,0.,0.));
#11979=IFCAXIS2PLACEMENT3D(#11976,#11977,#11978);
#11980=IFCEXTRUDEDAREASOLID(#11975,#11979,#11974,3200.4000000000001);
#11981=IFCSHAPEREPRESENTATION(#11,'Body','SweptSolid',(#11980));
#11982=IFCPRODUCTDEFINITIONSHAPE($,$,(#11981));
#11988=IFCCARTESIANPOINT((36576.,4572.,13868.400000000001));
#11989=IFCDIRECTION((0.,0.,1.));
#11990=IFCDIRECTION((6.123233995736766E-17,1.,0.));
#11991=IFCAXIS2PLACEMENT3D(#11988,#11989,#11990);
#11992=IFCLOCALPLACEMENT($,#11991);
#11993=IFCWALL('3e8uvY0gP6ZR_fxSkh6hYI',$,'L4|CORE',$,$,#12014,#12004,$,$);
#11994=IFCCARTESIANPOINTLIST2D(((0.,0.),(0.,150.),(7315.2000000000007,150.),(7315.2000000000007,0.),(0.,0.)));
#11995=IFCINDEXEDPOLYCURVE(#11994,$,.F.);
#11996=IFCDIRECTION((0.,0.,1.));
#11997=IFCARBITRARYCLOSEDPROFILEDEF(.AREA.,$,#11995);
#11998=IFCCARTESIANPOINT((0.,0.,0.));
#11999=IFCDIRECTION((0.,0.,1.));
#12000=IFCDIRECTION((1.,0.,0.));
#12001=IFCAXIS2PLACEMENT3D(#11998,#11999,#12000);
#12002=IFCEXTRUDEDAREASOLID(#11997,#12001,#11996,3200.4000000000001);
#12003=IFCSHAPEREPRESENTATION(#11,'Body','SweptSolid',(#12002));
#12004=IFCPRODUCTDEFINITIONSHAPE($,$,(#12003));
#12010=IFCCARTESIANPOINT((46939.199999999997,4572.,13868.400000000001));
#12011=IFCDIRECTION((0.,0.,1.));
#12012=IFCDIRECTION((6.123233995736766E-17,1.,0.));
#12013=IFCAXIS2PLACEMENT3D(#12010,#12011,#12012);
#12014=IFCLOCALPLACEMENT($,#12013);
#12015=IFCWALL('1i4NGNYrL9fPg6wwgb9mQJ',$,'L5|CORE',$,$,#12036,#12026,$,$);
#12016=IFCCARTESIANPOINTLIST2D(((0.,0.),(0.,150.),(10363.200000000001,150.),(10363.200000000001,0.),(0.,0.)));
#12017=IFCINDEXEDPOLYCURVE(#12016,$,.F.);
#12018=IFCDIRECTION((0.,0.,1.));
#12019=IFCARBITRARYCLOSEDPROFILEDEF(.AREA.,$,#12017);
#12020=IFCCARTESIANPOINT((0.,0.,0.));
#12021=IFCDIRECTION((0.,0.,1.));
#12022=IFCDIRECTION((1.,0.,0.));
#12023=IFCAXIS2PLACEMENT3D(#12020,#12021,#12022);
#12024=IFCEXTRUDEDAREASOLID(#12019,#12023,#12018,3200.4000000000001);
#12025=IFCSHAPEREPRESENTATION(#11,'Body','SweptSolid',(#12024));
#12026=IFCPRODUCTDEFINITIONSHAPE($,$,(#12025));
#12032=IFCCARTESIANPOINT((9753.6000000000004,4572.,17068.799999999999));
#12033=IFCDIRECTION((0.,0.,1.));
#12034=IFCDIRECTION((1.,0.,0.));
#12035=IFCAXIS2PLACEMENT3D(#12032,#12033,#12034);
#12036=IFCLOCALPLACEMENT($,#12035);
#12037=IFCWALL('0J2HLm$UT6qvLt4bnyGy0b',$,'L5|CORE',$,$,#12058,#12048,$,$);
#12038=IFCCARTESIANPOINTLIST2D(((0.,0.),(0.,150.),(10363.200000000001,150.),(10363.200000000001,0.),(0.,0.)));
#12039=IFCINDEXEDPOLYCURVE(#12038,$,.F.);
#12040=IFCDIRECTION((0.,0.,1.));
#12041=IFCARBITRARYCLOSEDPROFILEDEF(.AREA.,$,#12039);
#12042=IFCCARTESIANPOINT((0.,0.,0.));
#12043=IFCDIRECTION((0.,0.,1.));
#12044=IFCDIRECTION((1.,0.,0.));
#12045=IFCAXIS2PLACEMENT3D(#12042,#12043,#12044);
#12046=IFCEXTRUDEDAREASOLID(#12041,#12045,#12040,3200.4000000000001);
#12047=IFCSHAPEREPRESENTATION(#11,'Body','SweptSolid',(#12046));
#12048=IFCPRODUCTDEFINITIONSHAPE($,$,(#12047));
#12054=IFCCARTESIANPOINT((9753.6000000000004,11887.199999999999,17068.799999999999));
#12055=IFCDIRECTION((0.,0.,1.));
#12056=IFCDIRECTION((1.,0.,0.));
#12057=IFCAXIS2PLACEMENT3D(#12054,#12055,#12056);
#12058=IFCLOCALPLACEMENT($,#12057);
#12059=IFCWALL('0ZN9_IfgD9Y8F5_Y$pxQt5',$,'L5|CORE',$,$,#12080,#12070,$,$);
#12060=IFCCARTESIANPOINTLIST2D(((0.,0.),(0.,150.),(7315.2000000000007,150.),(7315.2000000000007,0.),(0.,0.)));
#12061=IFCINDEXEDPOLYCURVE(#12060,$,.F.);
#12062=IFCDIRECTION((0.,0.,1.));
#12063=IFCARBITRARYCLOSEDPROFILEDEF(.AREA.,$,#12061);
#12064=IFCCARTESIANPOINT((0.,0.,0.));
#12065=IFCDIRECTION((0.,0.,1.));
#12066=IFCDIRECTION((1.,0.,0.));
#12067=IFCAXIS2PLACEMENT3D(#12064,#12065,#12066);
#12068=IFCEXTRUDEDAREASOLID(#12063,#12067,#12062,3200.4000000000001);
#12069=IFCSHAPEREPRESENTATION(#11,'Body','SweptSolid',(#12068));
#12070=IFCPRODUCTDEFINITIONSHAPE($,$,(#12069));
#12076=IFCCARTESIANPOINT((9753.6000000000004,4572.,17068.799999999999));
#12077=IFCDIRECTION((0.,0.,1.));
#12078=IFCDIRECTION((6.123233995736766E-17,1.,0.));
#12079=IFCAXIS2PLACEMENT3D(#12076,#12077,#12078);
#12080=IFCLOCALPLACEMENT($,#12079);
#12081=IFCWALL('2ER3p8VdL7PRl63B3f_IeK',$,'L5|CORE',$,$,#12102,#12092,$,$);
#12082=IFCCARTESIANPOINTLIST2D(((0.,0.),(0.,150.),(7315.2000000000007,150.),(7315.2000000000007,0.),(0.,0.)));
#12083=IFCINDEXEDPOLYCURVE(#12082,$,.F.);
#12084=IFCDIRECTION((0.,0.,1.));
#12085=IFCARBITRARYCLOSEDPROFILEDEF(.AREA.,$,#12083);
#12086=IFCCARTESIANPOINT((0.,0.,0.));
#12087=IFCDIRECTION((0.,0.,1.));
#12088=IFCDIRECTION((1.,0.,0.));
#12089=IFCAXIS2PLACEMENT3D(#12086,#12087,#12088);
#12090=IFCEXTRUDEDAREASOLID(#12085,#12089,#12084,3200.4000000000001);
#12091=IFCSHAPEREPRESENTATION(#11,'Body','SweptSolid',(#12090));
#12092=IFCPRODUCTDEFINITIONSHAPE($,$,(#12091));
#12098=IFCCARTESIANPOINT((20116.799999999999,4572.,17068.799999999999));
#12099=IFCDIRECTION((0.,0.,1.));
#12100=IFCDIRECTION((6.123233995736766E-17,1.,0.));
#12101=IFCAXIS2PLACEMENT3D(#12098,#12099,#12100);
#12102=IFCLOCALPLACEMENT($,#12101);
#12103=IFCWALL('0Qj75$sEn0if42e0AngYuB',$,'L5|CORE',$,$,#12124,#12114,$,$);
#12104=IFCCARTESIANPOINTLIST2D(((0.,0.),(0.,150.),(10363.200000000001,150.),(10363.200000000001,0.),(0.,0.)));
#12105=IFCINDEXEDPOLYCURVE(#12104,$,.F.);
#12106=IFCDIRECTION((0.,0.,1.));
#12107=IFCARBITRARYCLOSEDPROFILEDEF(.AREA.,$,#12105);
#12108=IFCCARTESIANPOINT((0.,0.,0.));
#12109=IFCDIRECTION((0.,0.,1.));
#12110=IFCDIRECTION((1.,0.,0.));
#12111=IFCAXIS2PLACEMENT3D(#12108,#12109,#12110);
#12112=IFCEXTRUDEDAREASOLID(#12107,#12111,#12106,3200.4000000000001);
#12113=IFCSHAPEREPRESENTATION(#11,'Body','SweptSolid',(#12112));
#12114=IFCPRODUCTDEFINITIONSHAPE($,$,(#12113));
#12120=IFCCARTESIANPOINT((36576.,4572.,17068.799999999999));
#12121=IFCDIRECTION((0.,0.,1.));
#12122=IFCDIRECTION((1.,0.,0.));
#12123=IFCAXIS2PLACEMENT3D(#12120,#12121,#12122);
#12124=IFCLOCALPLACEMENT($,#12123);
#12125=IFCWALL('2nObdeCn94rBUaiR1x1e8b',$,'L5|CORE',$,$,#12146,#12136,$,$);
#12126=IFCCARTESIANPOINTLIST2D(((0.,0.),(0.,150.),(10363.200000000001,150.),(10363.200000000001,0.),(0.,0.)));
#12127=IFCINDEXEDPOLYCURVE(#12126,$,.F.);
#12128=IFCDIRECTION((0.,0.,1.));
#12129=IFCARBITRARYCLOSEDPROFILEDEF(.AREA.,$,#12127);
#12130=IFCCARTESIANPOINT((0.,0.,0.));
#12131=IFCDIRECTION((0.,0.,1.));
#12132=IFCDIRECTION((1.,0.,0.));
#12133=IFCAXIS2PLACEMENT3D(#12130,#12131,#12132);
#12134=IFCEXTRUDEDAREASOLID(#12129,#12133,#12128,3200.4000000000001);
#12135=IFCSHAPEREPRESENTATION(#11,'Body','SweptSolid',(#12134));
#12136=IFCPRODUCTDEFINITIONSHAPE($,$,(#12135));
#12142=IFCCARTESIANPOINT((36576.,11887.199999999999,17068.799999999999));
#12143=IFCDIRECTION((0.,0.,1.));
#12144=IFCDIRECTION((1.,0.,0.));
#12145=IFCAXIS2PLACEMENT3D(#12142,#12143,#12144);
#12146=IFCLOCALPLACEMENT($,#12145);
#12147=IFCWALL('3KP7PL8UL9DuU$TCIHh2kK',$,'L5|CORE',$,$,#12168,#12158,$,$);
#12148=IFCCARTESIANPOINTLIST2D(((0.,0.),(0.,150.),(7315.2000000000007,150.),(7315.2000000000007,0.),(0.,0.)));
#12149=IFCINDEXEDPOLYCURVE(#12148,$,.F.);
#12150=IFCDIRECTION((0.,0.,1.));
#12151=IFCARBITRARYCLOSEDPROFILEDEF(.AREA.,$,#12149);
#12152=IFCCARTESIANPOINT((0.,0.,0.));
#12153=IFCDIRECTION((0.,0.,1.));
#12154=IFCDIRECTION((1.,0.,0.));
#12155=IFCAXIS2PLACEMENT3D(#12152,#12153,#12154);
#12156=IFCEXTRUDEDAREASOLID(#12151,#12155,#12150,3200.4000000000001);
#12157=IFCSHAPEREPRESENTATION(#11,'Body','SweptSolid',(#12156));
#12158=IFCPRODUCTDEFINITIONSHAPE($,$,(#12157));
#12164=IFCCARTESIANPOINT((36576.,4572.,17068.799999999999));
#12165=IFCDIRECTION((0.,0.,1.));
#12166=IFCDIRECTION((6.123233995736766E-17,1.,0.));
#12167=IFCAXIS2PLACEMENT3D(#12164,#12165,#12166);
#12168=IFCLOCALPLACEMENT($,#12167);
#12169=IFCWALL('3A958EHWX9HRU758gB1P3$',$,'L5|CORE',$,$,#12190,#12180,$,$);
#12170=IFCCARTESIANPOINTLIST2D(((0.,0.),(0.,150.),(7315.2000000000007,150.),(7315.2000000000007,0.),(0.,0.)));
#12171=IFCINDEXEDPOLYCURVE(#12170,$,.F.);
#12172=IFCDIRECTION((0.,0.,1.));
#12173=IFCARBITRARYCLOSEDPROFILEDEF(.AREA.,$,#12171);
#12174=IFCCARTESIANPOINT((0.,0.,0.));
#12175=IFCDIRECTION((0.,0.,1.));
#12176=IFCDIRECTION((1.,0.,0.));
#12177=IFCAXIS2PLACEMENT3D(#12174,#12175,#12176);
#12178=IFCEXTRUDEDAREASOLID(#12173,#12177,#12172,3200.4000000000001);
#12179=IFCSHAPEREPRESENTATION(#11,'Body','SweptSolid',(#12178));
#12180=IFCPRODUCTDEFINITIONSHAPE($,$,(#12179));
#12186=IFCCARTESIANPOINT((46939.199999999997,4572.,17068.799999999999));
#12187=IFCDIRECTION((0.,0.,1.));
#12188=IFCDIRECTION((6.123233995736766E-17,1.,0.));
#12189=IFCAXIS2PLACEMENT3D(#12186,#12187,#12188);
#12190=IFCLOCALPLACEMENT($,#12189);
#12191=IFCWALL('1_b25xxLT4SuAshF0HIXeN',$,'L1|AMENITY_LOBBY',$,$,#12212,#12202,$,$);
#12192=IFCCARTESIANPOINTLIST2D(((0.,0.),(0.,150.),(7315.2000000000007,150.),(7315.2000000000007,0.),(0.,0.)));
#12193=IFCINDEXEDPOLYCURVE(#12192,$,.F.);
#12194=IFCDIRECTION((0.,0.,1.));
#12195=IFCARBITRARYCLOSEDPROFILEDEF(.AREA.,$,#12193);
#12196=IFCCARTESIANPOINT((0.,0.,0.));
#12197=IFCDIRECTION((0.,0.,1.));
#12198=IFCDIRECTION((1.,0.,0.));
#12199=IFCAXIS2PLACEMENT3D(#12196,#12197,#12198);
#12200=IFCEXTRUDEDAREASOLID(#12195,#12199,#12194,3200.4000000000001);
#12201=IFCSHAPEREPRESENTATION(#11,'Body','SweptSolid',(#12200));
#12202=IFCPRODUCTDEFINITIONSHAPE($,$,(#12201));
#12208=IFCCARTESIANPOINT((6705.6000000000004,11887.199999999999,4267.1999999999998));
#12209=IFCDIRECTION((0.,0.,1.));
#12210=IFCDIRECTION((1.,0.,0.));
#12211=IFCAXIS2PLACEMENT3D(#12208,#12209,#12210);
#12212=IFCLOCALPLACEMENT($,#12211);
#12213=IFCWALL('0nanm$28v7QwrBzZozAMyM',$,'L1|AMENITY_LOBBY',$,$,#12234,#12224,$,$);
#12214=IFCCARTESIANPOINTLIST2D(((0.,0.),(0.,150.),(7315.2000000000007,150.),(7315.2000000000007,0.),(0.,0.)));
#12215=IFCINDEXEDPOLYCURVE(#12214,$,.F.);
#12216=IFCDIRECTION((0.,0.,1.));
#12217=IFCARBITRARYCLOSEDPROFILEDEF(.AREA.,$,#12215);
#12218=IFCCARTESIANPOINT((0.,0.,0.));
#12219=IFCDIRECTION((0.,0.,1.));
#12220=IFCDIRECTION((1.,0.,0.));
#12221=IFCAXIS2PLACEMENT3D(#12218,#12219,#12220);
#12222=IFCEXTRUDEDAREASOLID(#12217,#12221,#12216,3200.4000000000001);
#12223=IFCSHAPEREPRESENTATION(#11,'Body','SweptSolid',(#12222));
#12224=IFCPRODUCTDEFINITIONSHAPE($,$,(#12223));
#12230=IFCCARTESIANPOINT((6705.6000000000004,27127.200000000001,4267.1999999999998));
#12231=IFCDIRECTION((0.,0.,1.));
#12232=IFCDIRECTION((1.,0.,0.));
#12233=IFCAXIS2PLACEMENT3D(#12230,#12231,#12232);
#12234=IFCLOCALPLACEMENT($,#12233);
#12235=IFCWALL('2WXJ$EC0X7JR3NRjK0cY5J',$,'L1|AMENITY_LOBBY',$,$,#12256,#12246,$,$);
#12236=IFCCARTESIANPOINTLIST2D(((0.,0.),(0.,150.),(15240.,150.),(15240.,0.),(0.,0.)));
#12237=IFCINDEXEDPOLYCURVE(#12236,$,.F.);
#12238=IFCDIRECTION((0.,0.,1.));
#12239=IFCARBITRARYCLOSEDPROFILEDEF(.AREA.,$,#12237);
#12240=IFCCARTESIANPOINT((0.,0.,0.));
#12241=IFCDIRECTION((0.,0.,1.));
#12242=IFCDIRECTION((1.,0.,0.));
#12243=IFCAXIS2PLACEMENT3D(#12240,#12241,#12242);
#12244=IFCEXTRUDEDAREASOLID(#12239,#12243,#12238,3200.4000000000001);
#12245=IFCSHAPEREPRESENTATION(#11,'Body','SweptSolid',(#12244));
#12246=IFCPRODUCTDEFINITIONSHAPE($,$,(#12245));
#12252=IFCCARTESIANPOINT((6705.6000000000004,11887.199999999999,4267.1999999999998));
#12253=IFCDIRECTION((0.,0.,1.));
#12254=IFCDIRECTION((6.123233995736766E-17,1.,0.));
#12255=IFCAXIS2PLACEMENT3D(#12252,#12253,#12254);
#12256=IFCLOCALPLACEMENT($,#12255);
#12257=IFCWALL('3PhZsfjLr4M86kDFZFsGqV',$,'L1|AMENITY_LOBBY',$,$,#12278,#12268,$,$);
#12258=IFCCARTESIANPOINTLIST2D(((0.,0.),(0.,150.),(15240.,150.),(15240.,0.),(0.,0.)));
#12259=IFCINDEXEDPOLYCURVE(#12258,$,.F.);
#12260=IFCDIRECTION((0.,0.,1.));
#12261=IFCARBITRARYCLOSEDPROFILEDEF(.AREA.,$,#12259);
#12262=IFCCARTESIANPOINT((0.,0.,0.));
#12263=IFCDIRECTION((0.,0.,1.));
#12264=IFCDIRECTION((1.,0.,0.));
#12265=IFCAXIS2PLACEMENT3D(#12262,#12263,#12264);
#12266=IFCEXTRUDEDAREASOLID(#12261,#12265,#12260,3200.4000000000001);
#12267=IFCSHAPEREPRESENTATION(#11,'Body','SweptSolid',(#12266));
#12268=IFCPRODUCTDEFINITIONSHAPE($,$,(#12267));
#12274=IFCCARTESIANPOINT((14020.800000000001,11887.199999999999,4267.1999999999998));
#12275=IFCDIRECTION((0.,0.,1.));
#12276=IFCDIRECTION((6.123233995736766E-17,1.,0.));
#12277=IFCAXIS2PLACEMENT3D(#12274,#12275,#12276);
#12278=IFCLOCALPLACEMENT($,#12277);
#12279=IFCWALL('1HjcL0VD1E$huuB29SKKMv',$,'L1|AMENITY_FIT',$,$,#12300,#12290,$,$);
#12280=IFCCARTESIANPOINTLIST2D(((0.,0.),(0.,150.),(7315.2000000000007,150.),(7315.2000000000007,0.),(0.,0.)));
#12281=IFCINDEXEDPOLYCURVE(#12280,$,.F.);
#12282=IFCDIRECTION((0.,0.,1.));
#12283=IFCARBITRARYCLOSEDPROFILEDEF(.AREA.,$,#12281);
#12284=IFCCARTESIANPOINT((0.,0.,0.));
#12285=IFCDIRECTION((0.,0.,1.));
#12286=IFCDIRECTION((1.,0.,0.));
#12287=IFCAXIS2PLACEMENT3D(#12284,#12285,#12286);
#12288=IFCEXTRUDEDAREASOLID(#12283,#12287,#12282,3200.4000000000001);
#12289=IFCSHAPEREPRESENTATION(#11,'Body','SweptSolid',(#12288));
#12290=IFCPRODUCTDEFINITIONSHAPE($,$,(#12289));
#12296=IFCCARTESIANPOINT((6705.6000000000004,27127.200000000001,4267.1999999999998));
#12297=IFCDIRECTION((0.,0.,1.));
#12298=IFCDIRECTION((1.,0.,0.));
#12299=IFCAXIS2PLACEMENT3D(#12296,#12297,#12298);
#12300=IFCLOCALPLACEMENT($,#12299);
#12301=IFCWALL('1RNTvwGRT65B_CfdRWV2o1',$,'L1|AMENITY_FIT',$,$,#12322,#12312,$,$);
#12302=IFCCARTESIANPOINTLIST2D(((0.,0.),(0.,150.),(7315.2000000000007,150.),(7315.2000000000007,0.),(0.,0.)));
#12303=IFCINDEXEDPOLYCURVE(#12302,$,.F.);
#12304=IFCDIRECTION((0.,0.,1.));
#12305=IFCARBITRARYCLOSEDPROFILEDEF(.AREA.,$,#12303);
#12306=IFCCARTESIANPOINT((0.,0.,0.));
#12307=IFCDIRECTION((0.,0.,1.));
#12308=IFCDIRECTION((1.,0.,0.));
#12309=IFCAXIS2PLACEMENT3D(#12306,#12307,#12308);
#12310=IFCEXTRUDEDAREASOLID(#12305,#12309,#12304,3200.4000000000001);
#12311=IFCSHAPEREPRESENTATION(#11,'Body','SweptSolid',(#12310));
#12312=IFCPRODUCTDEFINITIONSHAPE($,$,(#12311));
#12318=IFCCARTESIANPOINT((6705.6000000000004,38557.200000000004,4267.1999999999998));
#12319=IFCDIRECTION((0.,0.,1.));
#12320=IFCDIRECTION((1.,0.,0.));
#12321=IFCAXIS2PLACEMENT3D(#12318,#12319,#12320);
#12322=IFCLOCALPLACEMENT($,#12321);
#12323=IFCWALL('2p1F26hyn4wQxsZekAncKB',$,'L1|AMENITY_FIT',$,$,#12344,#12334,$,$);
#12324=IFCCARTESIANPOINTLIST2D(((0.,0.),(0.,150.),(11430.,150.),(11430.,0.),(0.,0.)));
#12325=IFCINDEXEDPOLYCURVE(#12324,$,.F.);
#12326=IFCDIRECTION((0.,0.,1.));
#12327=IFCARBITRARYCLOSEDPROFILEDEF(.AREA.,$,#12325);
#12328=IFCCARTESIANPOINT((0.,0.,0.));
#12329=IFCDIRECTION((0.,0.,1.));
#12330=IFCDIRECTION((1.,0.,0.));
#12331=IFCAXIS2PLACEMENT3D(#12328,#12329,#12330);
#12332=IFCEXTRUDEDAREASOLID(#12327,#12331,#12326,3200.4000000000001);
#12333=IFCSHAPEREPRESENTATION(#11,'Body','SweptSolid',(#12332));
#12334=IFCPRODUCTDEFINITIONSHAPE($,$,(#12333));
#12340=IFCCARTESIANPOINT((6705.6000000000004,27127.200000000001,4267.1999999999998));
#12341=IFCDIRECTION((0.,0.,1.));
#12342=IFCDIRECTION((6.123233995736766E-17,1.,0.));
#12343=IFCAXIS2PLACEMENT3D(#12340,#12341,#12342);
#12344=IFCLOCALPLACEMENT($,#12343);
#12345=IFCWALL('0r_T0c$mDFj9jdicq450dy',$,'L1|AMENITY_FIT',$,$,#12366,#12356,$,$);
#12346=IFCCARTESIANPOINTLIST2D(((0.,0.),(0.,150.),(11430.,150.),(11430.,0.),(0.,0.)));
#12347=IFCINDEXEDPOLYCURVE(#12346,$,.F.);
#12348=IFCDIRECTION((0.,0.,1.));
#12349=IFCARBITRARYCLOSEDPROFILEDEF(.AREA.,$,#12347);
#12350=IFCCARTESIANPOINT((0.,0.,0.));
#12351=IFCDIRECTION((0.,0.,1.));
#12352=IFCDIRECTION((1.,0.,0.));
#12353=IFCAXIS2PLACEMENT3D(#12350,#12351,#12352);
#12354=IFCEXTRUDEDAREASOLID(#12349,#12353,#12348,3200.4000000000001);
#12355=IFCSHAPEREPRESENTATION(#11,'Body','SweptSolid',(#12354));
#12356=IFCPRODUCTDEFINITIONSHAPE($,$,(#12355));
#12362=IFCCARTESIANPOINT((14020.800000000001,27127.200000000001,4267.1999999999998));
#12363=IFCDIRECTION((0.,0.,1.));
#12364=IFCDIRECTION((6.123233995736766E-17,1.,0.));
#12365=IFCAXIS2PLACEMENT3D(#12362,#12363,#12364);
#12366=IFCLOCALPLACEMENT($,#12365);
#12367=IFCWALL('0GFEa3reT2l9g9MB4LxFU3',$,'L1|BOH_LOADING',$,$,#12388,#12378,$,$);
#12368=IFCCARTESIANPOINTLIST2D(((0.,0.),(0.,150.),(7315.2000000000007,150.),(7315.2000000000007,0.),(0.,0.)));
#12369=IFCINDEXEDPOLYCURVE(#12368,$,.F.);
#12370=IFCDIRECTION((0.,0.,1.));
#12371=IFCARBITRARYCLOSEDPROFILEDEF(.AREA.,$,#12369);
#12372=IFCCARTESIANPOINT((0.,0.,0.));
#12373=IFCDIRECTION((0.,0.,1.));
#12374=IFCDIRECTION((1.,0.,0.));
#12375=IFCAXIS2PLACEMENT3D(#12372,#12373,#12374);
#12376=IFCEXTRUDEDAREASOLID(#12371,#12375,#12370,3200.4000000000001);
#12377=IFCSHAPEREPRESENTATION(#11,'Body','SweptSolid',(#12376));
#12378=IFCPRODUCTDEFINITIONSHAPE($,$,(#12377));
#12384=IFCCARTESIANPOINT((6705.6000000000004,38557.200000000004,4267.1999999999998));
#12385=IFCDIRECTION((0.,0.,1.));
#12386=IFCDIRECTION((1.,0.,0.));
#12387=IFCAXIS2PLACEMENT3D(#12384,#12385,#12386);
#12388=IFCLOCALPLACEMENT($,#12387);
#12389=IFCWALL('3pTpHX0xb5IOjKIBOHUCJ7',$,'L1|BOH_LOADING',$,$,#12410,#12400,$,$);
#12390=IFCCARTESIANPOINTLIST2D(((0.,0.),(0.,150.),(7315.2000000000007,150.),(7315.2000000000007,0.),(0.,0.)));
#12391=IFCINDEXEDPOLYCURVE(#12390,$,.F.);
#12392=IFCDIRECTION((0.,0.,1.));
#12393=IFCARBITRARYCLOSEDPROFILEDEF(.AREA.,$,#12391);
#12394=IFCCARTESIANPOINT((0.,0.,0.));
#12395=IFCDIRECTION((0.,0.,1.));
#12396=IFCDIRECTION((1.,0.,0.));
#12397=IFCAXIS2PLACEMENT3D(#12394,#12395,#12396);
#12398=IFCEXTRUDEDAREASOLID(#12393,#12397,#12392,3200.4000000000001);
#12399=IFCSHAPEREPRESENTATION(#11,'Body','SweptSolid',(#12398));
#12400=IFCPRODUCTDEFINITIONSHAPE($,$,(#12399));
#12406=IFCCARTESIANPOINT((6705.6000000000004,46177.199999999997,4267.1999999999998));
#12407=IFCDIRECTION((0.,0.,1.));
#12408=IFCDIRECTION((1.,0.,0.));
#12409=IFCAXIS2PLACEMENT3D(#12406,#12407,#12408);
#12410=IFCLOCALPLACEMENT($,#12409);
#12411=IFCWALL('0T40QMp_517A2OV7S7w1Ly',$,'L1|BOH_LOADING',$,$,#12432,#12422,$,$);
#12412=IFCCARTESIANPOINTLIST2D(((0.,0.),(0.,150.),(7620.,150.),(7620.,0.),(0.,0.)));
#12413=IFCINDEXEDPOLYCURVE(#12412,$,.F.);
#12414=IFCDIRECTION((0.,0.,1.));
#12415=IFCARBITRARYCLOSEDPROFILEDEF(.AREA.,$,#12413);
#12416=IFCCARTESIANPOINT((0.,0.,0.));
#12417=IFCDIRECTION((0.,0.,1.));
#12418=IFCDIRECTION((1.,0.,0.));
#12419=IFCAXIS2PLACEMENT3D(#12416,#12417,#12418);
#12420=IFCEXTRUDEDAREASOLID(#12415,#12419,#12414,3200.4000000000001);
#12421=IFCSHAPEREPRESENTATION(#11,'Body','SweptSolid',(#12420));
#12422=IFCPRODUCTDEFINITIONSHAPE($,$,(#12421));
#12428=IFCCARTESIANPOINT((6705.6000000000004,38557.200000000004,4267.1999999999998));
#12429=IFCDIRECTION((0.,0.,1.));
#12430=IFCDIRECTION((6.123233995736766E-17,1.,0.));
#12431=IFCAXIS2PLACEMENT3D(#12428,#12429,#12430);
#12432=IFCLOCALPLACEMENT($,#12431);
#12433=IFCWALL('0lhEbjOxfBCe7yAEPX56N3',$,'L1|BOH_LOADING',$,$,#12454,#12444,$,$);
#12434=IFCCARTESIANPOINTLIST2D(((0.,0.),(0.,150.),(7620.,150.),(7620.,0.),(0.,0.)));
#12435=IFCINDEXEDPOLYCURVE(#12434,$,.F.);
#12436=IFCDIRECTION((0.,0.,1.));
#12437=IFCARBITRARYCLOSEDPROFILEDEF(.AREA.,$,#12435);
#12438=IFCCARTESIANPOINT((0.,0.,0.));
#12439=IFCDIRECTION((0.,0.,1.));
#12440=IFCDIRECTION((1.,0.,0.));
#12441=IFCAXIS2PLACEMENT3D(#12438,#12439,#12440);
#12442=IFCEXTRUDEDAREASOLID(#12437,#12441,#12436,3200.4000000000001);
#12443=IFCSHAPEREPRESENTATION(#11,'Body','SweptSolid',(#12442));
#12444=IFCPRODUCTDEFINITIONSHAPE($,$,(#12443));
#12450=IFCCARTESIANPOINT((14020.800000000001,38557.200000000004,4267.1999999999998));
#12451=IFCDIRECTION((0.,0.,1.));
#12452=IFCDIRECTION((6.123233995736766E-17,1.,0.));
#12453=IFCAXIS2PLACEMENT3D(#12450,#12451,#12452);
#12454=IFCLOCALPLACEMENT($,#12453);
ENDSEC;
END-ISO-10303-21;
